solid OpenSCAD_Model
  facet normal 1 -0 0
    outer loop
      vertex -50 -6.5 19.4
      vertex -50 -3.5 0.9
      vertex -50 -3.5 19.4
    endloop
  endfacet
  facet normal 1 0 0
    outer loop
      vertex -50 -3.5 0.9
      vertex -50 -6.5 19.4
      vertex -50 -6.5 0.9
    endloop
  endfacet
  facet normal -1 0 0
    outer loop
      vertex -54 -6.5 0.9
      vertex -54 -3.5 19.4
      vertex -54 -3.5 0.9
    endloop
  endfacet
  facet normal -1 -0 0
    outer loop
      vertex -54 -3.5 19.4
      vertex -54 -6.5 0.9
      vertex -54 -6.5 19.4
    endloop
  endfacet
  facet normal 0 1 -0
    outer loop
      vertex -50 -3.5 0.9
      vertex -54 -3.5 19.4
      vertex -50 -3.5 19.4
    endloop
  endfacet
  facet normal 0 1 0
    outer loop
      vertex -54 -3.5 19.4
      vertex -50 -3.5 0.9
      vertex -54 -3.5 0.9
    endloop
  endfacet
  facet normal 0 -1 0
    outer loop
      vertex -54 -6.5 0.9
      vertex -50 -6.5 19.4
      vertex -54 -6.5 19.4
    endloop
  endfacet
  facet normal 0 -1 -0
    outer loop
      vertex -50 -6.5 19.4
      vertex -54 -6.5 0.9
      vertex -50 -6.5 0.9
    endloop
  endfacet
  facet normal 1 -0 0
    outer loop
      vertex -50 3.5 19.4
      vertex -50 6.5 0.9
      vertex -50 6.5 19.4
    endloop
  endfacet
  facet normal 1 0 0
    outer loop
      vertex -50 6.5 0.9
      vertex -50 3.5 19.4
      vertex -50 3.5 0.9
    endloop
  endfacet
  facet normal -1 0 0
    outer loop
      vertex -54 3.5 0.9
      vertex -54 6.5 19.4
      vertex -54 6.5 0.9
    endloop
  endfacet
  facet normal -1 -0 0
    outer loop
      vertex -54 6.5 19.4
      vertex -54 3.5 0.9
      vertex -54 3.5 19.4
    endloop
  endfacet
  facet normal 0 1 -0
    outer loop
      vertex -50 6.5 0.9
      vertex -54 6.5 19.4
      vertex -50 6.5 19.4
    endloop
  endfacet
  facet normal 0 1 0
    outer loop
      vertex -54 6.5 19.4
      vertex -50 6.5 0.9
      vertex -54 6.5 0.9
    endloop
  endfacet
  facet normal 0 -1 0
    outer loop
      vertex -54 3.5 0.9
      vertex -50 3.5 19.4
      vertex -54 3.5 19.4
    endloop
  endfacet
  facet normal 0 -1 -0
    outer loop
      vertex -50 3.5 19.4
      vertex -54 3.5 0.9
      vertex -50 3.5 0.9
    endloop
  endfacet
  facet normal 0.819124 -0.573616 -5.83064e-18
    outer loop
      vertex 41.2981 -17.9284 0.9
      vertex 41.5981 -17.5 -0.9
      vertex 41.5981 -17.5 0.9
    endloop
  endfacet
  facet normal 0.819124 -0.573616 -5.83064e-18
    outer loop
      vertex 41.5981 -17.5 -0.9
      vertex 41.2981 -17.9284 0.9
      vertex 41.2981 -17.9284 -0.9
    endloop
  endfacet
  facet normal 0 -1 0
    outer loop
      vertex -39 -19 -0.9
      vertex 39 -19 0.9
      vertex -39 -19 0.9
    endloop
  endfacet
  facet normal 0 -1 -0
    outer loop
      vertex 39 -19 0.9
      vertex -39 -19 -0.9
      vertex 39 -19 -0.9
    endloop
  endfacet
  facet normal 0.258698 0.965958 -0
    outer loop
      vertex 40.0261 18.8191 -0.9
      vertex 39.5209 18.9544 0.9
      vertex 40.0261 18.8191 0.9
    endloop
  endfacet
  facet normal 0.258698 0.965958 0
    outer loop
      vertex 39.5209 18.9544 0.9
      vertex 40.0261 18.8191 -0.9
      vertex 39.5209 18.9544 -0.9
    endloop
  endfacet
  facet normal -0.99619 -0.0872073 9.86795e-19
    outer loop
      vertex -41.9544 -16.5209 -0.9
      vertex -42 -16 0.9
      vertex -42 -16 -0.9
    endloop
  endfacet
  facet normal -0.99619 -0.0872073 9.86795e-19
    outer loop
      vertex -42 -16 0.9
      vertex -41.9544 -16.5209 -0.9
      vertex -41.9544 -16.5209 0.9
    endloop
  endfacet
  facet normal 0.99619 0.0872073 9.86795e-19
    outer loop
      vertex 42 16 0.9
      vertex 41.9544 16.5209 -0.9
      vertex 41.9544 16.5209 0.9
    endloop
  endfacet
  facet normal 0.99619 0.0872073 9.86795e-19
    outer loop
      vertex 41.9544 16.5209 -0.9
      vertex 42 16 0.9
      vertex 42 16 -0.9
    endloop
  endfacet
  facet normal -0 0 1
    outer loop
      vertex -54 3.5 0.9
      vertex -50 -3.5 0.9
      vertex -50 3.5 0.9
    endloop
  endfacet
  facet normal 0 0 1
    outer loop
      vertex -50 -3.5 0.9
      vertex -54 3.5 0.9
      vertex -54 -3.5 0.9
    endloop
  endfacet
  facet normal 0 0 1
    outer loop
      vertex -50 3.5 0.9
      vertex -42 9 0.9
      vertex -50 6.5 0.9
    endloop
  endfacet
  facet normal -0 0 1
    outer loop
      vertex -54 9 0.9
      vertex -50 6.5 0.9
      vertex -42 9 0.9
    endloop
  endfacet
  facet normal 0 0 1
    outer loop
      vertex -54 9 0.9
      vertex -54 6.5 0.9
      vertex -50 6.5 0.9
    endloop
  endfacet
  facet normal -0 0 1
    outer loop
      vertex -54.5209 8.95442 0.9
      vertex -54 6.5 0.9
      vertex -54 9 0.9
    endloop
  endfacet
  facet normal -0 0 1
    outer loop
      vertex -55.0261 8.81908 0.9
      vertex -54 6.5 0.9
      vertex -54.5209 8.95442 0.9
    endloop
  endfacet
  facet normal 0 0 1
    outer loop
      vertex -54 3.5 0.9
      vertex -57 6 0.9
      vertex -54 -3.5 0.9
    endloop
  endfacet
  facet normal 0 0 1
    outer loop
      vertex -57 -6 0.9
      vertex -54 -3.5 0.9
      vertex -57 6 0.9
    endloop
  endfacet
  facet normal -0 0 1
    outer loop
      vertex -55.5 8.59808 0.9
      vertex -54 6.5 0.9
      vertex -55.0261 8.81908 0.9
    endloop
  endfacet
  facet normal 0 0 1
    outer loop
      vertex -54 -3.5 0.9
      vertex -57 -6 0.9
      vertex -54 -6.5 0.9
    endloop
  endfacet
  facet normal -0 0 1
    outer loop
      vertex -55.9284 8.29813 0.9
      vertex -54 6.5 0.9
      vertex -55.5 8.59808 0.9
    endloop
  endfacet
  facet normal 0 -0 1
    outer loop
      vertex -56.9544 -6.52094 0.9
      vertex -54 -6.5 0.9
      vertex -57 -6 0.9
    endloop
  endfacet
  facet normal -0 0 1
    outer loop
      vertex -56.2981 7.92836 0.9
      vertex -54 6.5 0.9
      vertex -55.9284 8.29813 0.9
    endloop
  endfacet
  facet normal 0 0 1
    outer loop
      vertex -54 -6.5 0.9
      vertex -54.5209 -8.95442 0.9
      vertex -54 -9 0.9
    endloop
  endfacet
  facet normal -0 0 1
    outer loop
      vertex -56.5981 7.5 0.9
      vertex -54 6.5 0.9
      vertex -56.2981 7.92836 0.9
    endloop
  endfacet
  facet normal 0 0 1
    outer loop
      vertex -54 -6.5 0.9
      vertex -55.0261 -8.81908 0.9
      vertex -54.5209 -8.95442 0.9
    endloop
  endfacet
  facet normal -0 0 1
    outer loop
      vertex -56.8191 7.02606 0.9
      vertex -54 6.5 0.9
      vertex -56.5981 7.5 0.9
    endloop
  endfacet
  facet normal 0 0 1
    outer loop
      vertex -54 -6.5 0.9
      vertex -55.5 -8.59808 0.9
      vertex -55.0261 -8.81908 0.9
    endloop
  endfacet
  facet normal -0 0 1
    outer loop
      vertex -56.9544 6.52094 0.9
      vertex -54 6.5 0.9
      vertex -56.8191 7.02606 0.9
    endloop
  endfacet
  facet normal 0 0 1
    outer loop
      vertex -54 -6.5 0.9
      vertex -55.9284 -8.29813 0.9
      vertex -55.5 -8.59808 0.9
    endloop
  endfacet
  facet normal 0 0 1
    outer loop
      vertex -57 6 0.9
      vertex -54 6.5 0.9
      vertex -56.9544 6.52094 0.9
    endloop
  endfacet
  facet normal 0 0 1
    outer loop
      vertex -54 -6.5 0.9
      vertex -56.2981 -7.92836 0.9
      vertex -55.9284 -8.29813 0.9
    endloop
  endfacet
  facet normal 0 0 1
    outer loop
      vertex -54 6.5 0.9
      vertex -57 6 0.9
      vertex -54 3.5 0.9
    endloop
  endfacet
  facet normal 0 0 1
    outer loop
      vertex -54 -6.5 0.9
      vertex -56.5981 -7.5 0.9
      vertex -56.2981 -7.92836 0.9
    endloop
  endfacet
  facet normal 0 0 1
    outer loop
      vertex -54 -6.5 0.9
      vertex -56.8191 -7.02606 0.9
      vertex -56.5981 -7.5 0.9
    endloop
  endfacet
  facet normal 0 0 1
    outer loop
      vertex -54 -6.5 0.9
      vertex -56.9544 -6.52094 0.9
      vertex -56.8191 -7.02606 0.9
    endloop
  endfacet
  facet normal 0 0 1
    outer loop
      vertex -42 9 0.9
      vertex -50 3.5 0.9
      vertex -42 -9 0.9
    endloop
  endfacet
  facet normal -0 0 1
    outer loop
      vertex -50 -3.5 0.9
      vertex -42 -9 0.9
      vertex -50 3.5 0.9
    endloop
  endfacet
  facet normal -0 0 1
    outer loop
      vertex -50 -6.5 0.9
      vertex -42 -9 0.9
      vertex -50 -3.5 0.9
    endloop
  endfacet
  facet normal 0 0 1
    outer loop
      vertex -54 -9 0.9
      vertex -50 -6.5 0.9
      vertex -54 -6.5 0.9
    endloop
  endfacet
  facet normal 0 0 1
    outer loop
      vertex -50 -6.5 0.9
      vertex -54 -9 0.9
      vertex -42 -9 0.9
    endloop
  endfacet
  facet normal -0 0 1
    outer loop
      vertex 29.2517 10.2 0.9
      vertex 32 9 0.9
      vertex 29.4432 10.6107 0.9
    endloop
  endfacet
  facet normal 0 0 1
    outer loop
      vertex 32 -9 0.9
      vertex 29.5605 -11.0485 0.9
      vertex 29.6 -11.5 0.9
    endloop
  endfacet
  facet normal -0 0 1
    outer loop
      vertex 28.9917 9.82875 0.9
      vertex 32 9 0.9
      vertex 29.2517 10.2 0.9
    endloop
  endfacet
  facet normal 0 0 1
    outer loop
      vertex 32 -9 0.9
      vertex 29.4432 -10.6107 0.9
      vertex 29.5605 -11.0485 0.9
    endloop
  endfacet
  facet normal -0 0 1
    outer loop
      vertex 28.6712 9.50828 0.9
      vertex 32 9 0.9
      vertex 28.9917 9.82875 0.9
    endloop
  endfacet
  facet normal 0 0 1
    outer loop
      vertex 32 -9 0.9
      vertex 29.2517 -10.2 0.9
      vertex 29.4432 -10.6107 0.9
    endloop
  endfacet
  facet normal -0 0 1
    outer loop
      vertex 28.3 9.24833 0.9
      vertex 32 9 0.9
      vertex 28.6712 9.50828 0.9
    endloop
  endfacet
  facet normal 0 0 1
    outer loop
      vertex 32 -9 0.9
      vertex 28.9917 -9.82875 0.9
      vertex 29.2517 -10.2 0.9
    endloop
  endfacet
  facet normal -0 0 1
    outer loop
      vertex 27.8893 9.0568 0.9
      vertex 32 9 0.9
      vertex 28.3 9.24833 0.9
    endloop
  endfacet
  facet normal 0 0 1
    outer loop
      vertex 32 -9 0.9
      vertex 28.6712 -9.50828 0.9
      vertex 28.9917 -9.82875 0.9
    endloop
  endfacet
  facet normal 0 0 1
    outer loop
      vertex 27.4515 8.9395 0.9
      vertex 32 9 0.9
      vertex 27.8893 9.0568 0.9
    endloop
  endfacet
  facet normal 0 0 1
    outer loop
      vertex 32 -9 0.9
      vertex 28.3 -9.24833 0.9
      vertex 28.6712 -9.50828 0.9
    endloop
  endfacet
  facet normal 0 0 1
    outer loop
      vertex 32 9 0.9
      vertex 27.4515 8.9395 0.9
      vertex 32 -9 0.9
    endloop
  endfacet
  facet normal 0 0 1
    outer loop
      vertex 32 -9 0.9
      vertex 27.8893 -9.0568 0.9
      vertex 28.3 -9.24833 0.9
    endloop
  endfacet
  facet normal -0 0 1
    outer loop
      vertex 27.4515 -8.9395 0.9
      vertex 32 -9 0.9
      vertex 27.4515 8.9395 0.9
    endloop
  endfacet
  facet normal 0 0 1
    outer loop
      vertex 32 -9 0.9
      vertex 27.4515 -8.9395 0.9
      vertex 27.8893 -9.0568 0.9
    endloop
  endfacet
  facet normal -0 0 1
    outer loop
      vertex 27 8.9 0.9
      vertex 27.4515 -8.9395 0.9
      vertex 27.4515 8.9395 0.9
    endloop
  endfacet
  facet normal 0 0 1
    outer loop
      vertex 27 8.9 0.9
      vertex 27 -8.9 0.9
      vertex 27.4515 -8.9395 0.9
    endloop
  endfacet
  facet normal 0 0 1
    outer loop
      vertex 26.5485 8.9395 0.9
      vertex 27 -8.9 0.9
      vertex 27 8.9 0.9
    endloop
  endfacet
  facet normal 0 0 1
    outer loop
      vertex 26.5485 8.9395 0.9
      vertex 26.5485 -8.9395 0.9
      vertex 27 -8.9 0.9
    endloop
  endfacet
  facet normal 0 0 1
    outer loop
      vertex 26.1107 9.0568 0.9
      vertex 26.5485 -8.9395 0.9
      vertex 26.5485 8.9395 0.9
    endloop
  endfacet
  facet normal 0 0 1
    outer loop
      vertex 26.1107 9.0568 0.9
      vertex 26.1107 -9.0568 0.9
      vertex 26.5485 -8.9395 0.9
    endloop
  endfacet
  facet normal 0 0 1
    outer loop
      vertex 25.7 9.24833 0.9
      vertex 26.1107 -9.0568 0.9
      vertex 26.1107 9.0568 0.9
    endloop
  endfacet
  facet normal 0 0 1
    outer loop
      vertex 25.7 9.24833 0.9
      vertex 25.7 -9.24833 0.9
      vertex 26.1107 -9.0568 0.9
    endloop
  endfacet
  facet normal 0 0 1
    outer loop
      vertex 9 -5 0.9
      vertex 25.7 9.24833 0.9
      vertex 25.3288 9.50828 0.9
    endloop
  endfacet
  facet normal 0 0 1
    outer loop
      vertex 25.7 9.24833 0.9
      vertex 9 -5 0.9
      vertex 25.7 -9.24833 0.9
    endloop
  endfacet
  facet normal 0 0 1
    outer loop
      vertex 9 -5 0.9
      vertex 25.3288 9.50828 0.9
      vertex 25.0083 9.82875 0.9
    endloop
  endfacet
  facet normal 0 0 1
    outer loop
      vertex 25.7 -9.24833 0.9
      vertex 9 -5 0.9
      vertex 25.3288 -9.50828 0.9
    endloop
  endfacet
  facet normal 0 0 1
    outer loop
      vertex 9 -5 0.9
      vertex 25.0083 9.82875 0.9
      vertex 24.7483 10.2 0.9
    endloop
  endfacet
  facet normal 0 0 1
    outer loop
      vertex 25.3288 -9.50828 0.9
      vertex 9 -5 0.9
      vertex 25.0083 -9.82875 0.9
    endloop
  endfacet
  facet normal 0 0 1
    outer loop
      vertex 9 -5 0.9
      vertex 24.7483 10.2 0.9
      vertex 24.5568 10.6107 0.9
    endloop
  endfacet
  facet normal 0 0 1
    outer loop
      vertex 25.0083 -9.82875 0.9
      vertex 9 -5 0.9
      vertex 24.7483 -10.2 0.9
    endloop
  endfacet
  facet normal 0 0 1
    outer loop
      vertex 9 -5 0.9
      vertex 24.5568 10.6107 0.9
      vertex 24.4395 11.0485 0.9
    endloop
  endfacet
  facet normal 0 0 1
    outer loop
      vertex 24.7483 -10.2 0.9
      vertex 9 -5 0.9
      vertex 24.5568 -10.6107 0.9
    endloop
  endfacet
  facet normal 0 0 1
    outer loop
      vertex 9 -5 0.9
      vertex 24.4395 11.0485 0.9
      vertex 24.4 11.5 0.9
    endloop
  endfacet
  facet normal 0 0 1
    outer loop
      vertex 9 -11 0.9
      vertex 24.5568 -10.6107 0.9
      vertex 9 -5 0.9
    endloop
  endfacet
  facet normal 0 0 1
    outer loop
      vertex 40.0261 18.8191 0.9
      vertex 40.5 14 0.9
      vertex 40.5 18.5981 0.9
    endloop
  endfacet
  facet normal 0 0 1
    outer loop
      vertex 39.5209 18.9544 0.9
      vertex 40.5 14 0.9
      vertex 40.0261 18.8191 0.9
    endloop
  endfacet
  facet normal 0 0 1
    outer loop
      vertex 39 19 0.9
      vertex 40.5 14 0.9
      vertex 39.5209 18.9544 0.9
    endloop
  endfacet
  facet normal 0 0 1
    outer loop
      vertex 39 19 0.9
      vertex 37.5 14 0.9
      vertex 40.5 14 0.9
    endloop
  endfacet
  facet normal 0 0 1
    outer loop
      vertex 37.5 14 0.9
      vertex 36 9 0.9
      vertex 37.5 -14 0.9
    endloop
  endfacet
  facet normal 0 0 1
    outer loop
      vertex 28.6712 13.4917 0.9
      vertex 37.5 14 0.9
      vertex 39 19 0.9
    endloop
  endfacet
  facet normal 0 -0 1
    outer loop
      vertex 29.5605 11.9515 0.9
      vertex 37.5 14 0.9
      vertex 29.4432 12.3893 0.9
    endloop
  endfacet
  facet normal -0 0 1
    outer loop
      vertex 29.5605 11.0485 0.9
      vertex 32 9 0.9
      vertex 29.6 11.5 0.9
    endloop
  endfacet
  facet normal 0 -0 1
    outer loop
      vertex 32 9 0.9
      vertex 37.5 14 0.9
      vertex 29.5605 11.9515 0.9
    endloop
  endfacet
  facet normal 0 0 1
    outer loop
      vertex 32 9 0.9
      vertex 29.5605 11.9515 0.9
      vertex 29.6 11.5 0.9
    endloop
  endfacet
  facet normal 0 0 1
    outer loop
      vertex 37.5 14 0.9
      vertex 32 9 0.9
      vertex 36 9 0.9
    endloop
  endfacet
  facet normal 0 0 1
    outer loop
      vertex 37.5 14 0.9
      vertex 29.2517 12.8 0.9
      vertex 29.4432 12.3893 0.9
    endloop
  endfacet
  facet normal 0 0 1
    outer loop
      vertex 37.5 14 0.9
      vertex 28.9917 13.1712 0.9
      vertex 29.2517 12.8 0.9
    endloop
  endfacet
  facet normal 0 0 1
    outer loop
      vertex 37.5 14 0.9
      vertex 28.6712 13.4917 0.9
      vertex 28.9917 13.1712 0.9
    endloop
  endfacet
  facet normal 0 0 1
    outer loop
      vertex 39 19 0.9
      vertex 28.3 13.7517 0.9
      vertex 28.6712 13.4917 0.9
    endloop
  endfacet
  facet normal 0 0 1
    outer loop
      vertex 39 19 0.9
      vertex 27.8893 13.9432 0.9
      vertex 28.3 13.7517 0.9
    endloop
  endfacet
  facet normal 0 0 1
    outer loop
      vertex 39 19 0.9
      vertex 27.4515 14.0605 0.9
      vertex 27.8893 13.9432 0.9
    endloop
  endfacet
  facet normal 0 0 1
    outer loop
      vertex 39 19 0.9
      vertex 27 14.1 0.9
      vertex 27.4515 14.0605 0.9
    endloop
  endfacet
  facet normal 0 0 1
    outer loop
      vertex 39 19 0.9
      vertex 26.5485 14.0605 0.9
      vertex 27 14.1 0.9
    endloop
  endfacet
  facet normal 0 0 1
    outer loop
      vertex 39 19 0.9
      vertex 26.1107 13.9432 0.9
      vertex 26.5485 14.0605 0.9
    endloop
  endfacet
  facet normal 0 0 1
    outer loop
      vertex 24.5568 -10.6107 0.9
      vertex 9 -11 0.9
      vertex 24.4395 -11.0485 0.9
    endloop
  endfacet
  facet normal 0 0 1
    outer loop
      vertex 24.4395 11.9515 0.9
      vertex 9 -5 0.9
      vertex 24.4 11.5 0.9
    endloop
  endfacet
  facet normal 0 0 1
    outer loop
      vertex -6 -2.26795 0.9
      vertex 24.4395 11.9515 0.9
      vertex 24.5568 12.3893 0.9
    endloop
  endfacet
  facet normal 0 0 1
    outer loop
      vertex -6.31596 -2.12062 0.9
      vertex 24.5568 12.3893 0.9
      vertex 24.7483 12.8 0.9
    endloop
  endfacet
  facet normal 0 0 1
    outer loop
      vertex -28.7483 12.8 0.9
      vertex 24.7483 12.8 0.9
      vertex 25.0083 13.1712 0.9
    endloop
  endfacet
  facet normal 0 0 1
    outer loop
      vertex 24.4395 11.9515 0.9
      vertex -6 -2.26795 0.9
      vertex 9 -5 0.9
    endloop
  endfacet
  facet normal 0 0 1
    outer loop
      vertex -29.0083 13.1712 0.9
      vertex 25.0083 13.1712 0.9
      vertex 25.3288 13.4917 0.9
    endloop
  endfacet
  facet normal 0 0 1
    outer loop
      vertex -29.3288 13.4917 0.9
      vertex 25.3288 13.4917 0.9
      vertex 25.7 13.7517 0.9
    endloop
  endfacet
  facet normal 0 0 1
    outer loop
      vertex -3 -5 0.9
      vertex -5 -4 0.9
      vertex -3 -11 0.9
    endloop
  endfacet
  facet normal 0 0 1
    outer loop
      vertex 9 -5 0.9
      vertex -5.46791 -2.71443 0.9
      vertex -3 -5 0.9
    endloop
  endfacet
  facet normal 0 0 1
    outer loop
      vertex -3 -5 0.9
      vertex -5.03039 -3.6527 0.9
      vertex -5 -4 0.9
    endloop
  endfacet
  facet normal 0 0 1
    outer loop
      vertex -3 -5 0.9
      vertex -5.12062 -3.31596 0.9
      vertex -5.03039 -3.6527 0.9
    endloop
  endfacet
  facet normal 0 0 1
    outer loop
      vertex -3 -5 0.9
      vertex -5.26795 -3 0.9
      vertex -5.12062 -3.31596 0.9
    endloop
  endfacet
  facet normal 0 0 1
    outer loop
      vertex -3 -5 0.9
      vertex -5.46791 -2.71443 0.9
      vertex -5.26795 -3 0.9
    endloop
  endfacet
  facet normal 0 0 1
    outer loop
      vertex 9 -5 0.9
      vertex -5.71443 -2.46791 0.9
      vertex -5.46791 -2.71443 0.9
    endloop
  endfacet
  facet normal 0 0 1
    outer loop
      vertex 9 -5 0.9
      vertex -6 -2.26795 0.9
      vertex -5.71443 -2.46791 0.9
    endloop
  endfacet
  facet normal 0 0 1
    outer loop
      vertex 24.5568 12.3893 0.9
      vertex -6.31596 -2.12062 0.9
      vertex -6 -2.26795 0.9
    endloop
  endfacet
  facet normal 0 0 1
    outer loop
      vertex 24.7483 12.8 0.9
      vertex -6.6527 -2.03039 0.9
      vertex -6.31596 -2.12062 0.9
    endloop
  endfacet
  facet normal 0 0 1
    outer loop
      vertex 24.7483 12.8 0.9
      vertex -28.7483 12.8 0.9
      vertex -6.6527 -2.03039 0.9
    endloop
  endfacet
  facet normal 0 0 1
    outer loop
      vertex -6.6527 -2.03039 0.9
      vertex -28.7483 12.8 0.9
      vertex -7 -2 0.9
    endloop
  endfacet
  facet normal 0 0 1
    outer loop
      vertex -29.7 13.7517 0.9
      vertex 25.7 13.7517 0.9
      vertex 26.1107 13.9432 0.9
    endloop
  endfacet
  facet normal -0 0 1
    outer loop
      vertex -39 19 0.9
      vertex 26.1107 13.9432 0.9
      vertex 39 19 0.9
    endloop
  endfacet
  facet normal -0 0 1
    outer loop
      vertex -28.5568 10.6107 0.9
      vertex -7 -2 0.9
      vertex -28.4395 11.0485 0.9
    endloop
  endfacet
  facet normal 0 0 1
    outer loop
      vertex -7 -2 0.9
      vertex -28.5568 10.6107 0.9
      vertex -27 -2 0.9
    endloop
  endfacet
  facet normal -0 0 1
    outer loop
      vertex -29.0083 9.82875 0.9
      vertex -27 -2 0.9
      vertex -28.7483 10.2 0.9
    endloop
  endfacet
  facet normal -0 0 1
    outer loop
      vertex -28.7483 10.2 0.9
      vertex -27 -2 0.9
      vertex -28.5568 10.6107 0.9
    endloop
  endfacet
  facet normal 0 0 1
    outer loop
      vertex -7 -2 0.9
      vertex -28.4 11.5 0.9
      vertex -28.4395 11.0485 0.9
    endloop
  endfacet
  facet normal 0 0 1
    outer loop
      vertex -7 -2 0.9
      vertex -28.4395 11.9515 0.9
      vertex -28.4 11.5 0.9
    endloop
  endfacet
  facet normal 0 0 1
    outer loop
      vertex -7 -2 0.9
      vertex -28.5568 12.3893 0.9
      vertex -28.4395 11.9515 0.9
    endloop
  endfacet
  facet normal 0 0 1
    outer loop
      vertex -7 -2 0.9
      vertex -28.7483 12.8 0.9
      vertex -28.5568 12.3893 0.9
    endloop
  endfacet
  facet normal 0 0 1
    outer loop
      vertex 25.0083 13.1712 0.9
      vertex -29.0083 13.1712 0.9
      vertex -28.7483 12.8 0.9
    endloop
  endfacet
  facet normal 0 0 1
    outer loop
      vertex 25.3288 13.4917 0.9
      vertex -29.3288 13.4917 0.9
      vertex -29.0083 13.1712 0.9
    endloop
  endfacet
  facet normal 0 0 1
    outer loop
      vertex 25.7 13.7517 0.9
      vertex -29.7 13.7517 0.9
      vertex -29.3288 13.4917 0.9
    endloop
  endfacet
  facet normal 0 0 1
    outer loop
      vertex 26.1107 13.9432 0.9
      vertex -30.1107 13.9432 0.9
      vertex -29.7 13.7517 0.9
    endloop
  endfacet
  facet normal 0 0 1
    outer loop
      vertex 26.1107 13.9432 0.9
      vertex -39 19 0.9
      vertex -30.1107 13.9432 0.9
    endloop
  endfacet
  facet normal 0 0 1
    outer loop
      vertex -30.1107 13.9432 0.9
      vertex -39 19 0.9
      vertex -30.5485 14.0605 0.9
    endloop
  endfacet
  facet normal 0 0 1
    outer loop
      vertex -33.2517 -10.2 0.9
      vertex -42 -9 0.9
      vertex -33.4432 -10.6107 0.9
    endloop
  endfacet
  facet normal 0 0 1
    outer loop
      vertex -42 9 0.9
      vertex -33.5605 11.9515 0.9
      vertex -39 19 0.9
    endloop
  endfacet
  facet normal 0 0 1
    outer loop
      vertex -33.4432 12.3893 0.9
      vertex -39 19 0.9
      vertex -33.5605 11.9515 0.9
    endloop
  endfacet
  facet normal 0 0 1
    outer loop
      vertex -33.2517 12.8 0.9
      vertex -39 19 0.9
      vertex -33.4432 12.3893 0.9
    endloop
  endfacet
  facet normal 0 0 1
    outer loop
      vertex -32.9917 13.1712 0.9
      vertex -39 19 0.9
      vertex -33.2517 12.8 0.9
    endloop
  endfacet
  facet normal 0 0 1
    outer loop
      vertex -32.6712 13.4917 0.9
      vertex -39 19 0.9
      vertex -32.9917 13.1712 0.9
    endloop
  endfacet
  facet normal 0 0 1
    outer loop
      vertex -32.3 13.7517 0.9
      vertex -39 19 0.9
      vertex -32.6712 13.4917 0.9
    endloop
  endfacet
  facet normal 0 0 1
    outer loop
      vertex -31.8893 13.9432 0.9
      vertex -39 19 0.9
      vertex -32.3 13.7517 0.9
    endloop
  endfacet
  facet normal 0 0 1
    outer loop
      vertex -31.4515 14.0605 0.9
      vertex -39 19 0.9
      vertex -31.8893 13.9432 0.9
    endloop
  endfacet
  facet normal 0 0 1
    outer loop
      vertex -31 14.1 0.9
      vertex -39 19 0.9
      vertex -31.4515 14.0605 0.9
    endloop
  endfacet
  facet normal 0 0 1
    outer loop
      vertex -30.5485 14.0605 0.9
      vertex -39 19 0.9
      vertex -31 14.1 0.9
    endloop
  endfacet
  facet normal 0 0 1
    outer loop
      vertex 40.5 14 0.9
      vertex 42 16 0.9
      vertex 41.9544 16.5209 0.9
    endloop
  endfacet
  facet normal 0 0 1
    outer loop
      vertex 42 16 0.9
      vertex 40.5 14 0.9
      vertex 42 -16 0.9
    endloop
  endfacet
  facet normal 0 0 1
    outer loop
      vertex 40.5 14 0.9
      vertex 41.9544 16.5209 0.9
      vertex 41.8191 17.0261 0.9
    endloop
  endfacet
  facet normal -0 0 1
    outer loop
      vertex 40.5 -14 0.9
      vertex 42 -16 0.9
      vertex 40.5 14 0.9
    endloop
  endfacet
  facet normal 0 0 1
    outer loop
      vertex 40.5 14 0.9
      vertex 41.8191 17.0261 0.9
      vertex 41.5981 17.5 0.9
    endloop
  endfacet
  facet normal 0 0 1
    outer loop
      vertex 42 -16 0.9
      vertex 40.5 -14 0.9
      vertex 41.9544 -16.5209 0.9
    endloop
  endfacet
  facet normal 0 0 1
    outer loop
      vertex 40.5 14 0.9
      vertex 41.5981 17.5 0.9
      vertex 41.2981 17.9284 0.9
    endloop
  endfacet
  facet normal 0 0 1
    outer loop
      vertex 41.9544 -16.5209 0.9
      vertex 40.5 -14 0.9
      vertex 41.8191 -17.0261 0.9
    endloop
  endfacet
  facet normal 0 0 1
    outer loop
      vertex 40.5 14 0.9
      vertex 41.2981 17.9284 0.9
      vertex 40.9284 18.2981 0.9
    endloop
  endfacet
  facet normal 0 0 1
    outer loop
      vertex 41.8191 -17.0261 0.9
      vertex 40.5 -14 0.9
      vertex 41.5981 -17.5 0.9
    endloop
  endfacet
  facet normal 0 0 1
    outer loop
      vertex 40.5 14 0.9
      vertex 40.9284 18.2981 0.9
      vertex 40.5 18.5981 0.9
    endloop
  endfacet
  facet normal 0 0 1
    outer loop
      vertex 41.5981 -17.5 0.9
      vertex 40.5 -14 0.9
      vertex 41.2981 -17.9284 0.9
    endloop
  endfacet
  facet normal 0 0 1
    outer loop
      vertex 41.2981 -17.9284 0.9
      vertex 40.5 -14 0.9
      vertex 40.9284 -18.2981 0.9
    endloop
  endfacet
  facet normal 0 0 1
    outer loop
      vertex 40.5 -14 0.9
      vertex 40.5 -18.5981 0.9
      vertex 40.9284 -18.2981 0.9
    endloop
  endfacet
  facet normal 0 0 1
    outer loop
      vertex 40.5 -14 0.9
      vertex 40.0261 -18.8191 0.9
      vertex 40.5 -18.5981 0.9
    endloop
  endfacet
  facet normal 0 0 1
    outer loop
      vertex 40.5 -14 0.9
      vertex 39.5209 -18.9544 0.9
      vertex 40.0261 -18.8191 0.9
    endloop
  endfacet
  facet normal 0 0 1
    outer loop
      vertex 40.5 -14 0.9
      vertex 39 -19 0.9
      vertex 39.5209 -18.9544 0.9
    endloop
  endfacet
  facet normal -0 0 1
    outer loop
      vertex 37.5 -14 0.9
      vertex 39 -19 0.9
      vertex 40.5 -14 0.9
    endloop
  endfacet
  facet normal -0 0 1
    outer loop
      vertex 36 -9 0.9
      vertex 37.5 -14 0.9
      vertex 36 9 0.9
    endloop
  endfacet
  facet normal -0 0 1
    outer loop
      vertex 32 -9 0.9
      vertex 37.5 -14 0.9
      vertex 36 -9 0.9
    endloop
  endfacet
  facet normal 0 0 1
    outer loop
      vertex 37.5 -14 0.9
      vertex 32 -9 0.9
      vertex 29.5605 -11.9515 0.9
    endloop
  endfacet
  facet normal -0 0 1
    outer loop
      vertex 29.4432 10.6107 0.9
      vertex 32 9 0.9
      vertex 29.5605 11.0485 0.9
    endloop
  endfacet
  facet normal 0 0 1
    outer loop
      vertex 29.5605 -11.9515 0.9
      vertex 32 -9 0.9
      vertex 29.6 -11.5 0.9
    endloop
  endfacet
  facet normal 0 0 1
    outer loop
      vertex 37.5 -14 0.9
      vertex 29.5605 -11.9515 0.9
      vertex 29.4432 -12.3893 0.9
    endloop
  endfacet
  facet normal -0 0 1
    outer loop
      vertex 29.2517 -12.8 0.9
      vertex 37.5 -14 0.9
      vertex 29.4432 -12.3893 0.9
    endloop
  endfacet
  facet normal -0 0 1
    outer loop
      vertex 28.9917 -13.1712 0.9
      vertex 37.5 -14 0.9
      vertex 29.2517 -12.8 0.9
    endloop
  endfacet
  facet normal -0 0 1
    outer loop
      vertex 28.6712 -13.4917 0.9
      vertex 37.5 -14 0.9
      vertex 28.9917 -13.1712 0.9
    endloop
  endfacet
  facet normal 0 0 1
    outer loop
      vertex 37.5 -14 0.9
      vertex 28.6712 -13.4917 0.9
      vertex 39 -19 0.9
    endloop
  endfacet
  facet normal -0 0 1
    outer loop
      vertex 28.3 -13.7517 0.9
      vertex 39 -19 0.9
      vertex 28.6712 -13.4917 0.9
    endloop
  endfacet
  facet normal -0 0 1
    outer loop
      vertex 27.8893 -13.9432 0.9
      vertex 39 -19 0.9
      vertex 28.3 -13.7517 0.9
    endloop
  endfacet
  facet normal -0 0 1
    outer loop
      vertex 27.4515 -14.0605 0.9
      vertex 39 -19 0.9
      vertex 27.8893 -13.9432 0.9
    endloop
  endfacet
  facet normal -0 0 1
    outer loop
      vertex 27 -14.1 0.9
      vertex 39 -19 0.9
      vertex 27.4515 -14.0605 0.9
    endloop
  endfacet
  facet normal 0 0 1
    outer loop
      vertex 26.5485 -14.0605 0.9
      vertex 39 -19 0.9
      vertex 27 -14.1 0.9
    endloop
  endfacet
  facet normal 0 0 1
    outer loop
      vertex 26.1107 -13.9432 0.9
      vertex 39 -19 0.9
      vertex 26.5485 -14.0605 0.9
    endloop
  endfacet
  facet normal 0 0 1
    outer loop
      vertex 24.4395 -11.0485 0.9
      vertex 9 -11 0.9
      vertex 24.4 -11.5 0.9
    endloop
  endfacet
  facet normal 0 0 1
    outer loop
      vertex 24.4 -11.5 0.9
      vertex 9 -11 0.9
      vertex 24.4395 -11.9515 0.9
    endloop
  endfacet
  facet normal 0 0 1
    outer loop
      vertex 24.4395 -11.9515 0.9
      vertex 9 -11 0.9
      vertex 24.5568 -12.3893 0.9
    endloop
  endfacet
  facet normal 0 0 1
    outer loop
      vertex 24.5568 -12.3893 0.9
      vertex 9 -11 0.9
      vertex 24.7483 -12.8 0.9
    endloop
  endfacet
  facet normal 0 0 1
    outer loop
      vertex 24.7483 -12.8 0.9
      vertex 9 -11 0.9
      vertex 25.0083 -13.1712 0.9
    endloop
  endfacet
  facet normal 0 0 1
    outer loop
      vertex 25.0083 -13.1712 0.9
      vertex 9 -11 0.9
      vertex 25.3288 -13.4917 0.9
    endloop
  endfacet
  facet normal 0 0 1
    outer loop
      vertex 25.3288 -13.4917 0.9
      vertex 9 -11 0.9
      vertex 25.7 -13.7517 0.9
    endloop
  endfacet
  facet normal 0 0 1
    outer loop
      vertex 9 -11 0.9
      vertex 26.1107 -13.9432 0.9
      vertex 25.7 -13.7517 0.9
    endloop
  endfacet
  facet normal -0 0 1
    outer loop
      vertex -6.31596 -13.8794 0.9
      vertex 26.1107 -13.9432 0.9
      vertex 9 -11 0.9
    endloop
  endfacet
  facet normal 0 0 1
    outer loop
      vertex -5.46791 -13.2856 0.9
      vertex 9 -11 0.9
      vertex -3 -11 0.9
    endloop
  endfacet
  facet normal 0 0 1
    outer loop
      vertex -5 -12 0.9
      vertex -3 -11 0.9
      vertex -5 -4 0.9
    endloop
  endfacet
  facet normal 0 0 1
    outer loop
      vertex -5.03039 -12.3473 0.9
      vertex -3 -11 0.9
      vertex -5 -12 0.9
    endloop
  endfacet
  facet normal 0 0 1
    outer loop
      vertex -5.12062 -12.684 0.9
      vertex -3 -11 0.9
      vertex -5.03039 -12.3473 0.9
    endloop
  endfacet
  facet normal 0 0 1
    outer loop
      vertex -5.26795 -13 0.9
      vertex -3 -11 0.9
      vertex -5.12062 -12.684 0.9
    endloop
  endfacet
  facet normal 0 0 1
    outer loop
      vertex -5.46791 -13.2856 0.9
      vertex -3 -11 0.9
      vertex -5.26795 -13 0.9
    endloop
  endfacet
  facet normal 0 0 1
    outer loop
      vertex -5.71443 -13.5321 0.9
      vertex 9 -11 0.9
      vertex -5.46791 -13.2856 0.9
    endloop
  endfacet
  facet normal 0 0 1
    outer loop
      vertex -6 -13.732 0.9
      vertex 9 -11 0.9
      vertex -5.71443 -13.5321 0.9
    endloop
  endfacet
  facet normal 0 0 1
    outer loop
      vertex -6.31596 -13.8794 0.9
      vertex 9 -11 0.9
      vertex -6 -13.732 0.9
    endloop
  endfacet
  facet normal 0 0 1
    outer loop
      vertex 26.1107 -13.9432 0.9
      vertex -6.31596 -13.8794 0.9
      vertex 39 -19 0.9
    endloop
  endfacet
  facet normal -0 0 1
    outer loop
      vertex -6.6527 -13.9696 0.9
      vertex 39 -19 0.9
      vertex -6.31596 -13.8794 0.9
    endloop
  endfacet
  facet normal -0 0 1
    outer loop
      vertex -7 -14 0.9
      vertex 39 -19 0.9
      vertex -6.6527 -13.9696 0.9
    endloop
  endfacet
  facet normal 0 0 1
    outer loop
      vertex -39 -19 0.9
      vertex -7 -14 0.9
      vertex -27 -14 0.9
    endloop
  endfacet
  facet normal 0 0 1
    outer loop
      vertex -29.0083 -13.1712 0.9
      vertex -28.732 -13 0.9
      vertex -28.7945 -12.866 0.9
    endloop
  endfacet
  facet normal -0 0 1
    outer loop
      vertex -29.0083 -13.1712 0.9
      vertex -28.5321 -13.2856 0.9
      vertex -28.732 -13 0.9
    endloop
  endfacet
  facet normal 0 0 1
    outer loop
      vertex -29.3288 -13.4917 0.9
      vertex -28.5321 -13.2856 0.9
      vertex -29.0083 -13.1712 0.9
    endloop
  endfacet
  facet normal 0 0 1
    outer loop
      vertex -28.5321 -13.2856 0.9
      vertex -29.3288 -13.4917 0.9
      vertex -28.2856 -13.5321 0.9
    endloop
  endfacet
  facet normal 0 0 1
    outer loop
      vertex -29.7 -13.7517 0.9
      vertex -28.2856 -13.5321 0.9
      vertex -29.3288 -13.4917 0.9
    endloop
  endfacet
  facet normal 0 0 1
    outer loop
      vertex -28.2856 -13.5321 0.9
      vertex -29.7 -13.7517 0.9
      vertex -28 -13.732 0.9
    endloop
  endfacet
  facet normal 0 0 1
    outer loop
      vertex -28 -13.732 0.9
      vertex -29.7 -13.7517 0.9
      vertex -27.684 -13.8794 0.9
    endloop
  endfacet
  facet normal 0 0 1
    outer loop
      vertex -30.1107 -13.9432 0.9
      vertex -27.684 -13.8794 0.9
      vertex -29.7 -13.7517 0.9
    endloop
  endfacet
  facet normal 0 0 1
    outer loop
      vertex -27.684 -13.8794 0.9
      vertex -30.1107 -13.9432 0.9
      vertex -27.3473 -13.9696 0.9
    endloop
  endfacet
  facet normal 0 0 1
    outer loop
      vertex -30.5485 -14.0605 0.9
      vertex -27.3473 -13.9696 0.9
      vertex -30.1107 -13.9432 0.9
    endloop
  endfacet
  facet normal 0 0 1
    outer loop
      vertex -39 -19 0.9
      vertex -27.3473 -13.9696 0.9
      vertex -30.5485 -14.0605 0.9
    endloop
  endfacet
  facet normal 0 0 1
    outer loop
      vertex -27.3473 -13.9696 0.9
      vertex -39 -19 0.9
      vertex -27 -14 0.9
    endloop
  endfacet
  facet normal 0 0 1
    outer loop
      vertex -39 -19 0.9
      vertex -30.5485 -14.0605 0.9
      vertex -31 -14.1 0.9
    endloop
  endfacet
  facet normal 0 0 1
    outer loop
      vertex -33.4432 -10.6107 0.9
      vertex -42 -9 0.9
      vertex -33.5605 -11.0485 0.9
    endloop
  endfacet
  facet normal 0 0 1
    outer loop
      vertex -7 -14 0.9
      vertex -39 -19 0.9
      vertex 39 -19 0.9
    endloop
  endfacet
  facet normal 0 0 1
    outer loop
      vertex -31.4515 -14.0605 0.9
      vertex -39 -19 0.9
      vertex -31 -14.1 0.9
    endloop
  endfacet
  facet normal 0 0 1
    outer loop
      vertex -31.8893 -13.9432 0.9
      vertex -39 -19 0.9
      vertex -31.4515 -14.0605 0.9
    endloop
  endfacet
  facet normal 0 0 1
    outer loop
      vertex -32.3 -13.7517 0.9
      vertex -39 -19 0.9
      vertex -31.8893 -13.9432 0.9
    endloop
  endfacet
  facet normal 0 0 1
    outer loop
      vertex -32.6712 -13.4917 0.9
      vertex -39 -19 0.9
      vertex -32.3 -13.7517 0.9
    endloop
  endfacet
  facet normal 0 0 1
    outer loop
      vertex -32.9917 -13.1712 0.9
      vertex -39 -19 0.9
      vertex -32.6712 -13.4917 0.9
    endloop
  endfacet
  facet normal 0 0 1
    outer loop
      vertex -33.2517 -12.8 0.9
      vertex -39 -19 0.9
      vertex -32.9917 -13.1712 0.9
    endloop
  endfacet
  facet normal 0 0 1
    outer loop
      vertex -33.4432 -12.3893 0.9
      vertex -39 -19 0.9
      vertex -33.2517 -12.8 0.9
    endloop
  endfacet
  facet normal 0 0 1
    outer loop
      vertex -42 -16 0.9
      vertex -33.4432 -12.3893 0.9
      vertex -33.5605 -11.9515 0.9
    endloop
  endfacet
  facet normal 0 0 1
    outer loop
      vertex -33.5605 -11.0485 0.9
      vertex -42 -9 0.9
      vertex -33.6 -11.5 0.9
    endloop
  endfacet
  facet normal 0 0 1
    outer loop
      vertex -42 16 0.9
      vertex -39 19 0.9
      vertex -39.5209 18.9544 0.9
    endloop
  endfacet
  facet normal 0 0 1
    outer loop
      vertex -33.6 -11.5 0.9
      vertex -42 -9 0.9
      vertex -33.5605 -11.9515 0.9
    endloop
  endfacet
  facet normal 0 0 1
    outer loop
      vertex -42 16 0.9
      vertex -39.5209 18.9544 0.9
      vertex -40.0261 18.8191 0.9
    endloop
  endfacet
  facet normal 0 0 1
    outer loop
      vertex -42 -16 0.9
      vertex -33.5605 -11.9515 0.9
      vertex -42 -9 0.9
    endloop
  endfacet
  facet normal 0 0 1
    outer loop
      vertex -42 16 0.9
      vertex -40.0261 18.8191 0.9
      vertex -40.5 18.5981 0.9
    endloop
  endfacet
  facet normal 0 0 1
    outer loop
      vertex -33.4432 -12.3893 0.9
      vertex -42 -16 0.9
      vertex -39 -19 0.9
    endloop
  endfacet
  facet normal 0 0 1
    outer loop
      vertex -42 16 0.9
      vertex -40.5 18.5981 0.9
      vertex -40.9284 18.2981 0.9
    endloop
  endfacet
  facet normal 0 0 1
    outer loop
      vertex -39 -19 0.9
      vertex -42 -16 0.9
      vertex -39.5209 -18.9544 0.9
    endloop
  endfacet
  facet normal 0 0 1
    outer loop
      vertex -42 16 0.9
      vertex -40.9284 18.2981 0.9
      vertex -41.2981 17.9284 0.9
    endloop
  endfacet
  facet normal 0 0 1
    outer loop
      vertex -39.5209 -18.9544 0.9
      vertex -42 -16 0.9
      vertex -40.0261 -18.8191 0.9
    endloop
  endfacet
  facet normal 0 0 1
    outer loop
      vertex -42 16 0.9
      vertex -41.2981 17.9284 0.9
      vertex -41.5981 17.5 0.9
    endloop
  endfacet
  facet normal 0 0 1
    outer loop
      vertex -40.0261 -18.8191 0.9
      vertex -42 -16 0.9
      vertex -40.5 -18.5981 0.9
    endloop
  endfacet
  facet normal 0 0 1
    outer loop
      vertex -42 16 0.9
      vertex -41.5981 17.5 0.9
      vertex -41.8191 17.0261 0.9
    endloop
  endfacet
  facet normal 0 0 1
    outer loop
      vertex -40.5 -18.5981 0.9
      vertex -42 -16 0.9
      vertex -40.9284 -18.2981 0.9
    endloop
  endfacet
  facet normal 0 0 1
    outer loop
      vertex -42 16 0.9
      vertex -41.8191 17.0261 0.9
      vertex -41.9544 16.5209 0.9
    endloop
  endfacet
  facet normal 0 0 1
    outer loop
      vertex -40.9284 -18.2981 0.9
      vertex -42 -16 0.9
      vertex -41.2981 -17.9284 0.9
    endloop
  endfacet
  facet normal 0 0 1
    outer loop
      vertex -39 19 0.9
      vertex -42 16 0.9
      vertex -42 9 0.9
    endloop
  endfacet
  facet normal 0 0 1
    outer loop
      vertex -41.2981 -17.9284 0.9
      vertex -42 -16 0.9
      vertex -41.5981 -17.5 0.9
    endloop
  endfacet
  facet normal 0 0 1
    outer loop
      vertex -41.5981 -17.5 0.9
      vertex -42 -16 0.9
      vertex -41.8191 -17.0261 0.9
    endloop
  endfacet
  facet normal 0 0 1
    outer loop
      vertex -41.8191 -17.0261 0.9
      vertex -42 -16 0.9
      vertex -41.9544 -16.5209 0.9
    endloop
  endfacet
  facet normal -0 0 1
    outer loop
      vertex -29.3288 9.50828 0.9
      vertex -27 -2 0.9
      vertex -29.0083 9.82875 0.9
    endloop
  endfacet
  facet normal -0 0 1
    outer loop
      vertex -29.7 9.24833 0.9
      vertex -27 -2 0.9
      vertex -29.3288 9.50828 0.9
    endloop
  endfacet
  facet normal -0 0 1
    outer loop
      vertex -30.1107 9.0568 0.9
      vertex -27 -2 0.9
      vertex -29.7 9.24833 0.9
    endloop
  endfacet
  facet normal 0 0 1
    outer loop
      vertex -27 -2 0.9
      vertex -30.1107 9.0568 0.9
      vertex -27.3473 -2.03039 0.9
    endloop
  endfacet
  facet normal -0 0 1
    outer loop
      vertex -30.5485 8.9395 0.9
      vertex -27.3473 -2.03039 0.9
      vertex -30.1107 9.0568 0.9
    endloop
  endfacet
  facet normal 0 0 1
    outer loop
      vertex -27.3473 -2.03039 0.9
      vertex -30.5485 8.9395 0.9
      vertex -27.684 -2.12062 0.9
    endloop
  endfacet
  facet normal 0 0 1
    outer loop
      vertex -27.684 -2.12062 0.9
      vertex -30.5485 8.9395 0.9
      vertex -28 -2.26795 0.9
    endloop
  endfacet
  facet normal -0 0 1
    outer loop
      vertex -31 8.9 0.9
      vertex -28 -2.26795 0.9
      vertex -30.5485 8.9395 0.9
    endloop
  endfacet
  facet normal 0 0 1
    outer loop
      vertex -28 -2.26795 0.9
      vertex -31 8.9 0.9
      vertex -28.2856 -2.46791 0.9
    endloop
  endfacet
  facet normal 0 0 1
    outer loop
      vertex -31.4515 8.9395 0.9
      vertex -28.2856 -2.46791 0.9
      vertex -31 8.9 0.9
    endloop
  endfacet
  facet normal 0 0 1
    outer loop
      vertex -29 -4 0.9
      vertex -29.0083 -9.82875 0.9
      vertex -29 -9.84058 0.9
    endloop
  endfacet
  facet normal 0 0 1
    outer loop
      vertex -28.2856 -2.46791 0.9
      vertex -31.4515 8.9395 0.9
      vertex -28.5321 -2.71443 0.9
    endloop
  endfacet
  facet normal 0 0 1
    outer loop
      vertex -29 -4 0.9
      vertex -29.3288 -9.50828 0.9
      vertex -29.0083 -9.82875 0.9
    endloop
  endfacet
  facet normal 0 0 1
    outer loop
      vertex -31.8893 9.0568 0.9
      vertex -28.5321 -2.71443 0.9
      vertex -31.4515 8.9395 0.9
    endloop
  endfacet
  facet normal 0 0 1
    outer loop
      vertex -29 -4 0.9
      vertex -29.7 -9.24833 0.9
      vertex -29.3288 -9.50828 0.9
    endloop
  endfacet
  facet normal 0 0 1
    outer loop
      vertex -28.5321 -2.71443 0.9
      vertex -31.8893 9.0568 0.9
      vertex -28.732 -3 0.9
    endloop
  endfacet
  facet normal 0 0 1
    outer loop
      vertex -29 -4 0.9
      vertex -30.1107 -9.0568 0.9
      vertex -29.7 -9.24833 0.9
    endloop
  endfacet
  facet normal 0 0 1
    outer loop
      vertex -32.3 9.24833 0.9
      vertex -28.732 -3 0.9
      vertex -31.8893 9.0568 0.9
    endloop
  endfacet
  facet normal 0 0 1
    outer loop
      vertex -29 -4 0.9
      vertex -30.5485 -8.9395 0.9
      vertex -30.1107 -9.0568 0.9
    endloop
  endfacet
  facet normal -0 0 1
    outer loop
      vertex -42 9 0.9
      vertex -28.732 -3 0.9
      vertex -32.3 9.24833 0.9
    endloop
  endfacet
  facet normal 0 0 1
    outer loop
      vertex -29 -4 0.9
      vertex -31 -8.9 0.9
      vertex -30.5485 -8.9395 0.9
    endloop
  endfacet
  facet normal 0 0 1
    outer loop
      vertex -42 9 0.9
      vertex -32.3 9.24833 0.9
      vertex -32.6712 9.50828 0.9
    endloop
  endfacet
  facet normal 0 0 1
    outer loop
      vertex -29 -4 0.9
      vertex -31.4515 -8.9395 0.9
      vertex -31 -8.9 0.9
    endloop
  endfacet
  facet normal 0 0 1
    outer loop
      vertex -28.732 -3 0.9
      vertex -42 9 0.9
      vertex -28.8794 -3.31596 0.9
    endloop
  endfacet
  facet normal 0 0 1
    outer loop
      vertex -29 -4 0.9
      vertex -31.8893 -9.0568 0.9
      vertex -31.4515 -8.9395 0.9
    endloop
  endfacet
  facet normal 0 0 1
    outer loop
      vertex -42 -9 0.9
      vertex -28.8794 -3.31596 0.9
      vertex -42 9 0.9
    endloop
  endfacet
  facet normal 0 0 1
    outer loop
      vertex -29 -4 0.9
      vertex -32.3 -9.24833 0.9
      vertex -31.8893 -9.0568 0.9
    endloop
  endfacet
  facet normal -0 0 1
    outer loop
      vertex -42 -9 0.9
      vertex -32.3 -9.24833 0.9
      vertex -28.9696 -3.6527 0.9
    endloop
  endfacet
  facet normal 0 0 1
    outer loop
      vertex -28.9696 -3.6527 0.9
      vertex -32.3 -9.24833 0.9
      vertex -29 -4 0.9
    endloop
  endfacet
  facet normal 0 0 1
    outer loop
      vertex -42 9 0.9
      vertex -32.6712 9.50828 0.9
      vertex -32.9917 9.82875 0.9
    endloop
  endfacet
  facet normal 0 0 1
    outer loop
      vertex -28.8794 -3.31596 0.9
      vertex -42 -9 0.9
      vertex -28.9696 -3.6527 0.9
    endloop
  endfacet
  facet normal 0 0 1
    outer loop
      vertex -42 9 0.9
      vertex -32.9917 9.82875 0.9
      vertex -33.2517 10.2 0.9
    endloop
  endfacet
  facet normal 0 0 1
    outer loop
      vertex -32.3 -9.24833 0.9
      vertex -42 -9 0.9
      vertex -32.6712 -9.50828 0.9
    endloop
  endfacet
  facet normal 0 0 1
    outer loop
      vertex -42 9 0.9
      vertex -33.2517 10.2 0.9
      vertex -33.4432 10.6107 0.9
    endloop
  endfacet
  facet normal 0 0 1
    outer loop
      vertex -32.6712 -9.50828 0.9
      vertex -42 -9 0.9
      vertex -32.9917 -9.82875 0.9
    endloop
  endfacet
  facet normal 0 0 1
    outer loop
      vertex -33.6 11.5 0.9
      vertex -42 9 0.9
      vertex -33.5605 11.0485 0.9
    endloop
  endfacet
  facet normal 0 0 1
    outer loop
      vertex -33.5605 11.0485 0.9
      vertex -42 9 0.9
      vertex -33.4432 10.6107 0.9
    endloop
  endfacet
  facet normal 0 0 1
    outer loop
      vertex -33.5605 11.9515 0.9
      vertex -42 9 0.9
      vertex -33.6 11.5 0.9
    endloop
  endfacet
  facet normal 0 0 1
    outer loop
      vertex -32.9917 -9.82875 0.9
      vertex -42 -9 0.9
      vertex -33.2517 -10.2 0.9
    endloop
  endfacet
  facet normal 0 0 1
    outer loop
      vertex -29.6459 -11.2612 0.9
      vertex -29.6459 -11.7388 0.9
      vertex -29.625 -11.5 0.9
    endloop
  endfacet
  facet normal 0 0 1
    outer loop
      vertex -29.7079 -11.0297 0.9
      vertex -29.6459 -11.7388 0.9
      vertex -29.6459 -11.2612 0.9
    endloop
  endfacet
  facet normal 0 0 1
    outer loop
      vertex -29.7079 -11.0297 0.9
      vertex -29.7079 -11.9703 0.9
      vertex -29.6459 -11.7388 0.9
    endloop
  endfacet
  facet normal 0 0 1
    outer loop
      vertex -29.8092 -10.8125 0.9
      vertex -29.7079 -11.9703 0.9
      vertex -29.7079 -11.0297 0.9
    endloop
  endfacet
  facet normal 0 0 1
    outer loop
      vertex -29.8092 -10.8125 0.9
      vertex -29.8092 -12.1875 0.9
      vertex -29.7079 -11.9703 0.9
    endloop
  endfacet
  facet normal 0 0 1
    outer loop
      vertex -29.9467 -10.6162 0.9
      vertex -29.8092 -12.1875 0.9
      vertex -29.8092 -10.8125 0.9
    endloop
  endfacet
  facet normal 0 0 1
    outer loop
      vertex -29.9467 -10.6162 0.9
      vertex -29.9467 -12.3838 0.9
      vertex -29.8092 -12.1875 0.9
    endloop
  endfacet
  facet normal 0 0 1
    outer loop
      vertex -30.1162 -10.4467 0.9
      vertex -29.9467 -12.3838 0.9
      vertex -29.9467 -10.6162 0.9
    endloop
  endfacet
  facet normal 0 0 1
    outer loop
      vertex -30.1162 -10.4467 0.9
      vertex -30.1162 -12.5533 0.9
      vertex -29.9467 -12.3838 0.9
    endloop
  endfacet
  facet normal 0 0 1
    outer loop
      vertex -30.3125 -10.3092 0.9
      vertex -30.1162 -12.5533 0.9
      vertex -30.1162 -10.4467 0.9
    endloop
  endfacet
  facet normal 0 0 1
    outer loop
      vertex -30.3125 -10.3092 0.9
      vertex -30.3125 -12.6908 0.9
      vertex -30.1162 -12.5533 0.9
    endloop
  endfacet
  facet normal 0 0 1
    outer loop
      vertex -30.5297 -10.2079 0.9
      vertex -30.3125 -12.6908 0.9
      vertex -30.3125 -10.3092 0.9
    endloop
  endfacet
  facet normal 0 0 1
    outer loop
      vertex -30.5297 -10.2079 0.9
      vertex -30.5297 -12.7921 0.9
      vertex -30.3125 -12.6908 0.9
    endloop
  endfacet
  facet normal 0 0 1
    outer loop
      vertex -30.7612 -10.1459 0.9
      vertex -30.5297 -12.7921 0.9
      vertex -30.5297 -10.2079 0.9
    endloop
  endfacet
  facet normal 0 0 1
    outer loop
      vertex -30.7612 -10.1459 0.9
      vertex -30.7612 -12.8541 0.9
      vertex -30.5297 -12.7921 0.9
    endloop
  endfacet
  facet normal 0 0 1
    outer loop
      vertex -31 -10.125 0.9
      vertex -30.7612 -12.8541 0.9
      vertex -30.7612 -10.1459 0.9
    endloop
  endfacet
  facet normal 0 0 1
    outer loop
      vertex -31 -10.125 0.9
      vertex -31 -12.875 0.9
      vertex -30.7612 -12.8541 0.9
    endloop
  endfacet
  facet normal -0 0 1
    outer loop
      vertex -31.2388 -10.1459 0.9
      vertex -31 -12.875 0.9
      vertex -31 -10.125 0.9
    endloop
  endfacet
  facet normal 0 0 1
    outer loop
      vertex -31.2388 -10.1459 0.9
      vertex -31.2388 -12.8541 0.9
      vertex -31 -12.875 0.9
    endloop
  endfacet
  facet normal -0 0 1
    outer loop
      vertex -31.4703 -10.2079 0.9
      vertex -31.2388 -12.8541 0.9
      vertex -31.2388 -10.1459 0.9
    endloop
  endfacet
  facet normal 0 0 1
    outer loop
      vertex -31.4703 -10.2079 0.9
      vertex -31.4703 -12.7921 0.9
      vertex -31.2388 -12.8541 0.9
    endloop
  endfacet
  facet normal -0 0 1
    outer loop
      vertex -31.6875 -10.3092 0.9
      vertex -31.4703 -12.7921 0.9
      vertex -31.4703 -10.2079 0.9
    endloop
  endfacet
  facet normal 0 0 1
    outer loop
      vertex -31.6875 -10.3092 0.9
      vertex -31.6875 -12.6908 0.9
      vertex -31.4703 -12.7921 0.9
    endloop
  endfacet
  facet normal -0 0 1
    outer loop
      vertex -31.8838 -10.4467 0.9
      vertex -31.6875 -12.6908 0.9
      vertex -31.6875 -10.3092 0.9
    endloop
  endfacet
  facet normal 0 0 1
    outer loop
      vertex -31.8838 -10.4467 0.9
      vertex -31.8838 -12.5533 0.9
      vertex -31.6875 -12.6908 0.9
    endloop
  endfacet
  facet normal -0 0 1
    outer loop
      vertex -32.0533 -10.6162 0.9
      vertex -31.8838 -12.5533 0.9
      vertex -31.8838 -10.4467 0.9
    endloop
  endfacet
  facet normal 0 0 1
    outer loop
      vertex -32.0533 -10.6162 0.9
      vertex -32.0533 -12.3838 0.9
      vertex -31.8838 -12.5533 0.9
    endloop
  endfacet
  facet normal -0 0 1
    outer loop
      vertex -32.1908 -10.8125 0.9
      vertex -32.0533 -12.3838 0.9
      vertex -32.0533 -10.6162 0.9
    endloop
  endfacet
  facet normal 0 0 1
    outer loop
      vertex -32.1908 -10.8125 0.9
      vertex -32.1908 -12.1875 0.9
      vertex -32.0533 -12.3838 0.9
    endloop
  endfacet
  facet normal -0 0 1
    outer loop
      vertex -32.2921 -11.0297 0.9
      vertex -32.1908 -12.1875 0.9
      vertex -32.1908 -10.8125 0.9
    endloop
  endfacet
  facet normal 0 0 1
    outer loop
      vertex -32.2921 -11.0297 0.9
      vertex -32.2921 -11.9703 0.9
      vertex -32.1908 -12.1875 0.9
    endloop
  endfacet
  facet normal -0 0 1
    outer loop
      vertex -32.3541 -11.2612 0.9
      vertex -32.2921 -11.9703 0.9
      vertex -32.2921 -11.0297 0.9
    endloop
  endfacet
  facet normal 0 0 1
    outer loop
      vertex -32.3541 -11.2612 0.9
      vertex -32.3541 -11.7388 0.9
      vertex -32.2921 -11.9703 0.9
    endloop
  endfacet
  facet normal 0 -0 1
    outer loop
      vertex -32.3541 -11.7388 0.9
      vertex -32.3541 -11.2612 0.9
      vertex -32.375 -11.5 0.9
    endloop
  endfacet
  facet normal 0 0 1
    outer loop
      vertex -29.6459 11.7388 0.9
      vertex -29.6459 11.2612 0.9
      vertex -29.625 11.5 0.9
    endloop
  endfacet
  facet normal 0 0 1
    outer loop
      vertex -29.7079 11.9703 0.9
      vertex -29.6459 11.2612 0.9
      vertex -29.6459 11.7388 0.9
    endloop
  endfacet
  facet normal 0 0 1
    outer loop
      vertex -29.7079 11.9703 0.9
      vertex -29.7079 11.0297 0.9
      vertex -29.6459 11.2612 0.9
    endloop
  endfacet
  facet normal 0 0 1
    outer loop
      vertex -29.8092 12.1875 0.9
      vertex -29.7079 11.0297 0.9
      vertex -29.7079 11.9703 0.9
    endloop
  endfacet
  facet normal 0 0 1
    outer loop
      vertex -29.8092 12.1875 0.9
      vertex -29.8092 10.8125 0.9
      vertex -29.7079 11.0297 0.9
    endloop
  endfacet
  facet normal 0 0 1
    outer loop
      vertex -29.9467 12.3838 0.9
      vertex -29.8092 10.8125 0.9
      vertex -29.8092 12.1875 0.9
    endloop
  endfacet
  facet normal 0 0 1
    outer loop
      vertex -29.9467 12.3838 0.9
      vertex -29.9467 10.6162 0.9
      vertex -29.8092 10.8125 0.9
    endloop
  endfacet
  facet normal 0 0 1
    outer loop
      vertex -30.1162 12.5533 0.9
      vertex -29.9467 10.6162 0.9
      vertex -29.9467 12.3838 0.9
    endloop
  endfacet
  facet normal 0 0 1
    outer loop
      vertex -30.1162 12.5533 0.9
      vertex -30.1162 10.4467 0.9
      vertex -29.9467 10.6162 0.9
    endloop
  endfacet
  facet normal 0 0 1
    outer loop
      vertex -30.3125 12.6908 0.9
      vertex -30.1162 10.4467 0.9
      vertex -30.1162 12.5533 0.9
    endloop
  endfacet
  facet normal 0 0 1
    outer loop
      vertex -30.3125 12.6908 0.9
      vertex -30.3125 10.3092 0.9
      vertex -30.1162 10.4467 0.9
    endloop
  endfacet
  facet normal 0 0 1
    outer loop
      vertex -30.5297 12.7921 0.9
      vertex -30.3125 10.3092 0.9
      vertex -30.3125 12.6908 0.9
    endloop
  endfacet
  facet normal 0 0 1
    outer loop
      vertex -30.5297 12.7921 0.9
      vertex -30.5297 10.2079 0.9
      vertex -30.3125 10.3092 0.9
    endloop
  endfacet
  facet normal 0 0 1
    outer loop
      vertex -30.7612 12.8541 0.9
      vertex -30.5297 10.2079 0.9
      vertex -30.5297 12.7921 0.9
    endloop
  endfacet
  facet normal 0 0 1
    outer loop
      vertex -30.7612 12.8541 0.9
      vertex -30.7612 10.1459 0.9
      vertex -30.5297 10.2079 0.9
    endloop
  endfacet
  facet normal 0 0 1
    outer loop
      vertex -31 12.875 0.9
      vertex -30.7612 10.1459 0.9
      vertex -30.7612 12.8541 0.9
    endloop
  endfacet
  facet normal 0 0 1
    outer loop
      vertex -31 12.875 0.9
      vertex -31 10.125 0.9
      vertex -30.7612 10.1459 0.9
    endloop
  endfacet
  facet normal -0 0 1
    outer loop
      vertex -31.2388 12.8541 0.9
      vertex -31 10.125 0.9
      vertex -31 12.875 0.9
    endloop
  endfacet
  facet normal 0 0 1
    outer loop
      vertex -31.2388 12.8541 0.9
      vertex -31.2388 10.1459 0.9
      vertex -31 10.125 0.9
    endloop
  endfacet
  facet normal -0 0 1
    outer loop
      vertex -31.4703 12.7921 0.9
      vertex -31.2388 10.1459 0.9
      vertex -31.2388 12.8541 0.9
    endloop
  endfacet
  facet normal 0 0 1
    outer loop
      vertex -31.4703 12.7921 0.9
      vertex -31.4703 10.2079 0.9
      vertex -31.2388 10.1459 0.9
    endloop
  endfacet
  facet normal -0 0 1
    outer loop
      vertex -31.6875 12.6908 0.9
      vertex -31.4703 10.2079 0.9
      vertex -31.4703 12.7921 0.9
    endloop
  endfacet
  facet normal 0 0 1
    outer loop
      vertex -31.6875 12.6908 0.9
      vertex -31.6875 10.3092 0.9
      vertex -31.4703 10.2079 0.9
    endloop
  endfacet
  facet normal -0 0 1
    outer loop
      vertex -31.8838 12.5533 0.9
      vertex -31.6875 10.3092 0.9
      vertex -31.6875 12.6908 0.9
    endloop
  endfacet
  facet normal 0 0 1
    outer loop
      vertex -31.8838 12.5533 0.9
      vertex -31.8838 10.4467 0.9
      vertex -31.6875 10.3092 0.9
    endloop
  endfacet
  facet normal -0 0 1
    outer loop
      vertex -32.0533 12.3838 0.9
      vertex -31.8838 10.4467 0.9
      vertex -31.8838 12.5533 0.9
    endloop
  endfacet
  facet normal 0 0 1
    outer loop
      vertex -32.0533 12.3838 0.9
      vertex -32.0533 10.6162 0.9
      vertex -31.8838 10.4467 0.9
    endloop
  endfacet
  facet normal -0 0 1
    outer loop
      vertex -32.1908 12.1875 0.9
      vertex -32.0533 10.6162 0.9
      vertex -32.0533 12.3838 0.9
    endloop
  endfacet
  facet normal 0 0 1
    outer loop
      vertex -32.1908 12.1875 0.9
      vertex -32.1908 10.8125 0.9
      vertex -32.0533 10.6162 0.9
    endloop
  endfacet
  facet normal -0 0 1
    outer loop
      vertex -32.2921 11.9703 0.9
      vertex -32.1908 10.8125 0.9
      vertex -32.1908 12.1875 0.9
    endloop
  endfacet
  facet normal 0 0 1
    outer loop
      vertex -32.2921 11.9703 0.9
      vertex -32.2921 11.0297 0.9
      vertex -32.1908 10.8125 0.9
    endloop
  endfacet
  facet normal -0 0 1
    outer loop
      vertex -32.3541 11.7388 0.9
      vertex -32.2921 11.0297 0.9
      vertex -32.2921 11.9703 0.9
    endloop
  endfacet
  facet normal 0 0 1
    outer loop
      vertex -32.3541 11.7388 0.9
      vertex -32.3541 11.2612 0.9
      vertex -32.2921 11.0297 0.9
    endloop
  endfacet
  facet normal 0 -0 1
    outer loop
      vertex -32.3541 11.2612 0.9
      vertex -32.3541 11.7388 0.9
      vertex -32.375 11.5 0.9
    endloop
  endfacet
  facet normal 0 0 1
    outer loop
      vertex 28.3541 -11.2612 0.9
      vertex 28.3541 -11.7388 0.9
      vertex 28.375 -11.5 0.9
    endloop
  endfacet
  facet normal 0 0 1
    outer loop
      vertex 28.2921 -11.0297 0.9
      vertex 28.3541 -11.7388 0.9
      vertex 28.3541 -11.2612 0.9
    endloop
  endfacet
  facet normal 0 0 1
    outer loop
      vertex 28.2921 -11.0297 0.9
      vertex 28.2921 -11.9703 0.9
      vertex 28.3541 -11.7388 0.9
    endloop
  endfacet
  facet normal 0 0 1
    outer loop
      vertex 28.1908 -10.8125 0.9
      vertex 28.2921 -11.9703 0.9
      vertex 28.2921 -11.0297 0.9
    endloop
  endfacet
  facet normal 0 0 1
    outer loop
      vertex 28.1908 -10.8125 0.9
      vertex 28.1908 -12.1875 0.9
      vertex 28.2921 -11.9703 0.9
    endloop
  endfacet
  facet normal 0 0 1
    outer loop
      vertex 28.0533 -10.6162 0.9
      vertex 28.1908 -12.1875 0.9
      vertex 28.1908 -10.8125 0.9
    endloop
  endfacet
  facet normal 0 0 1
    outer loop
      vertex 28.0533 -10.6162 0.9
      vertex 28.0533 -12.3838 0.9
      vertex 28.1908 -12.1875 0.9
    endloop
  endfacet
  facet normal 0 0 1
    outer loop
      vertex 27.8838 -10.4467 0.9
      vertex 28.0533 -12.3838 0.9
      vertex 28.0533 -10.6162 0.9
    endloop
  endfacet
  facet normal 0 0 1
    outer loop
      vertex 27.8838 -10.4467 0.9
      vertex 27.8838 -12.5533 0.9
      vertex 28.0533 -12.3838 0.9
    endloop
  endfacet
  facet normal 0 0 1
    outer loop
      vertex 27.6875 -10.3092 0.9
      vertex 27.8838 -12.5533 0.9
      vertex 27.8838 -10.4467 0.9
    endloop
  endfacet
  facet normal 0 0 1
    outer loop
      vertex 27.6875 -10.3092 0.9
      vertex 27.6875 -12.6908 0.9
      vertex 27.8838 -12.5533 0.9
    endloop
  endfacet
  facet normal 0 0 1
    outer loop
      vertex 27.4703 -10.2079 0.9
      vertex 27.6875 -12.6908 0.9
      vertex 27.6875 -10.3092 0.9
    endloop
  endfacet
  facet normal 0 0 1
    outer loop
      vertex 27.4703 -10.2079 0.9
      vertex 27.4703 -12.7921 0.9
      vertex 27.6875 -12.6908 0.9
    endloop
  endfacet
  facet normal 0 0 1
    outer loop
      vertex 27.2388 -10.1459 0.9
      vertex 27.4703 -12.7921 0.9
      vertex 27.4703 -10.2079 0.9
    endloop
  endfacet
  facet normal 0 0 1
    outer loop
      vertex 27.2388 -10.1459 0.9
      vertex 27.2388 -12.8541 0.9
      vertex 27.4703 -12.7921 0.9
    endloop
  endfacet
  facet normal 0 0 1
    outer loop
      vertex 27 -10.125 0.9
      vertex 27.2388 -12.8541 0.9
      vertex 27.2388 -10.1459 0.9
    endloop
  endfacet
  facet normal 0 0 1
    outer loop
      vertex 27 -10.125 0.9
      vertex 27 -12.875 0.9
      vertex 27.2388 -12.8541 0.9
    endloop
  endfacet
  facet normal -0 0 1
    outer loop
      vertex 26.7612 -10.1459 0.9
      vertex 27 -12.875 0.9
      vertex 27 -10.125 0.9
    endloop
  endfacet
  facet normal 0 0 1
    outer loop
      vertex 26.7612 -10.1459 0.9
      vertex 26.7612 -12.8541 0.9
      vertex 27 -12.875 0.9
    endloop
  endfacet
  facet normal -0 0 1
    outer loop
      vertex 26.5297 -10.2079 0.9
      vertex 26.7612 -12.8541 0.9
      vertex 26.7612 -10.1459 0.9
    endloop
  endfacet
  facet normal 0 0 1
    outer loop
      vertex 26.5297 -10.2079 0.9
      vertex 26.5297 -12.7921 0.9
      vertex 26.7612 -12.8541 0.9
    endloop
  endfacet
  facet normal -0 0 1
    outer loop
      vertex 26.3125 -10.3092 0.9
      vertex 26.5297 -12.7921 0.9
      vertex 26.5297 -10.2079 0.9
    endloop
  endfacet
  facet normal 0 0 1
    outer loop
      vertex 26.3125 -10.3092 0.9
      vertex 26.3125 -12.6908 0.9
      vertex 26.5297 -12.7921 0.9
    endloop
  endfacet
  facet normal -0 0 1
    outer loop
      vertex 26.1162 -10.4467 0.9
      vertex 26.3125 -12.6908 0.9
      vertex 26.3125 -10.3092 0.9
    endloop
  endfacet
  facet normal 0 0 1
    outer loop
      vertex 26.1162 -10.4467 0.9
      vertex 26.1162 -12.5533 0.9
      vertex 26.3125 -12.6908 0.9
    endloop
  endfacet
  facet normal -0 0 1
    outer loop
      vertex 25.9467 -10.6162 0.9
      vertex 26.1162 -12.5533 0.9
      vertex 26.1162 -10.4467 0.9
    endloop
  endfacet
  facet normal 0 0 1
    outer loop
      vertex 25.9467 -10.6162 0.9
      vertex 25.9467 -12.3838 0.9
      vertex 26.1162 -12.5533 0.9
    endloop
  endfacet
  facet normal -0 0 1
    outer loop
      vertex 25.8092 -10.8125 0.9
      vertex 25.9467 -12.3838 0.9
      vertex 25.9467 -10.6162 0.9
    endloop
  endfacet
  facet normal 0 0 1
    outer loop
      vertex 25.8092 -10.8125 0.9
      vertex 25.8092 -12.1875 0.9
      vertex 25.9467 -12.3838 0.9
    endloop
  endfacet
  facet normal -0 0 1
    outer loop
      vertex 25.7079 -11.0297 0.9
      vertex 25.8092 -12.1875 0.9
      vertex 25.8092 -10.8125 0.9
    endloop
  endfacet
  facet normal 0 0 1
    outer loop
      vertex 25.7079 -11.0297 0.9
      vertex 25.7079 -11.9703 0.9
      vertex 25.8092 -12.1875 0.9
    endloop
  endfacet
  facet normal -0 0 1
    outer loop
      vertex 25.6459 -11.2612 0.9
      vertex 25.7079 -11.9703 0.9
      vertex 25.7079 -11.0297 0.9
    endloop
  endfacet
  facet normal 0 0 1
    outer loop
      vertex 25.6459 -11.2612 0.9
      vertex 25.6459 -11.7388 0.9
      vertex 25.7079 -11.9703 0.9
    endloop
  endfacet
  facet normal 0 -0 1
    outer loop
      vertex 25.6459 -11.7388 0.9
      vertex 25.6459 -11.2612 0.9
      vertex 25.625 -11.5 0.9
    endloop
  endfacet
  facet normal 0 0 1
    outer loop
      vertex 28.3541 11.7388 0.9
      vertex 28.3541 11.2612 0.9
      vertex 28.375 11.5 0.9
    endloop
  endfacet
  facet normal 0 0 1
    outer loop
      vertex 28.2921 11.9703 0.9
      vertex 28.3541 11.2612 0.9
      vertex 28.3541 11.7388 0.9
    endloop
  endfacet
  facet normal 0 0 1
    outer loop
      vertex 28.2921 11.9703 0.9
      vertex 28.2921 11.0297 0.9
      vertex 28.3541 11.2612 0.9
    endloop
  endfacet
  facet normal 0 0 1
    outer loop
      vertex 28.1908 12.1875 0.9
      vertex 28.2921 11.0297 0.9
      vertex 28.2921 11.9703 0.9
    endloop
  endfacet
  facet normal 0 0 1
    outer loop
      vertex 28.1908 12.1875 0.9
      vertex 28.1908 10.8125 0.9
      vertex 28.2921 11.0297 0.9
    endloop
  endfacet
  facet normal 0 0 1
    outer loop
      vertex 28.0533 12.3838 0.9
      vertex 28.1908 10.8125 0.9
      vertex 28.1908 12.1875 0.9
    endloop
  endfacet
  facet normal 0 0 1
    outer loop
      vertex 28.0533 12.3838 0.9
      vertex 28.0533 10.6162 0.9
      vertex 28.1908 10.8125 0.9
    endloop
  endfacet
  facet normal 0 0 1
    outer loop
      vertex 27.8838 12.5533 0.9
      vertex 28.0533 10.6162 0.9
      vertex 28.0533 12.3838 0.9
    endloop
  endfacet
  facet normal 0 0 1
    outer loop
      vertex 27.8838 12.5533 0.9
      vertex 27.8838 10.4467 0.9
      vertex 28.0533 10.6162 0.9
    endloop
  endfacet
  facet normal 0 0 1
    outer loop
      vertex 27.6875 12.6908 0.9
      vertex 27.8838 10.4467 0.9
      vertex 27.8838 12.5533 0.9
    endloop
  endfacet
  facet normal 0 0 1
    outer loop
      vertex 27.6875 12.6908 0.9
      vertex 27.6875 10.3092 0.9
      vertex 27.8838 10.4467 0.9
    endloop
  endfacet
  facet normal 0 0 1
    outer loop
      vertex 27.4703 12.7921 0.9
      vertex 27.6875 10.3092 0.9
      vertex 27.6875 12.6908 0.9
    endloop
  endfacet
  facet normal 0 0 1
    outer loop
      vertex 27.4703 12.7921 0.9
      vertex 27.4703 10.2079 0.9
      vertex 27.6875 10.3092 0.9
    endloop
  endfacet
  facet normal 0 0 1
    outer loop
      vertex 27.2388 12.8541 0.9
      vertex 27.4703 10.2079 0.9
      vertex 27.4703 12.7921 0.9
    endloop
  endfacet
  facet normal 0 0 1
    outer loop
      vertex 27.2388 12.8541 0.9
      vertex 27.2388 10.1459 0.9
      vertex 27.4703 10.2079 0.9
    endloop
  endfacet
  facet normal 0 0 1
    outer loop
      vertex 27 12.875 0.9
      vertex 27.2388 10.1459 0.9
      vertex 27.2388 12.8541 0.9
    endloop
  endfacet
  facet normal 0 0 1
    outer loop
      vertex 27 12.875 0.9
      vertex 27 10.125 0.9
      vertex 27.2388 10.1459 0.9
    endloop
  endfacet
  facet normal -0 0 1
    outer loop
      vertex 26.7612 12.8541 0.9
      vertex 27 10.125 0.9
      vertex 27 12.875 0.9
    endloop
  endfacet
  facet normal 0 0 1
    outer loop
      vertex 26.7612 12.8541 0.9
      vertex 26.7612 10.1459 0.9
      vertex 27 10.125 0.9
    endloop
  endfacet
  facet normal -0 0 1
    outer loop
      vertex 26.5297 12.7921 0.9
      vertex 26.7612 10.1459 0.9
      vertex 26.7612 12.8541 0.9
    endloop
  endfacet
  facet normal 0 0 1
    outer loop
      vertex 26.5297 12.7921 0.9
      vertex 26.5297 10.2079 0.9
      vertex 26.7612 10.1459 0.9
    endloop
  endfacet
  facet normal -0 0 1
    outer loop
      vertex 26.3125 12.6908 0.9
      vertex 26.5297 10.2079 0.9
      vertex 26.5297 12.7921 0.9
    endloop
  endfacet
  facet normal 0 0 1
    outer loop
      vertex 26.3125 12.6908 0.9
      vertex 26.3125 10.3092 0.9
      vertex 26.5297 10.2079 0.9
    endloop
  endfacet
  facet normal -0 0 1
    outer loop
      vertex 26.1162 12.5533 0.9
      vertex 26.3125 10.3092 0.9
      vertex 26.3125 12.6908 0.9
    endloop
  endfacet
  facet normal 0 0 1
    outer loop
      vertex 26.1162 12.5533 0.9
      vertex 26.1162 10.4467 0.9
      vertex 26.3125 10.3092 0.9
    endloop
  endfacet
  facet normal -0 0 1
    outer loop
      vertex 25.9467 12.3838 0.9
      vertex 26.1162 10.4467 0.9
      vertex 26.1162 12.5533 0.9
    endloop
  endfacet
  facet normal 0 0 1
    outer loop
      vertex 25.9467 12.3838 0.9
      vertex 25.9467 10.6162 0.9
      vertex 26.1162 10.4467 0.9
    endloop
  endfacet
  facet normal -0 0 1
    outer loop
      vertex 25.8092 12.1875 0.9
      vertex 25.9467 10.6162 0.9
      vertex 25.9467 12.3838 0.9
    endloop
  endfacet
  facet normal 0 0 1
    outer loop
      vertex 25.8092 12.1875 0.9
      vertex 25.8092 10.8125 0.9
      vertex 25.9467 10.6162 0.9
    endloop
  endfacet
  facet normal -0 0 1
    outer loop
      vertex 25.7079 11.9703 0.9
      vertex 25.8092 10.8125 0.9
      vertex 25.8092 12.1875 0.9
    endloop
  endfacet
  facet normal 0 0 1
    outer loop
      vertex 25.7079 11.9703 0.9
      vertex 25.7079 11.0297 0.9
      vertex 25.8092 10.8125 0.9
    endloop
  endfacet
  facet normal -0 0 1
    outer loop
      vertex 25.6459 11.7388 0.9
      vertex 25.7079 11.0297 0.9
      vertex 25.7079 11.9703 0.9
    endloop
  endfacet
  facet normal 0 0 1
    outer loop
      vertex 25.6459 11.7388 0.9
      vertex 25.6459 11.2612 0.9
      vertex 25.7079 11.0297 0.9
    endloop
  endfacet
  facet normal 0 -0 1
    outer loop
      vertex 25.6459 11.2612 0.9
      vertex 25.6459 11.7388 0.9
      vertex 25.625 11.5 0.9
    endloop
  endfacet
  facet normal -0.99619 0.0872073 -9.86795e-19
    outer loop
      vertex -42 16 -0.9
      vertex -41.9544 16.5209 0.9
      vertex -41.9544 16.5209 -0.9
    endloop
  endfacet
  facet normal -0.99619 0.0872073 -9.86795e-19
    outer loop
      vertex -41.9544 16.5209 0.9
      vertex -42 16 -0.9
      vertex -42 16 0.9
    endloop
  endfacet
  facet normal 0.0872073 -0.99619 0
    outer loop
      vertex 39 -19 -0.9
      vertex 39.5209 -18.9544 0.9
      vertex 39 -19 0.9
    endloop
  endfacet
  facet normal 0.0872073 -0.99619 0
    outer loop
      vertex 39.5209 -18.9544 0.9
      vertex 39 -19 -0.9
      vertex 39.5209 -18.9544 -0.9
    endloop
  endfacet
  facet normal -0.0872073 -0.99619 0
    outer loop
      vertex -39.5209 -18.9544 -0.9
      vertex -39 -19 0.9
      vertex -39.5209 -18.9544 0.9
    endloop
  endfacet
  facet normal -0.0872073 -0.99619 -0
    outer loop
      vertex -39 -19 0.9
      vertex -39.5209 -18.9544 -0.9
      vertex -39 -19 -0.9
    endloop
  endfacet
  facet normal 0.422645 0.906295 -0
    outer loop
      vertex 40.5 18.5981 -0.9
      vertex 40.0261 18.8191 0.9
      vertex 40.5 18.5981 0.9
    endloop
  endfacet
  facet normal 0.422645 0.906295 0
    outer loop
      vertex 40.0261 18.8191 0.9
      vertex 40.5 18.5981 -0.9
      vertex 40.0261 18.8191 -0.9
    endloop
  endfacet
  facet normal -0.422645 0.906295 0
    outer loop
      vertex -40.0261 18.8191 -0.9
      vertex -40.5 18.5981 0.9
      vertex -40.0261 18.8191 0.9
    endloop
  endfacet
  facet normal -0.422645 0.906295 0
    outer loop
      vertex -40.5 18.5981 0.9
      vertex -40.0261 18.8191 -0.9
      vertex -40.5 18.5981 -0.9
    endloop
  endfacet
  facet normal -1 0 0
    outer loop
      vertex -42 9 -0.9
      vertex -42 16 0.9
      vertex -42 16 -0.9
    endloop
  endfacet
  facet normal -1 -0 0
    outer loop
      vertex -42 16 0.9
      vertex -42 9 -0.9
      vertex -42 9 0.9
    endloop
  endfacet
  facet normal -1 0 0
    outer loop
      vertex -42 -16 -0.9
      vertex -42 -9 0.9
      vertex -42 -9 -0.9
    endloop
  endfacet
  facet normal -1 -0 0
    outer loop
      vertex -42 -9 0.9
      vertex -42 -16 -0.9
      vertex -42 -16 0.9
    endloop
  endfacet
  facet normal -0.819124 0.573616 -5.83064e-18
    outer loop
      vertex -41.5981 17.5 -0.9
      vertex -41.2981 17.9284 0.9
      vertex -41.2981 17.9284 -0.9
    endloop
  endfacet
  facet normal -0.819124 0.573616 -5.83064e-18
    outer loop
      vertex -41.2981 17.9284 0.9
      vertex -41.5981 17.5 -0.9
      vertex -41.5981 17.5 0.9
    endloop
  endfacet
  facet normal -0.422645 -0.906295 0
    outer loop
      vertex -40.5 -18.5981 -0.9
      vertex -40.0261 -18.8191 0.9
      vertex -40.5 -18.5981 0.9
    endloop
  endfacet
  facet normal -0.422645 -0.906295 -0
    outer loop
      vertex -40.0261 -18.8191 0.9
      vertex -40.5 -18.5981 -0.9
      vertex -40.0261 -18.8191 -0.9
    endloop
  endfacet
  facet normal -0.906295 -0.422645 -4.02882e-18
    outer loop
      vertex -41.5981 -17.5 -0.9
      vertex -41.8191 -17.0261 0.9
      vertex -41.8191 -17.0261 -0.9
    endloop
  endfacet
  facet normal -0.906295 -0.422645 -4.02882e-18
    outer loop
      vertex -41.8191 -17.0261 0.9
      vertex -41.5981 -17.5 -0.9
      vertex -41.5981 -17.5 0.9
    endloop
  endfacet
  facet normal 0.906295 -0.422645 4.02882e-18
    outer loop
      vertex 41.5981 -17.5 0.9
      vertex 41.8191 -17.0261 -0.9
      vertex 41.8191 -17.0261 0.9
    endloop
  endfacet
  facet normal 0.906295 -0.422645 4.02882e-18
    outer loop
      vertex 41.8191 -17.0261 -0.9
      vertex 41.5981 -17.5 0.9
      vertex 41.5981 -17.5 -0.9
    endloop
  endfacet
  facet normal 0 1 -0
    outer loop
      vertex 39 19 -0.9
      vertex -39 19 0.9
      vertex 39 19 0.9
    endloop
  endfacet
  facet normal 0 1 0
    outer loop
      vertex -39 19 0.9
      vertex 39 19 -0.9
      vertex -39 19 -0.9
    endloop
  endfacet
  facet normal 1 -0 0
    outer loop
      vertex 42 -16 0.9
      vertex 42 16 -0.9
      vertex 42 16 0.9
    endloop
  endfacet
  facet normal 1 0 0
    outer loop
      vertex 42 16 -0.9
      vertex 42 -16 0.9
      vertex 42 -16 -0.9
    endloop
  endfacet
  facet normal -0.258698 -0.965958 0
    outer loop
      vertex -40.0261 -18.8191 -0.9
      vertex -39.5209 -18.9544 0.9
      vertex -40.0261 -18.8191 0.9
    endloop
  endfacet
  facet normal -0.258698 -0.965958 -0
    outer loop
      vertex -39.5209 -18.9544 0.9
      vertex -40.0261 -18.8191 -0.9
      vertex -39.5209 -18.9544 -0.9
    endloop
  endfacet
  facet normal 0.258698 -0.965958 0
    outer loop
      vertex 39.5209 -18.9544 -0.9
      vertex 40.0261 -18.8191 0.9
      vertex 39.5209 -18.9544 0.9
    endloop
  endfacet
  facet normal 0.258698 -0.965958 0
    outer loop
      vertex 40.0261 -18.8191 0.9
      vertex 39.5209 -18.9544 -0.9
      vertex 40.0261 -18.8191 -0.9
    endloop
  endfacet
  facet normal -0.819124 -0.573616 5.83064e-18
    outer loop
      vertex -41.2981 -17.9284 -0.9
      vertex -41.5981 -17.5 0.9
      vertex -41.5981 -17.5 -0.9
    endloop
  endfacet
  facet normal -0.819124 -0.573616 5.83064e-18
    outer loop
      vertex -41.5981 -17.5 0.9
      vertex -41.2981 -17.9284 -0.9
      vertex -41.2981 -17.9284 0.9
    endloop
  endfacet
  facet normal 0.906295 0.422645 -4.02882e-18
    outer loop
      vertex 41.8191 17.0261 0.9
      vertex 41.5981 17.5 -0.9
      vertex 41.5981 17.5 0.9
    endloop
  endfacet
  facet normal 0.906295 0.422645 -4.02882e-18
    outer loop
      vertex 41.5981 17.5 -0.9
      vertex 41.8191 17.0261 0.9
      vertex 41.8191 17.0261 -0.9
    endloop
  endfacet
  facet normal 0.573616 0.819124 -0
    outer loop
      vertex 40.9284 18.2981 -0.9
      vertex 40.5 18.5981 0.9
      vertex 40.9284 18.2981 0.9
    endloop
  endfacet
  facet normal 0.573616 0.819124 0
    outer loop
      vertex 40.5 18.5981 0.9
      vertex 40.9284 18.2981 -0.9
      vertex 40.5 18.5981 -0.9
    endloop
  endfacet
  facet normal -0.573616 -0.819124 0
    outer loop
      vertex -40.9284 -18.2981 -0.9
      vertex -40.5 -18.5981 0.9
      vertex -40.9284 -18.2981 0.9
    endloop
  endfacet
  facet normal -0.573616 -0.819124 -0
    outer loop
      vertex -40.5 -18.5981 0.9
      vertex -40.9284 -18.2981 -0.9
      vertex -40.5 -18.5981 -0.9
    endloop
  endfacet
  facet normal 0.707107 -0.707107 0
    outer loop
      vertex 40.9284 -18.2981 -0.9
      vertex 41.2981 -17.9284 0.9
      vertex 40.9284 -18.2981 0.9
    endloop
  endfacet
  facet normal 0.707107 -0.707107 0
    outer loop
      vertex 41.2981 -17.9284 0.9
      vertex 40.9284 -18.2981 -0.9
      vertex 41.2981 -17.9284 -0.9
    endloop
  endfacet
  facet normal 0.965958 -0.258698 -5.01584e-18
    outer loop
      vertex 41.8191 -17.0261 0.9
      vertex 41.9544 -16.5209 -0.9
      vertex 41.9544 -16.5209 0.9
    endloop
  endfacet
  facet normal 0.965958 -0.258698 -5.01584e-18
    outer loop
      vertex 41.9544 -16.5209 -0.9
      vertex 41.8191 -17.0261 0.9
      vertex 41.8191 -17.0261 -0.9
    endloop
  endfacet
  facet normal 0.707107 0.707107 -0
    outer loop
      vertex 41.2981 17.9284 -0.9
      vertex 40.9284 18.2981 0.9
      vertex 41.2981 17.9284 0.9
    endloop
  endfacet
  facet normal 0.707107 0.707107 0
    outer loop
      vertex 40.9284 18.2981 0.9
      vertex 41.2981 17.9284 -0.9
      vertex 40.9284 18.2981 -0.9
    endloop
  endfacet
  facet normal -0.707107 -0.707107 0
    outer loop
      vertex -41.2981 -17.9284 -0.9
      vertex -40.9284 -18.2981 0.9
      vertex -41.2981 -17.9284 0.9
    endloop
  endfacet
  facet normal -0.707107 -0.707107 -0
    outer loop
      vertex -40.9284 -18.2981 0.9
      vertex -41.2981 -17.9284 -0.9
      vertex -40.9284 -18.2981 -0.9
    endloop
  endfacet
  facet normal 0.422645 -0.906295 0
    outer loop
      vertex 40.0261 -18.8191 -0.9
      vertex 40.5 -18.5981 0.9
      vertex 40.0261 -18.8191 0.9
    endloop
  endfacet
  facet normal 0.422645 -0.906295 0
    outer loop
      vertex 40.5 -18.5981 0.9
      vertex 40.0261 -18.8191 -0.9
      vertex 40.5 -18.5981 -0.9
    endloop
  endfacet
  facet normal 0.819124 0.573616 5.83064e-18
    outer loop
      vertex 41.5981 17.5 0.9
      vertex 41.2981 17.9284 -0.9
      vertex 41.2981 17.9284 0.9
    endloop
  endfacet
  facet normal 0.819124 0.573616 5.83064e-18
    outer loop
      vertex 41.2981 17.9284 -0.9
      vertex 41.5981 17.5 0.9
      vertex 41.5981 17.5 -0.9
    endloop
  endfacet
  facet normal -0.0872073 0.99619 0
    outer loop
      vertex -39 19 -0.9
      vertex -39.5209 18.9544 0.9
      vertex -39 19 0.9
    endloop
  endfacet
  facet normal -0.0872073 0.99619 0
    outer loop
      vertex -39.5209 18.9544 0.9
      vertex -39 19 -0.9
      vertex -39.5209 18.9544 -0.9
    endloop
  endfacet
  facet normal -0.707107 0.707107 0
    outer loop
      vertex -40.9284 18.2981 -0.9
      vertex -41.2981 17.9284 0.9
      vertex -40.9284 18.2981 0.9
    endloop
  endfacet
  facet normal -0.707107 0.707107 0
    outer loop
      vertex -41.2981 17.9284 0.9
      vertex -40.9284 18.2981 -0.9
      vertex -41.2981 17.9284 -0.9
    endloop
  endfacet
  facet normal 0.965958 0.258698 5.01584e-18
    outer loop
      vertex 41.9544 16.5209 0.9
      vertex 41.8191 17.0261 -0.9
      vertex 41.8191 17.0261 0.9
    endloop
  endfacet
  facet normal 0.965958 0.258698 5.01584e-18
    outer loop
      vertex 41.8191 17.0261 -0.9
      vertex 41.9544 16.5209 0.9
      vertex 41.9544 16.5209 -0.9
    endloop
  endfacet
  facet normal 0.0872073 0.99619 -0
    outer loop
      vertex 39.5209 18.9544 -0.9
      vertex 39 19 0.9
      vertex 39.5209 18.9544 0.9
    endloop
  endfacet
  facet normal 0.0872073 0.99619 0
    outer loop
      vertex 39 19 0.9
      vertex 39.5209 18.9544 -0.9
      vertex 39 19 -0.9
    endloop
  endfacet
  facet normal -0.965958 0.258698 -5.01584e-18
    outer loop
      vertex -41.9544 16.5209 -0.9
      vertex -41.8191 17.0261 0.9
      vertex -41.8191 17.0261 -0.9
    endloop
  endfacet
  facet normal -0.965958 0.258698 -5.01584e-18
    outer loop
      vertex -41.8191 17.0261 0.9
      vertex -41.9544 16.5209 -0.9
      vertex -41.9544 16.5209 0.9
    endloop
  endfacet
  facet normal 0.99619 -0.0872073 -9.86795e-19
    outer loop
      vertex 41.9544 -16.5209 0.9
      vertex 42 -16 -0.9
      vertex 42 -16 0.9
    endloop
  endfacet
  facet normal 0.99619 -0.0872073 -9.86795e-19
    outer loop
      vertex 42 -16 -0.9
      vertex 41.9544 -16.5209 0.9
      vertex 41.9544 -16.5209 -0.9
    endloop
  endfacet
  facet normal -0.573616 0.819124 0
    outer loop
      vertex -40.5 18.5981 -0.9
      vertex -40.9284 18.2981 0.9
      vertex -40.5 18.5981 0.9
    endloop
  endfacet
  facet normal -0.573616 0.819124 0
    outer loop
      vertex -40.9284 18.2981 0.9
      vertex -40.5 18.5981 -0.9
      vertex -40.9284 18.2981 -0.9
    endloop
  endfacet
  facet normal -0.906295 0.422645 4.02882e-18
    outer loop
      vertex -41.8191 17.0261 -0.9
      vertex -41.5981 17.5 0.9
      vertex -41.5981 17.5 -0.9
    endloop
  endfacet
  facet normal -0.906295 0.422645 4.02882e-18
    outer loop
      vertex -41.5981 17.5 0.9
      vertex -41.8191 17.0261 -0.9
      vertex -41.8191 17.0261 0.9
    endloop
  endfacet
  facet normal -0.258698 0.965958 0
    outer loop
      vertex -39.5209 18.9544 -0.9
      vertex -40.0261 18.8191 0.9
      vertex -39.5209 18.9544 0.9
    endloop
  endfacet
  facet normal -0.258698 0.965958 0
    outer loop
      vertex -40.0261 18.8191 0.9
      vertex -39.5209 18.9544 -0.9
      vertex -40.0261 18.8191 -0.9
    endloop
  endfacet
  facet normal 0.573616 -0.819124 0
    outer loop
      vertex 40.5 -18.5981 -0.9
      vertex 40.9284 -18.2981 0.9
      vertex 40.5 -18.5981 0.9
    endloop
  endfacet
  facet normal 0.573616 -0.819124 0
    outer loop
      vertex 40.9284 -18.2981 0.9
      vertex 40.5 -18.5981 -0.9
      vertex 40.9284 -18.2981 -0.9
    endloop
  endfacet
  facet normal 0 0 -1
    outer loop
      vertex -54 -9 -0.9
      vertex -42 9 -0.9
      vertex -42 -9 -0.9
    endloop
  endfacet
  facet normal 0 0 -1
    outer loop
      vertex -54 -9 -0.9
      vertex -54 9 -0.9
      vertex -42 9 -0.9
    endloop
  endfacet
  facet normal 0 0 -1
    outer loop
      vertex -57 -6 -0.9
      vertex -54 -9 -0.9
      vertex -54.5209 -8.95442 -0.9
    endloop
  endfacet
  facet normal 0 0 -1
    outer loop
      vertex -54 -9 -0.9
      vertex -57 -6 -0.9
      vertex -54 9 -0.9
    endloop
  endfacet
  facet normal 0 0 -1
    outer loop
      vertex -57 -6 -0.9
      vertex -54.5209 -8.95442 -0.9
      vertex -55.0261 -8.81908 -0.9
    endloop
  endfacet
  facet normal 0 0 -1
    outer loop
      vertex -57 6 -0.9
      vertex -54 9 -0.9
      vertex -57 -6 -0.9
    endloop
  endfacet
  facet normal 0 0 -1
    outer loop
      vertex -57 -6 -0.9
      vertex -55.0261 -8.81908 -0.9
      vertex -55.5 -8.59808 -0.9
    endloop
  endfacet
  facet normal 0 0 -1
    outer loop
      vertex -54 9 -0.9
      vertex -57 6 -0.9
      vertex -54.5209 8.95442 -0.9
    endloop
  endfacet
  facet normal 0 0 -1
    outer loop
      vertex -57 -6 -0.9
      vertex -55.5 -8.59808 -0.9
      vertex -55.9284 -8.29813 -0.9
    endloop
  endfacet
  facet normal 0 0 -1
    outer loop
      vertex -54.5209 8.95442 -0.9
      vertex -57 6 -0.9
      vertex -55.0261 8.81908 -0.9
    endloop
  endfacet
  facet normal 0 0 -1
    outer loop
      vertex -57 -6 -0.9
      vertex -55.9284 -8.29813 -0.9
      vertex -56.2981 -7.92836 -0.9
    endloop
  endfacet
  facet normal 0 0 -1
    outer loop
      vertex -55.0261 8.81908 -0.9
      vertex -57 6 -0.9
      vertex -55.5 8.59808 -0.9
    endloop
  endfacet
  facet normal 0 0 -1
    outer loop
      vertex -57 -6 -0.9
      vertex -56.2981 -7.92836 -0.9
      vertex -56.5981 -7.5 -0.9
    endloop
  endfacet
  facet normal 0 0 -1
    outer loop
      vertex -55.5 8.59808 -0.9
      vertex -57 6 -0.9
      vertex -55.9284 8.29813 -0.9
    endloop
  endfacet
  facet normal 0 0 -1
    outer loop
      vertex -57 -6 -0.9
      vertex -56.5981 -7.5 -0.9
      vertex -56.8191 -7.02606 -0.9
    endloop
  endfacet
  facet normal 0 0 -1
    outer loop
      vertex -55.9284 8.29813 -0.9
      vertex -57 6 -0.9
      vertex -56.2981 7.92836 -0.9
    endloop
  endfacet
  facet normal 0 0 -1
    outer loop
      vertex -57 -6 -0.9
      vertex -56.8191 -7.02606 -0.9
      vertex -56.9544 -6.52094 -0.9
    endloop
  endfacet
  facet normal 0 0 -1
    outer loop
      vertex -56.2981 7.92836 -0.9
      vertex -57 6 -0.9
      vertex -56.5981 7.5 -0.9
    endloop
  endfacet
  facet normal 0 0 -1
    outer loop
      vertex -56.5981 7.5 -0.9
      vertex -57 6 -0.9
      vertex -56.8191 7.02606 -0.9
    endloop
  endfacet
  facet normal 0 0 -1
    outer loop
      vertex -56.8191 7.02606 -0.9
      vertex -57 6 -0.9
      vertex -56.9544 6.52094 -0.9
    endloop
  endfacet
  facet normal 0 0 -1
    outer loop
      vertex 39 -19 -0.9
      vertex 42 -16 -0.9
      vertex 41.9544 -16.5209 -0.9
    endloop
  endfacet
  facet normal 0 0 -1
    outer loop
      vertex 42 -16 -0.9
      vertex 36 -9 -0.9
      vertex 42 16 -0.9
    endloop
  endfacet
  facet normal 0 0 -1
    outer loop
      vertex 39 -19 -0.9
      vertex 41.9544 -16.5209 -0.9
      vertex 41.8191 -17.0261 -0.9
    endloop
  endfacet
  facet normal 0 0 -1
    outer loop
      vertex 36 9 -0.9
      vertex 42 16 -0.9
      vertex 36 -9 -0.9
    endloop
  endfacet
  facet normal 0 0 -1
    outer loop
      vertex 39 -19 -0.9
      vertex 41.8191 -17.0261 -0.9
      vertex 41.5981 -17.5 -0.9
    endloop
  endfacet
  facet normal 0 -0 -1
    outer loop
      vertex 39 19 -0.9
      vertex 42 16 -0.9
      vertex 36 9 -0.9
    endloop
  endfacet
  facet normal 0 0 -1
    outer loop
      vertex 39 -19 -0.9
      vertex 41.5981 -17.5 -0.9
      vertex 41.2981 -17.9284 -0.9
    endloop
  endfacet
  facet normal 0 0 -1
    outer loop
      vertex 42 16 -0.9
      vertex 39 19 -0.9
      vertex 41.9544 16.5209 -0.9
    endloop
  endfacet
  facet normal 0 0 -1
    outer loop
      vertex 39 -19 -0.9
      vertex 41.2981 -17.9284 -0.9
      vertex 40.9284 -18.2981 -0.9
    endloop
  endfacet
  facet normal 0 0 -1
    outer loop
      vertex 41.9544 16.5209 -0.9
      vertex 39 19 -0.9
      vertex 41.8191 17.0261 -0.9
    endloop
  endfacet
  facet normal 0 0 -1
    outer loop
      vertex 39 -19 -0.9
      vertex 40.9284 -18.2981 -0.9
      vertex 40.5 -18.5981 -0.9
    endloop
  endfacet
  facet normal 0 0 -1
    outer loop
      vertex 41.8191 17.0261 -0.9
      vertex 39 19 -0.9
      vertex 41.5981 17.5 -0.9
    endloop
  endfacet
  facet normal 0 0 -1
    outer loop
      vertex 39 -19 -0.9
      vertex 40.5 -18.5981 -0.9
      vertex 40.0261 -18.8191 -0.9
    endloop
  endfacet
  facet normal 0 0 -1
    outer loop
      vertex 41.5981 17.5 -0.9
      vertex 39 19 -0.9
      vertex 41.2981 17.9284 -0.9
    endloop
  endfacet
  facet normal 0 0 -1
    outer loop
      vertex 39 -19 -0.9
      vertex 40.0261 -18.8191 -0.9
      vertex 39.5209 -18.9544 -0.9
    endloop
  endfacet
  facet normal 0 0 -1
    outer loop
      vertex 41.2981 17.9284 -0.9
      vertex 39 19 -0.9
      vertex 40.9284 18.2981 -0.9
    endloop
  endfacet
  facet normal -0 0 -1
    outer loop
      vertex 42 -16 -0.9
      vertex 39 -19 -0.9
      vertex 36 -9 -0.9
    endloop
  endfacet
  facet normal 0 0 -1
    outer loop
      vertex 40.9284 18.2981 -0.9
      vertex 39 19 -0.9
      vertex 40.5 18.5981 -0.9
    endloop
  endfacet
  facet normal 0 0 -1
    outer loop
      vertex 40.5 18.5981 -0.9
      vertex 39 19 -0.9
      vertex 40.0261 18.8191 -0.9
    endloop
  endfacet
  facet normal 0 0 -1
    outer loop
      vertex 39 -19 -0.9
      vertex 32 -9 -0.9
      vertex 36 -9 -0.9
    endloop
  endfacet
  facet normal 0 0 -1
    outer loop
      vertex 9 -5 -0.9
      vertex 32 -9 -0.9
      vertex 9 -11 -0.9
    endloop
  endfacet
  facet normal 0 0 -1
    outer loop
      vertex 39 -19 -0.9
      vertex 9 -11 -0.9
      vertex 32 -9 -0.9
    endloop
  endfacet
  facet normal 0 0 -1
    outer loop
      vertex -6.31596 -13.8794 -0.9
      vertex 9 -11 -0.9
      vertex 39 -19 -0.9
    endloop
  endfacet
  facet normal -0 0 -1
    outer loop
      vertex -3 -11 -0.9
      vertex -5 -12 -0.9
      vertex -3 -5 -0.9
    endloop
  endfacet
  facet normal -0 0 -1
    outer loop
      vertex 9 -11 -0.9
      vertex -5.46791 -13.2856 -0.9
      vertex -3 -11 -0.9
    endloop
  endfacet
  facet normal 0 0 -1
    outer loop
      vertex -3 -11 -0.9
      vertex -5.03039 -12.3473 -0.9
      vertex -5 -12 -0.9
    endloop
  endfacet
  facet normal 0 0 -1
    outer loop
      vertex -3 -11 -0.9
      vertex -5.12062 -12.684 -0.9
      vertex -5.03039 -12.3473 -0.9
    endloop
  endfacet
  facet normal 0 0 -1
    outer loop
      vertex -3 -11 -0.9
      vertex -5.26795 -13 -0.9
      vertex -5.12062 -12.684 -0.9
    endloop
  endfacet
  facet normal 0 0 -1
    outer loop
      vertex -3 -11 -0.9
      vertex -5.46791 -13.2856 -0.9
      vertex -5.26795 -13 -0.9
    endloop
  endfacet
  facet normal 0 0 -1
    outer loop
      vertex 9 -11 -0.9
      vertex -5.71443 -13.5321 -0.9
      vertex -5.46791 -13.2856 -0.9
    endloop
  endfacet
  facet normal 0 0 -1
    outer loop
      vertex 9 -11 -0.9
      vertex -6 -13.732 -0.9
      vertex -5.71443 -13.5321 -0.9
    endloop
  endfacet
  facet normal 0 0 -1
    outer loop
      vertex 9 -11 -0.9
      vertex -6.31596 -13.8794 -0.9
      vertex -6 -13.732 -0.9
    endloop
  endfacet
  facet normal 0 0 -1
    outer loop
      vertex 39 -19 -0.9
      vertex -6.6527 -13.9696 -0.9
      vertex -6.31596 -13.8794 -0.9
    endloop
  endfacet
  facet normal 0 0 -1
    outer loop
      vertex 39 -19 -0.9
      vertex -7 -14 -0.9
      vertex -6.6527 -13.9696 -0.9
    endloop
  endfacet
  facet normal 0 0 -1
    outer loop
      vertex -39 -19 -0.9
      vertex -7 -14 -0.9
      vertex 39 -19 -0.9
    endloop
  endfacet
  facet normal -0 0 -1
    outer loop
      vertex -28.9696 -12.3473 -0.9
      vertex -42 -16 -0.9
      vertex -29 -12 -0.9
    endloop
  endfacet
  facet normal 0 0 -1
    outer loop
      vertex -42 -16 -0.9
      vertex -28.9696 -12.3473 -0.9
      vertex -39 -19 -0.9
    endloop
  endfacet
  facet normal -0 0 -1
    outer loop
      vertex -28.8794 -12.684 -0.9
      vertex -39 -19 -0.9
      vertex -28.9696 -12.3473 -0.9
    endloop
  endfacet
  facet normal -0 0 -1
    outer loop
      vertex -28.732 -13 -0.9
      vertex -39 -19 -0.9
      vertex -28.8794 -12.684 -0.9
    endloop
  endfacet
  facet normal -0 0 -1
    outer loop
      vertex -28.5321 -13.2856 -0.9
      vertex -39 -19 -0.9
      vertex -28.732 -13 -0.9
    endloop
  endfacet
  facet normal -0 0 -1
    outer loop
      vertex -28.2856 -13.5321 -0.9
      vertex -39 -19 -0.9
      vertex -28.5321 -13.2856 -0.9
    endloop
  endfacet
  facet normal -0 0 -1
    outer loop
      vertex -28 -13.732 -0.9
      vertex -39 -19 -0.9
      vertex -28.2856 -13.5321 -0.9
    endloop
  endfacet
  facet normal -0 0 -1
    outer loop
      vertex -27.684 -13.8794 -0.9
      vertex -39 -19 -0.9
      vertex -28 -13.732 -0.9
    endloop
  endfacet
  facet normal -0 0 -1
    outer loop
      vertex -27.3473 -13.9696 -0.9
      vertex -39 -19 -0.9
      vertex -27.684 -13.8794 -0.9
    endloop
  endfacet
  facet normal -0 0 -1
    outer loop
      vertex -27 -14 -0.9
      vertex -39 -19 -0.9
      vertex -27.3473 -13.9696 -0.9
    endloop
  endfacet
  facet normal -0 0 -1
    outer loop
      vertex -7 -14 -0.9
      vertex -39 -19 -0.9
      vertex -27 -14 -0.9
    endloop
  endfacet
  facet normal 0 0 -1
    outer loop
      vertex 40.0261 18.8191 -0.9
      vertex 39 19 -0.9
      vertex 39.5209 18.9544 -0.9
    endloop
  endfacet
  facet normal 0 0 -1
    outer loop
      vertex 32 9 -0.9
      vertex 39 19 -0.9
      vertex 36 9 -0.9
    endloop
  endfacet
  facet normal 0 0 -1
    outer loop
      vertex 32 -9 -0.9
      vertex 9 -5 -0.9
      vertex 32 9 -0.9
    endloop
  endfacet
  facet normal 0 0 -1
    outer loop
      vertex -6.31596 -2.12062 -0.9
      vertex 32 9 -0.9
      vertex 9 -5 -0.9
    endloop
  endfacet
  facet normal 0 0 -1
    outer loop
      vertex -5.46791 -2.71443 -0.9
      vertex 9 -5 -0.9
      vertex -3 -5 -0.9
    endloop
  endfacet
  facet normal 0 0 -1
    outer loop
      vertex -5 -4 -0.9
      vertex -3 -5 -0.9
      vertex -5 -12 -0.9
    endloop
  endfacet
  facet normal 0 0 -1
    outer loop
      vertex -5.03039 -3.6527 -0.9
      vertex -3 -5 -0.9
      vertex -5 -4 -0.9
    endloop
  endfacet
  facet normal 0 0 -1
    outer loop
      vertex -5.12062 -3.31596 -0.9
      vertex -3 -5 -0.9
      vertex -5.03039 -3.6527 -0.9
    endloop
  endfacet
  facet normal 0 0 -1
    outer loop
      vertex -5.26795 -3 -0.9
      vertex -3 -5 -0.9
      vertex -5.12062 -3.31596 -0.9
    endloop
  endfacet
  facet normal 0 0 -1
    outer loop
      vertex -5.46791 -2.71443 -0.9
      vertex -3 -5 -0.9
      vertex -5.26795 -3 -0.9
    endloop
  endfacet
  facet normal 0 0 -1
    outer loop
      vertex -5.71443 -2.46791 -0.9
      vertex 9 -5 -0.9
      vertex -5.46791 -2.71443 -0.9
    endloop
  endfacet
  facet normal 0 0 -1
    outer loop
      vertex -6 -2.26795 -0.9
      vertex 9 -5 -0.9
      vertex -5.71443 -2.46791 -0.9
    endloop
  endfacet
  facet normal 0 0 -1
    outer loop
      vertex -6.31596 -2.12062 -0.9
      vertex 9 -5 -0.9
      vertex -6 -2.26795 -0.9
    endloop
  endfacet
  facet normal 0 0 -1
    outer loop
      vertex -6.6527 -2.03039 -0.9
      vertex 32 9 -0.9
      vertex -6.31596 -2.12062 -0.9
    endloop
  endfacet
  facet normal -0 0 -1
    outer loop
      vertex 32 9 -0.9
      vertex -6.6527 -2.03039 -0.9
      vertex 39 19 -0.9
    endloop
  endfacet
  facet normal 0 0 -1
    outer loop
      vertex -39 19 -0.9
      vertex -6.6527 -2.03039 -0.9
      vertex -7 -2 -0.9
    endloop
  endfacet
  facet normal 0 0 -1
    outer loop
      vertex -39 19 -0.9
      vertex -7 -2 -0.9
      vertex -27 -2 -0.9
    endloop
  endfacet
  facet normal 0 0 -1
    outer loop
      vertex -39 19 -0.9
      vertex -27 -2 -0.9
      vertex -27.3473 -2.03039 -0.9
    endloop
  endfacet
  facet normal 0 0 -1
    outer loop
      vertex -42 9 -0.9
      vertex -27.3473 -2.03039 -0.9
      vertex -27.684 -2.12062 -0.9
    endloop
  endfacet
  facet normal 0 0 -1
    outer loop
      vertex -29 -12 -0.9
      vertex -42 -9 -0.9
      vertex -29 -4 -0.9
    endloop
  endfacet
  facet normal -0 0 -1
    outer loop
      vertex -29 -4 -0.9
      vertex -42 -9 -0.9
      vertex -28.9696 -3.6527 -0.9
    endloop
  endfacet
  facet normal -0 0 -1
    outer loop
      vertex -28.9696 -3.6527 -0.9
      vertex -42 -9 -0.9
      vertex -28.8794 -3.31596 -0.9
    endloop
  endfacet
  facet normal 0 0 -1
    outer loop
      vertex -6.6527 -2.03039 -0.9
      vertex -39 19 -0.9
      vertex 39 19 -0.9
    endloop
  endfacet
  facet normal 0 0 -1
    outer loop
      vertex -42 9 -0.9
      vertex -27.684 -2.12062 -0.9
      vertex -28 -2.26795 -0.9
    endloop
  endfacet
  facet normal 0 0 -1
    outer loop
      vertex -42 9 -0.9
      vertex -28 -2.26795 -0.9
      vertex -28.2856 -2.46791 -0.9
    endloop
  endfacet
  facet normal 0 0 -1
    outer loop
      vertex -42 9 -0.9
      vertex -28.2856 -2.46791 -0.9
      vertex -28.5321 -2.71443 -0.9
    endloop
  endfacet
  facet normal 0 0 -1
    outer loop
      vertex -42 9 -0.9
      vertex -28.5321 -2.71443 -0.9
      vertex -28.732 -3 -0.9
    endloop
  endfacet
  facet normal 0 0 -1
    outer loop
      vertex -42 9 -0.9
      vertex -28.8794 -3.31596 -0.9
      vertex -42 -9 -0.9
    endloop
  endfacet
  facet normal 0 0 -1
    outer loop
      vertex -42 -16 -0.9
      vertex -39 -19 -0.9
      vertex -39.5209 -18.9544 -0.9
    endloop
  endfacet
  facet normal 0 0 -1
    outer loop
      vertex -28.8794 -3.31596 -0.9
      vertex -42 9 -0.9
      vertex -28.732 -3 -0.9
    endloop
  endfacet
  facet normal 0 0 -1
    outer loop
      vertex -42 -16 -0.9
      vertex -39.5209 -18.9544 -0.9
      vertex -40.0261 -18.8191 -0.9
    endloop
  endfacet
  facet normal 0 0 -1
    outer loop
      vertex -27.3473 -2.03039 -0.9
      vertex -42 9 -0.9
      vertex -39 19 -0.9
    endloop
  endfacet
  facet normal 0 0 -1
    outer loop
      vertex -42 -16 -0.9
      vertex -40.0261 -18.8191 -0.9
      vertex -40.5 -18.5981 -0.9
    endloop
  endfacet
  facet normal 0 0 -1
    outer loop
      vertex -42 16 -0.9
      vertex -39 19 -0.9
      vertex -42 9 -0.9
    endloop
  endfacet
  facet normal 0 0 -1
    outer loop
      vertex -42 -16 -0.9
      vertex -40.5 -18.5981 -0.9
      vertex -40.9284 -18.2981 -0.9
    endloop
  endfacet
  facet normal 0 0 -1
    outer loop
      vertex -39 19 -0.9
      vertex -42 16 -0.9
      vertex -39.5209 18.9544 -0.9
    endloop
  endfacet
  facet normal 0 0 -1
    outer loop
      vertex -42 -16 -0.9
      vertex -40.9284 -18.2981 -0.9
      vertex -41.2981 -17.9284 -0.9
    endloop
  endfacet
  facet normal 0 0 -1
    outer loop
      vertex -39.5209 18.9544 -0.9
      vertex -42 16 -0.9
      vertex -40.0261 18.8191 -0.9
    endloop
  endfacet
  facet normal 0 0 -1
    outer loop
      vertex -42 -16 -0.9
      vertex -41.2981 -17.9284 -0.9
      vertex -41.5981 -17.5 -0.9
    endloop
  endfacet
  facet normal 0 0 -1
    outer loop
      vertex -40.0261 18.8191 -0.9
      vertex -42 16 -0.9
      vertex -40.5 18.5981 -0.9
    endloop
  endfacet
  facet normal 0 0 -1
    outer loop
      vertex -42 -16 -0.9
      vertex -41.5981 -17.5 -0.9
      vertex -41.8191 -17.0261 -0.9
    endloop
  endfacet
  facet normal 0 0 -1
    outer loop
      vertex -40.5 18.5981 -0.9
      vertex -42 16 -0.9
      vertex -40.9284 18.2981 -0.9
    endloop
  endfacet
  facet normal 0 0 -1
    outer loop
      vertex -42 -16 -0.9
      vertex -41.8191 -17.0261 -0.9
      vertex -41.9544 -16.5209 -0.9
    endloop
  endfacet
  facet normal 0 0 -1
    outer loop
      vertex -40.9284 18.2981 -0.9
      vertex -42 16 -0.9
      vertex -41.2981 17.9284 -0.9
    endloop
  endfacet
  facet normal -0 0 -1
    outer loop
      vertex -29 -12 -0.9
      vertex -42 -16 -0.9
      vertex -42 -9 -0.9
    endloop
  endfacet
  facet normal 0 0 -1
    outer loop
      vertex -41.2981 17.9284 -0.9
      vertex -42 16 -0.9
      vertex -41.5981 17.5 -0.9
    endloop
  endfacet
  facet normal 0 0 -1
    outer loop
      vertex -41.5981 17.5 -0.9
      vertex -42 16 -0.9
      vertex -41.8191 17.0261 -0.9
    endloop
  endfacet
  facet normal 0 0 -1
    outer loop
      vertex -41.8191 17.0261 -0.9
      vertex -42 16 -0.9
      vertex -41.9544 16.5209 -0.9
    endloop
  endfacet
  facet normal -0.965958 -0.258698 5.01584e-18
    outer loop
      vertex -41.8191 -17.0261 -0.9
      vertex -41.9544 -16.5209 0.9
      vertex -41.9544 -16.5209 -0.9
    endloop
  endfacet
  facet normal -0.965958 -0.258698 5.01584e-18
    outer loop
      vertex -41.9544 -16.5209 0.9
      vertex -41.8191 -17.0261 -0.9
      vertex -41.8191 -17.0261 0.9
    endloop
  endfacet
  facet normal -0.0871693 0.996194 0
    outer loop
      vertex -56 8 19.4
      vertex -56.5209 7.95442 22.4
      vertex -56 8 22.4
    endloop
  endfacet
  facet normal -0.0871693 0.996194 0
    outer loop
      vertex -56.5209 7.95442 22.4
      vertex -56 8 19.4
      vertex -56.5209 7.95442 19.4
    endloop
  endfacet
  facet normal 0 1 -0
    outer loop
      vertex -48 8 19.4
      vertex -56 8 22.4
      vertex -48 8 22.4
    endloop
  endfacet
  facet normal 0 1 0
    outer loop
      vertex -56 8 22.4
      vertex -48 8 19.4
      vertex -56 8 19.4
    endloop
  endfacet
  facet normal 0.819099 -0.573652 7.0074e-18
    outer loop
      vertex -45.7019 -6.92836 22.4
      vertex -45.4019 -6.5 19.4
      vertex -45.4019 -6.5 22.4
    endloop
  endfacet
  facet normal 0.819099 -0.573652 7.0074e-18
    outer loop
      vertex -45.4019 -6.5 19.4
      vertex -45.7019 -6.92836 22.4
      vertex -45.7019 -6.92836 19.4
    endloop
  endfacet
  facet normal -0.965948 -0.258736 -2.93312e-18
    outer loop
      vertex -58.8191 -6.02606 19.4
      vertex -58.9544 -5.52094 22.4
      vertex -58.9544 -5.52094 19.4
    endloop
  endfacet
  facet normal -0.965948 -0.258736 -2.93312e-18
    outer loop
      vertex -58.9544 -5.52094 22.4
      vertex -58.8191 -6.02606 19.4
      vertex -58.8191 -6.02606 22.4
    endloop
  endfacet
  facet normal 0.573552 -0.819169 0
    outer loop
      vertex -46.5 -7.59808 19.4
      vertex -46.0716 -7.29813 22.4
      vertex -46.5 -7.59808 22.4
    endloop
  endfacet
  facet normal 0.573552 -0.819169 0
    outer loop
      vertex -46.0716 -7.29813 22.4
      vertex -46.5 -7.59808 19.4
      vertex -46.0716 -7.29813 19.4
    endloop
  endfacet
  facet normal -0.422645 0.906295 0
    outer loop
      vertex -57.0261 7.81908 19.4
      vertex -57.5 7.59808 22.4
      vertex -57.0261 7.81908 22.4
    endloop
  endfacet
  facet normal -0.422645 0.906295 0
    outer loop
      vertex -57.5 7.59808 22.4
      vertex -57.0261 7.81908 19.4
      vertex -57.5 7.59808 19.4
    endloop
  endfacet
  facet normal 1 -0 0
    outer loop
      vertex -45 -5 22.4
      vertex -45 5 19.4
      vertex -45 5 22.4
    endloop
  endfacet
  facet normal 1 0 0
    outer loop
      vertex -45 5 19.4
      vertex -45 -5 22.4
      vertex -45 -5 19.4
    endloop
  endfacet
  facet normal -0.258769 0.965939 0
    outer loop
      vertex -56.5209 7.95442 19.4
      vertex -57.0261 7.81908 22.4
      vertex -56.5209 7.95442 22.4
    endloop
  endfacet
  facet normal -0.258769 0.965939 0
    outer loop
      vertex -57.0261 7.81908 22.4
      vertex -56.5209 7.95442 19.4
      vertex -57.0261 7.81908 19.4
    endloop
  endfacet
  facet normal -0.573552 -0.819169 0
    outer loop
      vertex -57.9284 -7.29813 19.4
      vertex -57.5 -7.59808 22.4
      vertex -57.9284 -7.29813 22.4
    endloop
  endfacet
  facet normal -0.573552 -0.819169 -0
    outer loop
      vertex -57.5 -7.59808 22.4
      vertex -57.9284 -7.29813 19.4
      vertex -57.5 -7.59808 19.4
    endloop
  endfacet
  facet normal 0.707174 -0.70704 0
    outer loop
      vertex -46.0716 -7.29813 19.4
      vertex -45.7019 -6.92836 22.4
      vertex -46.0716 -7.29813 22.4
    endloop
  endfacet
  facet normal 0.707174 -0.70704 0
    outer loop
      vertex -45.7019 -6.92836 22.4
      vertex -46.0716 -7.29813 19.4
      vertex -45.7019 -6.92836 19.4
    endloop
  endfacet
  facet normal -1 0 0
    outer loop
      vertex -59 -5 19.4
      vertex -59 5 22.4
      vertex -59 5 19.4
    endloop
  endfacet
  facet normal -1 -0 0
    outer loop
      vertex -59 5 22.4
      vertex -59 -5 19.4
      vertex -59 -5 22.4
    endloop
  endfacet
  facet normal 0 0 1
    outer loop
      vertex -49.9109 2.48964 22.4
      vertex -45 5 22.4
      vertex -45.0456 5.52094 22.4
    endloop
  endfacet
  facet normal 0 0 1
    outer loop
      vertex -45 5 22.4
      vertex -48.75 0 22.4
      vertex -45 -5 22.4
    endloop
  endfacet
  facet normal 0 0 1
    outer loop
      vertex -49.9109 2.48964 22.4
      vertex -45.0456 5.52094 22.4
      vertex -45.1809 6.02606 22.4
    endloop
  endfacet
  facet normal -0 0 1
    outer loop
      vertex -48.7994 -0.564356 22.4
      vertex -45 -5 22.4
      vertex -48.75 0 22.4
    endloop
  endfacet
  facet normal 0 0 1
    outer loop
      vertex -49.9109 2.48964 22.4
      vertex -45.1809 6.02606 22.4
      vertex -45.4019 6.5 22.4
    endloop
  endfacet
  facet normal -0 0 1
    outer loop
      vertex -48.946 -1.11156 22.4
      vertex -45 -5 22.4
      vertex -48.7994 -0.564356 22.4
    endloop
  endfacet
  facet normal 0 0 1
    outer loop
      vertex -49.9109 2.48964 22.4
      vertex -45.4019 6.5 22.4
      vertex -45.7019 6.92836 22.4
    endloop
  endfacet
  facet normal -0 0 1
    outer loop
      vertex -49.1854 -1.625 22.4
      vertex -45 -5 22.4
      vertex -48.946 -1.11156 22.4
    endloop
  endfacet
  facet normal 0 0 1
    outer loop
      vertex -49.9109 2.48964 22.4
      vertex -45.7019 6.92836 22.4
      vertex -46.0716 7.29813 22.4
    endloop
  endfacet
  facet normal -0 0 1
    outer loop
      vertex -49.5104 -2.08906 22.4
      vertex -45 -5 22.4
      vertex -49.1854 -1.625 22.4
    endloop
  endfacet
  facet normal 0 0 1
    outer loop
      vertex -49.9109 2.48964 22.4
      vertex -46.0716 7.29813 22.4
      vertex -46.5 7.59808 22.4
    endloop
  endfacet
  facet normal -0 0 1
    outer loop
      vertex -49.9109 -2.48964 22.4
      vertex -45 -5 22.4
      vertex -49.5104 -2.08906 22.4
    endloop
  endfacet
  facet normal 0 0 1
    outer loop
      vertex -49.9109 2.48964 22.4
      vertex -46.5 7.59808 22.4
      vertex -46.9739 7.81908 22.4
    endloop
  endfacet
  facet normal 0 0 1
    outer loop
      vertex -45 -5 22.4
      vertex -49.9109 -2.48964 22.4
      vertex -45.0456 -5.52094 22.4
    endloop
  endfacet
  facet normal 0 0 1
    outer loop
      vertex -49.9109 2.48964 22.4
      vertex -46.9739 7.81908 22.4
      vertex -47.4791 7.95442 22.4
    endloop
  endfacet
  facet normal 0 0 1
    outer loop
      vertex -45.0456 -5.52094 22.4
      vertex -49.9109 -2.48964 22.4
      vertex -45.1809 -6.02606 22.4
    endloop
  endfacet
  facet normal 0 0 1
    outer loop
      vertex -49.9109 2.48964 22.4
      vertex -47.4791 7.95442 22.4
      vertex -48 8 22.4
    endloop
  endfacet
  facet normal 0 0 1
    outer loop
      vertex -45.1809 -6.02606 22.4
      vertex -49.9109 -2.48964 22.4
      vertex -45.4019 -6.5 22.4
    endloop
  endfacet
  facet normal 0 0 1
    outer loop
      vertex -45.4019 -6.5 22.4
      vertex -49.9109 -2.48964 22.4
      vertex -45.7019 -6.92836 22.4
    endloop
  endfacet
  facet normal 0 0 1
    outer loop
      vertex -45 5 22.4
      vertex -48.7994 0.564356 22.4
      vertex -48.75 0 22.4
    endloop
  endfacet
  facet normal 0 0 1
    outer loop
      vertex -45 5 22.4
      vertex -48.946 1.11156 22.4
      vertex -48.7994 0.564356 22.4
    endloop
  endfacet
  facet normal 0 0 1
    outer loop
      vertex -45 5 22.4
      vertex -49.1854 1.625 22.4
      vertex -48.946 1.11156 22.4
    endloop
  endfacet
  facet normal 0 0 1
    outer loop
      vertex -45 5 22.4
      vertex -49.5104 2.08906 22.4
      vertex -49.1854 1.625 22.4
    endloop
  endfacet
  facet normal 0 0 1
    outer loop
      vertex -45 5 22.4
      vertex -49.9109 2.48964 22.4
      vertex -49.5104 2.08906 22.4
    endloop
  endfacet
  facet normal 0 0 1
    outer loop
      vertex -48 8 22.4
      vertex -50.375 2.81458 22.4
      vertex -49.9109 2.48964 22.4
    endloop
  endfacet
  facet normal 0 0 1
    outer loop
      vertex -48 8 22.4
      vertex -50.8884 3.054 22.4
      vertex -50.375 2.81458 22.4
    endloop
  endfacet
  facet normal 0 0 1
    outer loop
      vertex -48 8 22.4
      vertex -51.4356 3.20062 22.4
      vertex -50.8884 3.054 22.4
    endloop
  endfacet
  facet normal 0 0 1
    outer loop
      vertex -48 8 22.4
      vertex -52 3.25 22.4
      vertex -51.4356 3.20062 22.4
    endloop
  endfacet
  facet normal -0 0 1
    outer loop
      vertex -56 8 22.4
      vertex -52 3.25 22.4
      vertex -48 8 22.4
    endloop
  endfacet
  facet normal 0 0 1
    outer loop
      vertex -52 3.25 22.4
      vertex -56 8 22.4
      vertex -52.5644 3.20062 22.4
    endloop
  endfacet
  facet normal 0 0 1
    outer loop
      vertex -52.5644 3.20062 22.4
      vertex -56 8 22.4
      vertex -53.1116 3.054 22.4
    endloop
  endfacet
  facet normal 0 0 1
    outer loop
      vertex -53.1116 3.054 22.4
      vertex -56 8 22.4
      vertex -53.625 2.81458 22.4
    endloop
  endfacet
  facet normal 0 0 1
    outer loop
      vertex -55.054 1.11156 22.4
      vertex -59 5 22.4
      vertex -55.2006 0.564356 22.4
    endloop
  endfacet
  facet normal 0 0 1
    outer loop
      vertex -54.8146 1.625 22.4
      vertex -59 5 22.4
      vertex -55.054 1.11156 22.4
    endloop
  endfacet
  facet normal 0 0 1
    outer loop
      vertex -54.4896 2.08906 22.4
      vertex -59 5 22.4
      vertex -54.8146 1.625 22.4
    endloop
  endfacet
  facet normal 0 0 1
    outer loop
      vertex -54.0891 2.48964 22.4
      vertex -59 5 22.4
      vertex -54.4896 2.08906 22.4
    endloop
  endfacet
  facet normal -0 0 1
    outer loop
      vertex -59 5 22.4
      vertex -54.0891 2.48964 22.4
      vertex -56 8 22.4
    endloop
  endfacet
  facet normal 0 0 1
    outer loop
      vertex -53.625 2.81458 22.4
      vertex -56 8 22.4
      vertex -54.0891 2.48964 22.4
    endloop
  endfacet
  facet normal 0 0 1
    outer loop
      vertex -45.7019 -6.92836 22.4
      vertex -49.9109 -2.48964 22.4
      vertex -46.0716 -7.29813 22.4
    endloop
  endfacet
  facet normal 0 0 1
    outer loop
      vertex -46.0716 -7.29813 22.4
      vertex -49.9109 -2.48964 22.4
      vertex -46.5 -7.59808 22.4
    endloop
  endfacet
  facet normal 0 0 1
    outer loop
      vertex -46.5 -7.59808 22.4
      vertex -49.9109 -2.48964 22.4
      vertex -46.9739 -7.81908 22.4
    endloop
  endfacet
  facet normal 0 0 1
    outer loop
      vertex -46.9739 -7.81908 22.4
      vertex -49.9109 -2.48964 22.4
      vertex -47.4791 -7.95442 22.4
    endloop
  endfacet
  facet normal 0 0 1
    outer loop
      vertex -47.4791 -7.95442 22.4
      vertex -49.9109 -2.48964 22.4
      vertex -48 -8 22.4
    endloop
  endfacet
  facet normal -0 0 1
    outer loop
      vertex -50.375 -2.81458 22.4
      vertex -48 -8 22.4
      vertex -49.9109 -2.48964 22.4
    endloop
  endfacet
  facet normal -0 0 1
    outer loop
      vertex -50.8884 -3.054 22.4
      vertex -48 -8 22.4
      vertex -50.375 -2.81458 22.4
    endloop
  endfacet
  facet normal -0 0 1
    outer loop
      vertex -51.4356 -3.20062 22.4
      vertex -48 -8 22.4
      vertex -50.8884 -3.054 22.4
    endloop
  endfacet
  facet normal -0 0 1
    outer loop
      vertex -52 -3.25 22.4
      vertex -48 -8 22.4
      vertex -51.4356 -3.20062 22.4
    endloop
  endfacet
  facet normal 0 0 1
    outer loop
      vertex -56 -8 22.4
      vertex -52 -3.25 22.4
      vertex -52.5644 -3.20062 22.4
    endloop
  endfacet
  facet normal 0 0 1
    outer loop
      vertex -56 -8 22.4
      vertex -52.5644 -3.20062 22.4
      vertex -53.1116 -3.054 22.4
    endloop
  endfacet
  facet normal 0 0 1
    outer loop
      vertex -56 -8 22.4
      vertex -53.1116 -3.054 22.4
      vertex -53.625 -2.81458 22.4
    endloop
  endfacet
  facet normal 0 0 1
    outer loop
      vertex -56 -8 22.4
      vertex -53.625 -2.81458 22.4
      vertex -54.0891 -2.48964 22.4
    endloop
  endfacet
  facet normal 0 0 1
    outer loop
      vertex -55.2006 0.564356 22.4
      vertex -59 5 22.4
      vertex -55.25 0 22.4
    endloop
  endfacet
  facet normal 0 0 1
    outer loop
      vertex -52 -3.25 22.4
      vertex -56 -8 22.4
      vertex -48 -8 22.4
    endloop
  endfacet
  facet normal 0 0 1
    outer loop
      vertex -59 -5 22.4
      vertex -54.0891 -2.48964 22.4
      vertex -54.4896 -2.08906 22.4
    endloop
  endfacet
  facet normal 0 0 1
    outer loop
      vertex -59 -5 22.4
      vertex -54.4896 -2.08906 22.4
      vertex -54.8146 -1.625 22.4
    endloop
  endfacet
  facet normal 0 0 1
    outer loop
      vertex -59 -5 22.4
      vertex -54.8146 -1.625 22.4
      vertex -55.054 -1.11156 22.4
    endloop
  endfacet
  facet normal 0 0 1
    outer loop
      vertex -59 -5 22.4
      vertex -55.054 -1.11156 22.4
      vertex -55.2006 -0.564356 22.4
    endloop
  endfacet
  facet normal 0 0 1
    outer loop
      vertex -59 -5 22.4
      vertex -55.25 0 22.4
      vertex -59 5 22.4
    endloop
  endfacet
  facet normal 0 0 1
    outer loop
      vertex -59 5 22.4
      vertex -56 8 22.4
      vertex -56.5209 7.95442 22.4
    endloop
  endfacet
  facet normal 0 0 1
    outer loop
      vertex -55.25 0 22.4
      vertex -59 -5 22.4
      vertex -55.2006 -0.564356 22.4
    endloop
  endfacet
  facet normal 0 0 1
    outer loop
      vertex -59 5 22.4
      vertex -56.5209 7.95442 22.4
      vertex -57.0261 7.81908 22.4
    endloop
  endfacet
  facet normal 0 0 1
    outer loop
      vertex -54.0891 -2.48964 22.4
      vertex -59 -5 22.4
      vertex -56 -8 22.4
    endloop
  endfacet
  facet normal 0 0 1
    outer loop
      vertex -59 5 22.4
      vertex -57.0261 7.81908 22.4
      vertex -57.5 7.59808 22.4
    endloop
  endfacet
  facet normal 0 0 1
    outer loop
      vertex -56 -8 22.4
      vertex -59 -5 22.4
      vertex -56.5209 -7.95442 22.4
    endloop
  endfacet
  facet normal 0 0 1
    outer loop
      vertex -59 5 22.4
      vertex -57.5 7.59808 22.4
      vertex -57.9284 7.29813 22.4
    endloop
  endfacet
  facet normal 0 0 1
    outer loop
      vertex -56.5209 -7.95442 22.4
      vertex -59 -5 22.4
      vertex -57.0261 -7.81908 22.4
    endloop
  endfacet
  facet normal 0 0 1
    outer loop
      vertex -59 5 22.4
      vertex -57.9284 7.29813 22.4
      vertex -58.2981 6.92836 22.4
    endloop
  endfacet
  facet normal 0 0 1
    outer loop
      vertex -57.0261 -7.81908 22.4
      vertex -59 -5 22.4
      vertex -57.5 -7.59808 22.4
    endloop
  endfacet
  facet normal 0 0 1
    outer loop
      vertex -59 5 22.4
      vertex -58.2981 6.92836 22.4
      vertex -58.5981 6.5 22.4
    endloop
  endfacet
  facet normal 0 0 1
    outer loop
      vertex -57.5 -7.59808 22.4
      vertex -59 -5 22.4
      vertex -57.9284 -7.29813 22.4
    endloop
  endfacet
  facet normal 0 0 1
    outer loop
      vertex -59 5 22.4
      vertex -58.5981 6.5 22.4
      vertex -58.8191 6.02606 22.4
    endloop
  endfacet
  facet normal 0 0 1
    outer loop
      vertex -57.9284 -7.29813 22.4
      vertex -59 -5 22.4
      vertex -58.2981 -6.92836 22.4
    endloop
  endfacet
  facet normal 0 0 1
    outer loop
      vertex -59 5 22.4
      vertex -58.8191 6.02606 22.4
      vertex -58.9544 5.52094 22.4
    endloop
  endfacet
  facet normal 0 0 1
    outer loop
      vertex -58.2981 -6.92836 22.4
      vertex -59 -5 22.4
      vertex -58.5981 -6.5 22.4
    endloop
  endfacet
  facet normal 0 0 1
    outer loop
      vertex -58.5981 -6.5 22.4
      vertex -59 -5 22.4
      vertex -58.8191 -6.02606 22.4
    endloop
  endfacet
  facet normal 0 0 1
    outer loop
      vertex -58.8191 -6.02606 22.4
      vertex -59 -5 22.4
      vertex -58.9544 -5.52094 22.4
    endloop
  endfacet
  facet normal 0.906309 0.422615 3.75741e-18
    outer loop
      vertex -45.1809 6.02606 22.4
      vertex -45.4019 6.5 19.4
      vertex -45.4019 6.5 22.4
    endloop
  endfacet
  facet normal 0.906309 0.422615 3.75741e-18
    outer loop
      vertex -45.4019 6.5 19.4
      vertex -45.1809 6.02606 22.4
      vertex -45.1809 6.02606 19.4
    endloop
  endfacet
  facet normal 0.258769 0.965939 -0
    outer loop
      vertex -46.9739 7.81908 19.4
      vertex -47.4791 7.95442 22.4
      vertex -46.9739 7.81908 22.4
    endloop
  endfacet
  facet normal 0.258769 0.965939 0
    outer loop
      vertex -47.4791 7.95442 22.4
      vertex -46.9739 7.81908 19.4
      vertex -47.4791 7.95442 19.4
    endloop
  endfacet
  facet normal -0.258769 -0.965939 0
    outer loop
      vertex -57.0261 -7.81908 19.4
      vertex -56.5209 -7.95442 22.4
      vertex -57.0261 -7.81908 22.4
    endloop
  endfacet
  facet normal -0.258769 -0.965939 -0
    outer loop
      vertex -56.5209 -7.95442 22.4
      vertex -57.0261 -7.81908 19.4
      vertex -56.5209 -7.95442 19.4
    endloop
  endfacet
  facet normal 0.996191 -0.0872006 5.05639e-19
    outer loop
      vertex -45.0456 -5.52094 22.4
      vertex -45 -5 19.4
      vertex -45 -5 22.4
    endloop
  endfacet
  facet normal 0.996191 -0.0872006 5.05639e-19
    outer loop
      vertex -45 -5 19.4
      vertex -45.0456 -5.52094 22.4
      vertex -45.0456 -5.52094 19.4
    endloop
  endfacet
  facet normal -0.422645 -0.906295 0
    outer loop
      vertex -57.5 -7.59808 19.4
      vertex -57.0261 -7.81908 22.4
      vertex -57.5 -7.59808 22.4
    endloop
  endfacet
  facet normal -0.422645 -0.906295 -0
    outer loop
      vertex -57.0261 -7.81908 22.4
      vertex -57.5 -7.59808 19.4
      vertex -57.0261 -7.81908 19.4
    endloop
  endfacet
  facet normal 0.573552 0.819169 -0
    outer loop
      vertex -46.0716 7.29813 19.4
      vertex -46.5 7.59808 22.4
      vertex -46.0716 7.29813 22.4
    endloop
  endfacet
  facet normal 0.573552 0.819169 0
    outer loop
      vertex -46.5 7.59808 22.4
      vertex -46.0716 7.29813 19.4
      vertex -46.5 7.59808 19.4
    endloop
  endfacet
  facet normal -0.819099 0.573652 7.0074e-18
    outer loop
      vertex -58.5981 6.5 19.4
      vertex -58.2981 6.92836 22.4
      vertex -58.2981 6.92836 19.4
    endloop
  endfacet
  facet normal -0.819099 0.573652 7.0074e-18
    outer loop
      vertex -58.2981 6.92836 22.4
      vertex -58.5981 6.5 19.4
      vertex -58.5981 6.5 22.4
    endloop
  endfacet
  facet normal 0.422645 -0.906295 0
    outer loop
      vertex -46.9739 -7.81908 19.4
      vertex -46.5 -7.59808 22.4
      vertex -46.9739 -7.81908 22.4
    endloop
  endfacet
  facet normal 0.422645 -0.906295 0
    outer loop
      vertex -46.5 -7.59808 22.4
      vertex -46.9739 -7.81908 19.4
      vertex -46.5 -7.59808 19.4
    endloop
  endfacet
  facet normal 0.0871693 0.996194 -0
    outer loop
      vertex -47.4791 7.95442 19.4
      vertex -48 8 22.4
      vertex -47.4791 7.95442 22.4
    endloop
  endfacet
  facet normal 0.0871693 0.996194 0
    outer loop
      vertex -48 8 22.4
      vertex -47.4791 7.95442 19.4
      vertex -48 8 19.4
    endloop
  endfacet
  facet normal -0.906309 0.422615 -3.75741e-18
    outer loop
      vertex -58.8191 6.02606 19.4
      vertex -58.5981 6.5 22.4
      vertex -58.5981 6.5 19.4
    endloop
  endfacet
  facet normal -0.906309 0.422615 -3.75741e-18
    outer loop
      vertex -58.5981 6.5 22.4
      vertex -58.8191 6.02606 19.4
      vertex -58.8191 6.02606 22.4
    endloop
  endfacet
  facet normal -0.996191 -0.0872006 -5.05639e-19
    outer loop
      vertex -58.9544 -5.52094 19.4
      vertex -59 -5 22.4
      vertex -59 -5 19.4
    endloop
  endfacet
  facet normal -0.996191 -0.0872006 -5.05639e-19
    outer loop
      vertex -59 -5 22.4
      vertex -58.9544 -5.52094 19.4
      vertex -58.9544 -5.52094 22.4
    endloop
  endfacet
  facet normal -0.965948 0.258736 2.93312e-18
    outer loop
      vertex -58.9544 5.52094 19.4
      vertex -58.8191 6.02606 22.4
      vertex -58.8191 6.02606 19.4
    endloop
  endfacet
  facet normal -0.965948 0.258736 2.93312e-18
    outer loop
      vertex -58.8191 6.02606 22.4
      vertex -58.9544 5.52094 19.4
      vertex -58.9544 5.52094 22.4
    endloop
  endfacet
  facet normal -0.707174 -0.70704 0
    outer loop
      vertex -58.2981 -6.92836 19.4
      vertex -57.9284 -7.29813 22.4
      vertex -58.2981 -6.92836 22.4
    endloop
  endfacet
  facet normal -0.707174 -0.70704 -0
    outer loop
      vertex -57.9284 -7.29813 22.4
      vertex -58.2981 -6.92836 19.4
      vertex -57.9284 -7.29813 19.4
    endloop
  endfacet
  facet normal 0.996191 0.0872006 -5.05639e-19
    outer loop
      vertex -45 5 22.4
      vertex -45.0456 5.52094 19.4
      vertex -45.0456 5.52094 22.4
    endloop
  endfacet
  facet normal 0.996191 0.0872006 -5.05639e-19
    outer loop
      vertex -45.0456 5.52094 19.4
      vertex -45 5 22.4
      vertex -45 5 19.4
    endloop
  endfacet
  facet normal -0.0871693 -0.996194 0
    outer loop
      vertex -56.5209 -7.95442 19.4
      vertex -56 -8 22.4
      vertex -56.5209 -7.95442 22.4
    endloop
  endfacet
  facet normal -0.0871693 -0.996194 -0
    outer loop
      vertex -56 -8 22.4
      vertex -56.5209 -7.95442 19.4
      vertex -56 -8 19.4
    endloop
  endfacet
  facet normal 0 -1 0
    outer loop
      vertex -56 -8 19.4
      vertex -48 -8 22.4
      vertex -56 -8 22.4
    endloop
  endfacet
  facet normal 0 -1 -0
    outer loop
      vertex -48 -8 22.4
      vertex -56 -8 19.4
      vertex -48 -8 19.4
    endloop
  endfacet
  facet normal 0.0871693 -0.996194 0
    outer loop
      vertex -48 -8 19.4
      vertex -47.4791 -7.95442 22.4
      vertex -48 -8 22.4
    endloop
  endfacet
  facet normal 0.0871693 -0.996194 0
    outer loop
      vertex -47.4791 -7.95442 22.4
      vertex -48 -8 19.4
      vertex -47.4791 -7.95442 19.4
    endloop
  endfacet
  facet normal 0.906309 -0.422615 -3.75741e-18
    outer loop
      vertex -45.4019 -6.5 22.4
      vertex -45.1809 -6.02606 19.4
      vertex -45.1809 -6.02606 22.4
    endloop
  endfacet
  facet normal 0.906309 -0.422615 -3.75741e-18
    outer loop
      vertex -45.1809 -6.02606 19.4
      vertex -45.4019 -6.5 22.4
      vertex -45.4019 -6.5 19.4
    endloop
  endfacet
  facet normal -0.906309 -0.422615 3.75741e-18
    outer loop
      vertex -58.5981 -6.5 19.4
      vertex -58.8191 -6.02606 22.4
      vertex -58.8191 -6.02606 19.4
    endloop
  endfacet
  facet normal -0.906309 -0.422615 3.75741e-18
    outer loop
      vertex -58.8191 -6.02606 22.4
      vertex -58.5981 -6.5 19.4
      vertex -58.5981 -6.5 22.4
    endloop
  endfacet
  facet normal 0.707174 0.70704 -0
    outer loop
      vertex -45.7019 6.92836 19.4
      vertex -46.0716 7.29813 22.4
      vertex -45.7019 6.92836 22.4
    endloop
  endfacet
  facet normal 0.707174 0.70704 0
    outer loop
      vertex -46.0716 7.29813 22.4
      vertex -45.7019 6.92836 19.4
      vertex -46.0716 7.29813 19.4
    endloop
  endfacet
  facet normal 0.258769 -0.965939 0
    outer loop
      vertex -47.4791 -7.95442 19.4
      vertex -46.9739 -7.81908 22.4
      vertex -47.4791 -7.95442 22.4
    endloop
  endfacet
  facet normal 0.258769 -0.965939 0
    outer loop
      vertex -46.9739 -7.81908 22.4
      vertex -47.4791 -7.95442 19.4
      vertex -46.9739 -7.81908 19.4
    endloop
  endfacet
  facet normal 0.965948 -0.258736 2.93312e-18
    outer loop
      vertex -45.1809 -6.02606 22.4
      vertex -45.0456 -5.52094 19.4
      vertex -45.0456 -5.52094 22.4
    endloop
  endfacet
  facet normal 0.965948 -0.258736 2.93312e-18
    outer loop
      vertex -45.0456 -5.52094 19.4
      vertex -45.1809 -6.02606 22.4
      vertex -45.1809 -6.02606 19.4
    endloop
  endfacet
  facet normal 0.422645 0.906295 -0
    outer loop
      vertex -46.5 7.59808 19.4
      vertex -46.9739 7.81908 22.4
      vertex -46.5 7.59808 22.4
    endloop
  endfacet
  facet normal 0.422645 0.906295 0
    outer loop
      vertex -46.9739 7.81908 22.4
      vertex -46.5 7.59808 19.4
      vertex -46.9739 7.81908 19.4
    endloop
  endfacet
  facet normal -0.996191 0.0872006 5.05639e-19
    outer loop
      vertex -59 5 19.4
      vertex -58.9544 5.52094 22.4
      vertex -58.9544 5.52094 19.4
    endloop
  endfacet
  facet normal -0.996191 0.0872006 5.05639e-19
    outer loop
      vertex -58.9544 5.52094 22.4
      vertex -59 5 19.4
      vertex -59 5 22.4
    endloop
  endfacet
  facet normal -0.573552 0.819169 0
    outer loop
      vertex -57.5 7.59808 19.4
      vertex -57.9284 7.29813 22.4
      vertex -57.5 7.59808 22.4
    endloop
  endfacet
  facet normal -0.573552 0.819169 0
    outer loop
      vertex -57.9284 7.29813 22.4
      vertex -57.5 7.59808 19.4
      vertex -57.9284 7.29813 19.4
    endloop
  endfacet
  facet normal 0.965948 0.258736 -2.93312e-18
    outer loop
      vertex -45.0456 5.52094 22.4
      vertex -45.1809 6.02606 19.4
      vertex -45.1809 6.02606 22.4
    endloop
  endfacet
  facet normal 0.965948 0.258736 -2.93312e-18
    outer loop
      vertex -45.1809 6.02606 19.4
      vertex -45.0456 5.52094 22.4
      vertex -45.0456 5.52094 19.4
    endloop
  endfacet
  facet normal 0 0 -1
    outer loop
      vertex -50.375 2.81458 19.4
      vertex -50 3.5 19.4
      vertex -49.9109 2.48964 19.4
    endloop
  endfacet
  facet normal 0 0 -1
    outer loop
      vertex -50.8884 3.054 19.4
      vertex -50 3.5 19.4
      vertex -50.375 2.81458 19.4
    endloop
  endfacet
  facet normal 0 0 -1
    outer loop
      vertex -51.4356 3.20062 19.4
      vertex -50 3.5 19.4
      vertex -50.8884 3.054 19.4
    endloop
  endfacet
  facet normal 0 0 -1
    outer loop
      vertex -52 3.25 19.4
      vertex -50 3.5 19.4
      vertex -51.4356 3.20062 19.4
    endloop
  endfacet
  facet normal 0 0 -1
    outer loop
      vertex -54 3.5 19.4
      vertex -52 3.25 19.4
      vertex -52.5644 3.20062 19.4
    endloop
  endfacet
  facet normal 0 0 -1
    outer loop
      vertex -52 3.25 19.4
      vertex -54 3.5 19.4
      vertex -50 3.5 19.4
    endloop
  endfacet
  facet normal 0 0 -1
    outer loop
      vertex -53.1116 3.054 19.4
      vertex -54 3.5 19.4
      vertex -52.5644 3.20062 19.4
    endloop
  endfacet
  facet normal 0 0 -1
    outer loop
      vertex -53.625 2.81458 19.4
      vertex -54 3.5 19.4
      vertex -53.1116 3.054 19.4
    endloop
  endfacet
  facet normal 0 0 -1
    outer loop
      vertex -54.4896 2.08906 19.4
      vertex -54 3.5 19.4
      vertex -54.0891 2.48964 19.4
    endloop
  endfacet
  facet normal 0 0 -1
    outer loop
      vertex -54.0891 2.48964 19.4
      vertex -54 3.5 19.4
      vertex -53.625 2.81458 19.4
    endloop
  endfacet
  facet normal 0 0 -1
    outer loop
      vertex -50 -3.5 19.4
      vertex -45 -5 19.4
      vertex -45.0456 -5.52094 19.4
    endloop
  endfacet
  facet normal 0 0 -1
    outer loop
      vertex -45 -5 19.4
      vertex -48.75 0 19.4
      vertex -45 5 19.4
    endloop
  endfacet
  facet normal 0 0 -1
    outer loop
      vertex -50 -6.5 19.4
      vertex -45.0456 -5.52094 19.4
      vertex -45.1809 -6.02606 19.4
    endloop
  endfacet
  facet normal 0 0 -1
    outer loop
      vertex -48.7994 0.564356 19.4
      vertex -45 5 19.4
      vertex -48.75 0 19.4
    endloop
  endfacet
  facet normal 0 0 -1
    outer loop
      vertex -50 -6.5 19.4
      vertex -45.1809 -6.02606 19.4
      vertex -45.4019 -6.5 19.4
    endloop
  endfacet
  facet normal 0 0 -1
    outer loop
      vertex -48.946 1.11156 19.4
      vertex -45 5 19.4
      vertex -48.7994 0.564356 19.4
    endloop
  endfacet
  facet normal 0 0 -1
    outer loop
      vertex -50 -6.5 19.4
      vertex -45.4019 -6.5 19.4
      vertex -45.7019 -6.92836 19.4
    endloop
  endfacet
  facet normal 0 0 -1
    outer loop
      vertex -49.1854 1.625 19.4
      vertex -45 5 19.4
      vertex -48.946 1.11156 19.4
    endloop
  endfacet
  facet normal 0 0 -1
    outer loop
      vertex -50 -6.5 19.4
      vertex -45.7019 -6.92836 19.4
      vertex -46.0716 -7.29813 19.4
    endloop
  endfacet
  facet normal 0 0 -1
    outer loop
      vertex -49.5104 2.08906 19.4
      vertex -45 5 19.4
      vertex -49.1854 1.625 19.4
    endloop
  endfacet
  facet normal 0 0 -1
    outer loop
      vertex -50 -6.5 19.4
      vertex -46.0716 -7.29813 19.4
      vertex -46.5 -7.59808 19.4
    endloop
  endfacet
  facet normal 0 0 -1
    outer loop
      vertex -50 3.5 19.4
      vertex -45 5 19.4
      vertex -49.5104 2.08906 19.4
    endloop
  endfacet
  facet normal 0 0 -1
    outer loop
      vertex -50 -6.5 19.4
      vertex -46.5 -7.59808 19.4
      vertex -46.9739 -7.81908 19.4
    endloop
  endfacet
  facet normal -0 0 -1
    outer loop
      vertex -45 5 19.4
      vertex -50 3.5 19.4
      vertex -45.0456 5.52094 19.4
    endloop
  endfacet
  facet normal 0 0 -1
    outer loop
      vertex -50 -6.5 19.4
      vertex -46.9739 -7.81908 19.4
      vertex -47.4791 -7.95442 19.4
    endloop
  endfacet
  facet normal 0 0 -1
    outer loop
      vertex -50 6.5 19.4
      vertex -45.0456 5.52094 19.4
      vertex -50 3.5 19.4
    endloop
  endfacet
  facet normal 0 0 -1
    outer loop
      vertex -50 -6.5 19.4
      vertex -47.4791 -7.95442 19.4
      vertex -48 -8 19.4
    endloop
  endfacet
  facet normal 0 0 -1
    outer loop
      vertex -45.0456 5.52094 19.4
      vertex -50 6.5 19.4
      vertex -45.1809 6.02606 19.4
    endloop
  endfacet
  facet normal 0 0 -1
    outer loop
      vertex -45.1809 6.02606 19.4
      vertex -50 6.5 19.4
      vertex -45.4019 6.5 19.4
    endloop
  endfacet
  facet normal 0 0 -1
    outer loop
      vertex -45 -5 19.4
      vertex -48.7994 -0.564356 19.4
      vertex -48.75 0 19.4
    endloop
  endfacet
  facet normal 0 0 -1
    outer loop
      vertex -45 -5 19.4
      vertex -48.946 -1.11156 19.4
      vertex -48.7994 -0.564356 19.4
    endloop
  endfacet
  facet normal 0 0 -1
    outer loop
      vertex -45 -5 19.4
      vertex -49.1854 -1.625 19.4
      vertex -48.946 -1.11156 19.4
    endloop
  endfacet
  facet normal 0 0 -1
    outer loop
      vertex -45 -5 19.4
      vertex -50 -3.5 19.4
      vertex -49.5104 -2.08906 19.4
    endloop
  endfacet
  facet normal 0 0 -1
    outer loop
      vertex -45 -5 19.4
      vertex -49.5104 -2.08906 19.4
      vertex -49.1854 -1.625 19.4
    endloop
  endfacet
  facet normal -0 0 -1
    outer loop
      vertex -45.0456 -5.52094 19.4
      vertex -50 -6.5 19.4
      vertex -50 -3.5 19.4
    endloop
  endfacet
  facet normal 0 0 -1
    outer loop
      vertex -48 -8 19.4
      vertex -54 -6.5 19.4
      vertex -50 -6.5 19.4
    endloop
  endfacet
  facet normal 0 0 -1
    outer loop
      vertex -59 -5 19.4
      vertex -54 -3.5 19.4
      vertex -54 -6.5 19.4
    endloop
  endfacet
  facet normal 0 -0 -1
    outer loop
      vertex -54.4896 -2.08906 19.4
      vertex -54 -3.5 19.4
      vertex -59 -5 19.4
    endloop
  endfacet
  facet normal 0 0 -1
    outer loop
      vertex -54 -3.5 19.4
      vertex -54.4896 -2.08906 19.4
      vertex -54.0891 -2.48964 19.4
    endloop
  endfacet
  facet normal -0 0 -1
    outer loop
      vertex -54.4896 -2.08906 19.4
      vertex -59 -5 19.4
      vertex -54.8146 -1.625 19.4
    endloop
  endfacet
  facet normal -0 0 -1
    outer loop
      vertex -54.8146 -1.625 19.4
      vertex -59 -5 19.4
      vertex -55.054 -1.11156 19.4
    endloop
  endfacet
  facet normal -0 0 -1
    outer loop
      vertex -55.054 -1.11156 19.4
      vertex -59 -5 19.4
      vertex -55.2006 -0.564356 19.4
    endloop
  endfacet
  facet normal 0 0 -1
    outer loop
      vertex -59 -5 19.4
      vertex -54 -6.5 19.4
      vertex -56 -8 19.4
    endloop
  endfacet
  facet normal 0 0 -1
    outer loop
      vertex -56 -8 19.4
      vertex -54 -6.5 19.4
      vertex -48 -8 19.4
    endloop
  endfacet
  facet normal -0 0 -1
    outer loop
      vertex -45.7019 6.92836 19.4
      vertex -50 6.5 19.4
      vertex -46.0716 7.29813 19.4
    endloop
  endfacet
  facet normal -0 0 -1
    outer loop
      vertex -46.0716 7.29813 19.4
      vertex -50 6.5 19.4
      vertex -46.5 7.59808 19.4
    endloop
  endfacet
  facet normal -0 0 -1
    outer loop
      vertex -46.5 7.59808 19.4
      vertex -50 6.5 19.4
      vertex -46.9739 7.81908 19.4
    endloop
  endfacet
  facet normal 0 0 -1
    outer loop
      vertex -45.4019 6.5 19.4
      vertex -50 6.5 19.4
      vertex -45.7019 6.92836 19.4
    endloop
  endfacet
  facet normal 0 0 -1
    outer loop
      vertex -50 3.5 19.4
      vertex -49.5104 2.08906 19.4
      vertex -49.9109 2.48964 19.4
    endloop
  endfacet
  facet normal -0 0 -1
    outer loop
      vertex -46.9739 7.81908 19.4
      vertex -50 6.5 19.4
      vertex -47.4791 7.95442 19.4
    endloop
  endfacet
  facet normal -0 0 -1
    outer loop
      vertex -47.4791 7.95442 19.4
      vertex -50 6.5 19.4
      vertex -48 8 19.4
    endloop
  endfacet
  facet normal 0 0 -1
    outer loop
      vertex -54 6.5 19.4
      vertex -48 8 19.4
      vertex -50 6.5 19.4
    endloop
  endfacet
  facet normal -0 0 -1
    outer loop
      vertex -54 3.5 19.4
      vertex -54.4896 2.08906 19.4
      vertex -59 5 19.4
    endloop
  endfacet
  facet normal 0 0 -1
    outer loop
      vertex -59 5 19.4
      vertex -54.4896 2.08906 19.4
      vertex -54.8146 1.625 19.4
    endloop
  endfacet
  facet normal 0 0 -1
    outer loop
      vertex -59 5 19.4
      vertex -54.8146 1.625 19.4
      vertex -55.054 1.11156 19.4
    endloop
  endfacet
  facet normal 0 0 -1
    outer loop
      vertex -59 5 19.4
      vertex -55.054 1.11156 19.4
      vertex -55.2006 0.564356 19.4
    endloop
  endfacet
  facet normal -0 0 -1
    outer loop
      vertex -55.2006 -0.564356 19.4
      vertex -59 -5 19.4
      vertex -55.25 0 19.4
    endloop
  endfacet
  facet normal 0 0 -1
    outer loop
      vertex -54 6.5 19.4
      vertex -56 8 19.4
      vertex -48 8 19.4
    endloop
  endfacet
  facet normal 0 0 -1
    outer loop
      vertex -54 3.5 19.4
      vertex -59 5 19.4
      vertex -54 6.5 19.4
    endloop
  endfacet
  facet normal 0 0 -1
    outer loop
      vertex -59 5 19.4
      vertex -55.25 0 19.4
      vertex -59 -5 19.4
    endloop
  endfacet
  facet normal 0 0 -1
    outer loop
      vertex -59 -5 19.4
      vertex -56 -8 19.4
      vertex -56.5209 -7.95442 19.4
    endloop
  endfacet
  facet normal 0 0 -1
    outer loop
      vertex -55.25 0 19.4
      vertex -59 5 19.4
      vertex -55.2006 0.564356 19.4
    endloop
  endfacet
  facet normal 0 0 -1
    outer loop
      vertex -59 -5 19.4
      vertex -56.5209 -7.95442 19.4
      vertex -57.0261 -7.81908 19.4
    endloop
  endfacet
  facet normal 0 -0 -1
    outer loop
      vertex -58.9544 5.52094 19.4
      vertex -54 6.5 19.4
      vertex -59 5 19.4
    endloop
  endfacet
  facet normal 0 0 -1
    outer loop
      vertex -59 -5 19.4
      vertex -57.0261 -7.81908 19.4
      vertex -57.5 -7.59808 19.4
    endloop
  endfacet
  facet normal 0 0 -1
    outer loop
      vertex -54 6.5 19.4
      vertex -56.5209 7.95442 19.4
      vertex -56 8 19.4
    endloop
  endfacet
  facet normal 0 0 -1
    outer loop
      vertex -59 -5 19.4
      vertex -57.5 -7.59808 19.4
      vertex -57.9284 -7.29813 19.4
    endloop
  endfacet
  facet normal 0 0 -1
    outer loop
      vertex -54 6.5 19.4
      vertex -57.0261 7.81908 19.4
      vertex -56.5209 7.95442 19.4
    endloop
  endfacet
  facet normal 0 0 -1
    outer loop
      vertex -59 -5 19.4
      vertex -57.9284 -7.29813 19.4
      vertex -58.2981 -6.92836 19.4
    endloop
  endfacet
  facet normal 0 0 -1
    outer loop
      vertex -54 6.5 19.4
      vertex -57.5 7.59808 19.4
      vertex -57.0261 7.81908 19.4
    endloop
  endfacet
  facet normal 0 0 -1
    outer loop
      vertex -59 -5 19.4
      vertex -58.2981 -6.92836 19.4
      vertex -58.5981 -6.5 19.4
    endloop
  endfacet
  facet normal 0 0 -1
    outer loop
      vertex -54 6.5 19.4
      vertex -57.9284 7.29813 19.4
      vertex -57.5 7.59808 19.4
    endloop
  endfacet
  facet normal 0 0 -1
    outer loop
      vertex -59 -5 19.4
      vertex -58.5981 -6.5 19.4
      vertex -58.8191 -6.02606 19.4
    endloop
  endfacet
  facet normal 0 0 -1
    outer loop
      vertex -54 6.5 19.4
      vertex -58.2981 6.92836 19.4
      vertex -57.9284 7.29813 19.4
    endloop
  endfacet
  facet normal 0 0 -1
    outer loop
      vertex -59 -5 19.4
      vertex -58.8191 -6.02606 19.4
      vertex -58.9544 -5.52094 19.4
    endloop
  endfacet
  facet normal 0 0 -1
    outer loop
      vertex -54 6.5 19.4
      vertex -58.5981 6.5 19.4
      vertex -58.2981 6.92836 19.4
    endloop
  endfacet
  facet normal -0 0 -1
    outer loop
      vertex -54 6.5 19.4
      vertex -58.8191 6.02606 19.4
      vertex -58.5981 6.5 19.4
    endloop
  endfacet
  facet normal 0 0 -1
    outer loop
      vertex -54 6.5 19.4
      vertex -58.9544 5.52094 19.4
      vertex -58.8191 6.02606 19.4
    endloop
  endfacet
  facet normal 0 0 -1
    outer loop
      vertex -49.5104 -2.08906 19.4
      vertex -50 -3.5 19.4
      vertex -49.9109 -2.48964 19.4
    endloop
  endfacet
  facet normal 0 0 -1
    outer loop
      vertex -50 -3.5 19.4
      vertex -50.375 -2.81458 19.4
      vertex -49.9109 -2.48964 19.4
    endloop
  endfacet
  facet normal 0 0 -1
    outer loop
      vertex -50 -3.5 19.4
      vertex -50.8884 -3.054 19.4
      vertex -50.375 -2.81458 19.4
    endloop
  endfacet
  facet normal 0 0 -1
    outer loop
      vertex -50 -3.5 19.4
      vertex -51.4356 -3.20062 19.4
      vertex -50.8884 -3.054 19.4
    endloop
  endfacet
  facet normal 0 0 -1
    outer loop
      vertex -50 -3.5 19.4
      vertex -52 -3.25 19.4
      vertex -51.4356 -3.20062 19.4
    endloop
  endfacet
  facet normal 0 0 -1
    outer loop
      vertex -54 -3.5 19.4
      vertex -52 -3.25 19.4
      vertex -50 -3.5 19.4
    endloop
  endfacet
  facet normal -0 0 -1
    outer loop
      vertex -52 -3.25 19.4
      vertex -54 -3.5 19.4
      vertex -52.5644 -3.20062 19.4
    endloop
  endfacet
  facet normal 0 0 -1
    outer loop
      vertex -54 -3.5 19.4
      vertex -53.1116 -3.054 19.4
      vertex -52.5644 -3.20062 19.4
    endloop
  endfacet
  facet normal 0 0 -1
    outer loop
      vertex -54 -3.5 19.4
      vertex -53.625 -2.81458 19.4
      vertex -53.1116 -3.054 19.4
    endloop
  endfacet
  facet normal -0 0 -1
    outer loop
      vertex -53.625 -2.81458 19.4
      vertex -54 -3.5 19.4
      vertex -54.0891 -2.48964 19.4
    endloop
  endfacet
  facet normal -0.819099 -0.573652 -7.0074e-18
    outer loop
      vertex -58.2981 -6.92836 19.4
      vertex -58.5981 -6.5 22.4
      vertex -58.5981 -6.5 19.4
    endloop
  endfacet
  facet normal -0.819099 -0.573652 -7.0074e-18
    outer loop
      vertex -58.5981 -6.5 22.4
      vertex -58.2981 -6.92836 19.4
      vertex -58.2981 -6.92836 22.4
    endloop
  endfacet
  facet normal -0.707174 0.70704 0
    outer loop
      vertex -57.9284 7.29813 19.4
      vertex -58.2981 6.92836 22.4
      vertex -57.9284 7.29813 22.4
    endloop
  endfacet
  facet normal -0.707174 0.70704 0
    outer loop
      vertex -58.2981 6.92836 22.4
      vertex -57.9284 7.29813 19.4
      vertex -58.2981 6.92836 19.4
    endloop
  endfacet
  facet normal 0.819099 0.573652 -7.0074e-18
    outer loop
      vertex -45.4019 6.5 22.4
      vertex -45.7019 6.92836 19.4
      vertex -45.7019 6.92836 22.4
    endloop
  endfacet
  facet normal 0.819099 0.573652 -7.0074e-18
    outer loop
      vertex -45.7019 6.92836 19.4
      vertex -45.4019 6.5 22.4
      vertex -45.4019 6.5 19.4
    endloop
  endfacet
  facet normal -0.965948 0.258736 4.88853e-18
    outer loop
      vertex -56.9544 6.52094 -0.9
      vertex -56.8191 7.02606 0.9
      vertex -56.8191 7.02606 -0.9
    endloop
  endfacet
  facet normal -0.965948 0.258736 4.88853e-18
    outer loop
      vertex -56.8191 7.02606 0.9
      vertex -56.9544 6.52094 -0.9
      vertex -56.9544 6.52094 0.9
    endloop
  endfacet
  facet normal -0.573552 -0.819169 0
    outer loop
      vertex -55.9284 -8.29813 -0.9
      vertex -55.5 -8.59808 0.9
      vertex -55.9284 -8.29813 0.9
    endloop
  endfacet
  facet normal -0.573552 -0.819169 -0
    outer loop
      vertex -55.5 -8.59808 0.9
      vertex -55.9284 -8.29813 -0.9
      vertex -55.5 -8.59808 -0.9
    endloop
  endfacet
  facet normal 0 -1 0
    outer loop
      vertex -54 -9 -0.9
      vertex -42 -9 0.9
      vertex -54 -9 0.9
    endloop
  endfacet
  facet normal 0 -1 -0
    outer loop
      vertex -42 -9 0.9
      vertex -54 -9 -0.9
      vertex -42 -9 -0.9
    endloop
  endfacet
  facet normal -0.707174 -0.70704 0
    outer loop
      vertex -56.2981 -7.92836 -0.9
      vertex -55.9284 -8.29813 0.9
      vertex -56.2981 -7.92836 0.9
    endloop
  endfacet
  facet normal -0.707174 -0.70704 -0
    outer loop
      vertex -55.9284 -8.29813 0.9
      vertex -56.2981 -7.92836 -0.9
      vertex -55.9284 -8.29813 -0.9
    endloop
  endfacet
  facet normal -0.906309 0.422615 -6.26234e-18
    outer loop
      vertex -56.8191 7.02606 -0.9
      vertex -56.5981 7.5 0.9
      vertex -56.5981 7.5 -0.9
    endloop
  endfacet
  facet normal -0.906309 0.422615 -6.26234e-18
    outer loop
      vertex -56.5981 7.5 0.9
      vertex -56.8191 7.02606 -0.9
      vertex -56.8191 7.02606 0.9
    endloop
  endfacet
  facet normal -0.422645 0.906295 0
    outer loop
      vertex -55.0261 8.81908 -0.9
      vertex -55.5 8.59808 0.9
      vertex -55.0261 8.81908 0.9
    endloop
  endfacet
  facet normal -0.422645 0.906295 0
    outer loop
      vertex -55.5 8.59808 0.9
      vertex -55.0261 8.81908 -0.9
      vertex -55.5 8.59808 -0.9
    endloop
  endfacet
  facet normal -0.258769 -0.965939 0
    outer loop
      vertex -55.0261 -8.81908 -0.9
      vertex -54.5209 -8.95442 0.9
      vertex -55.0261 -8.81908 0.9
    endloop
  endfacet
  facet normal -0.258769 -0.965939 -0
    outer loop
      vertex -54.5209 -8.95442 0.9
      vertex -55.0261 -8.81908 -0.9
      vertex -54.5209 -8.95442 -0.9
    endloop
  endfacet
  facet normal -0.573552 0.819169 0
    outer loop
      vertex -55.5 8.59808 -0.9
      vertex -55.9284 8.29813 0.9
      vertex -55.5 8.59808 0.9
    endloop
  endfacet
  facet normal -0.573552 0.819169 0
    outer loop
      vertex -55.9284 8.29813 0.9
      vertex -55.5 8.59808 -0.9
      vertex -55.9284 8.29813 -0.9
    endloop
  endfacet
  facet normal -0.996191 -0.0872006 -8.42732e-19
    outer loop
      vertex -56.9544 -6.52094 -0.9
      vertex -57 -6 0.9
      vertex -57 -6 -0.9
    endloop
  endfacet
  facet normal -0.996191 -0.0872006 -8.42732e-19
    outer loop
      vertex -57 -6 0.9
      vertex -56.9544 -6.52094 -0.9
      vertex -56.9544 -6.52094 0.9
    endloop
  endfacet
  facet normal -1 0 0
    outer loop
      vertex -57 -6 -0.9
      vertex -57 6 0.9
      vertex -57 6 -0.9
    endloop
  endfacet
  facet normal -1 -0 0
    outer loop
      vertex -57 6 0.9
      vertex -57 -6 -0.9
      vertex -57 -6 0.9
    endloop
  endfacet
  facet normal 0 1 -0
    outer loop
      vertex -42 9 -0.9
      vertex -54 9 0.9
      vertex -42 9 0.9
    endloop
  endfacet
  facet normal 0 1 0
    outer loop
      vertex -54 9 0.9
      vertex -42 9 -0.9
      vertex -54 9 -0.9
    endloop
  endfacet
  facet normal -0.0871693 0.996194 0
    outer loop
      vertex -54 9 -0.9
      vertex -54.5209 8.95442 0.9
      vertex -54 9 0.9
    endloop
  endfacet
  facet normal -0.0871693 0.996194 0
    outer loop
      vertex -54.5209 8.95442 0.9
      vertex -54 9 -0.9
      vertex -54.5209 8.95442 -0.9
    endloop
  endfacet
  facet normal -0.819099 0.573652 1.1679e-17
    outer loop
      vertex -56.5981 7.5 -0.9
      vertex -56.2981 7.92836 0.9
      vertex -56.2981 7.92836 -0.9
    endloop
  endfacet
  facet normal -0.819099 0.573652 1.1679e-17
    outer loop
      vertex -56.2981 7.92836 0.9
      vertex -56.5981 7.5 -0.9
      vertex -56.5981 7.5 0.9
    endloop
  endfacet
  facet normal -0.422645 -0.906295 0
    outer loop
      vertex -55.5 -8.59808 -0.9
      vertex -55.0261 -8.81908 0.9
      vertex -55.5 -8.59808 0.9
    endloop
  endfacet
  facet normal -0.422645 -0.906295 -0
    outer loop
      vertex -55.0261 -8.81908 0.9
      vertex -55.5 -8.59808 -0.9
      vertex -55.0261 -8.81908 -0.9
    endloop
  endfacet
  facet normal -0.0871693 -0.996194 0
    outer loop
      vertex -54.5209 -8.95442 -0.9
      vertex -54 -9 0.9
      vertex -54.5209 -8.95442 0.9
    endloop
  endfacet
  facet normal -0.0871693 -0.996194 -0
    outer loop
      vertex -54 -9 0.9
      vertex -54.5209 -8.95442 -0.9
      vertex -54 -9 -0.9
    endloop
  endfacet
  facet normal -0.965948 -0.258736 -4.88853e-18
    outer loop
      vertex -56.8191 -7.02606 -0.9
      vertex -56.9544 -6.52094 0.9
      vertex -56.9544 -6.52094 -0.9
    endloop
  endfacet
  facet normal -0.965948 -0.258736 -4.88853e-18
    outer loop
      vertex -56.9544 -6.52094 0.9
      vertex -56.8191 -7.02606 -0.9
      vertex -56.8191 -7.02606 0.9
    endloop
  endfacet
  facet normal -0.707174 0.70704 0
    outer loop
      vertex -55.9284 8.29813 -0.9
      vertex -56.2981 7.92836 0.9
      vertex -55.9284 8.29813 0.9
    endloop
  endfacet
  facet normal -0.707174 0.70704 0
    outer loop
      vertex -56.2981 7.92836 0.9
      vertex -55.9284 8.29813 -0.9
      vertex -56.2981 7.92836 -0.9
    endloop
  endfacet
  facet normal -0.258769 0.965939 0
    outer loop
      vertex -54.5209 8.95442 -0.9
      vertex -55.0261 8.81908 0.9
      vertex -54.5209 8.95442 0.9
    endloop
  endfacet
  facet normal -0.258769 0.965939 0
    outer loop
      vertex -55.0261 8.81908 0.9
      vertex -54.5209 8.95442 -0.9
      vertex -55.0261 8.81908 -0.9
    endloop
  endfacet
  facet normal -0.996191 0.0872006 8.42732e-19
    outer loop
      vertex -57 6 -0.9
      vertex -56.9544 6.52094 0.9
      vertex -56.9544 6.52094 -0.9
    endloop
  endfacet
  facet normal -0.996191 0.0872006 8.42732e-19
    outer loop
      vertex -56.9544 6.52094 0.9
      vertex -57 6 -0.9
      vertex -57 6 0.9
    endloop
  endfacet
  facet normal -0.906309 -0.422615 6.26234e-18
    outer loop
      vertex -56.5981 -7.5 -0.9
      vertex -56.8191 -7.02606 0.9
      vertex -56.8191 -7.02606 -0.9
    endloop
  endfacet
  facet normal -0.906309 -0.422615 6.26234e-18
    outer loop
      vertex -56.8191 -7.02606 0.9
      vertex -56.5981 -7.5 -0.9
      vertex -56.5981 -7.5 0.9
    endloop
  endfacet
  facet normal -0.819099 -0.573652 -1.1679e-17
    outer loop
      vertex -56.2981 -7.92836 -0.9
      vertex -56.5981 -7.5 0.9
      vertex -56.5981 -7.5 -0.9
    endloop
  endfacet
  facet normal -0.819099 -0.573652 -1.1679e-17
    outer loop
      vertex -56.5981 -7.5 0.9
      vertex -56.2981 -7.92836 -0.9
      vertex -56.2981 -7.92836 0.9
    endloop
  endfacet
  facet normal -0.0871582 0.996194 0
    outer loop
      vertex -51.4356 -3.20062 19.4
      vertex -52 -3.25 22.4
      vertex -51.4356 -3.20062 22.4
    endloop
  endfacet
  facet normal -0.0871582 0.996194 0
    outer loop
      vertex -52 -3.25 22.4
      vertex -51.4356 -3.20062 19.4
      vertex -52 -3.25 19.4
    endloop
  endfacet
  facet normal -0.965936 -0.258781 -2.66626e-18
    outer loop
      vertex -48.7994 0.564356 19.4
      vertex -48.946 1.11156 22.4
      vertex -48.946 1.11156 19.4
    endloop
  endfacet
  facet normal -0.965936 -0.258781 -2.66626e-18
    outer loop
      vertex -48.946 1.11156 22.4
      vertex -48.7994 0.564356 19.4
      vertex -48.7994 0.564356 22.4
    endloop
  endfacet
  facet normal -0.996191 -0.0872 -1.77232e-19
    outer loop
      vertex -48.75 0 19.4
      vertex -48.7994 0.564356 22.4
      vertex -48.7994 0.564356 19.4
    endloop
  endfacet
  facet normal -0.996191 -0.0872 -1.77232e-19
    outer loop
      vertex -48.7994 0.564356 22.4
      vertex -48.75 0 19.4
      vertex -48.75 0 22.4
    endloop
  endfacet
  facet normal -0.906322 -0.422588 4.41411e-20
    outer loop
      vertex -48.946 1.11156 19.4
      vertex -49.1854 1.625 22.4
      vertex -49.1854 1.625 19.4
    endloop
  endfacet
  facet normal -0.906322 -0.422588 4.41411e-20
    outer loop
      vertex -49.1854 1.625 22.4
      vertex -48.946 1.11156 19.4
      vertex -48.946 1.11156 22.4
    endloop
  endfacet
  facet normal -0.965936 0.258781 2.66626e-18
    outer loop
      vertex -48.946 -1.11156 19.4
      vertex -48.7994 -0.564356 22.4
      vertex -48.7994 -0.564356 19.4
    endloop
  endfacet
  facet normal -0.965936 0.258781 2.66626e-18
    outer loop
      vertex -48.7994 -0.564356 22.4
      vertex -48.946 -1.11156 19.4
      vertex -48.946 -1.11156 22.4
    endloop
  endfacet
  facet normal 0.573545 -0.819174 0
    outer loop
      vertex -54.0891 2.48964 19.4
      vertex -53.625 2.81458 22.4
      vertex -54.0891 2.48964 22.4
    endloop
  endfacet
  facet normal 0.573545 -0.819174 0
    outer loop
      vertex -53.625 2.81458 22.4
      vertex -54.0891 2.48964 19.4
      vertex -53.625 2.81458 19.4
    endloop
  endfacet
  facet normal 0.0871582 0.996194 -0
    outer loop
      vertex -52 -3.25 19.4
      vertex -52.5644 -3.20062 22.4
      vertex -52 -3.25 22.4
    endloop
  endfacet
  facet normal 0.0871582 0.996194 0
    outer loop
      vertex -52.5644 -3.20062 22.4
      vertex -52 -3.25 19.4
      vertex -52.5644 -3.20062 19.4
    endloop
  endfacet
  facet normal -0.422644 0.906296 0
    outer loop
      vertex -50.375 -2.81458 19.4
      vertex -50.8884 -3.054 22.4
      vertex -50.375 -2.81458 22.4
    endloop
  endfacet
  facet normal -0.422644 0.906296 0
    outer loop
      vertex -50.8884 -3.054 22.4
      vertex -50.375 -2.81458 19.4
      vertex -50.8884 -3.054 19.4
    endloop
  endfacet
  facet normal 0.906322 -0.422588 -4.41411e-20
    outer loop
      vertex -55.054 1.11156 22.4
      vertex -54.8146 1.625 19.4
      vertex -54.8146 1.625 22.4
    endloop
  endfacet
  facet normal 0.906322 -0.422588 -4.41411e-20
    outer loop
      vertex -54.8146 1.625 19.4
      vertex -55.054 1.11156 22.4
      vertex -55.054 1.11156 19.4
    endloop
  endfacet
  facet normal -0.906322 0.422588 -4.41411e-20
    outer loop
      vertex -49.1854 -1.625 19.4
      vertex -48.946 -1.11156 22.4
      vertex -48.946 -1.11156 19.4
    endloop
  endfacet
  facet normal -0.906322 0.422588 -4.41411e-20
    outer loop
      vertex -48.946 -1.11156 22.4
      vertex -49.1854 -1.625 19.4
      vertex -49.1854 -1.625 22.4
    endloop
  endfacet
  facet normal -0.258816 -0.965927 0
    outer loop
      vertex -51.4356 3.20062 19.4
      vertex -50.8884 3.054 22.4
      vertex -51.4356 3.20062 22.4
    endloop
  endfacet
  facet normal -0.258816 -0.965927 -0
    outer loop
      vertex -50.8884 3.054 22.4
      vertex -51.4356 3.20062 19.4
      vertex -50.8884 3.054 19.4
    endloop
  endfacet
  facet normal -0.707177 -0.707036 0
    outer loop
      vertex -49.9109 2.48964 19.4
      vertex -49.5104 2.08906 22.4
      vertex -49.9109 2.48964 22.4
    endloop
  endfacet
  facet normal -0.707177 -0.707036 -0
    outer loop
      vertex -49.5104 2.08906 22.4
      vertex -49.9109 2.48964 19.4
      vertex -49.5104 2.08906 19.4
    endloop
  endfacet
  facet normal -0.573545 0.819174 0
    outer loop
      vertex -49.9109 -2.48964 19.4
      vertex -50.375 -2.81458 22.4
      vertex -49.9109 -2.48964 22.4
    endloop
  endfacet
  facet normal -0.573545 0.819174 0
    outer loop
      vertex -50.375 -2.81458 22.4
      vertex -49.9109 -2.48964 19.4
      vertex -50.375 -2.81458 19.4
    endloop
  endfacet
  facet normal 0.996191 0.0872 -1.77232e-19
    outer loop
      vertex -55.2006 -0.564356 22.4
      vertex -55.25 0 19.4
      vertex -55.25 0 22.4
    endloop
  endfacet
  facet normal 0.996191 0.0872 -1.77232e-19
    outer loop
      vertex -55.25 0 19.4
      vertex -55.2006 -0.564356 22.4
      vertex -55.2006 -0.564356 19.4
    endloop
  endfacet
  facet normal -0.819101 0.573649 -1.30015e-18
    outer loop
      vertex -49.5104 -2.08906 19.4
      vertex -49.1854 -1.625 22.4
      vertex -49.1854 -1.625 19.4
    endloop
  endfacet
  facet normal -0.819101 0.573649 -1.30015e-18
    outer loop
      vertex -49.1854 -1.625 22.4
      vertex -49.5104 -2.08906 19.4
      vertex -49.5104 -2.08906 22.4
    endloop
  endfacet
  facet normal 0.965936 0.258781 -2.66626e-18
    outer loop
      vertex -55.054 -1.11156 22.4
      vertex -55.2006 -0.564356 19.4
      vertex -55.2006 -0.564356 22.4
    endloop
  endfacet
  facet normal 0.965936 0.258781 -2.66626e-18
    outer loop
      vertex -55.2006 -0.564356 19.4
      vertex -55.054 -1.11156 22.4
      vertex -55.054 -1.11156 19.4
    endloop
  endfacet
  facet normal -0.258816 0.965927 0
    outer loop
      vertex -50.8884 -3.054 19.4
      vertex -51.4356 -3.20062 22.4
      vertex -50.8884 -3.054 22.4
    endloop
  endfacet
  facet normal -0.258816 0.965927 0
    outer loop
      vertex -51.4356 -3.20062 22.4
      vertex -50.8884 -3.054 19.4
      vertex -51.4356 -3.20062 19.4
    endloop
  endfacet
  facet normal -0.422644 -0.906296 0
    outer loop
      vertex -50.8884 3.054 19.4
      vertex -50.375 2.81458 22.4
      vertex -50.8884 3.054 22.4
    endloop
  endfacet
  facet normal -0.422644 -0.906296 -0
    outer loop
      vertex -50.375 2.81458 22.4
      vertex -50.8884 3.054 19.4
      vertex -50.375 2.81458 19.4
    endloop
  endfacet
  facet normal 0.258816 0.965927 -0
    outer loop
      vertex -52.5644 -3.20062 19.4
      vertex -53.1116 -3.054 22.4
      vertex -52.5644 -3.20062 22.4
    endloop
  endfacet
  facet normal 0.258816 0.965927 0
    outer loop
      vertex -53.1116 -3.054 22.4
      vertex -52.5644 -3.20062 19.4
      vertex -53.1116 -3.054 19.4
    endloop
  endfacet
  facet normal 0.422644 -0.906296 0
    outer loop
      vertex -53.625 2.81458 19.4
      vertex -53.1116 3.054 22.4
      vertex -53.625 2.81458 22.4
    endloop
  endfacet
  facet normal 0.422644 -0.906296 0
    outer loop
      vertex -53.1116 3.054 22.4
      vertex -53.625 2.81458 19.4
      vertex -53.1116 3.054 19.4
    endloop
  endfacet
  facet normal 0.422644 0.906296 -0
    outer loop
      vertex -53.1116 -3.054 19.4
      vertex -53.625 -2.81458 22.4
      vertex -53.1116 -3.054 22.4
    endloop
  endfacet
  facet normal 0.422644 0.906296 0
    outer loop
      vertex -53.625 -2.81458 22.4
      vertex -53.1116 -3.054 19.4
      vertex -53.625 -2.81458 19.4
    endloop
  endfacet
  facet normal -0.819101 -0.573649 1.30015e-18
    outer loop
      vertex -49.1854 1.625 19.4
      vertex -49.5104 2.08906 22.4
      vertex -49.5104 2.08906 19.4
    endloop
  endfacet
  facet normal -0.819101 -0.573649 1.30015e-18
    outer loop
      vertex -49.5104 2.08906 22.4
      vertex -49.1854 1.625 19.4
      vertex -49.1854 1.625 22.4
    endloop
  endfacet
  facet normal 0.819101 -0.573649 -1.30015e-18
    outer loop
      vertex -54.8146 1.625 22.4
      vertex -54.4896 2.08906 19.4
      vertex -54.4896 2.08906 22.4
    endloop
  endfacet
  facet normal 0.819101 -0.573649 -1.30015e-18
    outer loop
      vertex -54.4896 2.08906 19.4
      vertex -54.8146 1.625 22.4
      vertex -54.8146 1.625 19.4
    endloop
  endfacet
  facet normal 0.573545 0.819174 -0
    outer loop
      vertex -53.625 -2.81458 19.4
      vertex -54.0891 -2.48964 22.4
      vertex -53.625 -2.81458 22.4
    endloop
  endfacet
  facet normal 0.573545 0.819174 0
    outer loop
      vertex -54.0891 -2.48964 22.4
      vertex -53.625 -2.81458 19.4
      vertex -54.0891 -2.48964 19.4
    endloop
  endfacet
  facet normal -0.996191 0.0872 1.77232e-19
    outer loop
      vertex -48.7994 -0.564356 19.4
      vertex -48.75 0 22.4
      vertex -48.75 0 19.4
    endloop
  endfacet
  facet normal -0.996191 0.0872 1.77232e-19
    outer loop
      vertex -48.75 0 22.4
      vertex -48.7994 -0.564356 19.4
      vertex -48.7994 -0.564356 22.4
    endloop
  endfacet
  facet normal -0.573545 -0.819174 0
    outer loop
      vertex -50.375 2.81458 19.4
      vertex -49.9109 2.48964 22.4
      vertex -50.375 2.81458 22.4
    endloop
  endfacet
  facet normal -0.573545 -0.819174 -0
    outer loop
      vertex -49.9109 2.48964 22.4
      vertex -50.375 2.81458 19.4
      vertex -49.9109 2.48964 19.4
    endloop
  endfacet
  facet normal -0.0871582 -0.996194 0
    outer loop
      vertex -52 3.25 19.4
      vertex -51.4356 3.20062 22.4
      vertex -52 3.25 22.4
    endloop
  endfacet
  facet normal -0.0871582 -0.996194 -0
    outer loop
      vertex -51.4356 3.20062 22.4
      vertex -52 3.25 19.4
      vertex -51.4356 3.20062 19.4
    endloop
  endfacet
  facet normal 0.996191 -0.0872 1.77232e-19
    outer loop
      vertex -55.25 0 22.4
      vertex -55.2006 0.564356 19.4
      vertex -55.2006 0.564356 22.4
    endloop
  endfacet
  facet normal 0.996191 -0.0872 1.77232e-19
    outer loop
      vertex -55.2006 0.564356 19.4
      vertex -55.25 0 22.4
      vertex -55.25 0 19.4
    endloop
  endfacet
  facet normal 0.258816 -0.965927 0
    outer loop
      vertex -53.1116 3.054 19.4
      vertex -52.5644 3.20062 22.4
      vertex -53.1116 3.054 22.4
    endloop
  endfacet
  facet normal 0.258816 -0.965927 0
    outer loop
      vertex -52.5644 3.20062 22.4
      vertex -53.1116 3.054 19.4
      vertex -52.5644 3.20062 19.4
    endloop
  endfacet
  facet normal 0.0871582 -0.996194 0
    outer loop
      vertex -52.5644 3.20062 19.4
      vertex -52 3.25 22.4
      vertex -52.5644 3.20062 22.4
    endloop
  endfacet
  facet normal 0.0871582 -0.996194 0
    outer loop
      vertex -52 3.25 22.4
      vertex -52.5644 3.20062 19.4
      vertex -52 3.25 19.4
    endloop
  endfacet
  facet normal 0.707177 0.707036 -6.95679e-19
    outer loop
      vertex -54.0891 -2.48964 22.4
      vertex -54.4896 -2.08906 19.4
      vertex -54.4896 -2.08906 22.4
    endloop
  endfacet
  facet normal 0.707177 0.707036 -6.95679e-19
    outer loop
      vertex -54.4896 -2.08906 19.4
      vertex -54.0891 -2.48964 22.4
      vertex -54.0891 -2.48964 19.4
    endloop
  endfacet
  facet normal 0.906322 0.422588 4.41411e-20
    outer loop
      vertex -54.8146 -1.625 22.4
      vertex -55.054 -1.11156 19.4
      vertex -55.054 -1.11156 22.4
    endloop
  endfacet
  facet normal 0.906322 0.422588 4.41411e-20
    outer loop
      vertex -55.054 -1.11156 19.4
      vertex -54.8146 -1.625 22.4
      vertex -54.8146 -1.625 19.4
    endloop
  endfacet
  facet normal 0.819101 0.573649 1.30015e-18
    outer loop
      vertex -54.4896 -2.08906 22.4
      vertex -54.8146 -1.625 19.4
      vertex -54.8146 -1.625 22.4
    endloop
  endfacet
  facet normal 0.819101 0.573649 1.30015e-18
    outer loop
      vertex -54.8146 -1.625 19.4
      vertex -54.4896 -2.08906 22.4
      vertex -54.4896 -2.08906 19.4
    endloop
  endfacet
  facet normal -0.707177 0.707036 0
    outer loop
      vertex -49.5104 -2.08906 19.4
      vertex -49.9109 -2.48964 22.4
      vertex -49.5104 -2.08906 22.4
    endloop
  endfacet
  facet normal -0.707177 0.707036 0
    outer loop
      vertex -49.9109 -2.48964 22.4
      vertex -49.5104 -2.08906 19.4
      vertex -49.9109 -2.48964 19.4
    endloop
  endfacet
  facet normal 0.965936 -0.258781 2.66626e-18
    outer loop
      vertex -55.2006 0.564356 22.4
      vertex -55.054 1.11156 19.4
      vertex -55.054 1.11156 22.4
    endloop
  endfacet
  facet normal 0.965936 -0.258781 2.66626e-18
    outer loop
      vertex -55.054 1.11156 19.4
      vertex -55.2006 0.564356 22.4
      vertex -55.2006 0.564356 19.4
    endloop
  endfacet
  facet normal 0.707177 -0.707036 6.95679e-19
    outer loop
      vertex -54.4896 2.08906 22.4
      vertex -54.0891 2.48964 19.4
      vertex -54.0891 2.48964 22.4
    endloop
  endfacet
  facet normal 0.707177 -0.707036 6.95679e-19
    outer loop
      vertex -54.0891 2.48964 19.4
      vertex -54.4896 2.08906 22.4
      vertex -54.4896 2.08906 19.4
    endloop
  endfacet
  facet normal -1 0 0
    outer loop
      vertex 36 -9 -0.9
      vertex 36 9 0.9
      vertex 36 9 -0.9
    endloop
  endfacet
  facet normal -1 -0 0
    outer loop
      vertex 36 9 0.9
      vertex 36 -9 -0.9
      vertex 36 -9 0.9
    endloop
  endfacet
  facet normal 1 -0 0
    outer loop
      vertex 32 -9 0.9
      vertex 32 9 -0.9
      vertex 32 9 0.9
    endloop
  endfacet
  facet normal 1 0 0
    outer loop
      vertex 32 9 -0.9
      vertex 32 -9 0.9
      vertex 32 -9 -0.9
    endloop
  endfacet
  facet normal 0 -1 0
    outer loop
      vertex 32 9 -0.9
      vertex 36 9 0.9
      vertex 32 9 0.9
    endloop
  endfacet
  facet normal 0 -1 -0
    outer loop
      vertex 36 9 0.9
      vertex 32 9 -0.9
      vertex 36 9 -0.9
    endloop
  endfacet
  facet normal 0 1 -0
    outer loop
      vertex 36 -9 -0.9
      vertex 32 -9 0.9
      vertex 36 -9 0.9
    endloop
  endfacet
  facet normal 0 1 0
    outer loop
      vertex 32 -9 0.9
      vertex 36 -9 -0.9
      vertex 32 -9 -0.9
    endloop
  endfacet
  facet normal 0.0871705 -0.996193 0
    outer loop
      vertex -27.3473 -2.03039 -0.9
      vertex -27 -2 0.9
      vertex -27.3473 -2.03039 0.9
    endloop
  endfacet
  facet normal 0.0871705 -0.996193 0
    outer loop
      vertex -27 -2 0.9
      vertex -27.3473 -2.03039 -0.9
      vertex -27 -2 -0.9
    endloop
  endfacet
  facet normal 0.422728 0.906256 -0
    outer loop
      vertex -27.684 -13.8794 -0.9
      vertex -28 -13.732 0.9
      vertex -27.684 -13.8794 0.9
    endloop
  endfacet
  facet normal 0.422728 0.906256 0
    outer loop
      vertex -28 -13.732 0.9
      vertex -27.684 -13.8794 -0.9
      vertex -28 -13.732 -0.9
    endloop
  endfacet
  facet normal -0.81915 -0.57358 -4.86816e-18
    outer loop
      vertex -5.26795 -3 -0.9
      vertex -5.46791 -2.71443 0.9
      vertex -5.46791 -2.71443 -0.9
    endloop
  endfacet
  facet normal -0.81915 -0.57358 -4.86816e-18
    outer loop
      vertex -5.46791 -2.71443 0.9
      vertex -5.26795 -3 -0.9
      vertex -5.26795 -3 0.9
    endloop
  endfacet
  facet normal -0.996193 0.0871705 -7.672e-19
    outer loop
      vertex -5.03039 -12.3473 -0.9
      vertex -5 -12 0.9
      vertex -5 -12 -0.9
    endloop
  endfacet
  facet normal -0.996193 0.0871705 -7.672e-19
    outer loop
      vertex -5 -12 0.9
      vertex -5.03039 -12.3473 -0.9
      vertex -5.03039 -12.3473 0.9
    endloop
  endfacet
  facet normal 1 0 0
    outer loop
      vertex -29 -9.84058 0.66
      vertex -29 -4 0.9
      vertex -29 -9.84058 0.9
    endloop
  endfacet
  facet normal 1 0 0
    outer loop
      vertex -29 -4 0.9
      vertex -29 -9.84058 0.66
      vertex -29 -4 -0.9
    endloop
  endfacet
  facet normal 1 0 0
    outer loop
      vertex -29 -12 -0.9
      vertex -29 -9.84058 0.66
      vertex -29 -12 0.66
    endloop
  endfacet
  facet normal 1 0 0
    outer loop
      vertex -29 -9.84058 0.66
      vertex -29 -12 -0.9
      vertex -29 -4 -0.9
    endloop
  endfacet
  facet normal 0 -1 0
    outer loop
      vertex -27 -2 -0.9
      vertex -7 -2 0.9
      vertex -27 -2 0.9
    endloop
  endfacet
  facet normal 0 -1 -0
    outer loop
      vertex -7 -2 0.9
      vertex -27 -2 -0.9
      vertex -7 -2 -0.9
    endloop
  endfacet
  facet normal 0.573424 0.819259 -0
    outer loop
      vertex -28 -13.732 -0.9
      vertex -28.2856 -13.5321 0.9
      vertex -28 -13.732 0.9
    endloop
  endfacet
  facet normal 0.573424 0.819259 0
    outer loop
      vertex -28.2856 -13.5321 0.9
      vertex -28 -13.732 -0.9
      vertex -28.2856 -13.5321 -0.9
    endloop
  endfacet
  facet normal -0.707107 -0.707107 4.98014e-18
    outer loop
      vertex -5.46791 -2.71443 -0.9
      vertex -5.71443 -2.46791 0.9
      vertex -5.71443 -2.46791 -0.9
    endloop
  endfacet
  facet normal -0.707107 -0.707107 4.98014e-18
    outer loop
      vertex -5.71443 -2.46791 0.9
      vertex -5.46791 -2.71443 -0.9
      vertex -5.46791 -2.71443 0.9
    endloop
  endfacet
  facet normal 0.819231 -0.573464 -7.21828e-19
    outer loop
      vertex -28.732 -3 0.9
      vertex -28.5321 -2.71443 -0.9
      vertex -28.5321 -2.71443 0.9
    endloop
  endfacet
  facet normal 0.819231 -0.573464 -7.21828e-19
    outer loop
      vertex -28.5321 -2.71443 -0.9
      vertex -28.732 -3 0.9
      vertex -28.732 -3 -0.9
    endloop
  endfacet
  facet normal 0.25877 0.965939 -0
    outer loop
      vertex -27.3473 -13.9696 -0.9
      vertex -27.684 -13.8794 0.9
      vertex -27.3473 -13.9696 0.9
    endloop
  endfacet
  facet normal 0.25877 0.965939 0
    outer loop
      vertex -27.684 -13.8794 0.9
      vertex -27.3473 -13.9696 -0.9
      vertex -27.684 -13.8794 -0.9
    endloop
  endfacet
  facet normal 0.906236 -0.422772 -2.93029e-18
    outer loop
      vertex -28.8794 -3.31596 0.9
      vertex -28.732 -3 -0.9
      vertex -28.732 -3 0.9
    endloop
  endfacet
  facet normal 0.906236 -0.422772 -2.93029e-18
    outer loop
      vertex -28.732 -3 -0.9
      vertex -28.8794 -3.31596 0.9
      vertex -28.8794 -3.31596 -0.9
    endloop
  endfacet
  facet normal -0.0871705 -0.996193 0
    outer loop
      vertex -7 -2 -0.9
      vertex -6.6527 -2.03039 0.9
      vertex -7 -2 0.9
    endloop
  endfacet
  facet normal -0.0871705 -0.996193 -0
    outer loop
      vertex -6.6527 -2.03039 0.9
      vertex -7 -2 -0.9
      vertex -6.6527 -2.03039 -0.9
    endloop
  endfacet
  facet normal -0.422772 0.906236 0
    outer loop
      vertex -6 -13.732 -0.9
      vertex -6.31596 -13.8794 0.9
      vertex -6 -13.732 0.9
    endloop
  endfacet
  facet normal -0.422772 0.906236 0
    outer loop
      vertex -6.31596 -13.8794 0.9
      vertex -6 -13.732 -0.9
      vertex -6.31596 -13.8794 -0.9
    endloop
  endfacet
  facet normal 0 1 -0
    outer loop
      vertex -7 -14 -0.9
      vertex -27 -14 0.9
      vertex -7 -14 0.9
    endloop
  endfacet
  facet normal 0 1 0
    outer loop
      vertex -27 -14 0.9
      vertex -7 -14 -0.9
      vertex -27 -14 -0.9
    endloop
  endfacet
  facet normal 0.90627 0.4227 0
    outer loop
      vertex -28.7945 -12.866 0.9
      vertex -28.732 -13 0.9
      vertex -28.7945 -12.866 0.66
    endloop
  endfacet
  facet normal 0.906247 0.422749 1.44783e-18
    outer loop
      vertex -28.7945 -12.866 0.66
      vertex -28.8794 -12.684 -0.9
      vertex -28.8794 -12.684 0.66
    endloop
  endfacet
  facet normal 0.90627 0.4227 -0
    outer loop
      vertex -28.732 -13 -0.9
      vertex -28.7945 -12.866 0.66
      vertex -28.732 -13 0.9
    endloop
  endfacet
  facet normal 0.906256 0.422728 -2.94144e-06
    outer loop
      vertex -28.7945 -12.866 0.66
      vertex -28.732 -13 -0.9
      vertex -28.8794 -12.684 -0.9
    endloop
  endfacet
  facet normal 0.422564 -0.906333 0
    outer loop
      vertex -28 -2.26795 -0.9
      vertex -27.684 -2.12062 0.9
      vertex -28 -2.26795 0.9
    endloop
  endfacet
  facet normal 0.422564 -0.906333 0
    outer loop
      vertex -27.684 -2.12062 0.9
      vertex -28 -2.26795 -0.9
      vertex -27.684 -2.12062 -0.9
    endloop
  endfacet
  facet normal -0.258821 -0.965925 0
    outer loop
      vertex -6.6527 -2.03039 -0.9
      vertex -6.31596 -2.12062 0.9
      vertex -6.6527 -2.03039 0.9
    endloop
  endfacet
  facet normal -0.258821 -0.965925 -0
    outer loop
      vertex -6.31596 -2.12062 0.9
      vertex -6.6527 -2.03039 -0.9
      vertex -6.31596 -2.12062 -0.9
    endloop
  endfacet
  facet normal -0.906313 -0.422607 -3.45429e-18
    outer loop
      vertex -5.12062 -3.31596 -0.9
      vertex -5.26795 -3 0.9
      vertex -5.26795 -3 -0.9
    endloop
  endfacet
  facet normal -0.906313 -0.422607 -3.45429e-18
    outer loop
      vertex -5.26795 -3 0.9
      vertex -5.12062 -3.31596 -0.9
      vertex -5.12062 -3.31596 0.9
    endloop
  endfacet
  facet normal 0.965947 -0.258741 -8.92852e-19
    outer loop
      vertex -28.9696 -3.6527 0.9
      vertex -28.8794 -3.31596 -0.9
      vertex -28.8794 -3.31596 0.9
    endloop
  endfacet
  facet normal 0.965947 -0.258741 -8.92852e-19
    outer loop
      vertex -28.8794 -3.31596 -0.9
      vertex -28.9696 -3.6527 0.9
      vertex -28.9696 -3.6527 -0.9
    endloop
  endfacet
  facet normal -0.819178 0.573539 3.81646e-18
    outer loop
      vertex -5.46791 -13.2856 -0.9
      vertex -5.26795 -13 0.9
      vertex -5.26795 -13 -0.9
    endloop
  endfacet
  facet normal -0.819178 0.573539 3.81646e-18
    outer loop
      vertex -5.26795 -13 0.9
      vertex -5.46791 -13.2856 -0.9
      vertex -5.46791 -13.2856 0.9
    endloop
  endfacet
  facet normal 0.087199 0.996191 -0
    outer loop
      vertex -27 -14 -0.9
      vertex -27.3473 -13.9696 0.9
      vertex -27 -14 0.9
    endloop
  endfacet
  facet normal 0.087199 0.996191 0
    outer loop
      vertex -27.3473 -13.9696 0.9
      vertex -27 -14 -0.9
      vertex -27.3473 -13.9696 -0.9
    endloop
  endfacet
  facet normal -0.965918 0.25885 9.13476e-19
    outer loop
      vertex -5.12062 -12.684 -0.9
      vertex -5.03039 -12.3473 0.9
      vertex -5.03039 -12.3473 -0.9
    endloop
  endfacet
  facet normal -0.965918 0.25885 9.13476e-19
    outer loop
      vertex -5.03039 -12.3473 0.9
      vertex -5.12062 -12.684 -0.9
      vertex -5.12062 -12.684 0.9
    endloop
  endfacet
  facet normal -0.996193 -0.0871705 1.58595e-19
    outer loop
      vertex -5 -4 -0.9
      vertex -5.03039 -3.6527 0.9
      vertex -5.03039 -3.6527 -0.9
    endloop
  endfacet
  facet normal -0.996193 -0.0871705 1.58595e-19
    outer loop
      vertex -5.03039 -3.6527 0.9
      vertex -5 -4 -0.9
      vertex -5 -4 0.9
    endloop
  endfacet
  facet normal -0.965925 -0.258821 8.9803e-19
    outer loop
      vertex -5.03039 -3.6527 -0.9
      vertex -5.12062 -3.31596 0.9
      vertex -5.12062 -3.31596 -0.9
    endloop
  endfacet
  facet normal -0.965925 -0.258821 8.9803e-19
    outer loop
      vertex -5.12062 -3.31596 0.9
      vertex -5.03039 -3.6527 -0.9
      vertex -5.03039 -3.6527 0.9
    endloop
  endfacet
  facet normal 0.707107 0.707107 -7.69299e-19
    outer loop
      vertex -28.2856 -13.5321 0.9
      vertex -28.5321 -13.2856 -0.9
      vertex -28.5321 -13.2856 0.9
    endloop
  endfacet
  facet normal 0.707107 0.707107 -7.69299e-19
    outer loop
      vertex -28.5321 -13.2856 -0.9
      vertex -28.2856 -13.5321 0.9
      vertex -28.2856 -13.5321 -0.9
    endloop
  endfacet
  facet normal 0.965939 0.25877 2.77208e-18
    outer loop
      vertex -28.8794 -12.684 0.66
      vertex -28.9696 -12.3473 -0.9
      vertex -28.9696 -12.3473 0.66
    endloop
  endfacet
  facet normal 0.965939 0.25877 2.77208e-18
    outer loop
      vertex -28.9696 -12.3473 -0.9
      vertex -28.8794 -12.684 0.66
      vertex -28.8794 -12.684 -0.9
    endloop
  endfacet
  facet normal 0.996191 -0.087199 -6.69046e-19
    outer loop
      vertex -29 -4 0.9
      vertex -28.9696 -3.6527 -0.9
      vertex -28.9696 -3.6527 0.9
    endloop
  endfacet
  facet normal 0.996191 -0.087199 -6.69046e-19
    outer loop
      vertex -28.9696 -3.6527 -0.9
      vertex -29 -4 0.9
      vertex -29 -4 -0.9
    endloop
  endfacet
  facet normal 0.819259 0.573424 -3.2717e-18
    outer loop
      vertex -28.5321 -13.2856 0.9
      vertex -28.732 -13 -0.9
      vertex -28.732 -13 0.9
    endloop
  endfacet
  facet normal 0.819259 0.573424 -3.2717e-18
    outer loop
      vertex -28.732 -13 -0.9
      vertex -28.5321 -13.2856 0.9
      vertex -28.5321 -13.2856 -0.9
    endloop
  endfacet
  facet normal 0.996191 0.087199 1.46604e-18
    outer loop
      vertex -28.9696 -12.3473 0.66
      vertex -29 -12 -0.9
      vertex -29 -12 0.66
    endloop
  endfacet
  facet normal 0.996191 0.087199 1.46604e-18
    outer loop
      vertex -29 -12 -0.9
      vertex -28.9696 -12.3473 0.66
      vertex -28.9696 -12.3473 -0.9
    endloop
  endfacet
  facet normal -1 0 0
    outer loop
      vertex -5 -12 -0.9
      vertex -5 -4 0.9
      vertex -5 -4 -0.9
    endloop
  endfacet
  facet normal -1 -0 0
    outer loop
      vertex -5 -4 0.9
      vertex -5 -12 -0.9
      vertex -5 -12 0.9
    endloop
  endfacet
  facet normal -0.258741 0.965947 0
    outer loop
      vertex -6.31596 -13.8794 -0.9
      vertex -6.6527 -13.9696 0.9
      vertex -6.31596 -13.8794 0.9
    endloop
  endfacet
  facet normal -0.258741 0.965947 0
    outer loop
      vertex -6.6527 -13.9696 0.9
      vertex -6.31596 -13.8794 -0.9
      vertex -6.6527 -13.9696 -0.9
    endloop
  endfacet
  facet normal -0.707078 0.707135 1.54233e-18
    outer loop
      vertex -5.71443 -13.5321 -0.9
      vertex -5.46791 -13.2856 0.9
      vertex -5.46791 -13.2856 -0.9
    endloop
  endfacet
  facet normal -0.707078 0.707135 1.54233e-18
    outer loop
      vertex -5.46791 -13.2856 0.9
      vertex -5.71443 -13.5321 -0.9
      vertex -5.71443 -13.5321 0.9
    endloop
  endfacet
  facet normal -0.906333 0.422564 -6.59811e-19
    outer loop
      vertex -5.26795 -13 -0.9
      vertex -5.12062 -12.684 0.9
      vertex -5.12062 -12.684 -0.9
    endloop
  endfacet
  facet normal -0.906333 0.422564 -6.59811e-19
    outer loop
      vertex -5.12062 -12.684 0.9
      vertex -5.26795 -13 -0.9
      vertex -5.26795 -13 0.9
    endloop
  endfacet
  facet normal 0.25885 -0.965918 0
    outer loop
      vertex -27.684 -2.12062 -0.9
      vertex -27.3473 -2.03039 0.9
      vertex -27.684 -2.12062 0.9
    endloop
  endfacet
  facet normal 0.25885 -0.965918 0
    outer loop
      vertex -27.3473 -2.03039 0.9
      vertex -27.684 -2.12062 -0.9
      vertex -27.3473 -2.03039 -0.9
    endloop
  endfacet
  facet normal -0.573464 0.819231 0
    outer loop
      vertex -5.71443 -13.5321 -0.9
      vertex -6 -13.732 0.9
      vertex -5.71443 -13.5321 0.9
    endloop
  endfacet
  facet normal -0.573464 0.819231 0
    outer loop
      vertex -6 -13.732 0.9
      vertex -5.71443 -13.5321 -0.9
      vertex -6 -13.732 -0.9
    endloop
  endfacet
  facet normal -0.422607 -0.906313 0
    outer loop
      vertex -6.31596 -2.12062 -0.9
      vertex -6 -2.26795 0.9
      vertex -6.31596 -2.12062 0.9
    endloop
  endfacet
  facet normal -0.422607 -0.906313 -0
    outer loop
      vertex -6 -2.26795 0.9
      vertex -6.31596 -2.12062 -0.9
      vertex -6 -2.26795 -0.9
    endloop
  endfacet
  facet normal 0.707135 -0.707078 2.74896e-18
    outer loop
      vertex -28.5321 -2.71443 0.9
      vertex -28.2856 -2.46791 -0.9
      vertex -28.2856 -2.46791 0.9
    endloop
  endfacet
  facet normal 0.707135 -0.707078 2.74896e-18
    outer loop
      vertex -28.2856 -2.46791 -0.9
      vertex -28.5321 -2.71443 0.9
      vertex -28.5321 -2.71443 -0.9
    endloop
  endfacet
  facet normal -0.57358 -0.81915 0
    outer loop
      vertex -6 -2.26795 -0.9
      vertex -5.71443 -2.46791 0.9
      vertex -6 -2.26795 0.9
    endloop
  endfacet
  facet normal -0.57358 -0.81915 -0
    outer loop
      vertex -5.71443 -2.46791 0.9
      vertex -6 -2.26795 -0.9
      vertex -5.71443 -2.46791 -0.9
    endloop
  endfacet
  facet normal -0.087199 0.996191 0
    outer loop
      vertex -6.6527 -13.9696 -0.9
      vertex -7 -14 0.9
      vertex -6.6527 -13.9696 0.9
    endloop
  endfacet
  facet normal -0.087199 0.996191 0
    outer loop
      vertex -7 -14 0.9
      vertex -6.6527 -13.9696 -0.9
      vertex -7 -14 -0.9
    endloop
  endfacet
  facet normal 0.573539 -0.819178 0
    outer loop
      vertex -28.2856 -2.46791 -0.9
      vertex -28 -2.26795 0.9
      vertex -28.2856 -2.46791 0.9
    endloop
  endfacet
  facet normal 0.573539 -0.819178 0
    outer loop
      vertex -28 -2.26795 0.9
      vertex -28.2856 -2.46791 -0.9
      vertex -28 -2.26795 -0.9
    endloop
  endfacet
  facet normal -1 0 0
    outer loop
      vertex 9 -11 -0.9
      vertex 9 -5 0.9
      vertex 9 -5 -0.9
    endloop
  endfacet
  facet normal -1 -0 0
    outer loop
      vertex 9 -5 0.9
      vertex 9 -11 -0.9
      vertex 9 -11 0.9
    endloop
  endfacet
  facet normal 1 -0 0
    outer loop
      vertex -3 -11 0.9
      vertex -3 -5 -0.9
      vertex -3 -5 0.9
    endloop
  endfacet
  facet normal 1 0 0
    outer loop
      vertex -3 -5 -0.9
      vertex -3 -11 0.9
      vertex -3 -11 -0.9
    endloop
  endfacet
  facet normal 0 -1 0
    outer loop
      vertex -3 -5 -0.9
      vertex 9 -5 0.9
      vertex -3 -5 0.9
    endloop
  endfacet
  facet normal 0 -1 -0
    outer loop
      vertex 9 -5 0.9
      vertex -3 -5 -0.9
      vertex 9 -5 -0.9
    endloop
  endfacet
  facet normal 0 1 -0
    outer loop
      vertex 9 -11 -0.9
      vertex -3 -11 0.9
      vertex 9 -11 0.9
    endloop
  endfacet
  facet normal 0 1 0
    outer loop
      vertex -3 -11 0.9
      vertex 9 -11 -0.9
      vertex -3 -11 -0.9
    endloop
  endfacet
  facet normal -0.258802 0.96593 0
    outer loop
      vertex -31.4515 -8.9395 0.9
      vertex -31.8893 -9.0568 5.4
      vertex -31.4515 -8.9395 5.4
    endloop
  endfacet
  facet normal -0.258802 0.96593 0
    outer loop
      vertex -31.8893 -9.0568 5.4
      vertex -31.4515 -8.9395 0.9
      vertex -31.8893 -9.0568 0.9
    endloop
  endfacet
  facet normal 0.96593 0.258802 1.33889e-18
    outer loop
      vertex -28.4395 -11.0485 5.4
      vertex -28.5568 -10.6107 0.66
      vertex -28.5568 -10.6107 5.4
    endloop
  endfacet
  facet normal 0.96593 0.258802 1.33889e-18
    outer loop
      vertex -28.5568 -10.6107 0.66
      vertex -28.4395 -11.0485 5.4
      vertex -28.4395 -11.0485 0.66
    endloop
  endfacet
  facet normal 0.996195 0.0871533 -6.67906e-19
    outer loop
      vertex -28.4 -11.5 5.4
      vertex -28.4395 -11.0485 0.66
      vertex -28.4395 -11.0485 5.4
    endloop
  endfacet
  facet normal 0.996195 0.0871533 -6.67906e-19
    outer loop
      vertex -28.4395 -11.0485 0.66
      vertex -28.4 -11.5 5.4
      vertex -28.4 -11.5 0.66
    endloop
  endfacet
  facet normal 0.906318 0.422596 2.40129e-18
    outer loop
      vertex -28.5568 -10.6107 5.4
      vertex -28.7483 -10.2 0.66
      vertex -28.7483 -10.2 5.4
    endloop
  endfacet
  facet normal 0.906318 0.422596 2.40129e-18
    outer loop
      vertex -28.7483 -10.2 0.66
      vertex -28.5568 -10.6107 5.4
      vertex -28.5568 -10.6107 0.66
    endloop
  endfacet
  facet normal 0.0871533 -0.996195 0
    outer loop
      vertex -31 -14.1 0.9
      vertex -30.5485 -14.0605 5.4
      vertex -31 -14.1 5.4
    endloop
  endfacet
  facet normal 0.0871533 -0.996195 0
    outer loop
      vertex -30.5485 -14.0605 5.4
      vertex -31 -14.1 0.9
      vertex -30.5485 -14.0605 0.9
    endloop
  endfacet
  facet normal -0.996195 -0.0871533 4.26014e-19
    outer loop
      vertex -33.5605 -11.9515 0.9
      vertex -33.6 -11.5 5.4
      vertex -33.6 -11.5 0.9
    endloop
  endfacet
  facet normal -0.996195 -0.0871533 4.26014e-19
    outer loop
      vertex -33.6 -11.5 5.4
      vertex -33.5605 -11.9515 0.9
      vertex -33.5605 -11.9515 5.4
    endloop
  endfacet
  facet normal 0.996195 -0.0871533 6.67906e-19
    outer loop
      vertex -28.4395 -11.9515 5.4
      vertex -28.4 -11.5 0.66
      vertex -28.4 -11.5 5.4
    endloop
  endfacet
  facet normal 0.996195 -0.0871533 6.67906e-19
    outer loop
      vertex -28.4 -11.5 0.66
      vertex -28.4395 -11.9515 5.4
      vertex -28.4395 -11.9515 0.66
    endloop
  endfacet
  facet normal 0.818614 0.574344 0
    outer loop
      vertex -29.0083 -9.82875 5.4
      vertex -29 -9.84058 0.9
      vertex -29.0083 -9.82875 0.9
    endloop
  endfacet
  facet normal 0.819102 0.573647 2.73341e-06
    outer loop
      vertex -28.7483 -10.2 5.4
      vertex -29 -9.84058 0.9
      vertex -29.0083 -9.82875 5.4
    endloop
  endfacet
  facet normal 0.819118 0.573624 -0
    outer loop
      vertex -28.7483 -10.2 0.66
      vertex -29 -9.84058 0.9
      vertex -28.7483 -10.2 5.4
    endloop
  endfacet
  facet normal 0.819118 0.573624 0
    outer loop
      vertex -29 -9.84058 0.9
      vertex -28.7483 -10.2 0.66
      vertex -29 -9.84058 0.66
    endloop
  endfacet
  facet normal -0.707074 0.70714 -2.29165e-19
    outer loop
      vertex -32.9917 -9.82875 0.9
      vertex -32.6712 -9.50828 5.4
      vertex -32.6712 -9.50828 0.9
    endloop
  endfacet
  facet normal -0.707074 0.70714 -2.29165e-19
    outer loop
      vertex -32.6712 -9.50828 5.4
      vertex -32.9917 -9.82875 0.9
      vertex -32.9917 -9.82875 5.4
    endloop
  endfacet
  facet normal 0.422596 -0.906318 0
    outer loop
      vertex -30.1107 -13.9432 0.9
      vertex -29.7 -13.7517 5.4
      vertex -30.1107 -13.9432 5.4
    endloop
  endfacet
  facet normal 0.422596 -0.906318 0
    outer loop
      vertex -29.7 -13.7517 5.4
      vertex -30.1107 -13.9432 0.9
      vertex -29.7 -13.7517 0.9
    endloop
  endfacet
  facet normal -0.422596 -0.906318 0
    outer loop
      vertex -32.3 -13.7517 0.9
      vertex -31.8893 -13.9432 5.4
      vertex -32.3 -13.7517 5.4
    endloop
  endfacet
  facet normal -0.422596 -0.906318 -0
    outer loop
      vertex -31.8893 -13.9432 5.4
      vertex -32.3 -13.7517 0.9
      vertex -31.8893 -13.9432 0.9
    endloop
  endfacet
  facet normal 0.819232 -0.573462 0
    outer loop
      vertex -28.7483 -12.8 5.4
      vertex -28.7945 -12.866 0.9
      vertex -28.7483 -12.8 0.66
    endloop
  endfacet
  facet normal 0.819066 -0.573699 5.178e-06
    outer loop
      vertex -29.0083 -13.1712 5.4
      vertex -28.7945 -12.866 0.9
      vertex -28.7483 -12.8 5.4
    endloop
  endfacet
  facet normal 0.81903 -0.57375 -3.04201e-18
    outer loop
      vertex -28.7945 -12.866 0.9
      vertex -29.0083 -13.1712 5.4
      vertex -29.0083 -13.1712 0.9
    endloop
  endfacet
  facet normal 0.819232 -0.573462 1.06936e-17
    outer loop
      vertex -28.7483 -12.8 0.66
      vertex -28.7945 -12.866 0.9
      vertex -28.7945 -12.866 0.66
    endloop
  endfacet
  facet normal 0.96593 -0.258802 -1.33889e-18
    outer loop
      vertex -28.5568 -12.3893 5.4
      vertex -28.4395 -11.9515 0.66
      vertex -28.4395 -11.9515 5.4
    endloop
  endfacet
  facet normal 0.96593 -0.258802 -1.33889e-18
    outer loop
      vertex -28.4395 -11.9515 0.66
      vertex -28.5568 -12.3893 5.4
      vertex -28.5568 -12.3893 0.66
    endloop
  endfacet
  facet normal -0.573625 0.819118 0
    outer loop
      vertex -32.3 -9.24833 0.9
      vertex -32.6712 -9.50828 5.4
      vertex -32.3 -9.24833 5.4
    endloop
  endfacet
  facet normal -0.573625 0.819118 0
    outer loop
      vertex -32.6712 -9.50828 5.4
      vertex -32.3 -9.24833 0.9
      vertex -32.6712 -9.50828 0.9
    endloop
  endfacet
  facet normal -0.96593 -0.258802 1.41029e-18
    outer loop
      vertex -33.4432 -12.3893 0.9
      vertex -33.5605 -11.9515 5.4
      vertex -33.5605 -11.9515 0.9
    endloop
  endfacet
  facet normal -0.96593 -0.258802 1.41029e-18
    outer loop
      vertex -33.5605 -11.9515 5.4
      vertex -33.4432 -12.3893 0.9
      vertex -33.4432 -12.3893 5.4
    endloop
  endfacet
  facet normal 0.258802 -0.96593 0
    outer loop
      vertex -30.5485 -14.0605 0.9
      vertex -30.1107 -13.9432 5.4
      vertex -30.5485 -14.0605 5.4
    endloop
  endfacet
  facet normal 0.258802 -0.96593 0
    outer loop
      vertex -30.1107 -13.9432 5.4
      vertex -30.5485 -14.0605 0.9
      vertex -30.1107 -13.9432 0.9
    endloop
  endfacet
  facet normal 0.707107 -0.707107 2.85834e-18
    outer loop
      vertex -29.3288 -13.4917 5.4
      vertex -29.0083 -13.1712 0.9
      vertex -29.0083 -13.1712 5.4
    endloop
  endfacet
  facet normal 0.707107 -0.707107 2.85834e-18
    outer loop
      vertex -29.0083 -13.1712 0.9
      vertex -29.3288 -13.4917 5.4
      vertex -29.3288 -13.4917 0.9
    endloop
  endfacet
  facet normal -0.42265 0.906293 0
    outer loop
      vertex -31.8893 -9.0568 0.9
      vertex -32.3 -9.24833 5.4
      vertex -31.8893 -9.0568 5.4
    endloop
  endfacet
  facet normal -0.42265 0.906293 0
    outer loop
      vertex -32.3 -9.24833 5.4
      vertex -31.8893 -9.0568 0.9
      vertex -32.3 -9.24833 0.9
    endloop
  endfacet
  facet normal 0.0871533 0.996195 -0
    outer loop
      vertex -30.5485 -8.9395 0.9
      vertex -31 -8.9 5.4
      vertex -30.5485 -8.9395 5.4
    endloop
  endfacet
  facet normal 0.0871533 0.996195 0
    outer loop
      vertex -31 -8.9 5.4
      vertex -30.5485 -8.9395 0.9
      vertex -31 -8.9 0.9
    endloop
  endfacet
  facet normal -0.906318 -0.422596 -3.32887e-18
    outer loop
      vertex -33.2517 -12.8 0.9
      vertex -33.4432 -12.3893 5.4
      vertex -33.4432 -12.3893 0.9
    endloop
  endfacet
  facet normal -0.906318 -0.422596 -3.32887e-18
    outer loop
      vertex -33.4432 -12.3893 5.4
      vertex -33.2517 -12.8 0.9
      vertex -33.2517 -12.8 5.4
    endloop
  endfacet
  facet normal 0.258802 0.96593 -0
    outer loop
      vertex -30.1107 -9.0568 0.9
      vertex -30.5485 -8.9395 5.4
      vertex -30.1107 -9.0568 5.4
    endloop
  endfacet
  facet normal 0.258802 0.96593 0
    outer loop
      vertex -30.5485 -8.9395 5.4
      vertex -30.1107 -9.0568 0.9
      vertex -30.5485 -8.9395 0.9
    endloop
  endfacet
  facet normal -0.819066 -0.573699 -1.80171e-18
    outer loop
      vertex -32.9917 -13.1712 0.9
      vertex -33.2517 -12.8 5.4
      vertex -33.2517 -12.8 0.9
    endloop
  endfacet
  facet normal -0.819066 -0.573699 -1.80171e-18
    outer loop
      vertex -33.2517 -12.8 5.4
      vertex -32.9917 -13.1712 0.9
      vertex -32.9917 -13.1712 5.4
    endloop
  endfacet
  facet normal 0.573625 0.819118 -0
    outer loop
      vertex -29.3288 -9.50828 0.9
      vertex -29.7 -9.24833 5.4
      vertex -29.3288 -9.50828 5.4
    endloop
  endfacet
  facet normal 0.573625 0.819118 0
    outer loop
      vertex -29.7 -9.24833 5.4
      vertex -29.3288 -9.50828 0.9
      vertex -29.7 -9.24833 0.9
    endloop
  endfacet
  facet normal -0.258802 -0.96593 0
    outer loop
      vertex -31.8893 -13.9432 0.9
      vertex -31.4515 -14.0605 5.4
      vertex -31.8893 -13.9432 5.4
    endloop
  endfacet
  facet normal -0.258802 -0.96593 -0
    outer loop
      vertex -31.4515 -14.0605 5.4
      vertex -31.8893 -13.9432 0.9
      vertex -31.4515 -14.0605 0.9
    endloop
  endfacet
  facet normal 0.906318 -0.422596 -2.40129e-18
    outer loop
      vertex -28.7483 -12.8 5.4
      vertex -28.5568 -12.3893 0.66
      vertex -28.5568 -12.3893 5.4
    endloop
  endfacet
  facet normal 0.906318 -0.422596 -2.40129e-18
    outer loop
      vertex -28.5568 -12.3893 0.66
      vertex -28.7483 -12.8 5.4
      vertex -28.7483 -12.8 0.66
    endloop
  endfacet
  facet normal 0.707074 0.70714 2.29165e-19
    outer loop
      vertex -29.0083 -9.82875 5.4
      vertex -29.3288 -9.50828 0.9
      vertex -29.3288 -9.50828 5.4
    endloop
  endfacet
  facet normal 0.707074 0.70714 2.29165e-19
    outer loop
      vertex -29.3288 -9.50828 0.9
      vertex -29.0083 -9.82875 5.4
      vertex -29.0083 -9.82875 0.9
    endloop
  endfacet
  facet normal -0.906318 0.422596 3.32887e-18
    outer loop
      vertex -33.4432 -10.6107 0.9
      vertex -33.2517 -10.2 5.4
      vertex -33.2517 -10.2 0.9
    endloop
  endfacet
  facet normal -0.906318 0.422596 3.32887e-18
    outer loop
      vertex -33.2517 -10.2 5.4
      vertex -33.4432 -10.6107 0.9
      vertex -33.4432 -10.6107 5.4
    endloop
  endfacet
  facet normal -0.573699 -0.819066 0
    outer loop
      vertex -32.6712 -13.4917 0.9
      vertex -32.3 -13.7517 5.4
      vertex -32.6712 -13.4917 5.4
    endloop
  endfacet
  facet normal -0.573699 -0.819066 -0
    outer loop
      vertex -32.3 -13.7517 5.4
      vertex -32.6712 -13.4917 0.9
      vertex -32.3 -13.7517 0.9
    endloop
  endfacet
  facet normal 0 0 -1
    outer loop
      vertex -29 -12 0.66
      vertex -28.4 -11.5 0.66
      vertex -28.4395 -11.9515 0.66
    endloop
  endfacet
  facet normal 0 0 -1
    outer loop
      vertex -29 -12 0.66
      vertex -28.4395 -11.9515 0.66
      vertex -28.5568 -12.3893 0.66
    endloop
  endfacet
  facet normal -0 0 -1
    outer loop
      vertex -28.4 -11.5 0.66
      vertex -29 -12 0.66
      vertex -28.4395 -11.0485 0.66
    endloop
  endfacet
  facet normal 0 0 -1
    outer loop
      vertex -28.8794 -12.684 0.66
      vertex -28.5568 -12.3893 0.66
      vertex -28.7483 -12.8 0.66
    endloop
  endfacet
  facet normal -0 0 -1
    outer loop
      vertex -28.4395 -11.0485 0.66
      vertex -29 -12 0.66
      vertex -28.5568 -10.6107 0.66
    endloop
  endfacet
  facet normal 0 0 -1
    outer loop
      vertex -28.8794 -12.684 0.66
      vertex -28.7483 -12.8 0.66
      vertex -28.7945 -12.866 0.66
    endloop
  endfacet
  facet normal -0 0 -1
    outer loop
      vertex -28.5568 -12.3893 0.66
      vertex -28.8794 -12.684 0.66
      vertex -28.9696 -12.3473 0.66
    endloop
  endfacet
  facet normal 0 0 -1
    outer loop
      vertex -28.5568 -12.3893 0.66
      vertex -28.9696 -12.3473 0.66
      vertex -29 -12 0.66
    endloop
  endfacet
  facet normal -0 0 -1
    outer loop
      vertex -28.5568 -10.6107 0.66
      vertex -29 -12 0.66
      vertex -28.7483 -10.2 0.66
    endloop
  endfacet
  facet normal -0 0 -1
    outer loop
      vertex -28.7483 -10.2 0.66
      vertex -29 -12 0.66
      vertex -29 -9.84058 0.66
    endloop
  endfacet
  facet normal -0.0871533 0.996195 0
    outer loop
      vertex -31 -8.9 0.9
      vertex -31.4515 -8.9395 5.4
      vertex -31 -8.9 5.4
    endloop
  endfacet
  facet normal -0.0871533 0.996195 0
    outer loop
      vertex -31.4515 -8.9395 5.4
      vertex -31 -8.9 0.9
      vertex -31.4515 -8.9395 0.9
    endloop
  endfacet
  facet normal -0.819102 0.573647 9.36263e-19
    outer loop
      vertex -33.2517 -10.2 0.9
      vertex -32.9917 -9.82875 5.4
      vertex -32.9917 -9.82875 0.9
    endloop
  endfacet
  facet normal -0.819102 0.573647 9.36263e-19
    outer loop
      vertex -32.9917 -9.82875 5.4
      vertex -33.2517 -10.2 0.9
      vertex -33.2517 -10.2 5.4
    endloop
  endfacet
  facet normal 0.42265 0.906293 -0
    outer loop
      vertex -29.7 -9.24833 0.9
      vertex -30.1107 -9.0568 5.4
      vertex -29.7 -9.24833 5.4
    endloop
  endfacet
  facet normal 0.42265 0.906293 0
    outer loop
      vertex -30.1107 -9.0568 5.4
      vertex -29.7 -9.24833 0.9
      vertex -30.1107 -9.0568 0.9
    endloop
  endfacet
  facet normal -0.96593 0.258802 -1.41029e-18
    outer loop
      vertex -33.5605 -11.0485 0.9
      vertex -33.4432 -10.6107 5.4
      vertex -33.4432 -10.6107 0.9
    endloop
  endfacet
  facet normal -0.96593 0.258802 -1.41029e-18
    outer loop
      vertex -33.4432 -10.6107 5.4
      vertex -33.5605 -11.0485 0.9
      vertex -33.5605 -11.0485 5.4
    endloop
  endfacet
  facet normal 0.573699 -0.819066 0
    outer loop
      vertex -29.7 -13.7517 0.9
      vertex -29.3288 -13.4917 5.4
      vertex -29.7 -13.7517 5.4
    endloop
  endfacet
  facet normal 0.573699 -0.819066 0
    outer loop
      vertex -29.3288 -13.4917 5.4
      vertex -29.7 -13.7517 0.9
      vertex -29.3288 -13.4917 0.9
    endloop
  endfacet
  facet normal -0.0871533 -0.996195 0
    outer loop
      vertex -31.4515 -14.0605 0.9
      vertex -31 -14.1 5.4
      vertex -31.4515 -14.0605 5.4
    endloop
  endfacet
  facet normal -0.0871533 -0.996195 -0
    outer loop
      vertex -31 -14.1 5.4
      vertex -31.4515 -14.0605 0.9
      vertex -31 -14.1 0.9
    endloop
  endfacet
  facet normal -0.996195 0.0871533 -4.26014e-19
    outer loop
      vertex -33.6 -11.5 0.9
      vertex -33.5605 -11.0485 5.4
      vertex -33.5605 -11.0485 0.9
    endloop
  endfacet
  facet normal -0.996195 0.0871533 -4.26014e-19
    outer loop
      vertex -33.5605 -11.0485 5.4
      vertex -33.6 -11.5 0.9
      vertex -33.6 -11.5 5.4
    endloop
  endfacet
  facet normal -0.707107 -0.707107 -2.85834e-18
    outer loop
      vertex -32.6712 -13.4917 0.9
      vertex -32.9917 -13.1712 5.4
      vertex -32.9917 -13.1712 0.9
    endloop
  endfacet
  facet normal -0.707107 -0.707107 -2.85834e-18
    outer loop
      vertex -32.9917 -13.1712 5.4
      vertex -32.6712 -13.4917 0.9
      vertex -32.6712 -13.4917 5.4
    endloop
  endfacet
  facet normal 0 0 1
    outer loop
      vertex -29.625 -11.5 5.4
      vertex -28.4 -11.5 5.4
      vertex -28.4395 -11.0485 5.4
    endloop
  endfacet
  facet normal 0 0 1
    outer loop
      vertex -29.6459 -11.2612 5.4
      vertex -28.4395 -11.0485 5.4
      vertex -28.5568 -10.6107 5.4
    endloop
  endfacet
  facet normal 0 0 1
    outer loop
      vertex -28.4 -11.5 5.4
      vertex -29.625 -11.5 5.4
      vertex -28.4395 -11.9515 5.4
    endloop
  endfacet
  facet normal 0 0 1
    outer loop
      vertex -29.7079 -11.0297 5.4
      vertex -28.5568 -10.6107 5.4
      vertex -28.7483 -10.2 5.4
    endloop
  endfacet
  facet normal -0 0 1
    outer loop
      vertex -29.6459 -11.7388 5.4
      vertex -28.4395 -11.9515 5.4
      vertex -29.625 -11.5 5.4
    endloop
  endfacet
  facet normal 0 0 1
    outer loop
      vertex -29.8092 -10.8125 5.4
      vertex -28.7483 -10.2 5.4
      vertex -29.0083 -9.82875 5.4
    endloop
  endfacet
  facet normal 0 0 1
    outer loop
      vertex -28.4395 -11.9515 5.4
      vertex -29.6459 -11.7388 5.4
      vertex -28.5568 -12.3893 5.4
    endloop
  endfacet
  facet normal 0 0 1
    outer loop
      vertex -29.9467 -10.6162 5.4
      vertex -29.0083 -9.82875 5.4
      vertex -29.3288 -9.50828 5.4
    endloop
  endfacet
  facet normal -0 0 1
    outer loop
      vertex -29.7079 -11.9703 5.4
      vertex -28.5568 -12.3893 5.4
      vertex -29.6459 -11.7388 5.4
    endloop
  endfacet
  facet normal 0 0 1
    outer loop
      vertex -28.5568 -12.3893 5.4
      vertex -29.7079 -11.9703 5.4
      vertex -28.7483 -12.8 5.4
    endloop
  endfacet
  facet normal 0 0 1
    outer loop
      vertex -28.4395 -11.0485 5.4
      vertex -29.6459 -11.2612 5.4
      vertex -29.625 -11.5 5.4
    endloop
  endfacet
  facet normal 0 0 1
    outer loop
      vertex -30.1162 -10.4467 5.4
      vertex -29.3288 -9.50828 5.4
      vertex -29.7 -9.24833 5.4
    endloop
  endfacet
  facet normal 0 0 1
    outer loop
      vertex -28.5568 -10.6107 5.4
      vertex -29.7079 -11.0297 5.4
      vertex -29.6459 -11.2612 5.4
    endloop
  endfacet
  facet normal 0 0 1
    outer loop
      vertex -28.7483 -10.2 5.4
      vertex -29.8092 -10.8125 5.4
      vertex -29.7079 -11.0297 5.4
    endloop
  endfacet
  facet normal 0 0 1
    outer loop
      vertex -29.0083 -9.82875 5.4
      vertex -29.9467 -10.6162 5.4
      vertex -29.8092 -10.8125 5.4
    endloop
  endfacet
  facet normal 0 0 1
    outer loop
      vertex -30.3125 -10.3092 5.4
      vertex -29.7 -9.24833 5.4
      vertex -30.1107 -9.0568 5.4
    endloop
  endfacet
  facet normal 0 0 1
    outer loop
      vertex -29.3288 -9.50828 5.4
      vertex -30.1162 -10.4467 5.4
      vertex -29.9467 -10.6162 5.4
    endloop
  endfacet
  facet normal 0 0 1
    outer loop
      vertex -29.7 -9.24833 5.4
      vertex -30.3125 -10.3092 5.4
      vertex -30.1162 -10.4467 5.4
    endloop
  endfacet
  facet normal 0 0 1
    outer loop
      vertex -30.1107 -9.0568 5.4
      vertex -30.5297 -10.2079 5.4
      vertex -30.3125 -10.3092 5.4
    endloop
  endfacet
  facet normal 0 0 1
    outer loop
      vertex -30.5485 -8.9395 5.4
      vertex -30.5297 -10.2079 5.4
      vertex -30.1107 -9.0568 5.4
    endloop
  endfacet
  facet normal 0 0 1
    outer loop
      vertex -30.5485 -8.9395 5.4
      vertex -30.7612 -10.1459 5.4
      vertex -30.5297 -10.2079 5.4
    endloop
  endfacet
  facet normal 0 0 1
    outer loop
      vertex -31 -8.9 5.4
      vertex -30.7612 -10.1459 5.4
      vertex -30.5485 -8.9395 5.4
    endloop
  endfacet
  facet normal 0 0 1
    outer loop
      vertex -31 -8.9 5.4
      vertex -31 -10.125 5.4
      vertex -30.7612 -10.1459 5.4
    endloop
  endfacet
  facet normal 0 0 1
    outer loop
      vertex -31 -8.9 5.4
      vertex -31.2388 -10.1459 5.4
      vertex -31 -10.125 5.4
    endloop
  endfacet
  facet normal -0 0 1
    outer loop
      vertex -31.4515 -8.9395 5.4
      vertex -31.2388 -10.1459 5.4
      vertex -31 -8.9 5.4
    endloop
  endfacet
  facet normal 0 0 1
    outer loop
      vertex -31.4515 -8.9395 5.4
      vertex -31.4703 -10.2079 5.4
      vertex -31.2388 -10.1459 5.4
    endloop
  endfacet
  facet normal -0 0 1
    outer loop
      vertex -31.8893 -9.0568 5.4
      vertex -31.4703 -10.2079 5.4
      vertex -31.4515 -8.9395 5.4
    endloop
  endfacet
  facet normal 0 0 1
    outer loop
      vertex -31.4703 -10.2079 5.4
      vertex -31.8893 -9.0568 5.4
      vertex -31.6875 -10.3092 5.4
    endloop
  endfacet
  facet normal -0 0 1
    outer loop
      vertex -32.3 -9.24833 5.4
      vertex -31.6875 -10.3092 5.4
      vertex -31.8893 -9.0568 5.4
    endloop
  endfacet
  facet normal 0 0 1
    outer loop
      vertex -31.6875 -10.3092 5.4
      vertex -32.3 -9.24833 5.4
      vertex -31.8838 -10.4467 5.4
    endloop
  endfacet
  facet normal -0 0 1
    outer loop
      vertex -32.6712 -9.50828 5.4
      vertex -31.8838 -10.4467 5.4
      vertex -32.3 -9.24833 5.4
    endloop
  endfacet
  facet normal 0 0 1
    outer loop
      vertex -31.8838 -10.4467 5.4
      vertex -32.6712 -9.50828 5.4
      vertex -32.0533 -10.6162 5.4
    endloop
  endfacet
  facet normal -0 0 1
    outer loop
      vertex -32.9917 -9.82875 5.4
      vertex -32.0533 -10.6162 5.4
      vertex -32.6712 -9.50828 5.4
    endloop
  endfacet
  facet normal 0 0 1
    outer loop
      vertex -32.0533 -10.6162 5.4
      vertex -32.9917 -9.82875 5.4
      vertex -32.1908 -10.8125 5.4
    endloop
  endfacet
  facet normal -0 0 1
    outer loop
      vertex -33.2517 -10.2 5.4
      vertex -32.1908 -10.8125 5.4
      vertex -32.9917 -9.82875 5.4
    endloop
  endfacet
  facet normal 0 0 1
    outer loop
      vertex -32.1908 -10.8125 5.4
      vertex -33.2517 -10.2 5.4
      vertex -32.2921 -11.0297 5.4
    endloop
  endfacet
  facet normal -0 0 1
    outer loop
      vertex -29.8092 -12.1875 5.4
      vertex -28.7483 -12.8 5.4
      vertex -29.7079 -11.9703 5.4
    endloop
  endfacet
  facet normal 0 0 1
    outer loop
      vertex -28.7483 -12.8 5.4
      vertex -29.8092 -12.1875 5.4
      vertex -29.0083 -13.1712 5.4
    endloop
  endfacet
  facet normal -0 0 1
    outer loop
      vertex -29.9467 -12.3838 5.4
      vertex -29.0083 -13.1712 5.4
      vertex -29.8092 -12.1875 5.4
    endloop
  endfacet
  facet normal 0 0 1
    outer loop
      vertex -29.0083 -13.1712 5.4
      vertex -29.9467 -12.3838 5.4
      vertex -29.3288 -13.4917 5.4
    endloop
  endfacet
  facet normal -0 0 1
    outer loop
      vertex -30.1162 -12.5533 5.4
      vertex -29.3288 -13.4917 5.4
      vertex -29.9467 -12.3838 5.4
    endloop
  endfacet
  facet normal 0 0 1
    outer loop
      vertex -29.3288 -13.4917 5.4
      vertex -30.1162 -12.5533 5.4
      vertex -29.7 -13.7517 5.4
    endloop
  endfacet
  facet normal -0 0 1
    outer loop
      vertex -30.3125 -12.6908 5.4
      vertex -29.7 -13.7517 5.4
      vertex -30.1162 -12.5533 5.4
    endloop
  endfacet
  facet normal 0 0 1
    outer loop
      vertex -29.7 -13.7517 5.4
      vertex -30.3125 -12.6908 5.4
      vertex -30.1107 -13.9432 5.4
    endloop
  endfacet
  facet normal -0 0 1
    outer loop
      vertex -30.5297 -12.7921 5.4
      vertex -30.1107 -13.9432 5.4
      vertex -30.3125 -12.6908 5.4
    endloop
  endfacet
  facet normal 0 0 1
    outer loop
      vertex -30.5297 -12.7921 5.4
      vertex -30.5485 -14.0605 5.4
      vertex -30.1107 -13.9432 5.4
    endloop
  endfacet
  facet normal -0 0 1
    outer loop
      vertex -30.7612 -12.8541 5.4
      vertex -30.5485 -14.0605 5.4
      vertex -30.5297 -12.7921 5.4
    endloop
  endfacet
  facet normal -0 0 1
    outer loop
      vertex -31 -12.875 5.4
      vertex -30.5485 -14.0605 5.4
      vertex -30.7612 -12.8541 5.4
    endloop
  endfacet
  facet normal 0 0 1
    outer loop
      vertex -31 -12.875 5.4
      vertex -31 -14.1 5.4
      vertex -30.5485 -14.0605 5.4
    endloop
  endfacet
  facet normal 0 0 1
    outer loop
      vertex -31.2388 -12.8541 5.4
      vertex -31 -14.1 5.4
      vertex -31 -12.875 5.4
    endloop
  endfacet
  facet normal 0 0 1
    outer loop
      vertex -31.2388 -12.8541 5.4
      vertex -31.4515 -14.0605 5.4
      vertex -31 -14.1 5.4
    endloop
  endfacet
  facet normal 0 0 1
    outer loop
      vertex -31.4703 -12.7921 5.4
      vertex -31.4515 -14.0605 5.4
      vertex -31.2388 -12.8541 5.4
    endloop
  endfacet
  facet normal 0 0 1
    outer loop
      vertex -31.8893 -13.9432 5.4
      vertex -31.4703 -12.7921 5.4
      vertex -31.6875 -12.6908 5.4
    endloop
  endfacet
  facet normal 0 0 1
    outer loop
      vertex -32.3 -13.7517 5.4
      vertex -31.6875 -12.6908 5.4
      vertex -31.8838 -12.5533 5.4
    endloop
  endfacet
  facet normal 0 0 1
    outer loop
      vertex -31.4703 -12.7921 5.4
      vertex -31.8893 -13.9432 5.4
      vertex -31.4515 -14.0605 5.4
    endloop
  endfacet
  facet normal 0 0 1
    outer loop
      vertex -32.6712 -13.4917 5.4
      vertex -31.8838 -12.5533 5.4
      vertex -32.0533 -12.3838 5.4
    endloop
  endfacet
  facet normal 0 0 1
    outer loop
      vertex -32.9917 -13.1712 5.4
      vertex -32.0533 -12.3838 5.4
      vertex -32.1908 -12.1875 5.4
    endloop
  endfacet
  facet normal 0 0 1
    outer loop
      vertex -33.2517 -12.8 5.4
      vertex -32.1908 -12.1875 5.4
      vertex -32.2921 -11.9703 5.4
    endloop
  endfacet
  facet normal 0 0 1
    outer loop
      vertex -31.6875 -12.6908 5.4
      vertex -32.3 -13.7517 5.4
      vertex -31.8893 -13.9432 5.4
    endloop
  endfacet
  facet normal 0 0 1
    outer loop
      vertex -33.4432 -12.3893 5.4
      vertex -32.2921 -11.9703 5.4
      vertex -32.3541 -11.7388 5.4
    endloop
  endfacet
  facet normal 0 0 1
    outer loop
      vertex -33.5605 -11.9515 5.4
      vertex -32.3541 -11.7388 5.4
      vertex -32.375 -11.5 5.4
    endloop
  endfacet
  facet normal -0 0 1
    outer loop
      vertex -33.4432 -10.6107 5.4
      vertex -32.2921 -11.0297 5.4
      vertex -33.2517 -10.2 5.4
    endloop
  endfacet
  facet normal 0 0 1
    outer loop
      vertex -31.8838 -12.5533 5.4
      vertex -32.6712 -13.4917 5.4
      vertex -32.3 -13.7517 5.4
    endloop
  endfacet
  facet normal 0 0 1
    outer loop
      vertex -32.2921 -11.0297 5.4
      vertex -33.4432 -10.6107 5.4
      vertex -32.3541 -11.2612 5.4
    endloop
  endfacet
  facet normal 0 0 1
    outer loop
      vertex -32.0533 -12.3838 5.4
      vertex -32.9917 -13.1712 5.4
      vertex -32.6712 -13.4917 5.4
    endloop
  endfacet
  facet normal -0 0 1
    outer loop
      vertex -33.5605 -11.0485 5.4
      vertex -32.3541 -11.2612 5.4
      vertex -33.4432 -10.6107 5.4
    endloop
  endfacet
  facet normal 0 0 1
    outer loop
      vertex -32.1908 -12.1875 5.4
      vertex -33.2517 -12.8 5.4
      vertex -32.9917 -13.1712 5.4
    endloop
  endfacet
  facet normal 0 0 1
    outer loop
      vertex -32.3541 -11.2612 5.4
      vertex -33.5605 -11.0485 5.4
      vertex -32.375 -11.5 5.4
    endloop
  endfacet
  facet normal 0 0 1
    outer loop
      vertex -32.2921 -11.9703 5.4
      vertex -33.4432 -12.3893 5.4
      vertex -33.2517 -12.8 5.4
    endloop
  endfacet
  facet normal 0 0 1
    outer loop
      vertex -33.6 -11.5 5.4
      vertex -32.375 -11.5 5.4
      vertex -33.5605 -11.0485 5.4
    endloop
  endfacet
  facet normal 0 0 1
    outer loop
      vertex -32.3541 -11.7388 5.4
      vertex -33.5605 -11.9515 5.4
      vertex -33.4432 -12.3893 5.4
    endloop
  endfacet
  facet normal 0 0 1
    outer loop
      vertex -32.375 -11.5 5.4
      vertex -33.6 -11.5 5.4
      vertex -33.5605 -11.9515 5.4
    endloop
  endfacet
  facet normal 0.707107 0.707107 1.01976e-18
    outer loop
      vertex -31.8838 -12.5533 5.4
      vertex -32.0533 -12.3838 0.9
      vertex -32.0533 -12.3838 5.4
    endloop
  endfacet
  facet normal 0.707107 0.707107 1.01976e-18
    outer loop
      vertex -32.0533 -12.3838 0.9
      vertex -31.8838 -12.5533 5.4
      vertex -31.8838 -12.5533 0.9
    endloop
  endfacet
  facet normal 0.906279 -0.42268 9.35635e-20
    outer loop
      vertex -32.2921 -11.0297 5.4
      vertex -32.1908 -10.8125 0.9
      vertex -32.1908 -10.8125 5.4
    endloop
  endfacet
  facet normal 0.906279 -0.42268 9.35635e-20
    outer loop
      vertex -32.1908 -10.8125 0.9
      vertex -32.2921 -11.0297 5.4
      vertex -32.2921 -11.0297 0.9
    endloop
  endfacet
  facet normal -0.965957 -0.258701 1.81183e-20
    outer loop
      vertex -29.6459 -11.2612 0.9
      vertex -29.7079 -11.0297 5.4
      vertex -29.7079 -11.0297 0.9
    endloop
  endfacet
  facet normal -0.965957 -0.258701 1.81183e-20
    outer loop
      vertex -29.7079 -11.0297 5.4
      vertex -29.6459 -11.2612 0.9
      vertex -29.6459 -11.2612 5.4
    endloop
  endfacet
  facet normal -0.996192 -0.0871877 8.54393e-20
    outer loop
      vertex -29.625 -11.5 0.9
      vertex -29.6459 -11.2612 5.4
      vertex -29.6459 -11.2612 0.9
    endloop
  endfacet
  facet normal -0.996192 -0.0871877 8.54393e-20
    outer loop
      vertex -29.6459 -11.2612 5.4
      vertex -29.625 -11.5 0.9
      vertex -29.625 -11.5 5.4
    endloop
  endfacet
  facet normal -0.906279 -0.42268 4.6748e-19
    outer loop
      vertex -29.7079 -11.0297 0.9
      vertex -29.8092 -10.8125 5.4
      vertex -29.8092 -10.8125 0.9
    endloop
  endfacet
  facet normal -0.906279 -0.42268 4.6748e-19
    outer loop
      vertex -29.8092 -10.8125 5.4
      vertex -29.7079 -11.0297 0.9
      vertex -29.7079 -11.0297 5.4
    endloop
  endfacet
  facet normal -0.573714 0.819055 0
    outer loop
      vertex -30.1162 -12.5533 0.9
      vertex -30.3125 -12.6908 5.4
      vertex -30.1162 -12.5533 5.4
    endloop
  endfacet
  facet normal -0.573714 0.819055 0
    outer loop
      vertex -30.3125 -12.6908 5.4
      vertex -30.1162 -12.5533 0.9
      vertex -30.3125 -12.6908 0.9
    endloop
  endfacet
  facet normal 0.0871877 0.996192 -0
    outer loop
      vertex -31 -12.875 0.9
      vertex -31.2388 -12.8541 5.4
      vertex -31 -12.875 5.4
    endloop
  endfacet
  facet normal 0.0871877 0.996192 0
    outer loop
      vertex -31.2388 -12.8541 5.4
      vertex -31 -12.875 0.9
      vertex -31.2388 -12.8541 0.9
    endloop
  endfacet
  facet normal -0.707107 0.707107 -1.01976e-18
    outer loop
      vertex -30.1162 -12.5533 0.9
      vertex -29.9467 -12.3838 5.4
      vertex -29.9467 -12.3838 0.9
    endloop
  endfacet
  facet normal -0.707107 0.707107 -1.01976e-18
    outer loop
      vertex -29.9467 -12.3838 5.4
      vertex -30.1162 -12.5533 0.9
      vertex -30.1162 -12.5533 5.4
    endloop
  endfacet
  facet normal -0.42268 0.906279 0
    outer loop
      vertex -30.3125 -12.6908 0.9
      vertex -30.5297 -12.7921 5.4
      vertex -30.3125 -12.6908 5.4
    endloop
  endfacet
  facet normal -0.42268 0.906279 0
    outer loop
      vertex -30.5297 -12.7921 5.4
      vertex -30.3125 -12.6908 0.9
      vertex -30.5297 -12.7921 0.9
    endloop
  endfacet
  facet normal 0.258701 -0.965957 0
    outer loop
      vertex -31.4703 -10.2079 0.9
      vertex -31.2388 -10.1459 5.4
      vertex -31.4703 -10.2079 5.4
    endloop
  endfacet
  facet normal 0.258701 -0.965957 0
    outer loop
      vertex -31.2388 -10.1459 5.4
      vertex -31.4703 -10.2079 0.9
      vertex -31.2388 -10.1459 0.9
    endloop
  endfacet
  facet normal 0.42268 -0.906279 0
    outer loop
      vertex -31.6875 -10.3092 0.9
      vertex -31.4703 -10.2079 5.4
      vertex -31.6875 -10.3092 5.4
    endloop
  endfacet
  facet normal 0.42268 -0.906279 0
    outer loop
      vertex -31.4703 -10.2079 5.4
      vertex -31.6875 -10.3092 0.9
      vertex -31.4703 -10.2079 0.9
    endloop
  endfacet
  facet normal -0.0871877 0.996192 0
    outer loop
      vertex -30.7612 -12.8541 0.9
      vertex -31 -12.875 5.4
      vertex -30.7612 -12.8541 5.4
    endloop
  endfacet
  facet normal -0.0871877 0.996192 0
    outer loop
      vertex -31 -12.875 5.4
      vertex -30.7612 -12.8541 0.9
      vertex -31 -12.875 0.9
    endloop
  endfacet
  facet normal 0.965957 0.258701 -3.42189e-19
    outer loop
      vertex -32.2921 -11.9703 5.4
      vertex -32.3541 -11.7388 0.9
      vertex -32.3541 -11.7388 5.4
    endloop
  endfacet
  facet normal 0.965957 0.258701 -3.42189e-19
    outer loop
      vertex -32.3541 -11.7388 0.9
      vertex -32.2921 -11.9703 5.4
      vertex -32.2921 -11.9703 0.9
    endloop
  endfacet
  facet normal 0.573714 0.819055 -0
    outer loop
      vertex -31.6875 -12.6908 0.9
      vertex -31.8838 -12.5533 5.4
      vertex -31.6875 -12.6908 5.4
    endloop
  endfacet
  facet normal 0.573714 0.819055 0
    outer loop
      vertex -31.8838 -12.5533 5.4
      vertex -31.6875 -12.6908 0.9
      vertex -31.8838 -12.5533 0.9
    endloop
  endfacet
  facet normal 0.819055 -0.573714 1.31559e-18
    outer loop
      vertex -32.1908 -10.8125 5.4
      vertex -32.0533 -10.6162 0.9
      vertex -32.0533 -10.6162 5.4
    endloop
  endfacet
  facet normal 0.819055 -0.573714 1.31559e-18
    outer loop
      vertex -32.0533 -10.6162 0.9
      vertex -32.1908 -10.8125 5.4
      vertex -32.1908 -10.8125 0.9
    endloop
  endfacet
  facet normal -0.906279 0.42268 -4.6748e-19
    outer loop
      vertex -29.8092 -12.1875 0.9
      vertex -29.7079 -11.9703 5.4
      vertex -29.7079 -11.9703 0.9
    endloop
  endfacet
  facet normal -0.906279 0.42268 -4.6748e-19
    outer loop
      vertex -29.7079 -11.9703 5.4
      vertex -29.8092 -12.1875 0.9
      vertex -29.8092 -12.1875 5.4
    endloop
  endfacet
  facet normal 0.819055 0.573714 -1.31559e-18
    outer loop
      vertex -32.0533 -12.3838 5.4
      vertex -32.1908 -12.1875 0.9
      vertex -32.1908 -12.1875 5.4
    endloop
  endfacet
  facet normal 0.819055 0.573714 -1.31559e-18
    outer loop
      vertex -32.1908 -12.1875 0.9
      vertex -32.0533 -12.3838 5.4
      vertex -32.0533 -12.3838 0.9
    endloop
  endfacet
  facet normal 0.573714 -0.819055 0
    outer loop
      vertex -31.8838 -10.4467 0.9
      vertex -31.6875 -10.3092 5.4
      vertex -31.8838 -10.4467 5.4
    endloop
  endfacet
  facet normal 0.573714 -0.819055 0
    outer loop
      vertex -31.6875 -10.3092 5.4
      vertex -31.8838 -10.4467 0.9
      vertex -31.6875 -10.3092 0.9
    endloop
  endfacet
  facet normal -0.819055 0.573714 1.27956e-18
    outer loop
      vertex -29.9467 -12.3838 0.9
      vertex -29.8092 -12.1875 5.4
      vertex -29.8092 -12.1875 0.9
    endloop
  endfacet
  facet normal -0.819055 0.573714 1.27956e-18
    outer loop
      vertex -29.8092 -12.1875 5.4
      vertex -29.9467 -12.3838 0.9
      vertex -29.9467 -12.3838 5.4
    endloop
  endfacet
  facet normal -0.819055 -0.573714 -1.27956e-18
    outer loop
      vertex -29.8092 -10.8125 0.9
      vertex -29.9467 -10.6162 5.4
      vertex -29.9467 -10.6162 0.9
    endloop
  endfacet
  facet normal -0.819055 -0.573714 -1.27956e-18
    outer loop
      vertex -29.9467 -10.6162 5.4
      vertex -29.8092 -10.8125 0.9
      vertex -29.8092 -10.8125 5.4
    endloop
  endfacet
  facet normal -0.965957 0.258701 -1.81183e-20
    outer loop
      vertex -29.7079 -11.9703 0.9
      vertex -29.6459 -11.7388 5.4
      vertex -29.6459 -11.7388 0.9
    endloop
  endfacet
  facet normal -0.965957 0.258701 -1.81183e-20
    outer loop
      vertex -29.6459 -11.7388 5.4
      vertex -29.7079 -11.9703 0.9
      vertex -29.7079 -11.9703 5.4
    endloop
  endfacet
  facet normal 0.996192 -0.0871877 -1.85788e-19
    outer loop
      vertex -32.375 -11.5 5.4
      vertex -32.3541 -11.2612 0.9
      vertex -32.3541 -11.2612 5.4
    endloop
  endfacet
  facet normal 0.996192 -0.0871877 -1.85788e-19
    outer loop
      vertex -32.3541 -11.2612 0.9
      vertex -32.375 -11.5 5.4
      vertex -32.375 -11.5 0.9
    endloop
  endfacet
  facet normal -0.42268 -0.906279 0
    outer loop
      vertex -30.5297 -10.2079 0.9
      vertex -30.3125 -10.3092 5.4
      vertex -30.5297 -10.2079 5.4
    endloop
  endfacet
  facet normal -0.42268 -0.906279 -0
    outer loop
      vertex -30.3125 -10.3092 5.4
      vertex -30.5297 -10.2079 0.9
      vertex -30.3125 -10.3092 0.9
    endloop
  endfacet
  facet normal -0.707107 -0.707107 1.01976e-18
    outer loop
      vertex -29.9467 -10.6162 0.9
      vertex -30.1162 -10.4467 5.4
      vertex -30.1162 -10.4467 0.9
    endloop
  endfacet
  facet normal -0.707107 -0.707107 1.01976e-18
    outer loop
      vertex -30.1162 -10.4467 5.4
      vertex -29.9467 -10.6162 0.9
      vertex -29.9467 -10.6162 5.4
    endloop
  endfacet
  facet normal -0.258701 0.965957 0
    outer loop
      vertex -30.5297 -12.7921 0.9
      vertex -30.7612 -12.8541 5.4
      vertex -30.5297 -12.7921 5.4
    endloop
  endfacet
  facet normal -0.258701 0.965957 0
    outer loop
      vertex -30.7612 -12.8541 5.4
      vertex -30.5297 -12.7921 0.9
      vertex -30.7612 -12.8541 0.9
    endloop
  endfacet
  facet normal -0.996192 0.0871877 -8.54393e-20
    outer loop
      vertex -29.6459 -11.7388 0.9
      vertex -29.625 -11.5 5.4
      vertex -29.625 -11.5 0.9
    endloop
  endfacet
  facet normal -0.996192 0.0871877 -8.54393e-20
    outer loop
      vertex -29.625 -11.5 5.4
      vertex -29.6459 -11.7388 0.9
      vertex -29.6459 -11.7388 5.4
    endloop
  endfacet
  facet normal -0.573714 -0.819055 0
    outer loop
      vertex -30.3125 -10.3092 0.9
      vertex -30.1162 -10.4467 5.4
      vertex -30.3125 -10.3092 5.4
    endloop
  endfacet
  facet normal -0.573714 -0.819055 -0
    outer loop
      vertex -30.1162 -10.4467 5.4
      vertex -30.3125 -10.3092 0.9
      vertex -30.1162 -10.4467 0.9
    endloop
  endfacet
  facet normal 0.0871877 -0.996192 0
    outer loop
      vertex -31.2388 -10.1459 0.9
      vertex -31 -10.125 5.4
      vertex -31.2388 -10.1459 5.4
    endloop
  endfacet
  facet normal 0.0871877 -0.996192 0
    outer loop
      vertex -31 -10.125 5.4
      vertex -31.2388 -10.1459 0.9
      vertex -31 -10.125 0.9
    endloop
  endfacet
  facet normal 0.258701 0.965957 -0
    outer loop
      vertex -31.2388 -12.8541 0.9
      vertex -31.4703 -12.7921 5.4
      vertex -31.2388 -12.8541 5.4
    endloop
  endfacet
  facet normal 0.258701 0.965957 0
    outer loop
      vertex -31.4703 -12.7921 5.4
      vertex -31.2388 -12.8541 0.9
      vertex -31.4703 -12.7921 0.9
    endloop
  endfacet
  facet normal 0.906279 0.42268 -9.35635e-20
    outer loop
      vertex -32.1908 -12.1875 5.4
      vertex -32.2921 -11.9703 0.9
      vertex -32.2921 -11.9703 5.4
    endloop
  endfacet
  facet normal 0.906279 0.42268 -9.35635e-20
    outer loop
      vertex -32.2921 -11.9703 0.9
      vertex -32.1908 -12.1875 5.4
      vertex -32.1908 -12.1875 0.9
    endloop
  endfacet
  facet normal -0.0871877 -0.996192 0
    outer loop
      vertex -31 -10.125 0.9
      vertex -30.7612 -10.1459 5.4
      vertex -31 -10.125 5.4
    endloop
  endfacet
  facet normal -0.0871877 -0.996192 -0
    outer loop
      vertex -30.7612 -10.1459 5.4
      vertex -31 -10.125 0.9
      vertex -30.7612 -10.1459 0.9
    endloop
  endfacet
  facet normal 0.996192 0.0871877 1.85788e-19
    outer loop
      vertex -32.3541 -11.7388 5.4
      vertex -32.375 -11.5 0.9
      vertex -32.375 -11.5 5.4
    endloop
  endfacet
  facet normal 0.996192 0.0871877 1.85788e-19
    outer loop
      vertex -32.375 -11.5 0.9
      vertex -32.3541 -11.7388 5.4
      vertex -32.3541 -11.7388 0.9
    endloop
  endfacet
  facet normal -0.258701 -0.965957 0
    outer loop
      vertex -30.7612 -10.1459 0.9
      vertex -30.5297 -10.2079 5.4
      vertex -30.7612 -10.1459 5.4
    endloop
  endfacet
  facet normal -0.258701 -0.965957 -0
    outer loop
      vertex -30.5297 -10.2079 5.4
      vertex -30.7612 -10.1459 0.9
      vertex -30.5297 -10.2079 0.9
    endloop
  endfacet
  facet normal 0.965957 -0.258701 3.42189e-19
    outer loop
      vertex -32.3541 -11.2612 5.4
      vertex -32.2921 -11.0297 0.9
      vertex -32.2921 -11.0297 5.4
    endloop
  endfacet
  facet normal 0.965957 -0.258701 3.42189e-19
    outer loop
      vertex -32.2921 -11.0297 0.9
      vertex -32.3541 -11.2612 5.4
      vertex -32.3541 -11.2612 0.9
    endloop
  endfacet
  facet normal 0.42268 0.906279 -0
    outer loop
      vertex -31.4703 -12.7921 0.9
      vertex -31.6875 -12.6908 5.4
      vertex -31.4703 -12.7921 5.4
    endloop
  endfacet
  facet normal 0.42268 0.906279 0
    outer loop
      vertex -31.6875 -12.6908 5.4
      vertex -31.4703 -12.7921 0.9
      vertex -31.6875 -12.6908 0.9
    endloop
  endfacet
  facet normal 0.707107 -0.707107 -1.01976e-18
    outer loop
      vertex -32.0533 -10.6162 5.4
      vertex -31.8838 -10.4467 0.9
      vertex -31.8838 -10.4467 5.4
    endloop
  endfacet
  facet normal 0.707107 -0.707107 -1.01976e-18
    outer loop
      vertex -31.8838 -10.4467 0.9
      vertex -32.0533 -10.6162 5.4
      vertex -32.0533 -10.6162 0.9
    endloop
  endfacet
  facet normal -0.258802 0.96593 0
    outer loop
      vertex -31.4515 14.0605 0.9
      vertex -31.8893 13.9432 5.4
      vertex -31.4515 14.0605 5.4
    endloop
  endfacet
  facet normal -0.258802 0.96593 0
    outer loop
      vertex -31.8893 13.9432 5.4
      vertex -31.4515 14.0605 0.9
      vertex -31.8893 13.9432 0.9
    endloop
  endfacet
  facet normal 0.96593 0.258802 1.41029e-18
    outer loop
      vertex -28.4395 11.9515 5.4
      vertex -28.5568 12.3893 0.9
      vertex -28.5568 12.3893 5.4
    endloop
  endfacet
  facet normal 0.96593 0.258802 1.41029e-18
    outer loop
      vertex -28.5568 12.3893 0.9
      vertex -28.4395 11.9515 5.4
      vertex -28.4395 11.9515 0.9
    endloop
  endfacet
  facet normal 0.996195 0.0871533 -7.03528e-19
    outer loop
      vertex -28.4 11.5 5.4
      vertex -28.4395 11.9515 0.9
      vertex -28.4395 11.9515 5.4
    endloop
  endfacet
  facet normal 0.996195 0.0871533 -7.03528e-19
    outer loop
      vertex -28.4395 11.9515 0.9
      vertex -28.4 11.5 5.4
      vertex -28.4 11.5 0.9
    endloop
  endfacet
  facet normal 0.906318 0.422596 2.52936e-18
    outer loop
      vertex -28.5568 12.3893 5.4
      vertex -28.7483 12.8 0.9
      vertex -28.7483 12.8 5.4
    endloop
  endfacet
  facet normal 0.906318 0.422596 2.52936e-18
    outer loop
      vertex -28.7483 12.8 0.9
      vertex -28.5568 12.3893 5.4
      vertex -28.5568 12.3893 0.9
    endloop
  endfacet
  facet normal 0.0871533 -0.996195 0
    outer loop
      vertex -31 8.9 0.9
      vertex -30.5485 8.9395 5.4
      vertex -31 8.9 5.4
    endloop
  endfacet
  facet normal 0.0871533 -0.996195 0
    outer loop
      vertex -30.5485 8.9395 5.4
      vertex -31 8.9 0.9
      vertex -30.5485 8.9395 0.9
    endloop
  endfacet
  facet normal -0.996195 -0.0871533 4.26014e-19
    outer loop
      vertex -33.5605 11.0485 0.9
      vertex -33.6 11.5 5.4
      vertex -33.6 11.5 0.9
    endloop
  endfacet
  facet normal -0.996195 -0.0871533 4.26014e-19
    outer loop
      vertex -33.6 11.5 5.4
      vertex -33.5605 11.0485 0.9
      vertex -33.5605 11.0485 5.4
    endloop
  endfacet
  facet normal 0.996195 -0.0871533 7.03528e-19
    outer loop
      vertex -28.4395 11.0485 5.4
      vertex -28.4 11.5 0.9
      vertex -28.4 11.5 5.4
    endloop
  endfacet
  facet normal 0.996195 -0.0871533 7.03528e-19
    outer loop
      vertex -28.4 11.5 0.9
      vertex -28.4395 11.0485 5.4
      vertex -28.4395 11.0485 0.9
    endloop
  endfacet
  facet normal 0.819066 0.573699 -1.80171e-18
    outer loop
      vertex -28.7483 12.8 5.4
      vertex -29.0083 13.1712 0.9
      vertex -29.0083 13.1712 5.4
    endloop
  endfacet
  facet normal 0.819066 0.573699 -1.80171e-18
    outer loop
      vertex -29.0083 13.1712 0.9
      vertex -28.7483 12.8 5.4
      vertex -28.7483 12.8 0.9
    endloop
  endfacet
  facet normal -0.707107 0.707107 2.85834e-18
    outer loop
      vertex -32.9917 13.1712 0.9
      vertex -32.6712 13.4917 5.4
      vertex -32.6712 13.4917 0.9
    endloop
  endfacet
  facet normal -0.707107 0.707107 2.85834e-18
    outer loop
      vertex -32.6712 13.4917 5.4
      vertex -32.9917 13.1712 0.9
      vertex -32.9917 13.1712 5.4
    endloop
  endfacet
  facet normal 0.42265 -0.906293 0
    outer loop
      vertex -30.1107 9.0568 0.9
      vertex -29.7 9.24833 5.4
      vertex -30.1107 9.0568 5.4
    endloop
  endfacet
  facet normal 0.42265 -0.906293 0
    outer loop
      vertex -29.7 9.24833 5.4
      vertex -30.1107 9.0568 0.9
      vertex -29.7 9.24833 0.9
    endloop
  endfacet
  facet normal -0.42265 -0.906293 0
    outer loop
      vertex -32.3 9.24833 0.9
      vertex -31.8893 9.0568 5.4
      vertex -32.3 9.24833 5.4
    endloop
  endfacet
  facet normal -0.42265 -0.906293 -0
    outer loop
      vertex -31.8893 9.0568 5.4
      vertex -32.3 9.24833 0.9
      vertex -31.8893 9.0568 0.9
    endloop
  endfacet
  facet normal 0.819102 -0.573647 9.36263e-19
    outer loop
      vertex -29.0083 9.82875 5.4
      vertex -28.7483 10.2 0.9
      vertex -28.7483 10.2 5.4
    endloop
  endfacet
  facet normal 0.819102 -0.573647 9.36263e-19
    outer loop
      vertex -28.7483 10.2 0.9
      vertex -29.0083 9.82875 5.4
      vertex -29.0083 9.82875 0.9
    endloop
  endfacet
  facet normal 0.96593 -0.258802 -1.41029e-18
    outer loop
      vertex -28.5568 10.6107 5.4
      vertex -28.4395 11.0485 0.9
      vertex -28.4395 11.0485 5.4
    endloop
  endfacet
  facet normal 0.96593 -0.258802 -1.41029e-18
    outer loop
      vertex -28.4395 11.0485 0.9
      vertex -28.5568 10.6107 5.4
      vertex -28.5568 10.6107 0.9
    endloop
  endfacet
  facet normal -0.573699 0.819066 0
    outer loop
      vertex -32.3 13.7517 0.9
      vertex -32.6712 13.4917 5.4
      vertex -32.3 13.7517 5.4
    endloop
  endfacet
  facet normal -0.573699 0.819066 0
    outer loop
      vertex -32.6712 13.4917 5.4
      vertex -32.3 13.7517 0.9
      vertex -32.6712 13.4917 0.9
    endloop
  endfacet
  facet normal -0.96593 -0.258802 1.41029e-18
    outer loop
      vertex -33.4432 10.6107 0.9
      vertex -33.5605 11.0485 5.4
      vertex -33.5605 11.0485 0.9
    endloop
  endfacet
  facet normal -0.96593 -0.258802 1.41029e-18
    outer loop
      vertex -33.5605 11.0485 5.4
      vertex -33.4432 10.6107 0.9
      vertex -33.4432 10.6107 5.4
    endloop
  endfacet
  facet normal 0.258802 -0.96593 0
    outer loop
      vertex -30.5485 8.9395 0.9
      vertex -30.1107 9.0568 5.4
      vertex -30.5485 8.9395 5.4
    endloop
  endfacet
  facet normal 0.258802 -0.96593 0
    outer loop
      vertex -30.1107 9.0568 5.4
      vertex -30.5485 8.9395 0.9
      vertex -30.1107 9.0568 0.9
    endloop
  endfacet
  facet normal 0.707074 -0.70714 -2.29165e-19
    outer loop
      vertex -29.3288 9.50828 5.4
      vertex -29.0083 9.82875 0.9
      vertex -29.0083 9.82875 5.4
    endloop
  endfacet
  facet normal 0.707074 -0.70714 -2.29165e-19
    outer loop
      vertex -29.0083 9.82875 0.9
      vertex -29.3288 9.50828 5.4
      vertex -29.3288 9.50828 0.9
    endloop
  endfacet
  facet normal -0.422596 0.906318 0
    outer loop
      vertex -31.8893 13.9432 0.9
      vertex -32.3 13.7517 5.4
      vertex -31.8893 13.9432 5.4
    endloop
  endfacet
  facet normal -0.422596 0.906318 0
    outer loop
      vertex -32.3 13.7517 5.4
      vertex -31.8893 13.9432 0.9
      vertex -32.3 13.7517 0.9
    endloop
  endfacet
  facet normal 0.0871533 0.996195 -0
    outer loop
      vertex -30.5485 14.0605 0.9
      vertex -31 14.1 5.4
      vertex -30.5485 14.0605 5.4
    endloop
  endfacet
  facet normal 0.0871533 0.996195 0
    outer loop
      vertex -31 14.1 5.4
      vertex -30.5485 14.0605 0.9
      vertex -31 14.1 0.9
    endloop
  endfacet
  facet normal -0.906318 -0.422596 -3.32887e-18
    outer loop
      vertex -33.2517 10.2 0.9
      vertex -33.4432 10.6107 5.4
      vertex -33.4432 10.6107 0.9
    endloop
  endfacet
  facet normal -0.906318 -0.422596 -3.32887e-18
    outer loop
      vertex -33.4432 10.6107 5.4
      vertex -33.2517 10.2 0.9
      vertex -33.2517 10.2 5.4
    endloop
  endfacet
  facet normal 0.258802 0.96593 -0
    outer loop
      vertex -30.1107 13.9432 0.9
      vertex -30.5485 14.0605 5.4
      vertex -30.1107 13.9432 5.4
    endloop
  endfacet
  facet normal 0.258802 0.96593 0
    outer loop
      vertex -30.5485 14.0605 5.4
      vertex -30.1107 13.9432 0.9
      vertex -30.5485 14.0605 0.9
    endloop
  endfacet
  facet normal -0.819102 -0.573647 -9.36263e-19
    outer loop
      vertex -32.9917 9.82875 0.9
      vertex -33.2517 10.2 5.4
      vertex -33.2517 10.2 0.9
    endloop
  endfacet
  facet normal -0.819102 -0.573647 -9.36263e-19
    outer loop
      vertex -33.2517 10.2 5.4
      vertex -32.9917 9.82875 0.9
      vertex -32.9917 9.82875 5.4
    endloop
  endfacet
  facet normal 0.573699 0.819066 -0
    outer loop
      vertex -29.3288 13.4917 0.9
      vertex -29.7 13.7517 5.4
      vertex -29.3288 13.4917 5.4
    endloop
  endfacet
  facet normal 0.573699 0.819066 0
    outer loop
      vertex -29.7 13.7517 5.4
      vertex -29.3288 13.4917 0.9
      vertex -29.7 13.7517 0.9
    endloop
  endfacet
  facet normal -0.258802 -0.96593 0
    outer loop
      vertex -31.8893 9.0568 0.9
      vertex -31.4515 8.9395 5.4
      vertex -31.8893 9.0568 5.4
    endloop
  endfacet
  facet normal -0.258802 -0.96593 -0
    outer loop
      vertex -31.4515 8.9395 5.4
      vertex -31.8893 9.0568 0.9
      vertex -31.4515 8.9395 0.9
    endloop
  endfacet
  facet normal 0.906318 -0.422596 -2.52936e-18
    outer loop
      vertex -28.7483 10.2 5.4
      vertex -28.5568 10.6107 0.9
      vertex -28.5568 10.6107 5.4
    endloop
  endfacet
  facet normal 0.906318 -0.422596 -2.52936e-18
    outer loop
      vertex -28.5568 10.6107 0.9
      vertex -28.7483 10.2 5.4
      vertex -28.7483 10.2 0.9
    endloop
  endfacet
  facet normal 0.707107 0.707107 -2.85834e-18
    outer loop
      vertex -29.0083 13.1712 5.4
      vertex -29.3288 13.4917 0.9
      vertex -29.3288 13.4917 5.4
    endloop
  endfacet
  facet normal 0.707107 0.707107 -2.85834e-18
    outer loop
      vertex -29.3288 13.4917 0.9
      vertex -29.0083 13.1712 5.4
      vertex -29.0083 13.1712 0.9
    endloop
  endfacet
  facet normal -0.906318 0.422596 3.32887e-18
    outer loop
      vertex -33.4432 12.3893 0.9
      vertex -33.2517 12.8 5.4
      vertex -33.2517 12.8 0.9
    endloop
  endfacet
  facet normal -0.906318 0.422596 3.32887e-18
    outer loop
      vertex -33.2517 12.8 5.4
      vertex -33.4432 12.3893 0.9
      vertex -33.4432 12.3893 5.4
    endloop
  endfacet
  facet normal -0.573625 -0.819118 0
    outer loop
      vertex -32.6712 9.50828 0.9
      vertex -32.3 9.24833 5.4
      vertex -32.6712 9.50828 5.4
    endloop
  endfacet
  facet normal -0.573625 -0.819118 -0
    outer loop
      vertex -32.3 9.24833 5.4
      vertex -32.6712 9.50828 0.9
      vertex -32.3 9.24833 0.9
    endloop
  endfacet
  facet normal -0.0871533 0.996195 0
    outer loop
      vertex -31 14.1 0.9
      vertex -31.4515 14.0605 5.4
      vertex -31 14.1 5.4
    endloop
  endfacet
  facet normal -0.0871533 0.996195 0
    outer loop
      vertex -31.4515 14.0605 5.4
      vertex -31 14.1 0.9
      vertex -31.4515 14.0605 0.9
    endloop
  endfacet
  facet normal -0.819066 0.573699 1.80171e-18
    outer loop
      vertex -33.2517 12.8 0.9
      vertex -32.9917 13.1712 5.4
      vertex -32.9917 13.1712 0.9
    endloop
  endfacet
  facet normal -0.819066 0.573699 1.80171e-18
    outer loop
      vertex -32.9917 13.1712 5.4
      vertex -33.2517 12.8 0.9
      vertex -33.2517 12.8 5.4
    endloop
  endfacet
  facet normal 0.422596 0.906318 -0
    outer loop
      vertex -29.7 13.7517 0.9
      vertex -30.1107 13.9432 5.4
      vertex -29.7 13.7517 5.4
    endloop
  endfacet
  facet normal 0.422596 0.906318 0
    outer loop
      vertex -30.1107 13.9432 5.4
      vertex -29.7 13.7517 0.9
      vertex -30.1107 13.9432 0.9
    endloop
  endfacet
  facet normal -0.96593 0.258802 -1.41029e-18
    outer loop
      vertex -33.5605 11.9515 0.9
      vertex -33.4432 12.3893 5.4
      vertex -33.4432 12.3893 0.9
    endloop
  endfacet
  facet normal -0.96593 0.258802 -1.41029e-18
    outer loop
      vertex -33.4432 12.3893 5.4
      vertex -33.5605 11.9515 0.9
      vertex -33.5605 11.9515 5.4
    endloop
  endfacet
  facet normal 0.573625 -0.819118 0
    outer loop
      vertex -29.7 9.24833 0.9
      vertex -29.3288 9.50828 5.4
      vertex -29.7 9.24833 5.4
    endloop
  endfacet
  facet normal 0.573625 -0.819118 0
    outer loop
      vertex -29.3288 9.50828 5.4
      vertex -29.7 9.24833 0.9
      vertex -29.3288 9.50828 0.9
    endloop
  endfacet
  facet normal -0.0871533 -0.996195 0
    outer loop
      vertex -31.4515 8.9395 0.9
      vertex -31 8.9 5.4
      vertex -31.4515 8.9395 5.4
    endloop
  endfacet
  facet normal -0.0871533 -0.996195 -0
    outer loop
      vertex -31 8.9 5.4
      vertex -31.4515 8.9395 0.9
      vertex -31 8.9 0.9
    endloop
  endfacet
  facet normal -0.996195 0.0871533 -4.26014e-19
    outer loop
      vertex -33.6 11.5 0.9
      vertex -33.5605 11.9515 5.4
      vertex -33.5605 11.9515 0.9
    endloop
  endfacet
  facet normal -0.996195 0.0871533 -4.26014e-19
    outer loop
      vertex -33.5605 11.9515 5.4
      vertex -33.6 11.5 0.9
      vertex -33.6 11.5 5.4
    endloop
  endfacet
  facet normal -0.707074 -0.70714 2.29165e-19
    outer loop
      vertex -32.6712 9.50828 0.9
      vertex -32.9917 9.82875 5.4
      vertex -32.9917 9.82875 0.9
    endloop
  endfacet
  facet normal -0.707074 -0.70714 2.29165e-19
    outer loop
      vertex -32.9917 9.82875 5.4
      vertex -32.6712 9.50828 0.9
      vertex -32.6712 9.50828 5.4
    endloop
  endfacet
  facet normal 0 0 1
    outer loop
      vertex -29.625 11.5 5.4
      vertex -28.4 11.5 5.4
      vertex -28.4395 11.9515 5.4
    endloop
  endfacet
  facet normal 0 0 1
    outer loop
      vertex -29.6459 11.7388 5.4
      vertex -28.4395 11.9515 5.4
      vertex -28.5568 12.3893 5.4
    endloop
  endfacet
  facet normal 0 0 1
    outer loop
      vertex -28.4 11.5 5.4
      vertex -29.625 11.5 5.4
      vertex -28.4395 11.0485 5.4
    endloop
  endfacet
  facet normal 0 0 1
    outer loop
      vertex -29.7079 11.9703 5.4
      vertex -28.5568 12.3893 5.4
      vertex -28.7483 12.8 5.4
    endloop
  endfacet
  facet normal -0 0 1
    outer loop
      vertex -29.6459 11.2612 5.4
      vertex -28.4395 11.0485 5.4
      vertex -29.625 11.5 5.4
    endloop
  endfacet
  facet normal 0 0 1
    outer loop
      vertex -29.8092 12.1875 5.4
      vertex -28.7483 12.8 5.4
      vertex -29.0083 13.1712 5.4
    endloop
  endfacet
  facet normal 0 0 1
    outer loop
      vertex -28.4395 11.0485 5.4
      vertex -29.6459 11.2612 5.4
      vertex -28.5568 10.6107 5.4
    endloop
  endfacet
  facet normal 0 0 1
    outer loop
      vertex -29.9467 12.3838 5.4
      vertex -29.0083 13.1712 5.4
      vertex -29.3288 13.4917 5.4
    endloop
  endfacet
  facet normal -0 0 1
    outer loop
      vertex -29.7079 11.0297 5.4
      vertex -28.5568 10.6107 5.4
      vertex -29.6459 11.2612 5.4
    endloop
  endfacet
  facet normal 0 0 1
    outer loop
      vertex -28.5568 10.6107 5.4
      vertex -29.7079 11.0297 5.4
      vertex -28.7483 10.2 5.4
    endloop
  endfacet
  facet normal 0 0 1
    outer loop
      vertex -28.4395 11.9515 5.4
      vertex -29.6459 11.7388 5.4
      vertex -29.625 11.5 5.4
    endloop
  endfacet
  facet normal 0 0 1
    outer loop
      vertex -30.1162 12.5533 5.4
      vertex -29.3288 13.4917 5.4
      vertex -29.7 13.7517 5.4
    endloop
  endfacet
  facet normal 0 0 1
    outer loop
      vertex -28.5568 12.3893 5.4
      vertex -29.7079 11.9703 5.4
      vertex -29.6459 11.7388 5.4
    endloop
  endfacet
  facet normal 0 0 1
    outer loop
      vertex -28.7483 12.8 5.4
      vertex -29.8092 12.1875 5.4
      vertex -29.7079 11.9703 5.4
    endloop
  endfacet
  facet normal 0 0 1
    outer loop
      vertex -29.0083 13.1712 5.4
      vertex -29.9467 12.3838 5.4
      vertex -29.8092 12.1875 5.4
    endloop
  endfacet
  facet normal 0 0 1
    outer loop
      vertex -30.3125 12.6908 5.4
      vertex -29.7 13.7517 5.4
      vertex -30.1107 13.9432 5.4
    endloop
  endfacet
  facet normal 0 0 1
    outer loop
      vertex -29.3288 13.4917 5.4
      vertex -30.1162 12.5533 5.4
      vertex -29.9467 12.3838 5.4
    endloop
  endfacet
  facet normal 0 0 1
    outer loop
      vertex -29.7 13.7517 5.4
      vertex -30.3125 12.6908 5.4
      vertex -30.1162 12.5533 5.4
    endloop
  endfacet
  facet normal 0 0 1
    outer loop
      vertex -30.1107 13.9432 5.4
      vertex -30.5297 12.7921 5.4
      vertex -30.3125 12.6908 5.4
    endloop
  endfacet
  facet normal 0 0 1
    outer loop
      vertex -30.5485 14.0605 5.4
      vertex -30.5297 12.7921 5.4
      vertex -30.1107 13.9432 5.4
    endloop
  endfacet
  facet normal 0 0 1
    outer loop
      vertex -30.5485 14.0605 5.4
      vertex -30.7612 12.8541 5.4
      vertex -30.5297 12.7921 5.4
    endloop
  endfacet
  facet normal 0 0 1
    outer loop
      vertex -31 14.1 5.4
      vertex -30.7612 12.8541 5.4
      vertex -30.5485 14.0605 5.4
    endloop
  endfacet
  facet normal 0 0 1
    outer loop
      vertex -31 14.1 5.4
      vertex -31 12.875 5.4
      vertex -30.7612 12.8541 5.4
    endloop
  endfacet
  facet normal 0 0 1
    outer loop
      vertex -31 14.1 5.4
      vertex -31.2388 12.8541 5.4
      vertex -31 12.875 5.4
    endloop
  endfacet
  facet normal -0 0 1
    outer loop
      vertex -31.4515 14.0605 5.4
      vertex -31.2388 12.8541 5.4
      vertex -31 14.1 5.4
    endloop
  endfacet
  facet normal 0 0 1
    outer loop
      vertex -31.4515 14.0605 5.4
      vertex -31.4703 12.7921 5.4
      vertex -31.2388 12.8541 5.4
    endloop
  endfacet
  facet normal -0 0 1
    outer loop
      vertex -31.8893 13.9432 5.4
      vertex -31.4703 12.7921 5.4
      vertex -31.4515 14.0605 5.4
    endloop
  endfacet
  facet normal 0 0 1
    outer loop
      vertex -31.4703 12.7921 5.4
      vertex -31.8893 13.9432 5.4
      vertex -31.6875 12.6908 5.4
    endloop
  endfacet
  facet normal -0 0 1
    outer loop
      vertex -32.3 13.7517 5.4
      vertex -31.6875 12.6908 5.4
      vertex -31.8893 13.9432 5.4
    endloop
  endfacet
  facet normal 0 0 1
    outer loop
      vertex -31.6875 12.6908 5.4
      vertex -32.3 13.7517 5.4
      vertex -31.8838 12.5533 5.4
    endloop
  endfacet
  facet normal -0 0 1
    outer loop
      vertex -32.6712 13.4917 5.4
      vertex -31.8838 12.5533 5.4
      vertex -32.3 13.7517 5.4
    endloop
  endfacet
  facet normal 0 0 1
    outer loop
      vertex -31.8838 12.5533 5.4
      vertex -32.6712 13.4917 5.4
      vertex -32.0533 12.3838 5.4
    endloop
  endfacet
  facet normal -0 0 1
    outer loop
      vertex -32.9917 13.1712 5.4
      vertex -32.0533 12.3838 5.4
      vertex -32.6712 13.4917 5.4
    endloop
  endfacet
  facet normal 0 0 1
    outer loop
      vertex -32.0533 12.3838 5.4
      vertex -32.9917 13.1712 5.4
      vertex -32.1908 12.1875 5.4
    endloop
  endfacet
  facet normal -0 0 1
    outer loop
      vertex -33.2517 12.8 5.4
      vertex -32.1908 12.1875 5.4
      vertex -32.9917 13.1712 5.4
    endloop
  endfacet
  facet normal 0 0 1
    outer loop
      vertex -32.1908 12.1875 5.4
      vertex -33.2517 12.8 5.4
      vertex -32.2921 11.9703 5.4
    endloop
  endfacet
  facet normal -0 0 1
    outer loop
      vertex -29.8092 10.8125 5.4
      vertex -28.7483 10.2 5.4
      vertex -29.7079 11.0297 5.4
    endloop
  endfacet
  facet normal 0 0 1
    outer loop
      vertex -28.7483 10.2 5.4
      vertex -29.8092 10.8125 5.4
      vertex -29.0083 9.82875 5.4
    endloop
  endfacet
  facet normal -0 0 1
    outer loop
      vertex -29.9467 10.6162 5.4
      vertex -29.0083 9.82875 5.4
      vertex -29.8092 10.8125 5.4
    endloop
  endfacet
  facet normal 0 0 1
    outer loop
      vertex -29.0083 9.82875 5.4
      vertex -29.9467 10.6162 5.4
      vertex -29.3288 9.50828 5.4
    endloop
  endfacet
  facet normal -0 0 1
    outer loop
      vertex -30.1162 10.4467 5.4
      vertex -29.3288 9.50828 5.4
      vertex -29.9467 10.6162 5.4
    endloop
  endfacet
  facet normal 0 0 1
    outer loop
      vertex -29.3288 9.50828 5.4
      vertex -30.1162 10.4467 5.4
      vertex -29.7 9.24833 5.4
    endloop
  endfacet
  facet normal -0 0 1
    outer loop
      vertex -30.3125 10.3092 5.4
      vertex -29.7 9.24833 5.4
      vertex -30.1162 10.4467 5.4
    endloop
  endfacet
  facet normal 0 0 1
    outer loop
      vertex -29.7 9.24833 5.4
      vertex -30.3125 10.3092 5.4
      vertex -30.1107 9.0568 5.4
    endloop
  endfacet
  facet normal -0 0 1
    outer loop
      vertex -30.5297 10.2079 5.4
      vertex -30.1107 9.0568 5.4
      vertex -30.3125 10.3092 5.4
    endloop
  endfacet
  facet normal 0 0 1
    outer loop
      vertex -30.5297 10.2079 5.4
      vertex -30.5485 8.9395 5.4
      vertex -30.1107 9.0568 5.4
    endloop
  endfacet
  facet normal -0 0 1
    outer loop
      vertex -30.7612 10.1459 5.4
      vertex -30.5485 8.9395 5.4
      vertex -30.5297 10.2079 5.4
    endloop
  endfacet
  facet normal -0 0 1
    outer loop
      vertex -31 10.125 5.4
      vertex -30.5485 8.9395 5.4
      vertex -30.7612 10.1459 5.4
    endloop
  endfacet
  facet normal 0 0 1
    outer loop
      vertex -31 10.125 5.4
      vertex -31 8.9 5.4
      vertex -30.5485 8.9395 5.4
    endloop
  endfacet
  facet normal 0 0 1
    outer loop
      vertex -31.2388 10.1459 5.4
      vertex -31 8.9 5.4
      vertex -31 10.125 5.4
    endloop
  endfacet
  facet normal 0 0 1
    outer loop
      vertex -31.2388 10.1459 5.4
      vertex -31.4515 8.9395 5.4
      vertex -31 8.9 5.4
    endloop
  endfacet
  facet normal 0 0 1
    outer loop
      vertex -31.4703 10.2079 5.4
      vertex -31.4515 8.9395 5.4
      vertex -31.2388 10.1459 5.4
    endloop
  endfacet
  facet normal 0 0 1
    outer loop
      vertex -31.8893 9.0568 5.4
      vertex -31.4703 10.2079 5.4
      vertex -31.6875 10.3092 5.4
    endloop
  endfacet
  facet normal 0 0 1
    outer loop
      vertex -32.3 9.24833 5.4
      vertex -31.6875 10.3092 5.4
      vertex -31.8838 10.4467 5.4
    endloop
  endfacet
  facet normal 0 0 1
    outer loop
      vertex -31.4703 10.2079 5.4
      vertex -31.8893 9.0568 5.4
      vertex -31.4515 8.9395 5.4
    endloop
  endfacet
  facet normal 0 0 1
    outer loop
      vertex -32.6712 9.50828 5.4
      vertex -31.8838 10.4467 5.4
      vertex -32.0533 10.6162 5.4
    endloop
  endfacet
  facet normal 0 0 1
    outer loop
      vertex -32.9917 9.82875 5.4
      vertex -32.0533 10.6162 5.4
      vertex -32.1908 10.8125 5.4
    endloop
  endfacet
  facet normal 0 0 1
    outer loop
      vertex -33.2517 10.2 5.4
      vertex -32.1908 10.8125 5.4
      vertex -32.2921 11.0297 5.4
    endloop
  endfacet
  facet normal 0 0 1
    outer loop
      vertex -31.6875 10.3092 5.4
      vertex -32.3 9.24833 5.4
      vertex -31.8893 9.0568 5.4
    endloop
  endfacet
  facet normal 0 0 1
    outer loop
      vertex -33.4432 10.6107 5.4
      vertex -32.2921 11.0297 5.4
      vertex -32.3541 11.2612 5.4
    endloop
  endfacet
  facet normal 0 0 1
    outer loop
      vertex -33.5605 11.0485 5.4
      vertex -32.3541 11.2612 5.4
      vertex -32.375 11.5 5.4
    endloop
  endfacet
  facet normal -0 0 1
    outer loop
      vertex -33.4432 12.3893 5.4
      vertex -32.2921 11.9703 5.4
      vertex -33.2517 12.8 5.4
    endloop
  endfacet
  facet normal 0 0 1
    outer loop
      vertex -31.8838 10.4467 5.4
      vertex -32.6712 9.50828 5.4
      vertex -32.3 9.24833 5.4
    endloop
  endfacet
  facet normal 0 0 1
    outer loop
      vertex -32.2921 11.9703 5.4
      vertex -33.4432 12.3893 5.4
      vertex -32.3541 11.7388 5.4
    endloop
  endfacet
  facet normal 0 0 1
    outer loop
      vertex -32.0533 10.6162 5.4
      vertex -32.9917 9.82875 5.4
      vertex -32.6712 9.50828 5.4
    endloop
  endfacet
  facet normal -0 0 1
    outer loop
      vertex -33.5605 11.9515 5.4
      vertex -32.3541 11.7388 5.4
      vertex -33.4432 12.3893 5.4
    endloop
  endfacet
  facet normal 0 0 1
    outer loop
      vertex -32.1908 10.8125 5.4
      vertex -33.2517 10.2 5.4
      vertex -32.9917 9.82875 5.4
    endloop
  endfacet
  facet normal 0 0 1
    outer loop
      vertex -32.3541 11.7388 5.4
      vertex -33.5605 11.9515 5.4
      vertex -32.375 11.5 5.4
    endloop
  endfacet
  facet normal 0 0 1
    outer loop
      vertex -32.2921 11.0297 5.4
      vertex -33.4432 10.6107 5.4
      vertex -33.2517 10.2 5.4
    endloop
  endfacet
  facet normal 0 0 1
    outer loop
      vertex -33.6 11.5 5.4
      vertex -32.375 11.5 5.4
      vertex -33.5605 11.9515 5.4
    endloop
  endfacet
  facet normal 0 0 1
    outer loop
      vertex -32.3541 11.2612 5.4
      vertex -33.5605 11.0485 5.4
      vertex -33.4432 10.6107 5.4
    endloop
  endfacet
  facet normal 0 0 1
    outer loop
      vertex -32.375 11.5 5.4
      vertex -33.6 11.5 5.4
      vertex -33.5605 11.0485 5.4
    endloop
  endfacet
  facet normal 0.707107 0.707107 1.01976e-18
    outer loop
      vertex -31.8838 10.4467 5.4
      vertex -32.0533 10.6162 0.9
      vertex -32.0533 10.6162 5.4
    endloop
  endfacet
  facet normal 0.707107 0.707107 1.01976e-18
    outer loop
      vertex -32.0533 10.6162 0.9
      vertex -31.8838 10.4467 5.4
      vertex -31.8838 10.4467 0.9
    endloop
  endfacet
  facet normal 0.906279 -0.42268 9.35635e-20
    outer loop
      vertex -32.2921 11.9703 5.4
      vertex -32.1908 12.1875 0.9
      vertex -32.1908 12.1875 5.4
    endloop
  endfacet
  facet normal 0.906279 -0.42268 9.35635e-20
    outer loop
      vertex -32.1908 12.1875 0.9
      vertex -32.2921 11.9703 5.4
      vertex -32.2921 11.9703 0.9
    endloop
  endfacet
  facet normal -0.965957 -0.258701 1.81183e-20
    outer loop
      vertex -29.6459 11.7388 0.9
      vertex -29.7079 11.9703 5.4
      vertex -29.7079 11.9703 0.9
    endloop
  endfacet
  facet normal -0.965957 -0.258701 1.81183e-20
    outer loop
      vertex -29.7079 11.9703 5.4
      vertex -29.6459 11.7388 0.9
      vertex -29.6459 11.7388 5.4
    endloop
  endfacet
  facet normal -0.996192 -0.0871877 8.54393e-20
    outer loop
      vertex -29.625 11.5 0.9
      vertex -29.6459 11.7388 5.4
      vertex -29.6459 11.7388 0.9
    endloop
  endfacet
  facet normal -0.996192 -0.0871877 8.54393e-20
    outer loop
      vertex -29.6459 11.7388 5.4
      vertex -29.625 11.5 0.9
      vertex -29.625 11.5 5.4
    endloop
  endfacet
  facet normal -0.906279 -0.42268 4.6748e-19
    outer loop
      vertex -29.7079 11.9703 0.9
      vertex -29.8092 12.1875 5.4
      vertex -29.8092 12.1875 0.9
    endloop
  endfacet
  facet normal -0.906279 -0.42268 4.6748e-19
    outer loop
      vertex -29.8092 12.1875 5.4
      vertex -29.7079 11.9703 0.9
      vertex -29.7079 11.9703 5.4
    endloop
  endfacet
  facet normal -0.573714 0.819055 0
    outer loop
      vertex -30.1162 10.4467 0.9
      vertex -30.3125 10.3092 5.4
      vertex -30.1162 10.4467 5.4
    endloop
  endfacet
  facet normal -0.573714 0.819055 0
    outer loop
      vertex -30.3125 10.3092 5.4
      vertex -30.1162 10.4467 0.9
      vertex -30.3125 10.3092 0.9
    endloop
  endfacet
  facet normal 0.0871877 0.996192 -0
    outer loop
      vertex -31 10.125 0.9
      vertex -31.2388 10.1459 5.4
      vertex -31 10.125 5.4
    endloop
  endfacet
  facet normal 0.0871877 0.996192 0
    outer loop
      vertex -31.2388 10.1459 5.4
      vertex -31 10.125 0.9
      vertex -31.2388 10.1459 0.9
    endloop
  endfacet
  facet normal -0.707107 0.707107 -1.01976e-18
    outer loop
      vertex -30.1162 10.4467 0.9
      vertex -29.9467 10.6162 5.4
      vertex -29.9467 10.6162 0.9
    endloop
  endfacet
  facet normal -0.707107 0.707107 -1.01976e-18
    outer loop
      vertex -29.9467 10.6162 5.4
      vertex -30.1162 10.4467 0.9
      vertex -30.1162 10.4467 5.4
    endloop
  endfacet
  facet normal -0.42268 0.906279 0
    outer loop
      vertex -30.3125 10.3092 0.9
      vertex -30.5297 10.2079 5.4
      vertex -30.3125 10.3092 5.4
    endloop
  endfacet
  facet normal -0.42268 0.906279 0
    outer loop
      vertex -30.5297 10.2079 5.4
      vertex -30.3125 10.3092 0.9
      vertex -30.5297 10.2079 0.9
    endloop
  endfacet
  facet normal 0.258701 -0.965957 0
    outer loop
      vertex -31.4703 12.7921 0.9
      vertex -31.2388 12.8541 5.4
      vertex -31.4703 12.7921 5.4
    endloop
  endfacet
  facet normal 0.258701 -0.965957 0
    outer loop
      vertex -31.2388 12.8541 5.4
      vertex -31.4703 12.7921 0.9
      vertex -31.2388 12.8541 0.9
    endloop
  endfacet
  facet normal 0.42268 -0.906279 0
    outer loop
      vertex -31.6875 12.6908 0.9
      vertex -31.4703 12.7921 5.4
      vertex -31.6875 12.6908 5.4
    endloop
  endfacet
  facet normal 0.42268 -0.906279 0
    outer loop
      vertex -31.4703 12.7921 5.4
      vertex -31.6875 12.6908 0.9
      vertex -31.4703 12.7921 0.9
    endloop
  endfacet
  facet normal -0.0871877 0.996192 0
    outer loop
      vertex -30.7612 10.1459 0.9
      vertex -31 10.125 5.4
      vertex -30.7612 10.1459 5.4
    endloop
  endfacet
  facet normal -0.0871877 0.996192 0
    outer loop
      vertex -31 10.125 5.4
      vertex -30.7612 10.1459 0.9
      vertex -31 10.125 0.9
    endloop
  endfacet
  facet normal 0.965957 0.258701 -3.42189e-19
    outer loop
      vertex -32.2921 11.0297 5.4
      vertex -32.3541 11.2612 0.9
      vertex -32.3541 11.2612 5.4
    endloop
  endfacet
  facet normal 0.965957 0.258701 -3.42189e-19
    outer loop
      vertex -32.3541 11.2612 0.9
      vertex -32.2921 11.0297 5.4
      vertex -32.2921 11.0297 0.9
    endloop
  endfacet
  facet normal 0.573714 0.819055 -0
    outer loop
      vertex -31.6875 10.3092 0.9
      vertex -31.8838 10.4467 5.4
      vertex -31.6875 10.3092 5.4
    endloop
  endfacet
  facet normal 0.573714 0.819055 0
    outer loop
      vertex -31.8838 10.4467 5.4
      vertex -31.6875 10.3092 0.9
      vertex -31.8838 10.4467 0.9
    endloop
  endfacet
  facet normal 0.819055 -0.573714 1.31559e-18
    outer loop
      vertex -32.1908 12.1875 5.4
      vertex -32.0533 12.3838 0.9
      vertex -32.0533 12.3838 5.4
    endloop
  endfacet
  facet normal 0.819055 -0.573714 1.31559e-18
    outer loop
      vertex -32.0533 12.3838 0.9
      vertex -32.1908 12.1875 5.4
      vertex -32.1908 12.1875 0.9
    endloop
  endfacet
  facet normal -0.906279 0.42268 -4.6748e-19
    outer loop
      vertex -29.8092 10.8125 0.9
      vertex -29.7079 11.0297 5.4
      vertex -29.7079 11.0297 0.9
    endloop
  endfacet
  facet normal -0.906279 0.42268 -4.6748e-19
    outer loop
      vertex -29.7079 11.0297 5.4
      vertex -29.8092 10.8125 0.9
      vertex -29.8092 10.8125 5.4
    endloop
  endfacet
  facet normal 0.819055 0.573714 -1.31559e-18
    outer loop
      vertex -32.0533 10.6162 5.4
      vertex -32.1908 10.8125 0.9
      vertex -32.1908 10.8125 5.4
    endloop
  endfacet
  facet normal 0.819055 0.573714 -1.31559e-18
    outer loop
      vertex -32.1908 10.8125 0.9
      vertex -32.0533 10.6162 5.4
      vertex -32.0533 10.6162 0.9
    endloop
  endfacet
  facet normal 0.573714 -0.819055 0
    outer loop
      vertex -31.8838 12.5533 0.9
      vertex -31.6875 12.6908 5.4
      vertex -31.8838 12.5533 5.4
    endloop
  endfacet
  facet normal 0.573714 -0.819055 0
    outer loop
      vertex -31.6875 12.6908 5.4
      vertex -31.8838 12.5533 0.9
      vertex -31.6875 12.6908 0.9
    endloop
  endfacet
  facet normal -0.819055 0.573714 1.27956e-18
    outer loop
      vertex -29.9467 10.6162 0.9
      vertex -29.8092 10.8125 5.4
      vertex -29.8092 10.8125 0.9
    endloop
  endfacet
  facet normal -0.819055 0.573714 1.27956e-18
    outer loop
      vertex -29.8092 10.8125 5.4
      vertex -29.9467 10.6162 0.9
      vertex -29.9467 10.6162 5.4
    endloop
  endfacet
  facet normal -0.819055 -0.573714 -1.27956e-18
    outer loop
      vertex -29.8092 12.1875 0.9
      vertex -29.9467 12.3838 5.4
      vertex -29.9467 12.3838 0.9
    endloop
  endfacet
  facet normal -0.819055 -0.573714 -1.27956e-18
    outer loop
      vertex -29.9467 12.3838 5.4
      vertex -29.8092 12.1875 0.9
      vertex -29.8092 12.1875 5.4
    endloop
  endfacet
  facet normal -0.965957 0.258701 -1.81183e-20
    outer loop
      vertex -29.7079 11.0297 0.9
      vertex -29.6459 11.2612 5.4
      vertex -29.6459 11.2612 0.9
    endloop
  endfacet
  facet normal -0.965957 0.258701 -1.81183e-20
    outer loop
      vertex -29.6459 11.2612 5.4
      vertex -29.7079 11.0297 0.9
      vertex -29.7079 11.0297 5.4
    endloop
  endfacet
  facet normal 0.996192 -0.0871877 -1.85788e-19
    outer loop
      vertex -32.375 11.5 5.4
      vertex -32.3541 11.7388 0.9
      vertex -32.3541 11.7388 5.4
    endloop
  endfacet
  facet normal 0.996192 -0.0871877 -1.85788e-19
    outer loop
      vertex -32.3541 11.7388 0.9
      vertex -32.375 11.5 5.4
      vertex -32.375 11.5 0.9
    endloop
  endfacet
  facet normal -0.42268 -0.906279 0
    outer loop
      vertex -30.5297 12.7921 0.9
      vertex -30.3125 12.6908 5.4
      vertex -30.5297 12.7921 5.4
    endloop
  endfacet
  facet normal -0.42268 -0.906279 -0
    outer loop
      vertex -30.3125 12.6908 5.4
      vertex -30.5297 12.7921 0.9
      vertex -30.3125 12.6908 0.9
    endloop
  endfacet
  facet normal -0.707107 -0.707107 1.01976e-18
    outer loop
      vertex -29.9467 12.3838 0.9
      vertex -30.1162 12.5533 5.4
      vertex -30.1162 12.5533 0.9
    endloop
  endfacet
  facet normal -0.707107 -0.707107 1.01976e-18
    outer loop
      vertex -30.1162 12.5533 5.4
      vertex -29.9467 12.3838 0.9
      vertex -29.9467 12.3838 5.4
    endloop
  endfacet
  facet normal -0.258701 0.965957 0
    outer loop
      vertex -30.5297 10.2079 0.9
      vertex -30.7612 10.1459 5.4
      vertex -30.5297 10.2079 5.4
    endloop
  endfacet
  facet normal -0.258701 0.965957 0
    outer loop
      vertex -30.7612 10.1459 5.4
      vertex -30.5297 10.2079 0.9
      vertex -30.7612 10.1459 0.9
    endloop
  endfacet
  facet normal -0.996192 0.0871877 -8.54393e-20
    outer loop
      vertex -29.6459 11.2612 0.9
      vertex -29.625 11.5 5.4
      vertex -29.625 11.5 0.9
    endloop
  endfacet
  facet normal -0.996192 0.0871877 -8.54393e-20
    outer loop
      vertex -29.625 11.5 5.4
      vertex -29.6459 11.2612 0.9
      vertex -29.6459 11.2612 5.4
    endloop
  endfacet
  facet normal -0.573714 -0.819055 0
    outer loop
      vertex -30.3125 12.6908 0.9
      vertex -30.1162 12.5533 5.4
      vertex -30.3125 12.6908 5.4
    endloop
  endfacet
  facet normal -0.573714 -0.819055 -0
    outer loop
      vertex -30.1162 12.5533 5.4
      vertex -30.3125 12.6908 0.9
      vertex -30.1162 12.5533 0.9
    endloop
  endfacet
  facet normal 0.0871877 -0.996192 0
    outer loop
      vertex -31.2388 12.8541 0.9
      vertex -31 12.875 5.4
      vertex -31.2388 12.8541 5.4
    endloop
  endfacet
  facet normal 0.0871877 -0.996192 0
    outer loop
      vertex -31 12.875 5.4
      vertex -31.2388 12.8541 0.9
      vertex -31 12.875 0.9
    endloop
  endfacet
  facet normal 0.258701 0.965957 -0
    outer loop
      vertex -31.2388 10.1459 0.9
      vertex -31.4703 10.2079 5.4
      vertex -31.2388 10.1459 5.4
    endloop
  endfacet
  facet normal 0.258701 0.965957 0
    outer loop
      vertex -31.4703 10.2079 5.4
      vertex -31.2388 10.1459 0.9
      vertex -31.4703 10.2079 0.9
    endloop
  endfacet
  facet normal 0.906279 0.42268 -9.35635e-20
    outer loop
      vertex -32.1908 10.8125 5.4
      vertex -32.2921 11.0297 0.9
      vertex -32.2921 11.0297 5.4
    endloop
  endfacet
  facet normal 0.906279 0.42268 -9.35635e-20
    outer loop
      vertex -32.2921 11.0297 0.9
      vertex -32.1908 10.8125 5.4
      vertex -32.1908 10.8125 0.9
    endloop
  endfacet
  facet normal -0.0871877 -0.996192 0
    outer loop
      vertex -31 12.875 0.9
      vertex -30.7612 12.8541 5.4
      vertex -31 12.875 5.4
    endloop
  endfacet
  facet normal -0.0871877 -0.996192 -0
    outer loop
      vertex -30.7612 12.8541 5.4
      vertex -31 12.875 0.9
      vertex -30.7612 12.8541 0.9
    endloop
  endfacet
  facet normal 0.996192 0.0871877 1.85788e-19
    outer loop
      vertex -32.3541 11.2612 5.4
      vertex -32.375 11.5 0.9
      vertex -32.375 11.5 5.4
    endloop
  endfacet
  facet normal 0.996192 0.0871877 1.85788e-19
    outer loop
      vertex -32.375 11.5 0.9
      vertex -32.3541 11.2612 5.4
      vertex -32.3541 11.2612 0.9
    endloop
  endfacet
  facet normal -0.258701 -0.965957 0
    outer loop
      vertex -30.7612 12.8541 0.9
      vertex -30.5297 12.7921 5.4
      vertex -30.7612 12.8541 5.4
    endloop
  endfacet
  facet normal -0.258701 -0.965957 -0
    outer loop
      vertex -30.5297 12.7921 5.4
      vertex -30.7612 12.8541 0.9
      vertex -30.5297 12.7921 0.9
    endloop
  endfacet
  facet normal 0.965957 -0.258701 3.42189e-19
    outer loop
      vertex -32.3541 11.7388 5.4
      vertex -32.2921 11.9703 0.9
      vertex -32.2921 11.9703 5.4
    endloop
  endfacet
  facet normal 0.965957 -0.258701 3.42189e-19
    outer loop
      vertex -32.2921 11.9703 0.9
      vertex -32.3541 11.7388 5.4
      vertex -32.3541 11.7388 0.9
    endloop
  endfacet
  facet normal 0.42268 0.906279 -0
    outer loop
      vertex -31.4703 10.2079 0.9
      vertex -31.6875 10.3092 5.4
      vertex -31.4703 10.2079 5.4
    endloop
  endfacet
  facet normal 0.42268 0.906279 0
    outer loop
      vertex -31.6875 10.3092 5.4
      vertex -31.4703 10.2079 0.9
      vertex -31.6875 10.3092 0.9
    endloop
  endfacet
  facet normal 0.707107 -0.707107 -1.01976e-18
    outer loop
      vertex -32.0533 12.3838 5.4
      vertex -31.8838 12.5533 0.9
      vertex -31.8838 12.5533 5.4
    endloop
  endfacet
  facet normal 0.707107 -0.707107 -1.01976e-18
    outer loop
      vertex -31.8838 12.5533 0.9
      vertex -32.0533 12.3838 5.4
      vertex -32.0533 12.3838 0.9
    endloop
  endfacet
  facet normal -0.258802 0.96593 0
    outer loop
      vertex 26.5485 -8.9395 0.9
      vertex 26.1107 -9.0568 5.4
      vertex 26.5485 -8.9395 5.4
    endloop
  endfacet
  facet normal -0.258802 0.96593 0
    outer loop
      vertex 26.1107 -9.0568 5.4
      vertex 26.5485 -8.9395 0.9
      vertex 26.1107 -9.0568 0.9
    endloop
  endfacet
  facet normal 0.96593 0.258802 1.41029e-18
    outer loop
      vertex 29.5605 -11.0485 5.4
      vertex 29.4432 -10.6107 0.9
      vertex 29.4432 -10.6107 5.4
    endloop
  endfacet
  facet normal 0.96593 0.258802 1.41029e-18
    outer loop
      vertex 29.4432 -10.6107 0.9
      vertex 29.5605 -11.0485 5.4
      vertex 29.5605 -11.0485 0.9
    endloop
  endfacet
  facet normal 0.996195 0.0871533 -7.03528e-19
    outer loop
      vertex 29.6 -11.5 5.4
      vertex 29.5605 -11.0485 0.9
      vertex 29.5605 -11.0485 5.4
    endloop
  endfacet
  facet normal 0.996195 0.0871533 -7.03528e-19
    outer loop
      vertex 29.5605 -11.0485 0.9
      vertex 29.6 -11.5 5.4
      vertex 29.6 -11.5 0.9
    endloop
  endfacet
  facet normal 0.906318 0.422596 2.52936e-18
    outer loop
      vertex 29.4432 -10.6107 5.4
      vertex 29.2517 -10.2 0.9
      vertex 29.2517 -10.2 5.4
    endloop
  endfacet
  facet normal 0.906318 0.422596 2.52936e-18
    outer loop
      vertex 29.2517 -10.2 0.9
      vertex 29.4432 -10.6107 5.4
      vertex 29.4432 -10.6107 0.9
    endloop
  endfacet
  facet normal 0.0871533 -0.996195 0
    outer loop
      vertex 27 -14.1 0.9
      vertex 27.4515 -14.0605 5.4
      vertex 27 -14.1 5.4
    endloop
  endfacet
  facet normal 0.0871533 -0.996195 0
    outer loop
      vertex 27.4515 -14.0605 5.4
      vertex 27 -14.1 0.9
      vertex 27.4515 -14.0605 0.9
    endloop
  endfacet
  facet normal -0.996195 -0.0871533 -7.03528e-19
    outer loop
      vertex 24.4395 -11.9515 0.9
      vertex 24.4 -11.5 5.4
      vertex 24.4 -11.5 0.9
    endloop
  endfacet
  facet normal -0.996195 -0.0871533 -7.03528e-19
    outer loop
      vertex 24.4 -11.5 5.4
      vertex 24.4395 -11.9515 0.9
      vertex 24.4395 -11.9515 5.4
    endloop
  endfacet
  facet normal 0.996195 -0.0871533 7.03528e-19
    outer loop
      vertex 29.5605 -11.9515 5.4
      vertex 29.6 -11.5 0.9
      vertex 29.6 -11.5 5.4
    endloop
  endfacet
  facet normal 0.996195 -0.0871533 7.03528e-19
    outer loop
      vertex 29.6 -11.5 0.9
      vertex 29.5605 -11.9515 5.4
      vertex 29.5605 -11.9515 0.9
    endloop
  endfacet
  facet normal 0.819102 0.573647 -9.36263e-19
    outer loop
      vertex 29.2517 -10.2 5.4
      vertex 28.9917 -9.82875 0.9
      vertex 28.9917 -9.82875 5.4
    endloop
  endfacet
  facet normal 0.819102 0.573647 -9.36263e-19
    outer loop
      vertex 28.9917 -9.82875 0.9
      vertex 29.2517 -10.2 5.4
      vertex 29.2517 -10.2 0.9
    endloop
  endfacet
  facet normal -0.707074 0.70714 -2.29165e-19
    outer loop
      vertex 25.0083 -9.82875 0.9
      vertex 25.3288 -9.50828 5.4
      vertex 25.3288 -9.50828 0.9
    endloop
  endfacet
  facet normal -0.707074 0.70714 -2.29165e-19
    outer loop
      vertex 25.3288 -9.50828 5.4
      vertex 25.0083 -9.82875 0.9
      vertex 25.0083 -9.82875 5.4
    endloop
  endfacet
  facet normal 0.422596 -0.906318 0
    outer loop
      vertex 27.8893 -13.9432 0.9
      vertex 28.3 -13.7517 5.4
      vertex 27.8893 -13.9432 5.4
    endloop
  endfacet
  facet normal 0.422596 -0.906318 0
    outer loop
      vertex 28.3 -13.7517 5.4
      vertex 27.8893 -13.9432 0.9
      vertex 28.3 -13.7517 0.9
    endloop
  endfacet
  facet normal -0.422596 -0.906318 0
    outer loop
      vertex 25.7 -13.7517 0.9
      vertex 26.1107 -13.9432 5.4
      vertex 25.7 -13.7517 5.4
    endloop
  endfacet
  facet normal -0.422596 -0.906318 -0
    outer loop
      vertex 26.1107 -13.9432 5.4
      vertex 25.7 -13.7517 0.9
      vertex 26.1107 -13.9432 0.9
    endloop
  endfacet
  facet normal 0.819066 -0.573699 1.80171e-18
    outer loop
      vertex 28.9917 -13.1712 5.4
      vertex 29.2517 -12.8 0.9
      vertex 29.2517 -12.8 5.4
    endloop
  endfacet
  facet normal 0.819066 -0.573699 1.80171e-18
    outer loop
      vertex 29.2517 -12.8 0.9
      vertex 28.9917 -13.1712 5.4
      vertex 28.9917 -13.1712 0.9
    endloop
  endfacet
  facet normal 0.96593 -0.258802 -1.41029e-18
    outer loop
      vertex 29.4432 -12.3893 5.4
      vertex 29.5605 -11.9515 0.9
      vertex 29.5605 -11.9515 5.4
    endloop
  endfacet
  facet normal 0.96593 -0.258802 -1.41029e-18
    outer loop
      vertex 29.5605 -11.9515 0.9
      vertex 29.4432 -12.3893 5.4
      vertex 29.4432 -12.3893 0.9
    endloop
  endfacet
  facet normal -0.573625 0.819118 0
    outer loop
      vertex 25.7 -9.24833 0.9
      vertex 25.3288 -9.50828 5.4
      vertex 25.7 -9.24833 5.4
    endloop
  endfacet
  facet normal -0.573625 0.819118 0
    outer loop
      vertex 25.3288 -9.50828 5.4
      vertex 25.7 -9.24833 0.9
      vertex 25.3288 -9.50828 0.9
    endloop
  endfacet
  facet normal -0.96593 -0.258802 1.41029e-18
    outer loop
      vertex 24.5568 -12.3893 0.9
      vertex 24.4395 -11.9515 5.4
      vertex 24.4395 -11.9515 0.9
    endloop
  endfacet
  facet normal -0.96593 -0.258802 1.41029e-18
    outer loop
      vertex 24.4395 -11.9515 5.4
      vertex 24.5568 -12.3893 0.9
      vertex 24.5568 -12.3893 5.4
    endloop
  endfacet
  facet normal 0.258802 -0.96593 0
    outer loop
      vertex 27.4515 -14.0605 0.9
      vertex 27.8893 -13.9432 5.4
      vertex 27.4515 -14.0605 5.4
    endloop
  endfacet
  facet normal 0.258802 -0.96593 0
    outer loop
      vertex 27.8893 -13.9432 5.4
      vertex 27.4515 -14.0605 0.9
      vertex 27.8893 -13.9432 0.9
    endloop
  endfacet
  facet normal 0.707107 -0.707107 2.85834e-18
    outer loop
      vertex 28.6712 -13.4917 5.4
      vertex 28.9917 -13.1712 0.9
      vertex 28.9917 -13.1712 5.4
    endloop
  endfacet
  facet normal 0.707107 -0.707107 2.85834e-18
    outer loop
      vertex 28.9917 -13.1712 0.9
      vertex 28.6712 -13.4917 5.4
      vertex 28.6712 -13.4917 0.9
    endloop
  endfacet
  facet normal -0.42265 0.906293 0
    outer loop
      vertex 26.1107 -9.0568 0.9
      vertex 25.7 -9.24833 5.4
      vertex 26.1107 -9.0568 5.4
    endloop
  endfacet
  facet normal -0.42265 0.906293 0
    outer loop
      vertex 25.7 -9.24833 5.4
      vertex 26.1107 -9.0568 0.9
      vertex 25.7 -9.24833 0.9
    endloop
  endfacet
  facet normal 0.0871533 0.996195 -0
    outer loop
      vertex 27.4515 -8.9395 0.9
      vertex 27 -8.9 5.4
      vertex 27.4515 -8.9395 5.4
    endloop
  endfacet
  facet normal 0.0871533 0.996195 0
    outer loop
      vertex 27 -8.9 5.4
      vertex 27.4515 -8.9395 0.9
      vertex 27 -8.9 0.9
    endloop
  endfacet
  facet normal -0.906318 -0.422596 2.52936e-18
    outer loop
      vertex 24.7483 -12.8 0.9
      vertex 24.5568 -12.3893 5.4
      vertex 24.5568 -12.3893 0.9
    endloop
  endfacet
  facet normal -0.906318 -0.422596 2.52936e-18
    outer loop
      vertex 24.5568 -12.3893 5.4
      vertex 24.7483 -12.8 0.9
      vertex 24.7483 -12.8 5.4
    endloop
  endfacet
  facet normal 0.258802 0.96593 -0
    outer loop
      vertex 27.8893 -9.0568 0.9
      vertex 27.4515 -8.9395 5.4
      vertex 27.8893 -9.0568 5.4
    endloop
  endfacet
  facet normal 0.258802 0.96593 0
    outer loop
      vertex 27.4515 -8.9395 5.4
      vertex 27.8893 -9.0568 0.9
      vertex 27.4515 -8.9395 0.9
    endloop
  endfacet
  facet normal -0.819066 -0.573699 -1.80171e-18
    outer loop
      vertex 25.0083 -13.1712 0.9
      vertex 24.7483 -12.8 5.4
      vertex 24.7483 -12.8 0.9
    endloop
  endfacet
  facet normal -0.819066 -0.573699 -1.80171e-18
    outer loop
      vertex 24.7483 -12.8 5.4
      vertex 25.0083 -13.1712 0.9
      vertex 25.0083 -13.1712 5.4
    endloop
  endfacet
  facet normal 0.573625 0.819118 -0
    outer loop
      vertex 28.6712 -9.50828 0.9
      vertex 28.3 -9.24833 5.4
      vertex 28.6712 -9.50828 5.4
    endloop
  endfacet
  facet normal 0.573625 0.819118 0
    outer loop
      vertex 28.3 -9.24833 5.4
      vertex 28.6712 -9.50828 0.9
      vertex 28.3 -9.24833 0.9
    endloop
  endfacet
  facet normal -0.258802 -0.96593 0
    outer loop
      vertex 26.1107 -13.9432 0.9
      vertex 26.5485 -14.0605 5.4
      vertex 26.1107 -13.9432 5.4
    endloop
  endfacet
  facet normal -0.258802 -0.96593 -0
    outer loop
      vertex 26.5485 -14.0605 5.4
      vertex 26.1107 -13.9432 0.9
      vertex 26.5485 -14.0605 0.9
    endloop
  endfacet
  facet normal 0.906318 -0.422596 -2.52936e-18
    outer loop
      vertex 29.2517 -12.8 5.4
      vertex 29.4432 -12.3893 0.9
      vertex 29.4432 -12.3893 5.4
    endloop
  endfacet
  facet normal 0.906318 -0.422596 -2.52936e-18
    outer loop
      vertex 29.4432 -12.3893 0.9
      vertex 29.2517 -12.8 5.4
      vertex 29.2517 -12.8 0.9
    endloop
  endfacet
  facet normal 0.707074 0.70714 2.29165e-19
    outer loop
      vertex 28.9917 -9.82875 5.4
      vertex 28.6712 -9.50828 0.9
      vertex 28.6712 -9.50828 5.4
    endloop
  endfacet
  facet normal 0.707074 0.70714 2.29165e-19
    outer loop
      vertex 28.6712 -9.50828 0.9
      vertex 28.9917 -9.82875 5.4
      vertex 28.9917 -9.82875 0.9
    endloop
  endfacet
  facet normal -0.906318 0.422596 -2.52936e-18
    outer loop
      vertex 24.5568 -10.6107 0.9
      vertex 24.7483 -10.2 5.4
      vertex 24.7483 -10.2 0.9
    endloop
  endfacet
  facet normal -0.906318 0.422596 -2.52936e-18
    outer loop
      vertex 24.7483 -10.2 5.4
      vertex 24.5568 -10.6107 0.9
      vertex 24.5568 -10.6107 5.4
    endloop
  endfacet
  facet normal -0.573699 -0.819066 0
    outer loop
      vertex 25.3288 -13.4917 0.9
      vertex 25.7 -13.7517 5.4
      vertex 25.3288 -13.4917 5.4
    endloop
  endfacet
  facet normal -0.573699 -0.819066 -0
    outer loop
      vertex 25.7 -13.7517 5.4
      vertex 25.3288 -13.4917 0.9
      vertex 25.7 -13.7517 0.9
    endloop
  endfacet
  facet normal -0.0871533 0.996195 0
    outer loop
      vertex 27 -8.9 0.9
      vertex 26.5485 -8.9395 5.4
      vertex 27 -8.9 5.4
    endloop
  endfacet
  facet normal -0.0871533 0.996195 0
    outer loop
      vertex 26.5485 -8.9395 5.4
      vertex 27 -8.9 0.9
      vertex 26.5485 -8.9395 0.9
    endloop
  endfacet
  facet normal -0.819102 0.573647 9.36263e-19
    outer loop
      vertex 24.7483 -10.2 0.9
      vertex 25.0083 -9.82875 5.4
      vertex 25.0083 -9.82875 0.9
    endloop
  endfacet
  facet normal -0.819102 0.573647 9.36263e-19
    outer loop
      vertex 25.0083 -9.82875 5.4
      vertex 24.7483 -10.2 0.9
      vertex 24.7483 -10.2 5.4
    endloop
  endfacet
  facet normal 0.42265 0.906293 -0
    outer loop
      vertex 28.3 -9.24833 0.9
      vertex 27.8893 -9.0568 5.4
      vertex 28.3 -9.24833 5.4
    endloop
  endfacet
  facet normal 0.42265 0.906293 0
    outer loop
      vertex 27.8893 -9.0568 5.4
      vertex 28.3 -9.24833 0.9
      vertex 27.8893 -9.0568 0.9
    endloop
  endfacet
  facet normal -0.96593 0.258802 -1.41029e-18
    outer loop
      vertex 24.4395 -11.0485 0.9
      vertex 24.5568 -10.6107 5.4
      vertex 24.5568 -10.6107 0.9
    endloop
  endfacet
  facet normal -0.96593 0.258802 -1.41029e-18
    outer loop
      vertex 24.5568 -10.6107 5.4
      vertex 24.4395 -11.0485 0.9
      vertex 24.4395 -11.0485 5.4
    endloop
  endfacet
  facet normal 0.573699 -0.819066 0
    outer loop
      vertex 28.3 -13.7517 0.9
      vertex 28.6712 -13.4917 5.4
      vertex 28.3 -13.7517 5.4
    endloop
  endfacet
  facet normal 0.573699 -0.819066 0
    outer loop
      vertex 28.6712 -13.4917 5.4
      vertex 28.3 -13.7517 0.9
      vertex 28.6712 -13.4917 0.9
    endloop
  endfacet
  facet normal -0.0871533 -0.996195 0
    outer loop
      vertex 26.5485 -14.0605 0.9
      vertex 27 -14.1 5.4
      vertex 26.5485 -14.0605 5.4
    endloop
  endfacet
  facet normal -0.0871533 -0.996195 -0
    outer loop
      vertex 27 -14.1 5.4
      vertex 26.5485 -14.0605 0.9
      vertex 27 -14.1 0.9
    endloop
  endfacet
  facet normal -0.996195 0.0871533 7.03528e-19
    outer loop
      vertex 24.4 -11.5 0.9
      vertex 24.4395 -11.0485 5.4
      vertex 24.4395 -11.0485 0.9
    endloop
  endfacet
  facet normal -0.996195 0.0871533 7.03528e-19
    outer loop
      vertex 24.4395 -11.0485 5.4
      vertex 24.4 -11.5 0.9
      vertex 24.4 -11.5 5.4
    endloop
  endfacet
  facet normal -0.707107 -0.707107 -2.85834e-18
    outer loop
      vertex 25.3288 -13.4917 0.9
      vertex 25.0083 -13.1712 5.4
      vertex 25.0083 -13.1712 0.9
    endloop
  endfacet
  facet normal -0.707107 -0.707107 -2.85834e-18
    outer loop
      vertex 25.0083 -13.1712 5.4
      vertex 25.3288 -13.4917 0.9
      vertex 25.3288 -13.4917 5.4
    endloop
  endfacet
  facet normal 0 0 1
    outer loop
      vertex 28.375 -11.5 5.4
      vertex 29.6 -11.5 5.4
      vertex 29.5605 -11.0485 5.4
    endloop
  endfacet
  facet normal 0 0 1
    outer loop
      vertex 28.3541 -11.2612 5.4
      vertex 29.5605 -11.0485 5.4
      vertex 29.4432 -10.6107 5.4
    endloop
  endfacet
  facet normal 0 0 1
    outer loop
      vertex 29.6 -11.5 5.4
      vertex 28.375 -11.5 5.4
      vertex 29.5605 -11.9515 5.4
    endloop
  endfacet
  facet normal 0 0 1
    outer loop
      vertex 28.2921 -11.0297 5.4
      vertex 29.4432 -10.6107 5.4
      vertex 29.2517 -10.2 5.4
    endloop
  endfacet
  facet normal -0 0 1
    outer loop
      vertex 28.3541 -11.7388 5.4
      vertex 29.5605 -11.9515 5.4
      vertex 28.375 -11.5 5.4
    endloop
  endfacet
  facet normal 0 0 1
    outer loop
      vertex 28.1908 -10.8125 5.4
      vertex 29.2517 -10.2 5.4
      vertex 28.9917 -9.82875 5.4
    endloop
  endfacet
  facet normal 0 0 1
    outer loop
      vertex 29.5605 -11.9515 5.4
      vertex 28.3541 -11.7388 5.4
      vertex 29.4432 -12.3893 5.4
    endloop
  endfacet
  facet normal 0 0 1
    outer loop
      vertex 28.0533 -10.6162 5.4
      vertex 28.9917 -9.82875 5.4
      vertex 28.6712 -9.50828 5.4
    endloop
  endfacet
  facet normal -0 0 1
    outer loop
      vertex 28.2921 -11.9703 5.4
      vertex 29.4432 -12.3893 5.4
      vertex 28.3541 -11.7388 5.4
    endloop
  endfacet
  facet normal 0 0 1
    outer loop
      vertex 29.4432 -12.3893 5.4
      vertex 28.2921 -11.9703 5.4
      vertex 29.2517 -12.8 5.4
    endloop
  endfacet
  facet normal 0 0 1
    outer loop
      vertex 29.5605 -11.0485 5.4
      vertex 28.3541 -11.2612 5.4
      vertex 28.375 -11.5 5.4
    endloop
  endfacet
  facet normal 0 0 1
    outer loop
      vertex 27.8838 -10.4467 5.4
      vertex 28.6712 -9.50828 5.4
      vertex 28.3 -9.24833 5.4
    endloop
  endfacet
  facet normal 0 0 1
    outer loop
      vertex 29.4432 -10.6107 5.4
      vertex 28.2921 -11.0297 5.4
      vertex 28.3541 -11.2612 5.4
    endloop
  endfacet
  facet normal 0 0 1
    outer loop
      vertex 29.2517 -10.2 5.4
      vertex 28.1908 -10.8125 5.4
      vertex 28.2921 -11.0297 5.4
    endloop
  endfacet
  facet normal 0 0 1
    outer loop
      vertex 28.9917 -9.82875 5.4
      vertex 28.0533 -10.6162 5.4
      vertex 28.1908 -10.8125 5.4
    endloop
  endfacet
  facet normal 0 0 1
    outer loop
      vertex 27.6875 -10.3092 5.4
      vertex 28.3 -9.24833 5.4
      vertex 27.8893 -9.0568 5.4
    endloop
  endfacet
  facet normal 0 0 1
    outer loop
      vertex 28.6712 -9.50828 5.4
      vertex 27.8838 -10.4467 5.4
      vertex 28.0533 -10.6162 5.4
    endloop
  endfacet
  facet normal 0 0 1
    outer loop
      vertex 28.3 -9.24833 5.4
      vertex 27.6875 -10.3092 5.4
      vertex 27.8838 -10.4467 5.4
    endloop
  endfacet
  facet normal 0 0 1
    outer loop
      vertex 27.8893 -9.0568 5.4
      vertex 27.4703 -10.2079 5.4
      vertex 27.6875 -10.3092 5.4
    endloop
  endfacet
  facet normal 0 0 1
    outer loop
      vertex 27.4515 -8.9395 5.4
      vertex 27.4703 -10.2079 5.4
      vertex 27.8893 -9.0568 5.4
    endloop
  endfacet
  facet normal 0 0 1
    outer loop
      vertex 27.4515 -8.9395 5.4
      vertex 27.2388 -10.1459 5.4
      vertex 27.4703 -10.2079 5.4
    endloop
  endfacet
  facet normal 0 0 1
    outer loop
      vertex 27 -8.9 5.4
      vertex 27.2388 -10.1459 5.4
      vertex 27.4515 -8.9395 5.4
    endloop
  endfacet
  facet normal 0 0 1
    outer loop
      vertex 27 -8.9 5.4
      vertex 27 -10.125 5.4
      vertex 27.2388 -10.1459 5.4
    endloop
  endfacet
  facet normal 0 0 1
    outer loop
      vertex 27 -8.9 5.4
      vertex 26.7612 -10.1459 5.4
      vertex 27 -10.125 5.4
    endloop
  endfacet
  facet normal -0 0 1
    outer loop
      vertex 26.5485 -8.9395 5.4
      vertex 26.7612 -10.1459 5.4
      vertex 27 -8.9 5.4
    endloop
  endfacet
  facet normal 0 0 1
    outer loop
      vertex 26.5485 -8.9395 5.4
      vertex 26.5297 -10.2079 5.4
      vertex 26.7612 -10.1459 5.4
    endloop
  endfacet
  facet normal -0 0 1
    outer loop
      vertex 26.1107 -9.0568 5.4
      vertex 26.5297 -10.2079 5.4
      vertex 26.5485 -8.9395 5.4
    endloop
  endfacet
  facet normal 0 0 1
    outer loop
      vertex 26.5297 -10.2079 5.4
      vertex 26.1107 -9.0568 5.4
      vertex 26.3125 -10.3092 5.4
    endloop
  endfacet
  facet normal -0 0 1
    outer loop
      vertex 25.7 -9.24833 5.4
      vertex 26.3125 -10.3092 5.4
      vertex 26.1107 -9.0568 5.4
    endloop
  endfacet
  facet normal 0 0 1
    outer loop
      vertex 26.3125 -10.3092 5.4
      vertex 25.7 -9.24833 5.4
      vertex 26.1162 -10.4467 5.4
    endloop
  endfacet
  facet normal -0 0 1
    outer loop
      vertex 25.3288 -9.50828 5.4
      vertex 26.1162 -10.4467 5.4
      vertex 25.7 -9.24833 5.4
    endloop
  endfacet
  facet normal 0 0 1
    outer loop
      vertex 26.1162 -10.4467 5.4
      vertex 25.3288 -9.50828 5.4
      vertex 25.9467 -10.6162 5.4
    endloop
  endfacet
  facet normal -0 0 1
    outer loop
      vertex 25.0083 -9.82875 5.4
      vertex 25.9467 -10.6162 5.4
      vertex 25.3288 -9.50828 5.4
    endloop
  endfacet
  facet normal 0 0 1
    outer loop
      vertex 25.9467 -10.6162 5.4
      vertex 25.0083 -9.82875 5.4
      vertex 25.8092 -10.8125 5.4
    endloop
  endfacet
  facet normal -0 0 1
    outer loop
      vertex 24.7483 -10.2 5.4
      vertex 25.8092 -10.8125 5.4
      vertex 25.0083 -9.82875 5.4
    endloop
  endfacet
  facet normal 0 0 1
    outer loop
      vertex 25.8092 -10.8125 5.4
      vertex 24.7483 -10.2 5.4
      vertex 25.7079 -11.0297 5.4
    endloop
  endfacet
  facet normal -0 0 1
    outer loop
      vertex 28.1908 -12.1875 5.4
      vertex 29.2517 -12.8 5.4
      vertex 28.2921 -11.9703 5.4
    endloop
  endfacet
  facet normal 0 0 1
    outer loop
      vertex 29.2517 -12.8 5.4
      vertex 28.1908 -12.1875 5.4
      vertex 28.9917 -13.1712 5.4
    endloop
  endfacet
  facet normal -0 0 1
    outer loop
      vertex 28.0533 -12.3838 5.4
      vertex 28.9917 -13.1712 5.4
      vertex 28.1908 -12.1875 5.4
    endloop
  endfacet
  facet normal 0 0 1
    outer loop
      vertex 28.9917 -13.1712 5.4
      vertex 28.0533 -12.3838 5.4
      vertex 28.6712 -13.4917 5.4
    endloop
  endfacet
  facet normal -0 0 1
    outer loop
      vertex 27.8838 -12.5533 5.4
      vertex 28.6712 -13.4917 5.4
      vertex 28.0533 -12.3838 5.4
    endloop
  endfacet
  facet normal 0 0 1
    outer loop
      vertex 28.6712 -13.4917 5.4
      vertex 27.8838 -12.5533 5.4
      vertex 28.3 -13.7517 5.4
    endloop
  endfacet
  facet normal -0 0 1
    outer loop
      vertex 27.6875 -12.6908 5.4
      vertex 28.3 -13.7517 5.4
      vertex 27.8838 -12.5533 5.4
    endloop
  endfacet
  facet normal 0 0 1
    outer loop
      vertex 28.3 -13.7517 5.4
      vertex 27.6875 -12.6908 5.4
      vertex 27.8893 -13.9432 5.4
    endloop
  endfacet
  facet normal -0 0 1
    outer loop
      vertex 27.4703 -12.7921 5.4
      vertex 27.8893 -13.9432 5.4
      vertex 27.6875 -12.6908 5.4
    endloop
  endfacet
  facet normal 0 0 1
    outer loop
      vertex 27.4703 -12.7921 5.4
      vertex 27.4515 -14.0605 5.4
      vertex 27.8893 -13.9432 5.4
    endloop
  endfacet
  facet normal -0 0 1
    outer loop
      vertex 27.2388 -12.8541 5.4
      vertex 27.4515 -14.0605 5.4
      vertex 27.4703 -12.7921 5.4
    endloop
  endfacet
  facet normal -0 0 1
    outer loop
      vertex 27 -12.875 5.4
      vertex 27.4515 -14.0605 5.4
      vertex 27.2388 -12.8541 5.4
    endloop
  endfacet
  facet normal 0 0 1
    outer loop
      vertex 27 -12.875 5.4
      vertex 27 -14.1 5.4
      vertex 27.4515 -14.0605 5.4
    endloop
  endfacet
  facet normal 0 0 1
    outer loop
      vertex 26.7612 -12.8541 5.4
      vertex 27 -14.1 5.4
      vertex 27 -12.875 5.4
    endloop
  endfacet
  facet normal 0 0 1
    outer loop
      vertex 26.7612 -12.8541 5.4
      vertex 26.5485 -14.0605 5.4
      vertex 27 -14.1 5.4
    endloop
  endfacet
  facet normal 0 0 1
    outer loop
      vertex 26.5297 -12.7921 5.4
      vertex 26.5485 -14.0605 5.4
      vertex 26.7612 -12.8541 5.4
    endloop
  endfacet
  facet normal 0 0 1
    outer loop
      vertex 26.1107 -13.9432 5.4
      vertex 26.5297 -12.7921 5.4
      vertex 26.3125 -12.6908 5.4
    endloop
  endfacet
  facet normal 0 0 1
    outer loop
      vertex 25.7 -13.7517 5.4
      vertex 26.3125 -12.6908 5.4
      vertex 26.1162 -12.5533 5.4
    endloop
  endfacet
  facet normal 0 0 1
    outer loop
      vertex 26.5297 -12.7921 5.4
      vertex 26.1107 -13.9432 5.4
      vertex 26.5485 -14.0605 5.4
    endloop
  endfacet
  facet normal 0 0 1
    outer loop
      vertex 25.3288 -13.4917 5.4
      vertex 26.1162 -12.5533 5.4
      vertex 25.9467 -12.3838 5.4
    endloop
  endfacet
  facet normal 0 0 1
    outer loop
      vertex 25.0083 -13.1712 5.4
      vertex 25.9467 -12.3838 5.4
      vertex 25.8092 -12.1875 5.4
    endloop
  endfacet
  facet normal 0 0 1
    outer loop
      vertex 24.7483 -12.8 5.4
      vertex 25.8092 -12.1875 5.4
      vertex 25.7079 -11.9703 5.4
    endloop
  endfacet
  facet normal 0 0 1
    outer loop
      vertex 26.3125 -12.6908 5.4
      vertex 25.7 -13.7517 5.4
      vertex 26.1107 -13.9432 5.4
    endloop
  endfacet
  facet normal 0 0 1
    outer loop
      vertex 24.5568 -12.3893 5.4
      vertex 25.7079 -11.9703 5.4
      vertex 25.6459 -11.7388 5.4
    endloop
  endfacet
  facet normal 0 0 1
    outer loop
      vertex 24.4395 -11.9515 5.4
      vertex 25.6459 -11.7388 5.4
      vertex 25.625 -11.5 5.4
    endloop
  endfacet
  facet normal -0 0 1
    outer loop
      vertex 24.5568 -10.6107 5.4
      vertex 25.7079 -11.0297 5.4
      vertex 24.7483 -10.2 5.4
    endloop
  endfacet
  facet normal 0 0 1
    outer loop
      vertex 26.1162 -12.5533 5.4
      vertex 25.3288 -13.4917 5.4
      vertex 25.7 -13.7517 5.4
    endloop
  endfacet
  facet normal 0 0 1
    outer loop
      vertex 25.7079 -11.0297 5.4
      vertex 24.5568 -10.6107 5.4
      vertex 25.6459 -11.2612 5.4
    endloop
  endfacet
  facet normal 0 0 1
    outer loop
      vertex 25.9467 -12.3838 5.4
      vertex 25.0083 -13.1712 5.4
      vertex 25.3288 -13.4917 5.4
    endloop
  endfacet
  facet normal -0 0 1
    outer loop
      vertex 24.4395 -11.0485 5.4
      vertex 25.6459 -11.2612 5.4
      vertex 24.5568 -10.6107 5.4
    endloop
  endfacet
  facet normal 0 0 1
    outer loop
      vertex 25.8092 -12.1875 5.4
      vertex 24.7483 -12.8 5.4
      vertex 25.0083 -13.1712 5.4
    endloop
  endfacet
  facet normal 0 0 1
    outer loop
      vertex 25.6459 -11.2612 5.4
      vertex 24.4395 -11.0485 5.4
      vertex 25.625 -11.5 5.4
    endloop
  endfacet
  facet normal 0 0 1
    outer loop
      vertex 25.7079 -11.9703 5.4
      vertex 24.5568 -12.3893 5.4
      vertex 24.7483 -12.8 5.4
    endloop
  endfacet
  facet normal 0 0 1
    outer loop
      vertex 24.4 -11.5 5.4
      vertex 25.625 -11.5 5.4
      vertex 24.4395 -11.0485 5.4
    endloop
  endfacet
  facet normal 0 0 1
    outer loop
      vertex 25.6459 -11.7388 5.4
      vertex 24.4395 -11.9515 5.4
      vertex 24.5568 -12.3893 5.4
    endloop
  endfacet
  facet normal 0 0 1
    outer loop
      vertex 25.625 -11.5 5.4
      vertex 24.4 -11.5 5.4
      vertex 24.4395 -11.9515 5.4
    endloop
  endfacet
  facet normal 0.707107 0.707107 1.01976e-18
    outer loop
      vertex 26.1162 -12.5533 5.4
      vertex 25.9467 -12.3838 0.9
      vertex 25.9467 -12.3838 5.4
    endloop
  endfacet
  facet normal 0.707107 0.707107 1.01976e-18
    outer loop
      vertex 25.9467 -12.3838 0.9
      vertex 26.1162 -12.5533 5.4
      vertex 26.1162 -12.5533 0.9
    endloop
  endfacet
  facet normal 0.906279 -0.42268 -4.6748e-19
    outer loop
      vertex 25.7079 -11.0297 5.4
      vertex 25.8092 -10.8125 0.9
      vertex 25.8092 -10.8125 5.4
    endloop
  endfacet
  facet normal 0.906279 -0.42268 -4.6748e-19
    outer loop
      vertex 25.8092 -10.8125 0.9
      vertex 25.7079 -11.0297 5.4
      vertex 25.7079 -11.0297 0.9
    endloop
  endfacet
  facet normal -0.965957 -0.258701 1.81183e-20
    outer loop
      vertex 28.3541 -11.2612 0.9
      vertex 28.2921 -11.0297 5.4
      vertex 28.2921 -11.0297 0.9
    endloop
  endfacet
  facet normal -0.965957 -0.258701 1.81183e-20
    outer loop
      vertex 28.2921 -11.0297 5.4
      vertex 28.3541 -11.2612 0.9
      vertex 28.3541 -11.2612 5.4
    endloop
  endfacet
  facet normal -0.996192 -0.0871877 8.54393e-20
    outer loop
      vertex 28.375 -11.5 0.9
      vertex 28.3541 -11.2612 5.4
      vertex 28.3541 -11.2612 0.9
    endloop
  endfacet
  facet normal -0.996192 -0.0871877 8.54393e-20
    outer loop
      vertex 28.3541 -11.2612 5.4
      vertex 28.375 -11.5 0.9
      vertex 28.375 -11.5 5.4
    endloop
  endfacet
  facet normal -0.906279 -0.42268 4.6748e-19
    outer loop
      vertex 28.2921 -11.0297 0.9
      vertex 28.1908 -10.8125 5.4
      vertex 28.1908 -10.8125 0.9
    endloop
  endfacet
  facet normal -0.906279 -0.42268 4.6748e-19
    outer loop
      vertex 28.1908 -10.8125 5.4
      vertex 28.2921 -11.0297 0.9
      vertex 28.2921 -11.0297 5.4
    endloop
  endfacet
  facet normal -0.573714 0.819055 0
    outer loop
      vertex 27.8838 -12.5533 0.9
      vertex 27.6875 -12.6908 5.4
      vertex 27.8838 -12.5533 5.4
    endloop
  endfacet
  facet normal -0.573714 0.819055 0
    outer loop
      vertex 27.6875 -12.6908 5.4
      vertex 27.8838 -12.5533 0.9
      vertex 27.6875 -12.6908 0.9
    endloop
  endfacet
  facet normal 0.0871877 0.996192 -0
    outer loop
      vertex 27 -12.875 0.9
      vertex 26.7612 -12.8541 5.4
      vertex 27 -12.875 5.4
    endloop
  endfacet
  facet normal 0.0871877 0.996192 0
    outer loop
      vertex 26.7612 -12.8541 5.4
      vertex 27 -12.875 0.9
      vertex 26.7612 -12.8541 0.9
    endloop
  endfacet
  facet normal -0.707107 0.707107 -1.01976e-18
    outer loop
      vertex 27.8838 -12.5533 0.9
      vertex 28.0533 -12.3838 5.4
      vertex 28.0533 -12.3838 0.9
    endloop
  endfacet
  facet normal -0.707107 0.707107 -1.01976e-18
    outer loop
      vertex 28.0533 -12.3838 5.4
      vertex 27.8838 -12.5533 0.9
      vertex 27.8838 -12.5533 5.4
    endloop
  endfacet
  facet normal -0.42268 0.906279 0
    outer loop
      vertex 27.6875 -12.6908 0.9
      vertex 27.4703 -12.7921 5.4
      vertex 27.6875 -12.6908 5.4
    endloop
  endfacet
  facet normal -0.42268 0.906279 0
    outer loop
      vertex 27.4703 -12.7921 5.4
      vertex 27.6875 -12.6908 0.9
      vertex 27.4703 -12.7921 0.9
    endloop
  endfacet
  facet normal 0.258701 -0.965957 0
    outer loop
      vertex 26.5297 -10.2079 0.9
      vertex 26.7612 -10.1459 5.4
      vertex 26.5297 -10.2079 5.4
    endloop
  endfacet
  facet normal 0.258701 -0.965957 0
    outer loop
      vertex 26.7612 -10.1459 5.4
      vertex 26.5297 -10.2079 0.9
      vertex 26.7612 -10.1459 0.9
    endloop
  endfacet
  facet normal 0.42268 -0.906279 0
    outer loop
      vertex 26.3125 -10.3092 0.9
      vertex 26.5297 -10.2079 5.4
      vertex 26.3125 -10.3092 5.4
    endloop
  endfacet
  facet normal 0.42268 -0.906279 0
    outer loop
      vertex 26.5297 -10.2079 5.4
      vertex 26.3125 -10.3092 0.9
      vertex 26.5297 -10.2079 0.9
    endloop
  endfacet
  facet normal -0.0871877 0.996192 0
    outer loop
      vertex 27.2388 -12.8541 0.9
      vertex 27 -12.875 5.4
      vertex 27.2388 -12.8541 5.4
    endloop
  endfacet
  facet normal -0.0871877 0.996192 0
    outer loop
      vertex 27 -12.875 5.4
      vertex 27.2388 -12.8541 0.9
      vertex 27 -12.875 0.9
    endloop
  endfacet
  facet normal 0.965957 0.258701 1.81183e-20
    outer loop
      vertex 25.7079 -11.9703 5.4
      vertex 25.6459 -11.7388 0.9
      vertex 25.6459 -11.7388 5.4
    endloop
  endfacet
  facet normal 0.965957 0.258701 1.81183e-20
    outer loop
      vertex 25.6459 -11.7388 0.9
      vertex 25.7079 -11.9703 5.4
      vertex 25.7079 -11.9703 0.9
    endloop
  endfacet
  facet normal 0.573714 0.819055 -0
    outer loop
      vertex 26.3125 -12.6908 0.9
      vertex 26.1162 -12.5533 5.4
      vertex 26.3125 -12.6908 5.4
    endloop
  endfacet
  facet normal 0.573714 0.819055 0
    outer loop
      vertex 26.1162 -12.5533 5.4
      vertex 26.3125 -12.6908 0.9
      vertex 26.1162 -12.5533 0.9
    endloop
  endfacet
  facet normal 0.819055 -0.573714 1.27956e-18
    outer loop
      vertex 25.8092 -10.8125 5.4
      vertex 25.9467 -10.6162 0.9
      vertex 25.9467 -10.6162 5.4
    endloop
  endfacet
  facet normal 0.819055 -0.573714 1.27956e-18
    outer loop
      vertex 25.9467 -10.6162 0.9
      vertex 25.8092 -10.8125 5.4
      vertex 25.8092 -10.8125 0.9
    endloop
  endfacet
  facet normal -0.906279 0.42268 -4.6748e-19
    outer loop
      vertex 28.1908 -12.1875 0.9
      vertex 28.2921 -11.9703 5.4
      vertex 28.2921 -11.9703 0.9
    endloop
  endfacet
  facet normal -0.906279 0.42268 -4.6748e-19
    outer loop
      vertex 28.2921 -11.9703 5.4
      vertex 28.1908 -12.1875 0.9
      vertex 28.1908 -12.1875 5.4
    endloop
  endfacet
  facet normal 0.819055 0.573714 -1.27956e-18
    outer loop
      vertex 25.9467 -12.3838 5.4
      vertex 25.8092 -12.1875 0.9
      vertex 25.8092 -12.1875 5.4
    endloop
  endfacet
  facet normal 0.819055 0.573714 -1.27956e-18
    outer loop
      vertex 25.8092 -12.1875 0.9
      vertex 25.9467 -12.3838 5.4
      vertex 25.9467 -12.3838 0.9
    endloop
  endfacet
  facet normal 0.573714 -0.819055 0
    outer loop
      vertex 26.1162 -10.4467 0.9
      vertex 26.3125 -10.3092 5.4
      vertex 26.1162 -10.4467 5.4
    endloop
  endfacet
  facet normal 0.573714 -0.819055 0
    outer loop
      vertex 26.3125 -10.3092 5.4
      vertex 26.1162 -10.4467 0.9
      vertex 26.3125 -10.3092 0.9
    endloop
  endfacet
  facet normal -0.819055 0.573714 1.27956e-18
    outer loop
      vertex 28.0533 -12.3838 0.9
      vertex 28.1908 -12.1875 5.4
      vertex 28.1908 -12.1875 0.9
    endloop
  endfacet
  facet normal -0.819055 0.573714 1.27956e-18
    outer loop
      vertex 28.1908 -12.1875 5.4
      vertex 28.0533 -12.3838 0.9
      vertex 28.0533 -12.3838 5.4
    endloop
  endfacet
  facet normal -0.819055 -0.573714 -1.27956e-18
    outer loop
      vertex 28.1908 -10.8125 0.9
      vertex 28.0533 -10.6162 5.4
      vertex 28.0533 -10.6162 0.9
    endloop
  endfacet
  facet normal -0.819055 -0.573714 -1.27956e-18
    outer loop
      vertex 28.0533 -10.6162 5.4
      vertex 28.1908 -10.8125 0.9
      vertex 28.1908 -10.8125 5.4
    endloop
  endfacet
  facet normal -0.965957 0.258701 -1.81183e-20
    outer loop
      vertex 28.2921 -11.9703 0.9
      vertex 28.3541 -11.7388 5.4
      vertex 28.3541 -11.7388 0.9
    endloop
  endfacet
  facet normal -0.965957 0.258701 -1.81183e-20
    outer loop
      vertex 28.3541 -11.7388 5.4
      vertex 28.2921 -11.9703 0.9
      vertex 28.2921 -11.9703 5.4
    endloop
  endfacet
  facet normal 0.996192 -0.0871877 -8.54393e-20
    outer loop
      vertex 25.625 -11.5 5.4
      vertex 25.6459 -11.2612 0.9
      vertex 25.6459 -11.2612 5.4
    endloop
  endfacet
  facet normal 0.996192 -0.0871877 -8.54393e-20
    outer loop
      vertex 25.6459 -11.2612 0.9
      vertex 25.625 -11.5 5.4
      vertex 25.625 -11.5 0.9
    endloop
  endfacet
  facet normal -0.42268 -0.906279 0
    outer loop
      vertex 27.4703 -10.2079 0.9
      vertex 27.6875 -10.3092 5.4
      vertex 27.4703 -10.2079 5.4
    endloop
  endfacet
  facet normal -0.42268 -0.906279 -0
    outer loop
      vertex 27.6875 -10.3092 5.4
      vertex 27.4703 -10.2079 0.9
      vertex 27.6875 -10.3092 0.9
    endloop
  endfacet
  facet normal -0.707107 -0.707107 1.01976e-18
    outer loop
      vertex 28.0533 -10.6162 0.9
      vertex 27.8838 -10.4467 5.4
      vertex 27.8838 -10.4467 0.9
    endloop
  endfacet
  facet normal -0.707107 -0.707107 1.01976e-18
    outer loop
      vertex 27.8838 -10.4467 5.4
      vertex 28.0533 -10.6162 0.9
      vertex 28.0533 -10.6162 5.4
    endloop
  endfacet
  facet normal -0.258701 0.965957 0
    outer loop
      vertex 27.4703 -12.7921 0.9
      vertex 27.2388 -12.8541 5.4
      vertex 27.4703 -12.7921 5.4
    endloop
  endfacet
  facet normal -0.258701 0.965957 0
    outer loop
      vertex 27.2388 -12.8541 5.4
      vertex 27.4703 -12.7921 0.9
      vertex 27.2388 -12.8541 0.9
    endloop
  endfacet
  facet normal -0.996192 0.0871877 -8.54393e-20
    outer loop
      vertex 28.3541 -11.7388 0.9
      vertex 28.375 -11.5 5.4
      vertex 28.375 -11.5 0.9
    endloop
  endfacet
  facet normal -0.996192 0.0871877 -8.54393e-20
    outer loop
      vertex 28.375 -11.5 5.4
      vertex 28.3541 -11.7388 0.9
      vertex 28.3541 -11.7388 5.4
    endloop
  endfacet
  facet normal -0.573714 -0.819055 0
    outer loop
      vertex 27.6875 -10.3092 0.9
      vertex 27.8838 -10.4467 5.4
      vertex 27.6875 -10.3092 5.4
    endloop
  endfacet
  facet normal -0.573714 -0.819055 -0
    outer loop
      vertex 27.8838 -10.4467 5.4
      vertex 27.6875 -10.3092 0.9
      vertex 27.8838 -10.4467 0.9
    endloop
  endfacet
  facet normal 0.0871877 -0.996192 0
    outer loop
      vertex 26.7612 -10.1459 0.9
      vertex 27 -10.125 5.4
      vertex 26.7612 -10.1459 5.4
    endloop
  endfacet
  facet normal 0.0871877 -0.996192 0
    outer loop
      vertex 27 -10.125 5.4
      vertex 26.7612 -10.1459 0.9
      vertex 27 -10.125 0.9
    endloop
  endfacet
  facet normal 0.258701 0.965957 -0
    outer loop
      vertex 26.7612 -12.8541 0.9
      vertex 26.5297 -12.7921 5.4
      vertex 26.7612 -12.8541 5.4
    endloop
  endfacet
  facet normal 0.258701 0.965957 0
    outer loop
      vertex 26.5297 -12.7921 5.4
      vertex 26.7612 -12.8541 0.9
      vertex 26.5297 -12.7921 0.9
    endloop
  endfacet
  facet normal 0.906279 0.42268 4.6748e-19
    outer loop
      vertex 25.8092 -12.1875 5.4
      vertex 25.7079 -11.9703 0.9
      vertex 25.7079 -11.9703 5.4
    endloop
  endfacet
  facet normal 0.906279 0.42268 4.6748e-19
    outer loop
      vertex 25.7079 -11.9703 0.9
      vertex 25.8092 -12.1875 5.4
      vertex 25.8092 -12.1875 0.9
    endloop
  endfacet
  facet normal -0.0871877 -0.996192 0
    outer loop
      vertex 27 -10.125 0.9
      vertex 27.2388 -10.1459 5.4
      vertex 27 -10.125 5.4
    endloop
  endfacet
  facet normal -0.0871877 -0.996192 -0
    outer loop
      vertex 27.2388 -10.1459 5.4
      vertex 27 -10.125 0.9
      vertex 27.2388 -10.1459 0.9
    endloop
  endfacet
  facet normal 0.996192 0.0871877 8.54393e-20
    outer loop
      vertex 25.6459 -11.7388 5.4
      vertex 25.625 -11.5 0.9
      vertex 25.625 -11.5 5.4
    endloop
  endfacet
  facet normal 0.996192 0.0871877 8.54393e-20
    outer loop
      vertex 25.625 -11.5 0.9
      vertex 25.6459 -11.7388 5.4
      vertex 25.6459 -11.7388 0.9
    endloop
  endfacet
  facet normal -0.258701 -0.965957 0
    outer loop
      vertex 27.2388 -10.1459 0.9
      vertex 27.4703 -10.2079 5.4
      vertex 27.2388 -10.1459 5.4
    endloop
  endfacet
  facet normal -0.258701 -0.965957 -0
    outer loop
      vertex 27.4703 -10.2079 5.4
      vertex 27.2388 -10.1459 0.9
      vertex 27.4703 -10.2079 0.9
    endloop
  endfacet
  facet normal 0.965957 -0.258701 -1.81183e-20
    outer loop
      vertex 25.6459 -11.2612 5.4
      vertex 25.7079 -11.0297 0.9
      vertex 25.7079 -11.0297 5.4
    endloop
  endfacet
  facet normal 0.965957 -0.258701 -1.81183e-20
    outer loop
      vertex 25.7079 -11.0297 0.9
      vertex 25.6459 -11.2612 5.4
      vertex 25.6459 -11.2612 0.9
    endloop
  endfacet
  facet normal 0.42268 0.906279 -0
    outer loop
      vertex 26.5297 -12.7921 0.9
      vertex 26.3125 -12.6908 5.4
      vertex 26.5297 -12.7921 5.4
    endloop
  endfacet
  facet normal 0.42268 0.906279 0
    outer loop
      vertex 26.3125 -12.6908 5.4
      vertex 26.5297 -12.7921 0.9
      vertex 26.3125 -12.6908 0.9
    endloop
  endfacet
  facet normal 0.707107 -0.707107 -1.01976e-18
    outer loop
      vertex 25.9467 -10.6162 5.4
      vertex 26.1162 -10.4467 0.9
      vertex 26.1162 -10.4467 5.4
    endloop
  endfacet
  facet normal 0.707107 -0.707107 -1.01976e-18
    outer loop
      vertex 26.1162 -10.4467 0.9
      vertex 25.9467 -10.6162 5.4
      vertex 25.9467 -10.6162 0.9
    endloop
  endfacet
  facet normal -0.258802 0.96593 0
    outer loop
      vertex 26.5485 14.0605 0.9
      vertex 26.1107 13.9432 5.4
      vertex 26.5485 14.0605 5.4
    endloop
  endfacet
  facet normal -0.258802 0.96593 0
    outer loop
      vertex 26.1107 13.9432 5.4
      vertex 26.5485 14.0605 0.9
      vertex 26.1107 13.9432 0.9
    endloop
  endfacet
  facet normal 0.96593 0.258802 1.41029e-18
    outer loop
      vertex 29.5605 11.9515 5.4
      vertex 29.4432 12.3893 0.9
      vertex 29.4432 12.3893 5.4
    endloop
  endfacet
  facet normal 0.96593 0.258802 1.41029e-18
    outer loop
      vertex 29.4432 12.3893 0.9
      vertex 29.5605 11.9515 5.4
      vertex 29.5605 11.9515 0.9
    endloop
  endfacet
  facet normal 0.996195 0.0871533 -7.03528e-19
    outer loop
      vertex 29.6 11.5 5.4
      vertex 29.5605 11.9515 0.9
      vertex 29.5605 11.9515 5.4
    endloop
  endfacet
  facet normal 0.996195 0.0871533 -7.03528e-19
    outer loop
      vertex 29.5605 11.9515 0.9
      vertex 29.6 11.5 5.4
      vertex 29.6 11.5 0.9
    endloop
  endfacet
  facet normal 0.906318 0.422596 2.52936e-18
    outer loop
      vertex 29.4432 12.3893 5.4
      vertex 29.2517 12.8 0.9
      vertex 29.2517 12.8 5.4
    endloop
  endfacet
  facet normal 0.906318 0.422596 2.52936e-18
    outer loop
      vertex 29.2517 12.8 0.9
      vertex 29.4432 12.3893 5.4
      vertex 29.4432 12.3893 0.9
    endloop
  endfacet
  facet normal 0.0871533 -0.996195 0
    outer loop
      vertex 27 8.9 0.9
      vertex 27.4515 8.9395 5.4
      vertex 27 8.9 5.4
    endloop
  endfacet
  facet normal 0.0871533 -0.996195 0
    outer loop
      vertex 27.4515 8.9395 5.4
      vertex 27 8.9 0.9
      vertex 27.4515 8.9395 0.9
    endloop
  endfacet
  facet normal -0.996195 -0.0871533 -7.03528e-19
    outer loop
      vertex 24.4395 11.0485 0.9
      vertex 24.4 11.5 5.4
      vertex 24.4 11.5 0.9
    endloop
  endfacet
  facet normal -0.996195 -0.0871533 -7.03528e-19
    outer loop
      vertex 24.4 11.5 5.4
      vertex 24.4395 11.0485 0.9
      vertex 24.4395 11.0485 5.4
    endloop
  endfacet
  facet normal 0.996195 -0.0871533 7.03528e-19
    outer loop
      vertex 29.5605 11.0485 5.4
      vertex 29.6 11.5 0.9
      vertex 29.6 11.5 5.4
    endloop
  endfacet
  facet normal 0.996195 -0.0871533 7.03528e-19
    outer loop
      vertex 29.6 11.5 0.9
      vertex 29.5605 11.0485 5.4
      vertex 29.5605 11.0485 0.9
    endloop
  endfacet
  facet normal 0.819066 0.573699 -1.80171e-18
    outer loop
      vertex 29.2517 12.8 5.4
      vertex 28.9917 13.1712 0.9
      vertex 28.9917 13.1712 5.4
    endloop
  endfacet
  facet normal 0.819066 0.573699 -1.80171e-18
    outer loop
      vertex 28.9917 13.1712 0.9
      vertex 29.2517 12.8 5.4
      vertex 29.2517 12.8 0.9
    endloop
  endfacet
  facet normal -0.707107 0.707107 2.85834e-18
    outer loop
      vertex 25.0083 13.1712 0.9
      vertex 25.3288 13.4917 5.4
      vertex 25.3288 13.4917 0.9
    endloop
  endfacet
  facet normal -0.707107 0.707107 2.85834e-18
    outer loop
      vertex 25.3288 13.4917 5.4
      vertex 25.0083 13.1712 0.9
      vertex 25.0083 13.1712 5.4
    endloop
  endfacet
  facet normal 0.42265 -0.906293 0
    outer loop
      vertex 27.8893 9.0568 0.9
      vertex 28.3 9.24833 5.4
      vertex 27.8893 9.0568 5.4
    endloop
  endfacet
  facet normal 0.42265 -0.906293 0
    outer loop
      vertex 28.3 9.24833 5.4
      vertex 27.8893 9.0568 0.9
      vertex 28.3 9.24833 0.9
    endloop
  endfacet
  facet normal -0.42265 -0.906293 0
    outer loop
      vertex 25.7 9.24833 0.9
      vertex 26.1107 9.0568 5.4
      vertex 25.7 9.24833 5.4
    endloop
  endfacet
  facet normal -0.42265 -0.906293 -0
    outer loop
      vertex 26.1107 9.0568 5.4
      vertex 25.7 9.24833 0.9
      vertex 26.1107 9.0568 0.9
    endloop
  endfacet
  facet normal 0.819102 -0.573647 9.36263e-19
    outer loop
      vertex 28.9917 9.82875 5.4
      vertex 29.2517 10.2 0.9
      vertex 29.2517 10.2 5.4
    endloop
  endfacet
  facet normal 0.819102 -0.573647 9.36263e-19
    outer loop
      vertex 29.2517 10.2 0.9
      vertex 28.9917 9.82875 5.4
      vertex 28.9917 9.82875 0.9
    endloop
  endfacet
  facet normal 0.96593 -0.258802 -1.41029e-18
    outer loop
      vertex 29.4432 10.6107 5.4
      vertex 29.5605 11.0485 0.9
      vertex 29.5605 11.0485 5.4
    endloop
  endfacet
  facet normal 0.96593 -0.258802 -1.41029e-18
    outer loop
      vertex 29.5605 11.0485 0.9
      vertex 29.4432 10.6107 5.4
      vertex 29.4432 10.6107 0.9
    endloop
  endfacet
  facet normal -0.573699 0.819066 0
    outer loop
      vertex 25.7 13.7517 0.9
      vertex 25.3288 13.4917 5.4
      vertex 25.7 13.7517 5.4
    endloop
  endfacet
  facet normal -0.573699 0.819066 0
    outer loop
      vertex 25.3288 13.4917 5.4
      vertex 25.7 13.7517 0.9
      vertex 25.3288 13.4917 0.9
    endloop
  endfacet
  facet normal -0.96593 -0.258802 1.41029e-18
    outer loop
      vertex 24.5568 10.6107 0.9
      vertex 24.4395 11.0485 5.4
      vertex 24.4395 11.0485 0.9
    endloop
  endfacet
  facet normal -0.96593 -0.258802 1.41029e-18
    outer loop
      vertex 24.4395 11.0485 5.4
      vertex 24.5568 10.6107 0.9
      vertex 24.5568 10.6107 5.4
    endloop
  endfacet
  facet normal 0.258802 -0.96593 0
    outer loop
      vertex 27.4515 8.9395 0.9
      vertex 27.8893 9.0568 5.4
      vertex 27.4515 8.9395 5.4
    endloop
  endfacet
  facet normal 0.258802 -0.96593 0
    outer loop
      vertex 27.8893 9.0568 5.4
      vertex 27.4515 8.9395 0.9
      vertex 27.8893 9.0568 0.9
    endloop
  endfacet
  facet normal 0.707074 -0.70714 -2.29165e-19
    outer loop
      vertex 28.6712 9.50828 5.4
      vertex 28.9917 9.82875 0.9
      vertex 28.9917 9.82875 5.4
    endloop
  endfacet
  facet normal 0.707074 -0.70714 -2.29165e-19
    outer loop
      vertex 28.9917 9.82875 0.9
      vertex 28.6712 9.50828 5.4
      vertex 28.6712 9.50828 0.9
    endloop
  endfacet
  facet normal -0.422596 0.906318 0
    outer loop
      vertex 26.1107 13.9432 0.9
      vertex 25.7 13.7517 5.4
      vertex 26.1107 13.9432 5.4
    endloop
  endfacet
  facet normal -0.422596 0.906318 0
    outer loop
      vertex 25.7 13.7517 5.4
      vertex 26.1107 13.9432 0.9
      vertex 25.7 13.7517 0.9
    endloop
  endfacet
  facet normal 0.0871533 0.996195 -0
    outer loop
      vertex 27.4515 14.0605 0.9
      vertex 27 14.1 5.4
      vertex 27.4515 14.0605 5.4
    endloop
  endfacet
  facet normal 0.0871533 0.996195 0
    outer loop
      vertex 27 14.1 5.4
      vertex 27.4515 14.0605 0.9
      vertex 27 14.1 0.9
    endloop
  endfacet
  facet normal -0.906318 -0.422596 2.52936e-18
    outer loop
      vertex 24.7483 10.2 0.9
      vertex 24.5568 10.6107 5.4
      vertex 24.5568 10.6107 0.9
    endloop
  endfacet
  facet normal -0.906318 -0.422596 2.52936e-18
    outer loop
      vertex 24.5568 10.6107 5.4
      vertex 24.7483 10.2 0.9
      vertex 24.7483 10.2 5.4
    endloop
  endfacet
  facet normal 0.258802 0.96593 -0
    outer loop
      vertex 27.8893 13.9432 0.9
      vertex 27.4515 14.0605 5.4
      vertex 27.8893 13.9432 5.4
    endloop
  endfacet
  facet normal 0.258802 0.96593 0
    outer loop
      vertex 27.4515 14.0605 5.4
      vertex 27.8893 13.9432 0.9
      vertex 27.4515 14.0605 0.9
    endloop
  endfacet
  facet normal -0.819102 -0.573647 -9.36263e-19
    outer loop
      vertex 25.0083 9.82875 0.9
      vertex 24.7483 10.2 5.4
      vertex 24.7483 10.2 0.9
    endloop
  endfacet
  facet normal -0.819102 -0.573647 -9.36263e-19
    outer loop
      vertex 24.7483 10.2 5.4
      vertex 25.0083 9.82875 0.9
      vertex 25.0083 9.82875 5.4
    endloop
  endfacet
  facet normal 0.573699 0.819066 -0
    outer loop
      vertex 28.6712 13.4917 0.9
      vertex 28.3 13.7517 5.4
      vertex 28.6712 13.4917 5.4
    endloop
  endfacet
  facet normal 0.573699 0.819066 0
    outer loop
      vertex 28.3 13.7517 5.4
      vertex 28.6712 13.4917 0.9
      vertex 28.3 13.7517 0.9
    endloop
  endfacet
  facet normal -0.258802 -0.96593 0
    outer loop
      vertex 26.1107 9.0568 0.9
      vertex 26.5485 8.9395 5.4
      vertex 26.1107 9.0568 5.4
    endloop
  endfacet
  facet normal -0.258802 -0.96593 -0
    outer loop
      vertex 26.5485 8.9395 5.4
      vertex 26.1107 9.0568 0.9
      vertex 26.5485 8.9395 0.9
    endloop
  endfacet
  facet normal 0.906318 -0.422596 -2.52936e-18
    outer loop
      vertex 29.2517 10.2 5.4
      vertex 29.4432 10.6107 0.9
      vertex 29.4432 10.6107 5.4
    endloop
  endfacet
  facet normal 0.906318 -0.422596 -2.52936e-18
    outer loop
      vertex 29.4432 10.6107 0.9
      vertex 29.2517 10.2 5.4
      vertex 29.2517 10.2 0.9
    endloop
  endfacet
  facet normal 0.707107 0.707107 -2.85834e-18
    outer loop
      vertex 28.9917 13.1712 5.4
      vertex 28.6712 13.4917 0.9
      vertex 28.6712 13.4917 5.4
    endloop
  endfacet
  facet normal 0.707107 0.707107 -2.85834e-18
    outer loop
      vertex 28.6712 13.4917 0.9
      vertex 28.9917 13.1712 5.4
      vertex 28.9917 13.1712 0.9
    endloop
  endfacet
  facet normal -0.906318 0.422596 -2.52936e-18
    outer loop
      vertex 24.5568 12.3893 0.9
      vertex 24.7483 12.8 5.4
      vertex 24.7483 12.8 0.9
    endloop
  endfacet
  facet normal -0.906318 0.422596 -2.52936e-18
    outer loop
      vertex 24.7483 12.8 5.4
      vertex 24.5568 12.3893 0.9
      vertex 24.5568 12.3893 5.4
    endloop
  endfacet
  facet normal -0.573625 -0.819118 0
    outer loop
      vertex 25.3288 9.50828 0.9
      vertex 25.7 9.24833 5.4
      vertex 25.3288 9.50828 5.4
    endloop
  endfacet
  facet normal -0.573625 -0.819118 -0
    outer loop
      vertex 25.7 9.24833 5.4
      vertex 25.3288 9.50828 0.9
      vertex 25.7 9.24833 0.9
    endloop
  endfacet
  facet normal -0.0871533 0.996195 0
    outer loop
      vertex 27 14.1 0.9
      vertex 26.5485 14.0605 5.4
      vertex 27 14.1 5.4
    endloop
  endfacet
  facet normal -0.0871533 0.996195 0
    outer loop
      vertex 26.5485 14.0605 5.4
      vertex 27 14.1 0.9
      vertex 26.5485 14.0605 0.9
    endloop
  endfacet
  facet normal -0.819066 0.573699 1.80171e-18
    outer loop
      vertex 24.7483 12.8 0.9
      vertex 25.0083 13.1712 5.4
      vertex 25.0083 13.1712 0.9
    endloop
  endfacet
  facet normal -0.819066 0.573699 1.80171e-18
    outer loop
      vertex 25.0083 13.1712 5.4
      vertex 24.7483 12.8 0.9
      vertex 24.7483 12.8 5.4
    endloop
  endfacet
  facet normal 0.422596 0.906318 -0
    outer loop
      vertex 28.3 13.7517 0.9
      vertex 27.8893 13.9432 5.4
      vertex 28.3 13.7517 5.4
    endloop
  endfacet
  facet normal 0.422596 0.906318 0
    outer loop
      vertex 27.8893 13.9432 5.4
      vertex 28.3 13.7517 0.9
      vertex 27.8893 13.9432 0.9
    endloop
  endfacet
  facet normal -0.96593 0.258802 -1.41029e-18
    outer loop
      vertex 24.4395 11.9515 0.9
      vertex 24.5568 12.3893 5.4
      vertex 24.5568 12.3893 0.9
    endloop
  endfacet
  facet normal -0.96593 0.258802 -1.41029e-18
    outer loop
      vertex 24.5568 12.3893 5.4
      vertex 24.4395 11.9515 0.9
      vertex 24.4395 11.9515 5.4
    endloop
  endfacet
  facet normal 0.573625 -0.819118 0
    outer loop
      vertex 28.3 9.24833 0.9
      vertex 28.6712 9.50828 5.4
      vertex 28.3 9.24833 5.4
    endloop
  endfacet
  facet normal 0.573625 -0.819118 0
    outer loop
      vertex 28.6712 9.50828 5.4
      vertex 28.3 9.24833 0.9
      vertex 28.6712 9.50828 0.9
    endloop
  endfacet
  facet normal -0.0871533 -0.996195 0
    outer loop
      vertex 26.5485 8.9395 0.9
      vertex 27 8.9 5.4
      vertex 26.5485 8.9395 5.4
    endloop
  endfacet
  facet normal -0.0871533 -0.996195 -0
    outer loop
      vertex 27 8.9 5.4
      vertex 26.5485 8.9395 0.9
      vertex 27 8.9 0.9
    endloop
  endfacet
  facet normal -0.996195 0.0871533 7.03528e-19
    outer loop
      vertex 24.4 11.5 0.9
      vertex 24.4395 11.9515 5.4
      vertex 24.4395 11.9515 0.9
    endloop
  endfacet
  facet normal -0.996195 0.0871533 7.03528e-19
    outer loop
      vertex 24.4395 11.9515 5.4
      vertex 24.4 11.5 0.9
      vertex 24.4 11.5 5.4
    endloop
  endfacet
  facet normal -0.707074 -0.70714 2.29165e-19
    outer loop
      vertex 25.3288 9.50828 0.9
      vertex 25.0083 9.82875 5.4
      vertex 25.0083 9.82875 0.9
    endloop
  endfacet
  facet normal -0.707074 -0.70714 2.29165e-19
    outer loop
      vertex 25.0083 9.82875 5.4
      vertex 25.3288 9.50828 0.9
      vertex 25.3288 9.50828 5.4
    endloop
  endfacet
  facet normal 0 0 1
    outer loop
      vertex 28.375 11.5 5.4
      vertex 29.6 11.5 5.4
      vertex 29.5605 11.9515 5.4
    endloop
  endfacet
  facet normal 0 0 1
    outer loop
      vertex 28.3541 11.7388 5.4
      vertex 29.5605 11.9515 5.4
      vertex 29.4432 12.3893 5.4
    endloop
  endfacet
  facet normal 0 0 1
    outer loop
      vertex 29.6 11.5 5.4
      vertex 28.375 11.5 5.4
      vertex 29.5605 11.0485 5.4
    endloop
  endfacet
  facet normal 0 0 1
    outer loop
      vertex 28.2921 11.9703 5.4
      vertex 29.4432 12.3893 5.4
      vertex 29.2517 12.8 5.4
    endloop
  endfacet
  facet normal -0 0 1
    outer loop
      vertex 28.3541 11.2612 5.4
      vertex 29.5605 11.0485 5.4
      vertex 28.375 11.5 5.4
    endloop
  endfacet
  facet normal 0 0 1
    outer loop
      vertex 28.1908 12.1875 5.4
      vertex 29.2517 12.8 5.4
      vertex 28.9917 13.1712 5.4
    endloop
  endfacet
  facet normal 0 0 1
    outer loop
      vertex 29.5605 11.0485 5.4
      vertex 28.3541 11.2612 5.4
      vertex 29.4432 10.6107 5.4
    endloop
  endfacet
  facet normal 0 0 1
    outer loop
      vertex 28.0533 12.3838 5.4
      vertex 28.9917 13.1712 5.4
      vertex 28.6712 13.4917 5.4
    endloop
  endfacet
  facet normal -0 0 1
    outer loop
      vertex 28.2921 11.0297 5.4
      vertex 29.4432 10.6107 5.4
      vertex 28.3541 11.2612 5.4
    endloop
  endfacet
  facet normal 0 0 1
    outer loop
      vertex 29.4432 10.6107 5.4
      vertex 28.2921 11.0297 5.4
      vertex 29.2517 10.2 5.4
    endloop
  endfacet
  facet normal 0 0 1
    outer loop
      vertex 29.5605 11.9515 5.4
      vertex 28.3541 11.7388 5.4
      vertex 28.375 11.5 5.4
    endloop
  endfacet
  facet normal 0 0 1
    outer loop
      vertex 27.8838 12.5533 5.4
      vertex 28.6712 13.4917 5.4
      vertex 28.3 13.7517 5.4
    endloop
  endfacet
  facet normal 0 0 1
    outer loop
      vertex 29.4432 12.3893 5.4
      vertex 28.2921 11.9703 5.4
      vertex 28.3541 11.7388 5.4
    endloop
  endfacet
  facet normal 0 0 1
    outer loop
      vertex 29.2517 12.8 5.4
      vertex 28.1908 12.1875 5.4
      vertex 28.2921 11.9703 5.4
    endloop
  endfacet
  facet normal 0 0 1
    outer loop
      vertex 28.9917 13.1712 5.4
      vertex 28.0533 12.3838 5.4
      vertex 28.1908 12.1875 5.4
    endloop
  endfacet
  facet normal 0 0 1
    outer loop
      vertex 27.6875 12.6908 5.4
      vertex 28.3 13.7517 5.4
      vertex 27.8893 13.9432 5.4
    endloop
  endfacet
  facet normal 0 0 1
    outer loop
      vertex 28.6712 13.4917 5.4
      vertex 27.8838 12.5533 5.4
      vertex 28.0533 12.3838 5.4
    endloop
  endfacet
  facet normal 0 0 1
    outer loop
      vertex 28.3 13.7517 5.4
      vertex 27.6875 12.6908 5.4
      vertex 27.8838 12.5533 5.4
    endloop
  endfacet
  facet normal 0 0 1
    outer loop
      vertex 27.8893 13.9432 5.4
      vertex 27.4703 12.7921 5.4
      vertex 27.6875 12.6908 5.4
    endloop
  endfacet
  facet normal 0 0 1
    outer loop
      vertex 27.4515 14.0605 5.4
      vertex 27.4703 12.7921 5.4
      vertex 27.8893 13.9432 5.4
    endloop
  endfacet
  facet normal 0 0 1
    outer loop
      vertex 27.4515 14.0605 5.4
      vertex 27.2388 12.8541 5.4
      vertex 27.4703 12.7921 5.4
    endloop
  endfacet
  facet normal 0 0 1
    outer loop
      vertex 27 14.1 5.4
      vertex 27.2388 12.8541 5.4
      vertex 27.4515 14.0605 5.4
    endloop
  endfacet
  facet normal 0 0 1
    outer loop
      vertex 27 14.1 5.4
      vertex 27 12.875 5.4
      vertex 27.2388 12.8541 5.4
    endloop
  endfacet
  facet normal 0 0 1
    outer loop
      vertex 27 14.1 5.4
      vertex 26.7612 12.8541 5.4
      vertex 27 12.875 5.4
    endloop
  endfacet
  facet normal -0 0 1
    outer loop
      vertex 26.5485 14.0605 5.4
      vertex 26.7612 12.8541 5.4
      vertex 27 14.1 5.4
    endloop
  endfacet
  facet normal 0 0 1
    outer loop
      vertex 26.5485 14.0605 5.4
      vertex 26.5297 12.7921 5.4
      vertex 26.7612 12.8541 5.4
    endloop
  endfacet
  facet normal -0 0 1
    outer loop
      vertex 26.1107 13.9432 5.4
      vertex 26.5297 12.7921 5.4
      vertex 26.5485 14.0605 5.4
    endloop
  endfacet
  facet normal 0 0 1
    outer loop
      vertex 26.5297 12.7921 5.4
      vertex 26.1107 13.9432 5.4
      vertex 26.3125 12.6908 5.4
    endloop
  endfacet
  facet normal -0 0 1
    outer loop
      vertex 25.7 13.7517 5.4
      vertex 26.3125 12.6908 5.4
      vertex 26.1107 13.9432 5.4
    endloop
  endfacet
  facet normal 0 0 1
    outer loop
      vertex 26.3125 12.6908 5.4
      vertex 25.7 13.7517 5.4
      vertex 26.1162 12.5533 5.4
    endloop
  endfacet
  facet normal -0 0 1
    outer loop
      vertex 25.3288 13.4917 5.4
      vertex 26.1162 12.5533 5.4
      vertex 25.7 13.7517 5.4
    endloop
  endfacet
  facet normal 0 0 1
    outer loop
      vertex 26.1162 12.5533 5.4
      vertex 25.3288 13.4917 5.4
      vertex 25.9467 12.3838 5.4
    endloop
  endfacet
  facet normal -0 0 1
    outer loop
      vertex 25.0083 13.1712 5.4
      vertex 25.9467 12.3838 5.4
      vertex 25.3288 13.4917 5.4
    endloop
  endfacet
  facet normal 0 0 1
    outer loop
      vertex 25.9467 12.3838 5.4
      vertex 25.0083 13.1712 5.4
      vertex 25.8092 12.1875 5.4
    endloop
  endfacet
  facet normal -0 0 1
    outer loop
      vertex 24.7483 12.8 5.4
      vertex 25.8092 12.1875 5.4
      vertex 25.0083 13.1712 5.4
    endloop
  endfacet
  facet normal 0 0 1
    outer loop
      vertex 25.8092 12.1875 5.4
      vertex 24.7483 12.8 5.4
      vertex 25.7079 11.9703 5.4
    endloop
  endfacet
  facet normal -0 0 1
    outer loop
      vertex 28.1908 10.8125 5.4
      vertex 29.2517 10.2 5.4
      vertex 28.2921 11.0297 5.4
    endloop
  endfacet
  facet normal 0 0 1
    outer loop
      vertex 29.2517 10.2 5.4
      vertex 28.1908 10.8125 5.4
      vertex 28.9917 9.82875 5.4
    endloop
  endfacet
  facet normal -0 0 1
    outer loop
      vertex 28.0533 10.6162 5.4
      vertex 28.9917 9.82875 5.4
      vertex 28.1908 10.8125 5.4
    endloop
  endfacet
  facet normal 0 0 1
    outer loop
      vertex 28.9917 9.82875 5.4
      vertex 28.0533 10.6162 5.4
      vertex 28.6712 9.50828 5.4
    endloop
  endfacet
  facet normal -0 0 1
    outer loop
      vertex 27.8838 10.4467 5.4
      vertex 28.6712 9.50828 5.4
      vertex 28.0533 10.6162 5.4
    endloop
  endfacet
  facet normal 0 0 1
    outer loop
      vertex 28.6712 9.50828 5.4
      vertex 27.8838 10.4467 5.4
      vertex 28.3 9.24833 5.4
    endloop
  endfacet
  facet normal -0 0 1
    outer loop
      vertex 27.6875 10.3092 5.4
      vertex 28.3 9.24833 5.4
      vertex 27.8838 10.4467 5.4
    endloop
  endfacet
  facet normal 0 0 1
    outer loop
      vertex 28.3 9.24833 5.4
      vertex 27.6875 10.3092 5.4
      vertex 27.8893 9.0568 5.4
    endloop
  endfacet
  facet normal -0 0 1
    outer loop
      vertex 27.4703 10.2079 5.4
      vertex 27.8893 9.0568 5.4
      vertex 27.6875 10.3092 5.4
    endloop
  endfacet
  facet normal 0 0 1
    outer loop
      vertex 27.4703 10.2079 5.4
      vertex 27.4515 8.9395 5.4
      vertex 27.8893 9.0568 5.4
    endloop
  endfacet
  facet normal -0 0 1
    outer loop
      vertex 27.2388 10.1459 5.4
      vertex 27.4515 8.9395 5.4
      vertex 27.4703 10.2079 5.4
    endloop
  endfacet
  facet normal -0 0 1
    outer loop
      vertex 27 10.125 5.4
      vertex 27.4515 8.9395 5.4
      vertex 27.2388 10.1459 5.4
    endloop
  endfacet
  facet normal 0 0 1
    outer loop
      vertex 27 10.125 5.4
      vertex 27 8.9 5.4
      vertex 27.4515 8.9395 5.4
    endloop
  endfacet
  facet normal 0 0 1
    outer loop
      vertex 26.7612 10.1459 5.4
      vertex 27 8.9 5.4
      vertex 27 10.125 5.4
    endloop
  endfacet
  facet normal 0 0 1
    outer loop
      vertex 26.7612 10.1459 5.4
      vertex 26.5485 8.9395 5.4
      vertex 27 8.9 5.4
    endloop
  endfacet
  facet normal 0 0 1
    outer loop
      vertex 26.5297 10.2079 5.4
      vertex 26.5485 8.9395 5.4
      vertex 26.7612 10.1459 5.4
    endloop
  endfacet
  facet normal 0 0 1
    outer loop
      vertex 26.1107 9.0568 5.4
      vertex 26.5297 10.2079 5.4
      vertex 26.3125 10.3092 5.4
    endloop
  endfacet
  facet normal 0 0 1
    outer loop
      vertex 25.7 9.24833 5.4
      vertex 26.3125 10.3092 5.4
      vertex 26.1162 10.4467 5.4
    endloop
  endfacet
  facet normal 0 0 1
    outer loop
      vertex 26.5297 10.2079 5.4
      vertex 26.1107 9.0568 5.4
      vertex 26.5485 8.9395 5.4
    endloop
  endfacet
  facet normal 0 0 1
    outer loop
      vertex 25.3288 9.50828 5.4
      vertex 26.1162 10.4467 5.4
      vertex 25.9467 10.6162 5.4
    endloop
  endfacet
  facet normal 0 0 1
    outer loop
      vertex 25.0083 9.82875 5.4
      vertex 25.9467 10.6162 5.4
      vertex 25.8092 10.8125 5.4
    endloop
  endfacet
  facet normal 0 0 1
    outer loop
      vertex 24.7483 10.2 5.4
      vertex 25.8092 10.8125 5.4
      vertex 25.7079 11.0297 5.4
    endloop
  endfacet
  facet normal 0 0 1
    outer loop
      vertex 26.3125 10.3092 5.4
      vertex 25.7 9.24833 5.4
      vertex 26.1107 9.0568 5.4
    endloop
  endfacet
  facet normal 0 0 1
    outer loop
      vertex 24.5568 10.6107 5.4
      vertex 25.7079 11.0297 5.4
      vertex 25.6459 11.2612 5.4
    endloop
  endfacet
  facet normal 0 0 1
    outer loop
      vertex 24.4395 11.0485 5.4
      vertex 25.6459 11.2612 5.4
      vertex 25.625 11.5 5.4
    endloop
  endfacet
  facet normal -0 0 1
    outer loop
      vertex 24.5568 12.3893 5.4
      vertex 25.7079 11.9703 5.4
      vertex 24.7483 12.8 5.4
    endloop
  endfacet
  facet normal 0 0 1
    outer loop
      vertex 26.1162 10.4467 5.4
      vertex 25.3288 9.50828 5.4
      vertex 25.7 9.24833 5.4
    endloop
  endfacet
  facet normal 0 0 1
    outer loop
      vertex 25.7079 11.9703 5.4
      vertex 24.5568 12.3893 5.4
      vertex 25.6459 11.7388 5.4
    endloop
  endfacet
  facet normal 0 0 1
    outer loop
      vertex 25.9467 10.6162 5.4
      vertex 25.0083 9.82875 5.4
      vertex 25.3288 9.50828 5.4
    endloop
  endfacet
  facet normal -0 0 1
    outer loop
      vertex 24.4395 11.9515 5.4
      vertex 25.6459 11.7388 5.4
      vertex 24.5568 12.3893 5.4
    endloop
  endfacet
  facet normal 0 0 1
    outer loop
      vertex 25.8092 10.8125 5.4
      vertex 24.7483 10.2 5.4
      vertex 25.0083 9.82875 5.4
    endloop
  endfacet
  facet normal 0 0 1
    outer loop
      vertex 25.6459 11.7388 5.4
      vertex 24.4395 11.9515 5.4
      vertex 25.625 11.5 5.4
    endloop
  endfacet
  facet normal 0 0 1
    outer loop
      vertex 25.7079 11.0297 5.4
      vertex 24.5568 10.6107 5.4
      vertex 24.7483 10.2 5.4
    endloop
  endfacet
  facet normal 0 0 1
    outer loop
      vertex 24.4 11.5 5.4
      vertex 25.625 11.5 5.4
      vertex 24.4395 11.9515 5.4
    endloop
  endfacet
  facet normal 0 0 1
    outer loop
      vertex 25.6459 11.2612 5.4
      vertex 24.4395 11.0485 5.4
      vertex 24.5568 10.6107 5.4
    endloop
  endfacet
  facet normal 0 0 1
    outer loop
      vertex 25.625 11.5 5.4
      vertex 24.4 11.5 5.4
      vertex 24.4395 11.0485 5.4
    endloop
  endfacet
  facet normal 0.707107 0.707107 1.01976e-18
    outer loop
      vertex 26.1162 10.4467 5.4
      vertex 25.9467 10.6162 0.9
      vertex 25.9467 10.6162 5.4
    endloop
  endfacet
  facet normal 0.707107 0.707107 1.01976e-18
    outer loop
      vertex 25.9467 10.6162 0.9
      vertex 26.1162 10.4467 5.4
      vertex 26.1162 10.4467 0.9
    endloop
  endfacet
  facet normal 0.906279 -0.42268 -4.6748e-19
    outer loop
      vertex 25.7079 11.9703 5.4
      vertex 25.8092 12.1875 0.9
      vertex 25.8092 12.1875 5.4
    endloop
  endfacet
  facet normal 0.906279 -0.42268 -4.6748e-19
    outer loop
      vertex 25.8092 12.1875 0.9
      vertex 25.7079 11.9703 5.4
      vertex 25.7079 11.9703 0.9
    endloop
  endfacet
  facet normal -0.965957 -0.258701 1.81183e-20
    outer loop
      vertex 28.3541 11.7388 0.9
      vertex 28.2921 11.9703 5.4
      vertex 28.2921 11.9703 0.9
    endloop
  endfacet
  facet normal -0.965957 -0.258701 1.81183e-20
    outer loop
      vertex 28.2921 11.9703 5.4
      vertex 28.3541 11.7388 0.9
      vertex 28.3541 11.7388 5.4
    endloop
  endfacet
  facet normal -0.996192 -0.0871877 8.54393e-20
    outer loop
      vertex 28.375 11.5 0.9
      vertex 28.3541 11.7388 5.4
      vertex 28.3541 11.7388 0.9
    endloop
  endfacet
  facet normal -0.996192 -0.0871877 8.54393e-20
    outer loop
      vertex 28.3541 11.7388 5.4
      vertex 28.375 11.5 0.9
      vertex 28.375 11.5 5.4
    endloop
  endfacet
  facet normal -0.906279 -0.42268 4.6748e-19
    outer loop
      vertex 28.2921 11.9703 0.9
      vertex 28.1908 12.1875 5.4
      vertex 28.1908 12.1875 0.9
    endloop
  endfacet
  facet normal -0.906279 -0.42268 4.6748e-19
    outer loop
      vertex 28.1908 12.1875 5.4
      vertex 28.2921 11.9703 0.9
      vertex 28.2921 11.9703 5.4
    endloop
  endfacet
  facet normal -0.573714 0.819055 0
    outer loop
      vertex 27.8838 10.4467 0.9
      vertex 27.6875 10.3092 5.4
      vertex 27.8838 10.4467 5.4
    endloop
  endfacet
  facet normal -0.573714 0.819055 0
    outer loop
      vertex 27.6875 10.3092 5.4
      vertex 27.8838 10.4467 0.9
      vertex 27.6875 10.3092 0.9
    endloop
  endfacet
  facet normal 0.0871877 0.996192 -0
    outer loop
      vertex 27 10.125 0.9
      vertex 26.7612 10.1459 5.4
      vertex 27 10.125 5.4
    endloop
  endfacet
  facet normal 0.0871877 0.996192 0
    outer loop
      vertex 26.7612 10.1459 5.4
      vertex 27 10.125 0.9
      vertex 26.7612 10.1459 0.9
    endloop
  endfacet
  facet normal -0.707107 0.707107 -1.01976e-18
    outer loop
      vertex 27.8838 10.4467 0.9
      vertex 28.0533 10.6162 5.4
      vertex 28.0533 10.6162 0.9
    endloop
  endfacet
  facet normal -0.707107 0.707107 -1.01976e-18
    outer loop
      vertex 28.0533 10.6162 5.4
      vertex 27.8838 10.4467 0.9
      vertex 27.8838 10.4467 5.4
    endloop
  endfacet
  facet normal -0.42268 0.906279 0
    outer loop
      vertex 27.6875 10.3092 0.9
      vertex 27.4703 10.2079 5.4
      vertex 27.6875 10.3092 5.4
    endloop
  endfacet
  facet normal -0.42268 0.906279 0
    outer loop
      vertex 27.4703 10.2079 5.4
      vertex 27.6875 10.3092 0.9
      vertex 27.4703 10.2079 0.9
    endloop
  endfacet
  facet normal 0.258701 -0.965957 0
    outer loop
      vertex 26.5297 12.7921 0.9
      vertex 26.7612 12.8541 5.4
      vertex 26.5297 12.7921 5.4
    endloop
  endfacet
  facet normal 0.258701 -0.965957 0
    outer loop
      vertex 26.7612 12.8541 5.4
      vertex 26.5297 12.7921 0.9
      vertex 26.7612 12.8541 0.9
    endloop
  endfacet
  facet normal 0.42268 -0.906279 0
    outer loop
      vertex 26.3125 12.6908 0.9
      vertex 26.5297 12.7921 5.4
      vertex 26.3125 12.6908 5.4
    endloop
  endfacet
  facet normal 0.42268 -0.906279 0
    outer loop
      vertex 26.5297 12.7921 5.4
      vertex 26.3125 12.6908 0.9
      vertex 26.5297 12.7921 0.9
    endloop
  endfacet
  facet normal -0.0871877 0.996192 0
    outer loop
      vertex 27.2388 10.1459 0.9
      vertex 27 10.125 5.4
      vertex 27.2388 10.1459 5.4
    endloop
  endfacet
  facet normal -0.0871877 0.996192 0
    outer loop
      vertex 27 10.125 5.4
      vertex 27.2388 10.1459 0.9
      vertex 27 10.125 0.9
    endloop
  endfacet
  facet normal 0.965957 0.258701 1.81183e-20
    outer loop
      vertex 25.7079 11.0297 5.4
      vertex 25.6459 11.2612 0.9
      vertex 25.6459 11.2612 5.4
    endloop
  endfacet
  facet normal 0.965957 0.258701 1.81183e-20
    outer loop
      vertex 25.6459 11.2612 0.9
      vertex 25.7079 11.0297 5.4
      vertex 25.7079 11.0297 0.9
    endloop
  endfacet
  facet normal 0.573714 0.819055 -0
    outer loop
      vertex 26.3125 10.3092 0.9
      vertex 26.1162 10.4467 5.4
      vertex 26.3125 10.3092 5.4
    endloop
  endfacet
  facet normal 0.573714 0.819055 0
    outer loop
      vertex 26.1162 10.4467 5.4
      vertex 26.3125 10.3092 0.9
      vertex 26.1162 10.4467 0.9
    endloop
  endfacet
  facet normal 0.819055 -0.573714 1.27956e-18
    outer loop
      vertex 25.8092 12.1875 5.4
      vertex 25.9467 12.3838 0.9
      vertex 25.9467 12.3838 5.4
    endloop
  endfacet
  facet normal 0.819055 -0.573714 1.27956e-18
    outer loop
      vertex 25.9467 12.3838 0.9
      vertex 25.8092 12.1875 5.4
      vertex 25.8092 12.1875 0.9
    endloop
  endfacet
  facet normal -0.906279 0.42268 -4.6748e-19
    outer loop
      vertex 28.1908 10.8125 0.9
      vertex 28.2921 11.0297 5.4
      vertex 28.2921 11.0297 0.9
    endloop
  endfacet
  facet normal -0.906279 0.42268 -4.6748e-19
    outer loop
      vertex 28.2921 11.0297 5.4
      vertex 28.1908 10.8125 0.9
      vertex 28.1908 10.8125 5.4
    endloop
  endfacet
  facet normal 0.819055 0.573714 -1.27956e-18
    outer loop
      vertex 25.9467 10.6162 5.4
      vertex 25.8092 10.8125 0.9
      vertex 25.8092 10.8125 5.4
    endloop
  endfacet
  facet normal 0.819055 0.573714 -1.27956e-18
    outer loop
      vertex 25.8092 10.8125 0.9
      vertex 25.9467 10.6162 5.4
      vertex 25.9467 10.6162 0.9
    endloop
  endfacet
  facet normal 0.573714 -0.819055 0
    outer loop
      vertex 26.1162 12.5533 0.9
      vertex 26.3125 12.6908 5.4
      vertex 26.1162 12.5533 5.4
    endloop
  endfacet
  facet normal 0.573714 -0.819055 0
    outer loop
      vertex 26.3125 12.6908 5.4
      vertex 26.1162 12.5533 0.9
      vertex 26.3125 12.6908 0.9
    endloop
  endfacet
  facet normal -0.819055 0.573714 1.27956e-18
    outer loop
      vertex 28.0533 10.6162 0.9
      vertex 28.1908 10.8125 5.4
      vertex 28.1908 10.8125 0.9
    endloop
  endfacet
  facet normal -0.819055 0.573714 1.27956e-18
    outer loop
      vertex 28.1908 10.8125 5.4
      vertex 28.0533 10.6162 0.9
      vertex 28.0533 10.6162 5.4
    endloop
  endfacet
  facet normal -0.819055 -0.573714 -1.27956e-18
    outer loop
      vertex 28.1908 12.1875 0.9
      vertex 28.0533 12.3838 5.4
      vertex 28.0533 12.3838 0.9
    endloop
  endfacet
  facet normal -0.819055 -0.573714 -1.27956e-18
    outer loop
      vertex 28.0533 12.3838 5.4
      vertex 28.1908 12.1875 0.9
      vertex 28.1908 12.1875 5.4
    endloop
  endfacet
  facet normal -0.965957 0.258701 -1.81183e-20
    outer loop
      vertex 28.2921 11.0297 0.9
      vertex 28.3541 11.2612 5.4
      vertex 28.3541 11.2612 0.9
    endloop
  endfacet
  facet normal -0.965957 0.258701 -1.81183e-20
    outer loop
      vertex 28.3541 11.2612 5.4
      vertex 28.2921 11.0297 0.9
      vertex 28.2921 11.0297 5.4
    endloop
  endfacet
  facet normal 0.996192 -0.0871877 -8.54393e-20
    outer loop
      vertex 25.625 11.5 5.4
      vertex 25.6459 11.7388 0.9
      vertex 25.6459 11.7388 5.4
    endloop
  endfacet
  facet normal 0.996192 -0.0871877 -8.54393e-20
    outer loop
      vertex 25.6459 11.7388 0.9
      vertex 25.625 11.5 5.4
      vertex 25.625 11.5 0.9
    endloop
  endfacet
  facet normal -0.42268 -0.906279 0
    outer loop
      vertex 27.4703 12.7921 0.9
      vertex 27.6875 12.6908 5.4
      vertex 27.4703 12.7921 5.4
    endloop
  endfacet
  facet normal -0.42268 -0.906279 -0
    outer loop
      vertex 27.6875 12.6908 5.4
      vertex 27.4703 12.7921 0.9
      vertex 27.6875 12.6908 0.9
    endloop
  endfacet
  facet normal -0.707107 -0.707107 1.01976e-18
    outer loop
      vertex 28.0533 12.3838 0.9
      vertex 27.8838 12.5533 5.4
      vertex 27.8838 12.5533 0.9
    endloop
  endfacet
  facet normal -0.707107 -0.707107 1.01976e-18
    outer loop
      vertex 27.8838 12.5533 5.4
      vertex 28.0533 12.3838 0.9
      vertex 28.0533 12.3838 5.4
    endloop
  endfacet
  facet normal -0.258701 0.965957 0
    outer loop
      vertex 27.4703 10.2079 0.9
      vertex 27.2388 10.1459 5.4
      vertex 27.4703 10.2079 5.4
    endloop
  endfacet
  facet normal -0.258701 0.965957 0
    outer loop
      vertex 27.2388 10.1459 5.4
      vertex 27.4703 10.2079 0.9
      vertex 27.2388 10.1459 0.9
    endloop
  endfacet
  facet normal -0.996192 0.0871877 -8.54393e-20
    outer loop
      vertex 28.3541 11.2612 0.9
      vertex 28.375 11.5 5.4
      vertex 28.375 11.5 0.9
    endloop
  endfacet
  facet normal -0.996192 0.0871877 -8.54393e-20
    outer loop
      vertex 28.375 11.5 5.4
      vertex 28.3541 11.2612 0.9
      vertex 28.3541 11.2612 5.4
    endloop
  endfacet
  facet normal -0.573714 -0.819055 0
    outer loop
      vertex 27.6875 12.6908 0.9
      vertex 27.8838 12.5533 5.4
      vertex 27.6875 12.6908 5.4
    endloop
  endfacet
  facet normal -0.573714 -0.819055 -0
    outer loop
      vertex 27.8838 12.5533 5.4
      vertex 27.6875 12.6908 0.9
      vertex 27.8838 12.5533 0.9
    endloop
  endfacet
  facet normal 0.0871877 -0.996192 0
    outer loop
      vertex 26.7612 12.8541 0.9
      vertex 27 12.875 5.4
      vertex 26.7612 12.8541 5.4
    endloop
  endfacet
  facet normal 0.0871877 -0.996192 0
    outer loop
      vertex 27 12.875 5.4
      vertex 26.7612 12.8541 0.9
      vertex 27 12.875 0.9
    endloop
  endfacet
  facet normal 0.258701 0.965957 -0
    outer loop
      vertex 26.7612 10.1459 0.9
      vertex 26.5297 10.2079 5.4
      vertex 26.7612 10.1459 5.4
    endloop
  endfacet
  facet normal 0.258701 0.965957 0
    outer loop
      vertex 26.5297 10.2079 5.4
      vertex 26.7612 10.1459 0.9
      vertex 26.5297 10.2079 0.9
    endloop
  endfacet
  facet normal 0.906279 0.42268 4.6748e-19
    outer loop
      vertex 25.8092 10.8125 5.4
      vertex 25.7079 11.0297 0.9
      vertex 25.7079 11.0297 5.4
    endloop
  endfacet
  facet normal 0.906279 0.42268 4.6748e-19
    outer loop
      vertex 25.7079 11.0297 0.9
      vertex 25.8092 10.8125 5.4
      vertex 25.8092 10.8125 0.9
    endloop
  endfacet
  facet normal -0.0871877 -0.996192 0
    outer loop
      vertex 27 12.875 0.9
      vertex 27.2388 12.8541 5.4
      vertex 27 12.875 5.4
    endloop
  endfacet
  facet normal -0.0871877 -0.996192 -0
    outer loop
      vertex 27.2388 12.8541 5.4
      vertex 27 12.875 0.9
      vertex 27.2388 12.8541 0.9
    endloop
  endfacet
  facet normal 0.996192 0.0871877 8.54393e-20
    outer loop
      vertex 25.6459 11.2612 5.4
      vertex 25.625 11.5 0.9
      vertex 25.625 11.5 5.4
    endloop
  endfacet
  facet normal 0.996192 0.0871877 8.54393e-20
    outer loop
      vertex 25.625 11.5 0.9
      vertex 25.6459 11.2612 5.4
      vertex 25.6459 11.2612 0.9
    endloop
  endfacet
  facet normal -0.258701 -0.965957 0
    outer loop
      vertex 27.2388 12.8541 0.9
      vertex 27.4703 12.7921 5.4
      vertex 27.2388 12.8541 5.4
    endloop
  endfacet
  facet normal -0.258701 -0.965957 -0
    outer loop
      vertex 27.4703 12.7921 5.4
      vertex 27.2388 12.8541 0.9
      vertex 27.4703 12.7921 0.9
    endloop
  endfacet
  facet normal 0.965957 -0.258701 -1.81183e-20
    outer loop
      vertex 25.6459 11.7388 5.4
      vertex 25.7079 11.9703 0.9
      vertex 25.7079 11.9703 5.4
    endloop
  endfacet
  facet normal 0.965957 -0.258701 -1.81183e-20
    outer loop
      vertex 25.7079 11.9703 0.9
      vertex 25.6459 11.7388 5.4
      vertex 25.6459 11.7388 0.9
    endloop
  endfacet
  facet normal 0.42268 0.906279 -0
    outer loop
      vertex 26.5297 10.2079 0.9
      vertex 26.3125 10.3092 5.4
      vertex 26.5297 10.2079 5.4
    endloop
  endfacet
  facet normal 0.42268 0.906279 0
    outer loop
      vertex 26.3125 10.3092 5.4
      vertex 26.5297 10.2079 0.9
      vertex 26.3125 10.3092 0.9
    endloop
  endfacet
  facet normal 0.707107 -0.707107 -1.01976e-18
    outer loop
      vertex 25.9467 12.3838 5.4
      vertex 26.1162 12.5533 0.9
      vertex 26.1162 12.5533 5.4
    endloop
  endfacet
  facet normal 0.707107 -0.707107 -1.01976e-18
    outer loop
      vertex 26.1162 12.5533 0.9
      vertex 25.9467 12.3838 5.4
      vertex 25.9467 12.3838 0.9
    endloop
  endfacet
  facet normal 0.258797 1.47855e-18 0.965932
    outer loop
      vertex 36.7845 -10 21.9995
      vertex 37.5 -14 21.8078
      vertex 37.5 -10 21.8078
    endloop
  endfacet
  facet normal 0.258797 1.47855e-18 0.965932
    outer loop
      vertex 37.5 -14 21.8078
      vertex 36.7845 -10 21.9995
      vertex 36.7845 -14 21.9995
    endloop
  endfacet
  facet normal -0.965925 0 0.258821
    outer loop
      vertex 35.4904 -14 17.1699
      vertex 36.7845 -10 21.9995
      vertex 35.4904 -10 17.1699
    endloop
  endfacet
  facet normal -0.965925 0 0.258821
    outer loop
      vertex 36.7845 -10 21.9995
      vertex 35.4904 -14 17.1699
      vertex 36.7845 -14 21.9995
    endloop
  endfacet
  facet normal -0.258832 2.32989e-18 -0.965922
    outer loop
      vertex 35.4904 -14 17.1699
      vertex 37.5 -10 16.6314
      vertex 37.5 -14 16.6314
    endloop
  endfacet
  facet normal -0.258832 2.32989e-18 -0.965922
    outer loop
      vertex 37.5 -10 16.6314
      vertex 35.4904 -14 17.1699
      vertex 35.4904 -10 17.1699
    endloop
  endfacet
  facet normal 0 -1 0
    outer loop
      vertex 35.4904 -14 17.1699
      vertex 37.5 -14 21.8078
      vertex 36.7845 -14 21.9995
    endloop
  endfacet
  facet normal 0 -1 -0
    outer loop
      vertex 37.5 -14 21.8078
      vertex 35.4904 -14 17.1699
      vertex 37.5 -14 16.6314
    endloop
  endfacet
  facet normal 0 -1 0
    outer loop
      vertex 37.5 -14 21.8078
      vertex 37.5 -14 16.6314
      vertex 40.5 -14 20.3981
    endloop
  endfacet
  facet normal 0 -1 0
    outer loop
      vertex 40.5 -14 0.9
      vertex 37.5 -14 16.6314
      vertex 37.5 -14 0.9
    endloop
  endfacet
  facet normal 0 -1 0
    outer loop
      vertex 37.5 -14 16.6314
      vertex 40.5 -14 0.9
      vertex 40.5 -14 20.3981
    endloop
  endfacet
  facet normal 0 -1 0
    outer loop
      vertex 37.5 -14 24.9
      vertex 37.5 -14 21.8078
      vertex 39.3221 -14 24.9
    endloop
  endfacet
  facet normal 0 -1 0
    outer loop
      vertex 39.3221 -14 24.9
      vertex 48.6444 -14 46.1682
      vertex 45.2637 -14 47.0741
    endloop
  endfacet
  facet normal 0 -1 0
    outer loop
      vertex 40.5 -14 20.3981
      vertex 39.3221 -14 24.9
      vertex 37.5 -14 21.8078
    endloop
  endfacet
  facet normal 0 -1 0
    outer loop
      vertex 41.6563 -14 20.0882
      vertex 39.3221 -14 24.9
      vertex 40.5 -14 20.3981
    endloop
  endfacet
  facet normal 0 -1 0
    outer loop
      vertex 39.3221 -14 24.9
      vertex 41.6563 -14 20.0882
      vertex 48.6444 -14 46.1682
    endloop
  endfacet
  facet normal 0 1 0
    outer loop
      vertex 37.5 -10 21.8078
      vertex 35.4904 -10 17.1699
      vertex 36.7845 -10 21.9995
    endloop
  endfacet
  facet normal -0 1 0
    outer loop
      vertex 35.4904 -10 17.1699
      vertex 37.5 -10 21.8078
      vertex 37.5 -10 16.6314
    endloop
  endfacet
  facet normal 0.258797 1.47855e-18 0.965932
    outer loop
      vertex 36.7845 14 21.9995
      vertex 37.5 10 21.8078
      vertex 37.5 14 21.8078
    endloop
  endfacet
  facet normal 0.258797 1.47855e-18 0.965932
    outer loop
      vertex 37.5 10 21.8078
      vertex 36.7845 14 21.9995
      vertex 36.7845 10 21.9995
    endloop
  endfacet
  facet normal -0.965925 0 0.258821
    outer loop
      vertex 35.4904 10 17.1699
      vertex 36.7845 14 21.9995
      vertex 35.4904 14 17.1699
    endloop
  endfacet
  facet normal -0.965925 0 0.258821
    outer loop
      vertex 36.7845 14 21.9995
      vertex 35.4904 10 17.1699
      vertex 36.7845 10 21.9995
    endloop
  endfacet
  facet normal 0 1 0
    outer loop
      vertex 48.6444 14 46.1682
      vertex 39.3221 14 24.9
      vertex 45.2637 14 47.0741
    endloop
  endfacet
  facet normal 0 1 0
    outer loop
      vertex 39.3221 14 24.9
      vertex 37.5 14 21.8078
      vertex 37.5 14 24.9
    endloop
  endfacet
  facet normal 0 1 0
    outer loop
      vertex 39.3221 14 24.9
      vertex 40.5 14 20.3981
      vertex 37.5 14 21.8078
    endloop
  endfacet
  facet normal 0 1 -0
    outer loop
      vertex 41.6563 14 20.0882
      vertex 39.3221 14 24.9
      vertex 48.6444 14 46.1682
    endloop
  endfacet
  facet normal 0 1 0
    outer loop
      vertex 39.3221 14 24.9
      vertex 41.6563 14 20.0882
      vertex 40.5 14 20.3981
    endloop
  endfacet
  facet normal 0 1 0
    outer loop
      vertex 37.5 14 16.6314
      vertex 37.5 14 21.8078
      vertex 40.5 14 20.3981
    endloop
  endfacet
  facet normal -0 1 0
    outer loop
      vertex 35.4904 14 17.1699
      vertex 37.5 14 21.8078
      vertex 37.5 14 16.6314
    endloop
  endfacet
  facet normal 0 1 0
    outer loop
      vertex 37.5 14 21.8078
      vertex 35.4904 14 17.1699
      vertex 36.7845 14 21.9995
    endloop
  endfacet
  facet normal 0 1 -0
    outer loop
      vertex 40.5 14 0.9
      vertex 37.5 14 16.6314
      vertex 40.5 14 20.3981
    endloop
  endfacet
  facet normal 0 1 0
    outer loop
      vertex 37.5 14 16.6314
      vertex 40.5 14 0.9
      vertex 37.5 14 0.9
    endloop
  endfacet
  facet normal -0.258832 2.32989e-18 -0.965922
    outer loop
      vertex 35.4904 10 17.1699
      vertex 37.5 14 16.6314
      vertex 37.5 10 16.6314
    endloop
  endfacet
  facet normal -0.258832 2.32989e-18 -0.965922
    outer loop
      vertex 37.5 14 16.6314
      vertex 35.4904 10 17.1699
      vertex 35.4904 14 17.1699
    endloop
  endfacet
  facet normal 0 -1 0
    outer loop
      vertex 35.4904 10 17.1699
      vertex 37.5 10 21.8078
      vertex 36.7845 10 21.9995
    endloop
  endfacet
  facet normal 0 -1 -0
    outer loop
      vertex 37.5 10 21.8078
      vertex 35.4904 10 17.1699
      vertex 37.5 10 16.6314
    endloop
  endfacet
  facet normal 0 1 0
    outer loop
      vertex 48.6444 -12.5 46.1682
      vertex 40.5 -12.5 23.5003
      vertex 46.7126 -12.5 46.6859
    endloop
  endfacet
  facet normal 0 1 -0
    outer loop
      vertex 42.0445 -12.5 21.5371
      vertex 40.5 -12.5 23.5003
      vertex 48.6444 -12.5 46.1682
    endloop
  endfacet
  facet normal 0 1 0
    outer loop
      vertex 40.5 -12.5 23.5003
      vertex 42.0445 -12.5 21.5371
      vertex 40.5 -12.5 21.951
    endloop
  endfacet
  facet normal 0.258854 0 0.965916
    outer loop
      vertex 48.6444 14 46.1682
      vertex 46.7126 12.5 46.6859
      vertex 48.6444 12.5 46.1682
    endloop
  endfacet
  facet normal 0.258799 0 0.965931
    outer loop
      vertex 46.7126 12.5 46.6859
      vertex 45.2637 14 47.0741
      vertex 46.7126 -12.5 46.6859
    endloop
  endfacet
  facet normal 0.258831 3.25279e-05 0.965923
    outer loop
      vertex 45.2637 14 47.0741
      vertex 46.7126 12.5 46.6859
      vertex 48.6444 14 46.1682
    endloop
  endfacet
  facet normal 0.258854 -2.14159e-17 0.965916
    outer loop
      vertex 46.7126 -12.5 46.6859
      vertex 48.6444 -14 46.1682
      vertex 48.6444 -12.5 46.1682
    endloop
  endfacet
  facet normal 0.258831 -3.25279e-05 0.965923
    outer loop
      vertex 46.7126 -12.5 46.6859
      vertex 45.2637 -14 47.0741
      vertex 48.6444 -14 46.1682
    endloop
  endfacet
  facet normal 0.258799 -0 0.965931
    outer loop
      vertex 45.2637 -14 47.0741
      vertex 46.7126 -12.5 46.6859
      vertex 45.2637 14 47.0741
    endloop
  endfacet
  facet normal -0.258874 5.15616e-19 -0.965911
    outer loop
      vertex 40.5 -14 20.3981
      vertex 41.6563 14 20.0882
      vertex 41.6563 -14 20.0882
    endloop
  endfacet
  facet normal -0.258874 5.15616e-19 -0.965911
    outer loop
      vertex 41.6563 14 20.0882
      vertex 40.5 -14 20.3981
      vertex 40.5 14 20.3981
    endloop
  endfacet
  facet normal -0.965983 0.000260102 0.258604
    outer loop
      vertex 40.2943 -9.54737 28.5283
      vertex 41.4979 -5.27043 33.0199
      vertex 40.2494 -9.46634 28.3605
    endloop
  endfacet
  facet normal -0.965969 -0.000198462 0.258657
    outer loop
      vertex 42.0414 -5.27043 35.0483
      vertex 43.3378 -9.41671 39.8866
      vertex 43.3872 -9.4 40.0711
    endloop
  endfacet
  facet normal -0.965877 -0.000187631 0.259002
    outer loop
      vertex 40.335 -9.65735 28.68
      vertex 41.4979 -5.27043 33.0199
      vertex 40.2943 -9.54737 28.5283
    endloop
  endfacet
  facet normal -0.965963 -0.000168609 0.258681
    outer loop
      vertex 42.0414 -5.27043 35.0483
      vertex 43.2899 -9.46634 39.7077
      vertex 43.3378 -9.41671 39.8866
    endloop
  endfacet
  facet normal -0.965926 7.81484e-06 0.258817
    outer loop
      vertex 40.3701 -9.79293 28.811
      vertex 41.4979 -5.27043 33.0199
      vertex 40.335 -9.65735 28.68
    endloop
  endfacet
  facet normal -0.96589 0.000156007 0.258954
    outer loop
      vertex 42.0414 -5.27043 35.0483
      vertex 43.2449 -9.54737 39.5399
      vertex 43.2899 -9.46634 39.7077
    endloop
  endfacet
  facet normal -0.965883 -0.000153415 0.258979
    outer loop
      vertex 40.3986 -9.95 28.9172
      vertex 41.4979 -5.27043 33.0199
      vertex 40.3701 -9.79293 28.811
    endloop
  endfacet
  facet normal -0.965879 0.000200453 0.258993
    outer loop
      vertex 42.0414 -5.27043 35.0483
      vertex 43.2042 -9.65735 39.3882
      vertex 43.2449 -9.54737 39.5399
    endloop
  endfacet
  facet normal -0.966011 0.000294208 0.258503
    outer loop
      vertex 40.4195 -10.1238 28.9955
      vertex 41.4979 -5.27043 33.0199
      vertex 40.3986 -9.95 28.9172
    endloop
  endfacet
  facet normal -0.965929 3.06449e-06 0.258807
    outer loop
      vertex 42.0414 -5.27043 35.0483
      vertex 43.1691 -9.79293 39.2572
      vertex 43.2042 -9.65735 39.3882
    endloop
  endfacet
  facet normal -0.965877 -0.000149638 0.259002
    outer loop
      vertex 40.4324 -10.309 29.0435
      vertex 41.4979 -5.27043 33.0199
      vertex 40.4195 -10.1238 28.9955
    endloop
  endfacet
  facet normal -0.965982 -0.000193792 0.258609
    outer loop
      vertex 42.0414 -5.27043 35.0483
      vertex 43.1407 -9.95 39.151
      vertex 43.1691 -9.79293 39.2572
    endloop
  endfacet
  facet normal -0.965945 6.43838e-05 0.258749
    outer loop
      vertex 40.4367 -10.5 29.0596
      vertex 41.4979 -5.27043 33.0199
      vertex 40.4324 -10.309 29.0435
    endloop
  endfacet
  facet normal -0.965906 7.29356e-05 0.258893
    outer loop
      vertex 42.0414 -5.27043 35.0483
      vertex 43.1197 -10.1238 39.0727
      vertex 43.1407 -9.95 39.151
    endloop
  endfacet
  facet normal -0.965927 1.04746e-05 0.258815
    outer loop
      vertex 41.4979 -5.27043 33.0199
      vertex 40.4367 -10.5 29.0596
      vertex 42.0414 -5.27043 35.0483
    endloop
  endfacet
  facet normal -0.965969 -0.000136578 0.258658
    outer loop
      vertex 42.0414 -5.27043 35.0483
      vertex 43.1069 -10.309 39.0248
      vertex 43.1197 -10.1238 39.0727
    endloop
  endfacet
  facet normal -0.965926 8.98257e-06 0.258817
    outer loop
      vertex 43.1025 -10.5 39.0086
      vertex 42.0414 -5.27043 35.0483
      vertex 40.4367 -10.5 29.0596
    endloop
  endfacet
  facet normal -0.96584 0.000270414 0.259139
    outer loop
      vertex 42.0414 -5.27043 35.0483
      vertex 43.1025 -10.5 39.0086
      vertex 43.1069 -10.309 39.0248
    endloop
  endfacet
  facet normal -0.965926 -7.04929e-05 0.258817
    outer loop
      vertex 40.4324 -10.691 29.0435
      vertex 43.1025 -10.5 39.0086
      vertex 40.4367 -10.5 29.0596
    endloop
  endfacet
  facet normal -0.965925 -0.000299349 0.258821
    outer loop
      vertex 40.4324 -10.691 29.0435
      vertex 43.1069 -10.691 39.0248
      vertex 43.1025 -10.5 39.0086
    endloop
  endfacet
  facet normal -0.965925 0.000200011 0.258821
    outer loop
      vertex 40.4195 -10.8762 28.9955
      vertex 43.1069 -10.691 39.0248
      vertex 40.4324 -10.691 29.0435
    endloop
  endfacet
  facet normal -0.965925 0.000181882 0.258821
    outer loop
      vertex 40.4195 -10.8762 28.9955
      vertex 43.1197 -10.8762 39.0727
      vertex 43.1069 -10.691 39.0248
    endloop
  endfacet
  facet normal -0.965925 -0.000447926 0.258821
    outer loop
      vertex 40.3986 -11.05 28.9172
      vertex 43.1197 -10.8762 39.0727
      vertex 40.4195 -10.8762 28.9955
    endloop
  endfacet
  facet normal -0.965927 -0.000110445 0.258816
    outer loop
      vertex 40.3986 -11.05 28.9172
      vertex 43.1407 -11.05 39.151
      vertex 43.1197 -10.8762 39.0727
    endloop
  endfacet
  facet normal -0.965927 0.000271731 0.258816
    outer loop
      vertex 40.3701 -11.2071 28.811
      vertex 43.1407 -11.05 39.151
      vertex 40.3986 -11.05 28.9172
    endloop
  endfacet
  facet normal -0.965927 0.000342392 0.258815
    outer loop
      vertex 40.3701 -11.2071 28.811
      vertex 43.1691 -11.2071 39.2572
      vertex 43.1407 -11.05 39.151
    endloop
  endfacet
  facet normal -0.965927 -5.0362e-06 0.258815
    outer loop
      vertex 40.335 -11.3426 28.68
      vertex 43.1691 -11.2071 39.2572
      vertex 40.3701 -11.2071 28.811
    endloop
  endfacet
  facet normal -0.965927 4.91298e-06 0.258815
    outer loop
      vertex 40.335 -11.3426 28.68
      vertex 43.2042 -11.3426 39.3882
      vertex 43.1691 -11.2071 39.2572
    endloop
  endfacet
  facet normal -0.965927 0.000464225 0.258815
    outer loop
      vertex 40.2943 -11.4526 28.5283
      vertex 43.2042 -11.3426 39.3882
      vertex 40.335 -11.3426 28.68
    endloop
  endfacet
  facet normal -0.965925 -0.000451433 0.258823
    outer loop
      vertex 40.2943 -11.4526 28.5283
      vertex 43.2449 -11.4526 39.5399
      vertex 43.2042 -11.3426 39.3882
    endloop
  endfacet
  facet normal -0.965924 -0.00074614 0.258823
    outer loop
      vertex 40.2494 -11.5337 28.3605
      vertex 43.2449 -11.4526 39.5399
      vertex 40.2943 -11.4526 28.5283
    endloop
  endfacet
  facet normal -0.965925 -0.000449344 0.258821
    outer loop
      vertex 40.2494 -11.5337 28.3605
      vertex 43.2899 -11.5337 39.7077
      vertex 43.2449 -11.4526 39.5399
    endloop
  endfacet
  facet normal -0.965787 -0.000752445 0.259335
    outer loop
      vertex 39.3221 -14 24.9
      vertex 40.2494 -11.5337 28.3605
      vertex 40.2014 -11.5833 28.1816
    endloop
  endfacet
  facet normal -0.965925 2.09959e-05 0.258821
    outer loop
      vertex 40.2494 -11.5337 28.3605
      vertex 39.3221 -14 24.9
      vertex 43.2899 -11.5337 39.7077
    endloop
  endfacet
  facet normal -0.96598 0.000295936 0.258615
    outer loop
      vertex 39.3221 -14 24.9
      vertex 40.2014 -11.5833 28.1816
      vertex 40.152 -11.6 27.9971
    endloop
  endfacet
  facet normal -0.965943 0.000452366 0.258754
    outer loop
      vertex 43.2899 -11.5337 39.7077
      vertex 39.3221 -14 24.9
      vertex 43.3378 -11.5833 39.8866
    endloop
  endfacet
  facet normal -0.965787 0.000752445 0.259335
    outer loop
      vertex 40.2494 11.5337 28.3605
      vertex 39.3221 14 24.9
      vertex 40.2014 11.5833 28.1816
    endloop
  endfacet
  facet normal -0.965956 -0.000775102 0.258706
    outer loop
      vertex 39.3221 14 24.9
      vertex 43.3378 11.5833 39.8866
      vertex 43.3872 11.6 40.0711
    endloop
  endfacet
  facet normal -0.965925 -2.09959e-05 0.258821
    outer loop
      vertex 43.2899 11.5337 39.7077
      vertex 39.3221 14 24.9
      vertex 40.2494 11.5337 28.3605
    endloop
  endfacet
  facet normal -0.965943 -0.000452366 0.258754
    outer loop
      vertex 39.3221 14 24.9
      vertex 43.2899 11.5337 39.7077
      vertex 43.3378 11.5833 39.8866
    endloop
  endfacet
  facet normal -0.965925 0.000741685 0.258821
    outer loop
      vertex 40.2943 11.4526 28.5283
      vertex 43.2899 11.5337 39.7077
      vertex 40.2494 11.5337 28.3605
    endloop
  endfacet
  facet normal -0.965925 0.000444889 0.258823
    outer loop
      vertex 40.2943 11.4526 28.5283
      vertex 43.2449 11.4526 39.5399
      vertex 43.2899 11.5337 39.7077
    endloop
  endfacet
  facet normal -0.965925 -0.000451433 0.258823
    outer loop
      vertex 40.335 11.3426 28.68
      vertex 43.2449 11.4526 39.5399
      vertex 40.2943 11.4526 28.5283
    endloop
  endfacet
  facet normal -0.965927 0.000464225 0.258815
    outer loop
      vertex 40.335 11.3426 28.68
      vertex 43.2042 11.3426 39.3882
      vertex 43.2449 11.4526 39.5399
    endloop
  endfacet
  facet normal -0.965927 4.91298e-06 0.258815
    outer loop
      vertex 40.3701 11.2071 28.811
      vertex 43.2042 11.3426 39.3882
      vertex 40.335 11.3426 28.68
    endloop
  endfacet
  facet normal -0.965927 -5.0362e-06 0.258815
    outer loop
      vertex 40.3701 11.2071 28.811
      vertex 43.1691 11.2071 39.2572
      vertex 43.2042 11.3426 39.3882
    endloop
  endfacet
  facet normal -0.965927 -0.000272456 0.258815
    outer loop
      vertex 40.3986 11.05 28.9172
      vertex 43.1691 11.2071 39.2572
      vertex 40.3701 11.2071 28.811
    endloop
  endfacet
  facet normal -0.965927 -0.000343118 0.258816
    outer loop
      vertex 40.3986 11.05 28.9172
      vertex 43.1407 11.05 39.151
      vertex 43.1691 11.2071 39.2572
    endloop
  endfacet
  facet normal -0.965927 0.000445325 0.258816
    outer loop
      vertex 40.4195 10.8762 28.9955
      vertex 43.1407 11.05 39.151
      vertex 40.3986 11.05 28.9172
    endloop
  endfacet
  facet normal -0.965925 0.000107842 0.258821
    outer loop
      vertex 40.4195 10.8762 28.9955
      vertex 43.1197 10.8762 39.0727
      vertex 43.1407 11.05 39.151
    endloop
  endfacet
  facet normal -0.965925 -0.000199924 0.258821
    outer loop
      vertex 40.4324 10.691 29.0435
      vertex 43.1197 10.8762 39.0727
      vertex 40.4195 10.8762 28.9955
    endloop
  endfacet
  facet normal -0.965925 -0.000181795 0.258821
    outer loop
      vertex 40.4324 10.691 29.0435
      vertex 43.1069 10.691 39.0248
      vertex 43.1197 10.8762 39.0727
    endloop
  endfacet
  facet normal -0.965925 7.08625e-05 0.258821
    outer loop
      vertex 40.4367 10.5 29.0596
      vertex 43.1069 10.691 39.0248
      vertex 40.4324 10.691 29.0435
    endloop
  endfacet
  facet normal -0.965926 0.000299722 0.258817
    outer loop
      vertex 40.4367 10.5 29.0596
      vertex 43.1025 10.5 39.0086
      vertex 43.1069 10.691 39.0248
    endloop
  endfacet
  facet normal -0.965945 -6.43838e-05 0.258749
    outer loop
      vertex 41.4979 5.27043 33.0199
      vertex 40.4367 10.5 29.0596
      vertex 40.4324 10.309 29.0435
    endloop
  endfacet
  facet normal -0.965926 -9.48791e-06 0.258817
    outer loop
      vertex 40.4367 10.5 29.0596
      vertex 41.4979 5.27043 33.0199
      vertex 43.1025 10.5 39.0086
    endloop
  endfacet
  facet normal -0.965877 0.000149638 0.259002
    outer loop
      vertex 41.4979 5.27043 33.0199
      vertex 40.4324 10.309 29.0435
      vertex 40.4195 10.1238 28.9955
    endloop
  endfacet
  facet normal -0.965927 -7.99592e-06 0.258815
    outer loop
      vertex 42.0414 5.27043 35.0483
      vertex 43.1025 10.5 39.0086
      vertex 41.4979 5.27043 33.0199
    endloop
  endfacet
  facet normal -0.966011 -0.000294208 0.258503
    outer loop
      vertex 41.4979 5.27043 33.0199
      vertex 40.4195 10.1238 28.9955
      vertex 40.3986 9.95 28.9172
    endloop
  endfacet
  facet normal -0.96584 -0.000270414 0.259139
    outer loop
      vertex 43.1025 10.5 39.0086
      vertex 42.0414 5.27043 35.0483
      vertex 43.1069 10.309 39.0248
    endloop
  endfacet
  facet normal -0.965883 0.000153415 0.258979
    outer loop
      vertex 41.4979 5.27043 33.0199
      vertex 40.3986 9.95 28.9172
      vertex 40.3701 9.79293 28.811
    endloop
  endfacet
  facet normal -0.965969 0.000136578 0.258658
    outer loop
      vertex 43.1069 10.309 39.0248
      vertex 42.0414 5.27043 35.0483
      vertex 43.1197 10.1238 39.0727
    endloop
  endfacet
  facet normal -0.965926 -7.81484e-06 0.258817
    outer loop
      vertex 41.4979 5.27043 33.0199
      vertex 40.3701 9.79293 28.811
      vertex 40.335 9.65735 28.68
    endloop
  endfacet
  facet normal -0.965906 -7.29356e-05 0.258893
    outer loop
      vertex 43.1197 10.1238 39.0727
      vertex 42.0414 5.27043 35.0483
      vertex 43.1407 9.95 39.151
    endloop
  endfacet
  facet normal -0.965877 0.000187631 0.259002
    outer loop
      vertex 41.4979 5.27043 33.0199
      vertex 40.335 9.65735 28.68
      vertex 40.2943 9.54737 28.5283
    endloop
  endfacet
  facet normal -0.965982 0.000193792 0.258609
    outer loop
      vertex 43.1407 9.95 39.151
      vertex 42.0414 5.27043 35.0483
      vertex 43.1691 9.79293 39.2572
    endloop
  endfacet
  facet normal -0.965983 -0.000260102 0.258604
    outer loop
      vertex 41.4979 5.27043 33.0199
      vertex 40.2943 9.54737 28.5283
      vertex 40.2494 9.46634 28.3605
    endloop
  endfacet
  facet normal -0.965929 -3.06449e-06 0.258807
    outer loop
      vertex 43.1691 9.79293 39.2572
      vertex 42.0414 5.27043 35.0483
      vertex 43.2042 9.65735 39.3882
    endloop
  endfacet
  facet normal -0.96586 0.00028974 0.259066
    outer loop
      vertex 41.4979 5.27043 33.0199
      vertex 40.2494 9.46634 28.3605
      vertex 40.2014 9.41671 28.1816
    endloop
  endfacet
  facet normal -0.965879 -0.000200453 0.258993
    outer loop
      vertex 43.2042 9.65735 39.3882
      vertex 42.0414 5.27043 35.0483
      vertex 43.2449 9.54737 39.5399
    endloop
  endfacet
  facet normal -0.965969 -0.000219532 0.258659
    outer loop
      vertex 41.4979 5.27043 33.0199
      vertex 40.2014 9.41671 28.1816
      vertex 40.152 9.4 27.9971
    endloop
  endfacet
  facet normal -0.96589 -0.000156007 0.258954
    outer loop
      vertex 43.2449 9.54737 39.5399
      vertex 42.0414 5.27043 35.0483
      vertex 43.2899 9.46634 39.7077
    endloop
  endfacet
  facet normal -0.96598 -0.000295936 0.258615
    outer loop
      vertex 40.2014 11.5833 28.1816
      vertex 39.3221 14 24.9
      vertex 40.152 11.6 27.9971
    endloop
  endfacet
  facet normal -0.965968 -0.00023403 0.25866
    outer loop
      vertex 39.3221 14 24.9
      vertex 40.1026 11.5833 27.8126
      vertex 40.152 11.6 27.9971
    endloop
  endfacet
  facet normal -0.96586 0.000290271 0.259066
    outer loop
      vertex 39.3221 14 24.9
      vertex 40.0546 11.5337 27.6337
      vertex 40.1026 11.5833 27.8126
    endloop
  endfacet
  facet normal -0.965915 4.51969e-05 0.258859
    outer loop
      vertex 39.3221 14 24.9
      vertex 40.0096 11.4526 27.4658
      vertex 40.0546 11.5337 27.6337
    endloop
  endfacet
  facet normal -0.96597 -0.000176631 0.258654
    outer loop
      vertex 39.3221 14 24.9
      vertex 39.969 11.3426 27.3141
      vertex 40.0096 11.4526 27.4658
    endloop
  endfacet
  facet normal -0.965925 -1.28603e-05 0.258822
    outer loop
      vertex 39.3221 14 24.9
      vertex 39.9339 11.2071 27.1831
      vertex 39.969 11.3426 27.3141
    endloop
  endfacet
  facet normal -0.965878 0.000140309 0.258997
    outer loop
      vertex 39.3221 14 24.9
      vertex 39.9054 11.05 27.0769
      vertex 39.9339 11.2071 27.1831
    endloop
  endfacet
  facet normal -0.96602 -0.000277727 0.258468
    outer loop
      vertex 39.3221 14 24.9
      vertex 39.8845 10.8762 26.9986
      vertex 39.9054 11.05 27.0769
    endloop
  endfacet
  facet normal -0.965828 0.000238599 0.259186
    outer loop
      vertex 39.3221 14 24.9
      vertex 39.8716 10.691 26.9507
      vertex 39.8845 10.8762 26.9986
    endloop
  endfacet
  facet normal -0.965949 -6.28251e-05 0.258732
    outer loop
      vertex 39.3221 14 24.9
      vertex 39.8673 10.5 26.9346
      vertex 39.8716 10.691 26.9507
    endloop
  endfacet
  facet normal -0.965886 8.41295e-05 0.258968
    outer loop
      vertex 39.3221 14 24.9
      vertex 39.8716 10.309 26.9507
      vertex 39.8673 10.5 26.9346
    endloop
  endfacet
  facet normal -0.966208 -0.000632966 0.257763
    outer loop
      vertex 39.3221 14 24.9
      vertex 39.8845 10.1238 26.9986
      vertex 39.8716 10.309 26.9507
    endloop
  endfacet
  facet normal -0.965916 0 0.258854
    outer loop
      vertex 39.8845 -10.1238 26.9986
      vertex 39.8845 10.1238 26.9986
      vertex 39.3221 14 24.9
    endloop
  endfacet
  facet normal -0.965963 0.000168609 0.258681
    outer loop
      vertex 43.2899 9.46634 39.7077
      vertex 42.0414 5.27043 35.0483
      vertex 43.3378 9.41671 39.8866
    endloop
  endfacet
  facet normal -0.96598 -0.00027389 0.258617
    outer loop
      vertex 40.1026 9.41671 27.8126
      vertex 41.4979 5.27043 33.0199
      vertex 40.152 9.4 27.9971
    endloop
  endfacet
  facet normal -0.965793 0.000661864 0.259312
    outer loop
      vertex 40.0546 9.46634 27.6337
      vertex 41.4979 5.27043 33.0199
      vertex 40.1026 9.41671 27.8126
    endloop
  endfacet
  facet normal -0.96591 0 0.25888
    outer loop
      vertex 40.0546 -9.46634 27.6337
      vertex 40.0546 9.46634 27.6337
      vertex 40.0096 9.54737 27.4658
    endloop
  endfacet
  facet normal -0.966002 0 0.258534
    outer loop
      vertex 40.0096 -9.54737 27.4658
      vertex 40.0096 9.54737 27.4658
      vertex 39.969 9.65735 27.3141
    endloop
  endfacet
  facet normal -0.965923 0 0.258831
    outer loop
      vertex 40.0546 9.46634 27.6337
      vertex 40.0546 -9.46634 27.6337
      vertex 41.4979 5.27043 33.0199
    endloop
  endfacet
  facet normal -0.965928 0 0.25881
    outer loop
      vertex 39.969 -9.65735 27.3141
      vertex 39.969 9.65735 27.3141
      vertex 39.9339 9.79293 27.1831
    endloop
  endfacet
  facet normal -0.965826 0 0.259191
    outer loop
      vertex 39.9339 -9.79293 27.1831
      vertex 39.9339 9.79293 27.1831
      vertex 39.9054 9.95 27.0769
    endloop
  endfacet
  facet normal -0.966173 0 0.257893
    outer loop
      vertex 39.8845 10.1238 26.9986
      vertex 39.8845 -10.1238 26.9986
      vertex 39.9054 9.95 27.0769
    endloop
  endfacet
  facet normal -0.965969 0.000219532 0.258659
    outer loop
      vertex 40.2014 -9.41671 28.1816
      vertex 41.4979 -5.27043 33.0199
      vertex 40.152 -9.4 27.9971
    endloop
  endfacet
  facet normal -0.965923 0 0.258831
    outer loop
      vertex 41.4979 5.27043 33.0199
      vertex 40.0546 -9.46634 27.6337
      vertex 41.4979 -5.27043 33.0199
    endloop
  endfacet
  facet normal -0.96598 0.00027389 0.258617
    outer loop
      vertex 41.4979 -5.27043 33.0199
      vertex 40.1026 -9.41671 27.8126
      vertex 40.152 -9.4 27.9971
    endloop
  endfacet
  facet normal -0.965793 -0.000661864 0.259312
    outer loop
      vertex 41.4979 -5.27043 33.0199
      vertex 40.0546 -9.46634 27.6337
      vertex 40.1026 -9.41671 27.8126
    endloop
  endfacet
  facet normal -0.96591 0 0.25888
    outer loop
      vertex 40.0096 9.54737 27.4658
      vertex 40.0096 -9.54737 27.4658
      vertex 40.0546 -9.46634 27.6337
    endloop
  endfacet
  facet normal -0.966002 0 0.258534
    outer loop
      vertex 39.969 9.65735 27.3141
      vertex 39.969 -9.65735 27.3141
      vertex 40.0096 -9.54737 27.4658
    endloop
  endfacet
  facet normal -0.965928 0 0.25881
    outer loop
      vertex 39.9339 9.79293 27.1831
      vertex 39.9339 -9.79293 27.1831
      vertex 39.969 -9.65735 27.3141
    endloop
  endfacet
  facet normal -0.965826 0 0.259191
    outer loop
      vertex 39.9054 9.95 27.0769
      vertex 39.9054 -9.95 27.0769
      vertex 39.9339 -9.79293 27.1831
    endloop
  endfacet
  facet normal -0.966173 0 0.257893
    outer loop
      vertex 39.9054 9.95 27.0769
      vertex 39.8845 -10.1238 26.9986
      vertex 39.9054 -9.95 27.0769
    endloop
  endfacet
  facet normal -0.965916 0 0.258854
    outer loop
      vertex 39.3221 -14 24.9
      vertex 39.8845 -10.1238 26.9986
      vertex 39.3221 14 24.9
    endloop
  endfacet
  facet normal -0.966208 0.000632966 0.257763
    outer loop
      vertex 39.8845 -10.1238 26.9986
      vertex 39.3221 -14 24.9
      vertex 39.8716 -10.309 26.9507
    endloop
  endfacet
  facet normal -0.965925 2.71835e-06 0.258822
    outer loop
      vertex 45.2637 -14 47.0741
      vertex 43.3378 -11.5833 39.8866
      vertex 39.3221 -14 24.9
    endloop
  endfacet
  facet normal -0.965968 0.00023403 0.25866
    outer loop
      vertex 40.1026 -11.5833 27.8126
      vertex 39.3221 -14 24.9
      vertex 40.152 -11.6 27.9971
    endloop
  endfacet
  facet normal -0.96586 -0.000290271 0.259066
    outer loop
      vertex 40.0546 -11.5337 27.6337
      vertex 39.3221 -14 24.9
      vertex 40.1026 -11.5833 27.8126
    endloop
  endfacet
  facet normal -0.965915 -4.51969e-05 0.258859
    outer loop
      vertex 40.0096 -11.4526 27.4658
      vertex 39.3221 -14 24.9
      vertex 40.0546 -11.5337 27.6337
    endloop
  endfacet
  facet normal -0.96597 0.000176631 0.258654
    outer loop
      vertex 39.969 -11.3426 27.3141
      vertex 39.3221 -14 24.9
      vertex 40.0096 -11.4526 27.4658
    endloop
  endfacet
  facet normal -0.965925 1.28603e-05 0.258822
    outer loop
      vertex 39.9339 -11.2071 27.1831
      vertex 39.3221 -14 24.9
      vertex 39.969 -11.3426 27.3141
    endloop
  endfacet
  facet normal -0.965878 -0.000140309 0.258997
    outer loop
      vertex 39.9054 -11.05 27.0769
      vertex 39.3221 -14 24.9
      vertex 39.9339 -11.2071 27.1831
    endloop
  endfacet
  facet normal -0.96602 0.000277727 0.258468
    outer loop
      vertex 39.8845 -10.8762 26.9986
      vertex 39.3221 -14 24.9
      vertex 39.9054 -11.05 27.0769
    endloop
  endfacet
  facet normal -0.965828 -0.000238599 0.259186
    outer loop
      vertex 39.8716 -10.691 26.9507
      vertex 39.3221 -14 24.9
      vertex 39.8845 -10.8762 26.9986
    endloop
  endfacet
  facet normal -0.965949 6.28251e-05 0.258732
    outer loop
      vertex 39.8673 -10.5 26.9346
      vertex 39.3221 -14 24.9
      vertex 39.8716 -10.691 26.9507
    endloop
  endfacet
  facet normal -0.965886 -8.41295e-05 0.258968
    outer loop
      vertex 39.8716 -10.309 26.9507
      vertex 39.3221 -14 24.9
      vertex 39.8673 -10.5 26.9346
    endloop
  endfacet
  facet normal -0.965925 1.22306e-05 0.258822
    outer loop
      vertex 39.3221 14 24.9
      vertex 43.3872 11.6 40.0711
      vertex 45.2637 14 47.0741
    endloop
  endfacet
  facet normal -0.965887 -0.000425343 0.258962
    outer loop
      vertex 43.4367 11.5833 40.2557
      vertex 45.2637 14 47.0741
      vertex 43.3872 11.6 40.0711
    endloop
  endfacet
  facet normal -0.965953 0.000312072 0.258718
    outer loop
      vertex 43.4846 11.5337 40.4346
      vertex 45.2637 14 47.0741
      vertex 43.4367 11.5833 40.2557
    endloop
  endfacet
  facet normal -0.965901 -0.00024801 0.258912
    outer loop
      vertex 43.5296 11.4526 40.6024
      vertex 45.2637 14 47.0741
      vertex 43.4846 11.5337 40.4346
    endloop
  endfacet
  facet normal -0.965952 0.000274352 0.25872
    outer loop
      vertex 43.5702 11.3426 40.7541
      vertex 45.2637 14 47.0741
      vertex 43.5296 11.4526 40.6024
    endloop
  endfacet
  facet normal -0.965925 1.32321e-05 0.258823
    outer loop
      vertex 43.6053 11.2071 40.8851
      vertex 45.2637 14 47.0741
      vertex 43.5702 11.3426 40.7541
    endloop
  endfacet
  facet normal -0.965901 -0.00020128 0.258913
    outer loop
      vertex 43.6338 11.05 40.9913
      vertex 45.2637 14 47.0741
      vertex 43.6053 11.2071 40.8851
    endloop
  endfacet
  facet normal -0.965914 -8.82027e-05 0.258862
    outer loop
      vertex 43.6548 10.8762 41.0696
      vertex 45.2637 14 47.0741
      vertex 43.6338 11.05 40.9913
    endloop
  endfacet
  facet normal -0.965947 0.000159791 0.258741
    outer loop
      vertex 43.6676 10.691 41.1175
      vertex 45.2637 14 47.0741
      vertex 43.6548 10.8762 41.0696
    endloop
  endfacet
  facet normal -0.965952 0.000197388 0.258722
    outer loop
      vertex 43.6719 10.5 41.1337
      vertex 45.2637 14 47.0741
      vertex 43.6676 10.691 41.1175
    endloop
  endfacet
  facet normal -0.965891 -0.00021814 0.25895
    outer loop
      vertex 43.6676 10.309 41.1175
      vertex 45.2637 14 47.0741
      vertex 43.6719 10.5 41.1337
    endloop
  endfacet
  facet normal -0.965891 -0.000217616 0.25895
    outer loop
      vertex 43.6548 10.1238 41.0696
      vertex 45.2637 14 47.0741
      vertex 43.6676 10.309 41.1175
    endloop
  endfacet
  facet normal -0.965951 0.000153531 0.258726
    outer loop
      vertex 43.6338 9.95 40.9913
      vertex 45.2637 14 47.0741
      vertex 43.6548 10.1238 41.0696
    endloop
  endfacet
  facet normal -0.966006 0.000486244 0.25852
    outer loop
      vertex 43.6053 9.79293 40.8851
      vertex 45.2637 14 47.0741
      vertex 43.6338 9.95 40.9913
    endloop
  endfacet
  facet normal -0.965928 0 0.25881
    outer loop
      vertex 43.6053 -9.79293 40.8851
      vertex 43.6053 9.79293 40.8851
      vertex 43.5702 9.65735 40.7541
    endloop
  endfacet
  facet normal -0.966002 0 0.258534
    outer loop
      vertex 43.5702 -9.65735 40.7541
      vertex 43.5702 9.65735 40.7541
      vertex 43.5296 9.54737 40.6024
    endloop
  endfacet
  facet normal -0.965969 0.000198462 0.258657
    outer loop
      vertex 43.3378 9.41671 39.8866
      vertex 42.0414 5.27043 35.0483
      vertex 43.3872 9.4 40.0711
    endloop
  endfacet
  facet normal -0.965872 -0.000276099 0.259021
    outer loop
      vertex 43.3872 9.4 40.0711
      vertex 42.0414 5.27043 35.0483
      vertex 43.4367 9.41671 40.2557
    endloop
  endfacet
  facet normal -0.966 0.000369171 0.258542
    outer loop
      vertex 43.4367 9.41671 40.2557
      vertex 42.0414 5.27043 35.0483
      vertex 43.4846 9.46634 40.4346
    endloop
  endfacet
  facet normal -0.965928 0 0.25881
    outer loop
      vertex 43.4846 -9.46634 40.4346
      vertex 43.4846 9.46634 40.4346
      vertex 42.0414 5.27043 35.0483
    endloop
  endfacet
  facet normal -0.965871 0 0.259024
    outer loop
      vertex 43.4846 9.46634 40.4346
      vertex 43.4846 -9.46634 40.4346
      vertex 43.5296 9.54737 40.6024
    endloop
  endfacet
  facet normal -0.965928 -3.98633e-18 0.25881
    outer loop
      vertex 43.4846 -9.46634 40.4346
      vertex 42.0414 5.27043 35.0483
      vertex 42.0414 -5.27043 35.0483
    endloop
  endfacet
  facet normal -0.96586 -0.00028974 0.259066
    outer loop
      vertex 40.2494 -9.46634 28.3605
      vertex 41.4979 -5.27043 33.0199
      vertex 40.2014 -9.41671 28.1816
    endloop
  endfacet
  facet normal -0.965872 0.000276099 0.259021
    outer loop
      vertex 43.4367 -9.41671 40.2557
      vertex 42.0414 -5.27043 35.0483
      vertex 43.3872 -9.4 40.0711
    endloop
  endfacet
  facet normal -0.966 -0.000369171 0.258542
    outer loop
      vertex 43.4846 -9.46634 40.4346
      vertex 42.0414 -5.27043 35.0483
      vertex 43.4367 -9.41671 40.2557
    endloop
  endfacet
  facet normal -0.965871 0 0.259024
    outer loop
      vertex 43.5296 9.54737 40.6024
      vertex 43.4846 -9.46634 40.4346
      vertex 43.5296 -9.54737 40.6024
    endloop
  endfacet
  facet normal -0.966002 8.38479e-20 0.258534
    outer loop
      vertex 43.5702 -9.65735 40.7541
      vertex 43.5296 9.54737 40.6024
      vertex 43.5296 -9.54737 40.6024
    endloop
  endfacet
  facet normal -0.965928 0 0.25881
    outer loop
      vertex 43.5702 9.65735 40.7541
      vertex 43.5702 -9.65735 40.7541
      vertex 43.6053 -9.79293 40.8851
    endloop
  endfacet
  facet normal -0.965923 0 0.258828
    outer loop
      vertex 43.6053 9.79293 40.8851
      vertex 43.6053 -9.79293 40.8851
      vertex 45.2637 14 47.0741
    endloop
  endfacet
  facet normal -0.966006 -0.000486244 0.25852
    outer loop
      vertex 45.2637 -14 47.0741
      vertex 43.6053 -9.79293 40.8851
      vertex 43.6338 -9.95 40.9913
    endloop
  endfacet
  facet normal -0.965951 -0.000153531 0.258726
    outer loop
      vertex 45.2637 -14 47.0741
      vertex 43.6338 -9.95 40.9913
      vertex 43.6548 -10.1238 41.0696
    endloop
  endfacet
  facet normal -0.965891 0.000217616 0.25895
    outer loop
      vertex 45.2637 -14 47.0741
      vertex 43.6548 -10.1238 41.0696
      vertex 43.6676 -10.309 41.1175
    endloop
  endfacet
  facet normal -0.965891 0.00021814 0.25895
    outer loop
      vertex 45.2637 -14 47.0741
      vertex 43.6676 -10.309 41.1175
      vertex 43.6719 -10.5 41.1337
    endloop
  endfacet
  facet normal -0.965952 -0.000197388 0.258722
    outer loop
      vertex 45.2637 -14 47.0741
      vertex 43.6719 -10.5 41.1337
      vertex 43.6676 -10.691 41.1175
    endloop
  endfacet
  facet normal -0.965991 -0.000788713 0.258573
    outer loop
      vertex 43.3378 -11.5833 39.8866
      vertex 45.2637 -14 47.0741
      vertex 43.3872 -11.6 40.0711
    endloop
  endfacet
  facet normal -0.965923 -9.00342e-19 0.258828
    outer loop
      vertex 43.6053 -9.79293 40.8851
      vertex 45.2637 -14 47.0741
      vertex 45.2637 14 47.0741
    endloop
  endfacet
  facet normal -0.965947 -0.000159791 0.258741
    outer loop
      vertex 43.6548 -10.8762 41.0696
      vertex 45.2637 -14 47.0741
      vertex 43.6676 -10.691 41.1175
    endloop
  endfacet
  facet normal -0.965914 8.82027e-05 0.258862
    outer loop
      vertex 43.6338 -11.05 40.9913
      vertex 45.2637 -14 47.0741
      vertex 43.6548 -10.8762 41.0696
    endloop
  endfacet
  facet normal -0.965901 0.00020128 0.258913
    outer loop
      vertex 43.6053 -11.2071 40.8851
      vertex 45.2637 -14 47.0741
      vertex 43.6338 -11.05 40.9913
    endloop
  endfacet
  facet normal -0.965925 -1.32321e-05 0.258823
    outer loop
      vertex 43.5702 -11.3426 40.7541
      vertex 45.2637 -14 47.0741
      vertex 43.6053 -11.2071 40.8851
    endloop
  endfacet
  facet normal -0.965952 -0.000274352 0.25872
    outer loop
      vertex 43.5296 -11.4526 40.6024
      vertex 45.2637 -14 47.0741
      vertex 43.5702 -11.3426 40.7541
    endloop
  endfacet
  facet normal -0.965901 0.00024801 0.258912
    outer loop
      vertex 43.4846 -11.5337 40.4346
      vertex 45.2637 -14 47.0741
      vertex 43.5296 -11.4526 40.6024
    endloop
  endfacet
  facet normal -0.965953 -0.000312072 0.258718
    outer loop
      vertex 43.4367 -11.5833 40.2557
      vertex 45.2637 -14 47.0741
      vertex 43.4846 -11.5337 40.4346
    endloop
  endfacet
  facet normal -0.965887 0.000425343 0.258962
    outer loop
      vertex 43.3872 -11.6 40.0711
      vertex 45.2637 -14 47.0741
      vertex 43.4367 -11.5833 40.2557
    endloop
  endfacet
  facet normal 0.965926 0 -0.25882
    outer loop
      vertex 48.6444 -12.5 46.1682
      vertex 48.6444 -14 46.1682
      vertex 42.0445 -12.5 21.5371
    endloop
  endfacet
  facet normal 0.965926 -1.43665e-16 -0.25882
    outer loop
      vertex 42.0445 12.5 21.5371
      vertex 48.6444 14 46.1682
      vertex 48.6444 12.5 46.1682
    endloop
  endfacet
  facet normal 0.965926 -1.98047e-05 -0.258819
    outer loop
      vertex 48.6444 14 46.1682
      vertex 42.0445 12.5 21.5371
      vertex 41.6563 14 20.0882
    endloop
  endfacet
  facet normal 0.965931 0 -0.258799
    outer loop
      vertex 42.0445 -12.5 21.5371
      vertex 41.6563 14 20.0882
      vertex 42.0445 12.5 21.5371
    endloop
  endfacet
  facet normal 0.965931 -4.77822e-20 -0.258799
    outer loop
      vertex 42.0445 -12.5 21.5371
      vertex 41.6563 -14 20.0882
      vertex 41.6563 14 20.0882
    endloop
  endfacet
  facet normal 0.965926 1.98047e-05 -0.258819
    outer loop
      vertex 41.6563 -14 20.0882
      vertex 42.0445 -12.5 21.5371
      vertex 48.6444 -14 46.1682
    endloop
  endfacet
  facet normal 0 -1 0
    outer loop
      vertex 40.5 12.5 23.5003
      vertex 48.6444 12.5 46.1682
      vertex 46.7126 12.5 46.6859
    endloop
  endfacet
  facet normal 0 -1 0
    outer loop
      vertex 42.0445 12.5 21.5371
      vertex 40.5 12.5 23.5003
      vertex 40.5 12.5 21.951
    endloop
  endfacet
  facet normal 0 -1 0
    outer loop
      vertex 40.5 12.5 23.5003
      vertex 42.0445 12.5 21.5371
      vertex 48.6444 12.5 46.1682
    endloop
  endfacet
  facet normal 0.965984 0.000254169 -0.258601
    outer loop
      vertex 44.6938 -9.54737 39.1517
      vertex 43.4903 -5.5 34.6601
      vertex 44.7387 -9.46634 39.3195
    endloop
  endfacet
  facet normal 0.966 -0.000364615 -0.25854
    outer loop
      vertex 42.9467 -5.5 32.6317
      vertex 41.6503 -9.41671 27.7934
      vertex 41.6009 -9.4 27.6088
    endloop
  endfacet
  facet normal 0.965904 -0.000101804 -0.258901
    outer loop
      vertex 44.6531 -9.65735 38.9999
      vertex 43.4903 -5.5 34.6601
      vertex 44.6938 -9.54737 39.1517
    endloop
  endfacet
  facet normal 0.965835 0.000454021 -0.259158
    outer loop
      vertex 42.9467 -5.5 32.6317
      vertex 41.6983 -9.46634 27.9722
      vertex 41.6503 -9.41671 27.7934
    endloop
  endfacet
  facet normal 0.965905 -9.93206e-05 -0.258898
    outer loop
      vertex 44.618 -9.79293 38.869
      vertex 43.4903 -5.5 34.6601
      vertex 44.6531 -9.65735 38.9999
    endloop
  endfacet
  facet normal 0.966009 -0.000365488 -0.258508
    outer loop
      vertex 42.9467 -5.5 32.6317
      vertex 41.7432 -9.54737 28.1401
      vertex 41.6983 -9.46634 27.9722
    endloop
  endfacet
  facet normal 0.96598 0.000198021 -0.258615
    outer loop
      vertex 44.5896 -9.95 38.7628
      vertex 43.4903 -5.5 34.6601
      vertex 44.618 -9.79293 38.869
    endloop
  endfacet
  facet normal 0.96588 0.000206754 -0.258989
    outer loop
      vertex 42.9467 -5.5 32.6317
      vertex 41.7839 -9.65735 28.2918
      vertex 41.7432 -9.54737 28.1401
    endloop
  endfacet
  facet normal 0.965907 -7.41707e-05 -0.258891
    outer loop
      vertex 44.5686 -10.1238 38.6845
      vertex 43.4903 -5.5 34.6601
      vertex 44.5896 -9.95 38.7628
    endloop
  endfacet
  facet normal 0.965929 3.14583e-06 -0.258807
    outer loop
      vertex 42.9467 -5.5 32.6317
      vertex 41.819 -9.79293 28.4228
      vertex 41.7839 -9.65735 28.2918
    endloop
  endfacet
  facet normal 0.965883 -0.000156137 -0.258979
    outer loop
      vertex 44.5557 -10.309 38.6365
      vertex 43.4903 -5.5 34.6601
      vertex 44.5686 -10.1238 38.6845
    endloop
  endfacet
  facet normal 0.96598 -0.000198021 -0.258615
    outer loop
      vertex 42.9467 -5.5 32.6317
      vertex 41.8474 -9.95 28.529
      vertex 41.819 -9.79293 28.4228
    endloop
  endfacet
  facet normal 0.965949 6.28102e-05 -0.258732
    outer loop
      vertex 44.5514 -10.5 38.6204
      vertex 43.4903 -5.5 34.6601
      vertex 44.5557 -10.309 38.6365
    endloop
  endfacet
  facet normal 0.965907 7.41707e-05 -0.258891
    outer loop
      vertex 42.9467 -5.5 32.6317
      vertex 41.8684 -10.1238 28.6073
      vertex 41.8474 -9.95 28.529
    endloop
  endfacet
  facet normal 0.965915 -4.60805e-05 -0.25886
    outer loop
      vertex 43.4903 -5.5 34.6601
      vertex 44.5514 -10.5 38.6204
      vertex 42.9467 -5.5 32.6317
    endloop
  endfacet
  facet normal 0.965852 0.000263931 -0.259094
    outer loop
      vertex 42.9467 -5.5 32.6317
      vertex 41.8813 -10.309 28.6552
      vertex 41.8684 -10.1238 28.6073
    endloop
  endfacet
  facet normal 0.965926 9.39499e-06 -0.258817
    outer loop
      vertex 41.8856 -10.5 28.6714
      vertex 42.9467 -5.5 32.6317
      vertex 44.5514 -10.5 38.6204
    endloop
  endfacet
  facet normal 0.965988 -0.000185177 -0.258587
    outer loop
      vertex 42.9467 -5.5 32.6317
      vertex 41.8856 -10.5 28.6714
      vertex 41.8813 -10.309 28.6552
    endloop
  endfacet
  facet normal 0.965926 -7.04929e-05 -0.258817
    outer loop
      vertex 44.5557 -10.691 38.6365
      vertex 41.8856 -10.5 28.6714
      vertex 44.5514 -10.5 38.6204
    endloop
  endfacet
  facet normal 0.965928 0.00020555 -0.258812
    outer loop
      vertex 44.5557 -10.691 38.6365
      vertex 41.8813 -10.691 28.6552
      vertex 41.8856 -10.5 28.6714
    endloop
  endfacet
  facet normal 0.965928 0.000202519 -0.258812
    outer loop
      vertex 44.5686 -10.8762 38.6845
      vertex 41.8813 -10.691 28.6552
      vertex 44.5557 -10.691 38.6365
    endloop
  endfacet
  facet normal 0.965925 -0.000339676 -0.258821
    outer loop
      vertex 44.5686 -10.8762 38.6845
      vertex 41.8684 -10.8762 28.6073
      vertex 41.8813 -10.691 28.6552
    endloop
  endfacet
  facet normal 0.965925 0.000107842 -0.258821
    outer loop
      vertex 44.5896 -11.05 38.7628
      vertex 41.8684 -10.8762 28.6073
      vertex 44.5686 -10.8762 38.6845
    endloop
  endfacet
  facet normal 0.965924 -0.000106192 -0.258824
    outer loop
      vertex 44.5896 -11.05 38.7628
      vertex 41.8474 -11.05 28.529
      vertex 41.8684 -10.8762 28.6073
    endloop
  endfacet
  facet normal 0.965924 -0.000349497 -0.258824
    outer loop
      vertex 44.618 -11.2071 38.869
      vertex 41.8474 -11.05 28.529
      vertex 44.5896 -11.05 38.7628
    endloop
  endfacet
  facet normal 0.965927 0.000342392 -0.258815
    outer loop
      vertex 44.618 -11.2071 38.869
      vertex 41.819 -11.2071 28.4228
      vertex 41.8474 -11.05 28.529
    endloop
  endfacet
  facet normal 0.965927 0.000185971 -0.258815
    outer loop
      vertex 44.6531 -11.3426 38.9999
      vertex 41.819 -11.2071 28.4228
      vertex 44.618 -11.2071 38.869
    endloop
  endfacet
  facet normal 0.965926 7.2497e-06 -0.258817
    outer loop
      vertex 44.6531 -11.3426 38.9999
      vertex 41.7839 -11.3426 28.2918
      vertex 41.819 -11.2071 28.4228
    endloop
  endfacet
  facet normal 0.965926 0.000225603 -0.258817
    outer loop
      vertex 44.6938 -11.4526 39.1517
      vertex 41.7839 -11.3426 28.2918
      vertex 44.6531 -11.3426 38.9999
    endloop
  endfacet
  facet normal 0.965925 -0.000451433 -0.258823
    outer loop
      vertex 44.6938 -11.4526 39.1517
      vertex 41.7432 -11.4526 28.1401
      vertex 41.7839 -11.3426 28.2918
    endloop
  endfacet
  facet normal 0.965924 -0.00074614 -0.258823
    outer loop
      vertex 44.7387 -11.5337 39.3195
      vertex 41.7432 -11.4526 28.1401
      vertex 44.6938 -11.4526 39.1517
    endloop
  endfacet
  facet normal 0.965927 0.00103848 -0.258811
    outer loop
      vertex 44.7387 -11.5337 39.3195
      vertex 41.6983 -11.5337 27.9722
      vertex 41.7432 -11.4526 28.1401
    endloop
  endfacet
  facet normal 0.965927 0.00127487 -0.258811
    outer loop
      vertex 44.7867 -11.5833 39.4984
      vertex 41.6983 -11.5337 27.9722
      vertex 44.7387 -11.5337 39.3195
    endloop
  endfacet
  facet normal 0.965923 -0.00174974 -0.258823
    outer loop
      vertex 44.7867 -11.5833 39.4984
      vertex 41.6503 -11.5833 27.7934
      vertex 41.6983 -11.5337 27.9722
    endloop
  endfacet
  facet normal 0.965943 -0.00130625 -0.25875
    outer loop
      vertex 40.5 -12.5 23.5003
      vertex 44.7867 -11.5833 39.4984
      vertex 44.8361 -11.6 39.6829
    endloop
  endfacet
  facet normal 0.965925 5.55737e-05 -0.258823
    outer loop
      vertex 44.7867 -11.5833 39.4984
      vertex 40.5 -12.5 23.5003
      vertex 41.6503 -11.5833 27.7934
    endloop
  endfacet
  facet normal 0.965925 -5.55737e-05 -0.258823
    outer loop
      vertex 41.6503 11.5833 27.7934
      vertex 40.5 12.5 23.5003
      vertex 44.7867 11.5833 39.4984
    endloop
  endfacet
  facet normal 0.966065 0.00263724 -0.258286
    outer loop
      vertex 40.5 12.5 23.5003
      vertex 41.6503 11.5833 27.7934
      vertex 41.6009 11.6 27.6088
    endloop
  endfacet
  facet normal 0.965924 -0.00122792 -0.258823
    outer loop
      vertex 44.7387 11.5337 39.3195
      vertex 41.6503 11.5833 27.7934
      vertex 44.7867 11.5833 39.4984
    endloop
  endfacet
  facet normal 0.965926 0.00179666 -0.258811
    outer loop
      vertex 44.7387 11.5337 39.3195
      vertex 41.6983 11.5337 27.9722
      vertex 41.6503 11.5833 27.7934
    endloop
  endfacet
  facet normal 0.965928 0.000719356 -0.258811
    outer loop
      vertex 44.6938 11.4526 39.1517
      vertex 41.6983 11.5337 27.9722
      vertex 44.7387 11.5337 39.3195
    endloop
  endfacet
  facet normal 0.965924 -0.00106528 -0.258823
    outer loop
      vertex 44.6938 11.4526 39.1517
      vertex 41.7432 11.4526 28.1401
      vertex 41.6983 11.5337 27.9722
    endloop
  endfacet
  facet normal 0.965925 -0.000216139 -0.258823
    outer loop
      vertex 44.6531 11.3426 38.9999
      vertex 41.7432 11.4526 28.1401
      vertex 44.6938 11.4526 39.1517
    endloop
  endfacet
  facet normal 0.965926 0.000460891 -0.258817
    outer loop
      vertex 44.6531 11.3426 38.9999
      vertex 41.7839 11.3426 28.2918
      vertex 41.7432 11.4526 28.1401
    endloop
  endfacet
  facet normal 0.965926 -0.000183759 -0.258817
    outer loop
      vertex 44.618 11.2071 38.869
      vertex 41.7839 11.3426 28.2918
      vertex 44.6531 11.3426 38.9999
    endloop
  endfacet
  facet normal 0.965927 -5.0362e-06 -0.258815
    outer loop
      vertex 44.618 11.2071 38.869
      vertex 41.819 11.2071 28.4228
      vertex 41.7839 11.3426 28.2918
    endloop
  endfacet
  facet normal 0.965927 0.000342392 -0.258815
    outer loop
      vertex 44.5896 11.05 38.7628
      vertex 41.819 11.2071 28.4228
      vertex 44.618 11.2071 38.869
    endloop
  endfacet
  facet normal 0.965924 -0.000349497 -0.258824
    outer loop
      vertex 44.5896 11.05 38.7628
      vertex 41.8474 11.05 28.529
      vertex 41.819 11.2071 28.4228
    endloop
  endfacet
  facet normal 0.965924 -0.000106192 -0.258824
    outer loop
      vertex 44.5686 10.8762 38.6845
      vertex 41.8474 11.05 28.529
      vertex 44.5896 11.05 38.7628
    endloop
  endfacet
  facet normal 0.965925 0.000107842 -0.258821
    outer loop
      vertex 44.5686 10.8762 38.6845
      vertex 41.8684 10.8762 28.6073
      vertex 41.8474 11.05 28.529
    endloop
  endfacet
  facet normal 0.965925 -0.000199924 -0.258821
    outer loop
      vertex 44.5557 10.691 38.6365
      vertex 41.8684 10.8762 28.6073
      vertex 44.5686 10.8762 38.6845
    endloop
  endfacet
  facet normal 0.965928 0.000342267 -0.258812
    outer loop
      vertex 44.5557 10.691 38.6365
      vertex 41.8813 10.691 28.6552
      vertex 41.8684 10.8762 28.6073
    endloop
  endfacet
  facet normal 0.965928 7.0047e-05 -0.258812
    outer loop
      vertex 44.5514 10.5 38.6204
      vertex 41.8813 10.691 28.6552
      vertex 44.5557 10.691 38.6365
    endloop
  endfacet
  facet normal 0.965926 -0.000205999 -0.258817
    outer loop
      vertex 44.5514 10.5 38.6204
      vertex 41.8856 10.5 28.6714
      vertex 41.8813 10.691 28.6552
    endloop
  endfacet
  facet normal 0.965949 -6.28102e-05 -0.258732
    outer loop
      vertex 43.4903 5.5 34.6601
      vertex 44.5514 10.5 38.6204
      vertex 44.5557 10.309 38.6365
    endloop
  endfacet
  facet normal 0.965926 9.39499e-06 -0.258817
    outer loop
      vertex 44.5514 10.5 38.6204
      vertex 43.4903 5.5 34.6601
      vertex 41.8856 10.5 28.6714
    endloop
  endfacet
  facet normal 0.965883 0.000156137 -0.258979
    outer loop
      vertex 43.4903 5.5 34.6601
      vertex 44.5557 10.309 38.6365
      vertex 44.5686 10.1238 38.6845
    endloop
  endfacet
  facet normal 0.965915 -4.60805e-05 -0.25886
    outer loop
      vertex 42.9467 5.5 32.6317
      vertex 41.8856 10.5 28.6714
      vertex 43.4903 5.5 34.6601
    endloop
  endfacet
  facet normal 0.965907 7.41707e-05 -0.258891
    outer loop
      vertex 43.4903 5.5 34.6601
      vertex 44.5686 10.1238 38.6845
      vertex 44.5896 9.95 38.7628
    endloop
  endfacet
  facet normal 0.965988 0.000185177 -0.258587
    outer loop
      vertex 41.8856 10.5 28.6714
      vertex 42.9467 5.5 32.6317
      vertex 41.8813 10.309 28.6552
    endloop
  endfacet
  facet normal 0.96598 -0.000198021 -0.258615
    outer loop
      vertex 43.4903 5.5 34.6601
      vertex 44.5896 9.95 38.7628
      vertex 44.618 9.79293 38.869
    endloop
  endfacet
  facet normal 0.965852 -0.000263931 -0.259094
    outer loop
      vertex 41.8813 10.309 28.6552
      vertex 42.9467 5.5 32.6317
      vertex 41.8684 10.1238 28.6073
    endloop
  endfacet
  facet normal 0.965905 9.93206e-05 -0.258898
    outer loop
      vertex 43.4903 5.5 34.6601
      vertex 44.618 9.79293 38.869
      vertex 44.6531 9.65735 38.9999
    endloop
  endfacet
  facet normal 0.965907 -7.41707e-05 -0.258891
    outer loop
      vertex 41.8684 10.1238 28.6073
      vertex 42.9467 5.5 32.6317
      vertex 41.8474 9.95 28.529
    endloop
  endfacet
  facet normal 0.965904 0.000101804 -0.258901
    outer loop
      vertex 43.4903 5.5 34.6601
      vertex 44.6531 9.65735 38.9999
      vertex 44.6938 9.54737 39.1517
    endloop
  endfacet
  facet normal 0.96598 0.000198021 -0.258615
    outer loop
      vertex 41.8474 9.95 28.529
      vertex 42.9467 5.5 32.6317
      vertex 41.819 9.79293 28.4228
    endloop
  endfacet
  facet normal 0.965984 -0.000254169 -0.258601
    outer loop
      vertex 43.4903 5.5 34.6601
      vertex 44.6938 9.54737 39.1517
      vertex 44.7387 9.46634 39.3195
    endloop
  endfacet
  facet normal 0.965929 -2.95241e-06 -0.258807
    outer loop
      vertex 41.6656 7.5 27.8503
      vertex 41.819 9.79293 28.4228
      vertex 42.9467 5.5 32.6317
    endloop
  endfacet
  facet normal 0.965862 0.000320755 -0.259058
    outer loop
      vertex 43.4903 5.5 34.6601
      vertex 44.7387 9.46634 39.3195
      vertex 44.7867 9.41671 39.4984
    endloop
  endfacet
  facet normal 0.965929 -2.81859e-06 -0.258807
    outer loop
      vertex 41.819 9.79293 28.4228
      vertex 41.6656 7.5 27.8503
      vertex 41.7839 9.65735 28.2918
    endloop
  endfacet
  facet normal 0.965969 -0.000208924 -0.258658
    outer loop
      vertex 43.4903 5.5 34.6601
      vertex 44.7867 9.41671 39.4984
      vertex 44.8361 9.4 39.6829
    endloop
  endfacet
  facet normal 0.965828 7.94941e-05 -0.259182
    outer loop
      vertex 41.7839 9.65735 28.2918
      vertex 41.6656 7.5 27.8503
      vertex 41.7432 9.54737 28.1401
    endloop
  endfacet
  facet normal 0.965925 -4.35399e-05 -0.25882
    outer loop
      vertex 46.7126 12.5 46.6859
      vertex 44.8361 11.6 39.6829
      vertex 40.5 12.5 23.5003
    endloop
  endfacet
  facet normal 0.965875 0.00148209 -0.259003
    outer loop
      vertex 46.7126 12.5 46.6859
      vertex 44.8856 11.5833 39.8674
      vertex 44.8361 11.6 39.6829
    endloop
  endfacet
  facet normal 0.965942 -0.000469608 -0.258759
    outer loop
      vertex 46.7126 12.5 46.6859
      vertex 44.9335 11.5337 40.0463
      vertex 44.8856 11.5833 39.8674
    endloop
  endfacet
  facet normal 0.965921 9.80239e-05 -0.258836
    outer loop
      vertex 46.7126 12.5 46.6859
      vertex 44.9785 11.4526 40.2142
      vertex 44.9335 11.5337 40.0463
    endloop
  endfacet
  facet normal 0.965939 -0.000346041 -0.258769
    outer loop
      vertex 46.7126 12.5 46.6859
      vertex 45.0191 11.3426 40.3659
      vertex 44.9785 11.4526 40.2142
    endloop
  endfacet
  facet normal 0.965924 -1.58116e-05 -0.258825
    outer loop
      vertex 46.7126 12.5 46.6859
      vertex 45.0542 11.2071 40.4969
      vertex 45.0191 11.3426 40.3659
    endloop
  endfacet
  facet normal 0.965911 0.000230179 -0.258873
    outer loop
      vertex 46.7126 12.5 46.6859
      vertex 45.0827 11.05 40.6031
      vertex 45.0542 11.2071 40.4969
    endloop
  endfacet
  facet normal 0.965919 9.70518e-05 -0.258843
    outer loop
      vertex 46.7126 12.5 46.6859
      vertex 45.1037 10.8762 40.6814
      vertex 45.0827 11.05 40.6031
    endloop
  endfacet
  facet normal 0.965937 -0.000169439 -0.258776
    outer loop
      vertex 46.7126 12.5 46.6859
      vertex 45.1165 10.691 40.7293
      vertex 45.1037 10.8762 40.6814
    endloop
  endfacet
  facet normal 0.96593 -6.93961e-05 -0.258805
    outer loop
      vertex 46.7126 12.5 46.6859
      vertex 45.1208 10.5 40.7454
      vertex 45.1165 10.691 40.7293
    endloop
  endfacet
  facet normal 0.965918 7.34491e-05 -0.258849
    outer loop
      vertex 46.7126 12.5 46.6859
      vertex 45.1165 10.309 40.7293
      vertex 45.1208 10.5 40.7454
    endloop
  endfacet
  facet normal 0.965906 0.000201955 -0.258893
    outer loop
      vertex 46.7126 12.5 46.6859
      vertex 45.1037 10.1238 40.6814
      vertex 45.1165 10.309 40.7293
    endloop
  endfacet
  facet normal 0.965939 -0.000132501 -0.25877
    outer loop
      vertex 46.7126 12.5 46.6859
      vertex 45.0827 9.95 40.6031
      vertex 45.1037 10.1238 40.6814
    endloop
  endfacet
  facet normal 0.965964 -0.000373086 -0.258676
    outer loop
      vertex 46.7126 12.5 46.6859
      vertex 45.0542 9.79293 40.4969
      vertex 45.0827 9.95 40.6031
    endloop
  endfacet
  facet normal 0.96592 3.28966e-05 -0.258842
    outer loop
      vertex 46.7126 12.5 46.6859
      vertex 45.0191 9.65735 40.3659
      vertex 45.0542 9.79293 40.4969
    endloop
  endfacet
  facet normal 0.965923 0 -0.258828
    outer loop
      vertex 45.0191 -9.65735 40.3659
      vertex 45.0191 9.65735 40.3659
      vertex 46.7126 12.5 46.6859
    endloop
  endfacet
  facet normal 0.966002 0 -0.258534
    outer loop
      vertex 45.0191 9.65735 40.3659
      vertex 45.0191 -9.65735 40.3659
      vertex 44.9785 9.54737 40.2142
    endloop
  endfacet
  facet normal 0.965802 1.24103e-05 -0.259279
    outer loop
      vertex 41.6983 9.46634 27.9722
      vertex 41.6656 7.5 27.8503
      vertex 41.6503 9.41671 27.7934
    endloop
  endfacet
  facet normal 0.965831 0.00049916 -0.259171
    outer loop
      vertex 43.4903 5.5 34.6601
      vertex 44.8361 9.4 39.6829
      vertex 44.8856 9.41671 39.8674
    endloop
  endfacet
  facet normal 0.966059 -5.13388e-05 -0.25832
    outer loop
      vertex 41.7432 9.54737 28.1401
      vertex 41.6656 7.5 27.8503
      vertex 41.6983 9.46634 27.9722
    endloop
  endfacet
  facet normal 0.966003 -0.000413913 -0.25853
    outer loop
      vertex 44.9335 9.46634 40.0463
      vertex 43.4903 5.5 34.6601
      vertex 44.8856 9.41671 39.8674
    endloop
  endfacet
  facet normal 0.966002 0 -0.258534
    outer loop
      vertex 44.9785 -9.54737 40.2142
      vertex 44.9785 9.54737 40.2142
      vertex 45.0191 -9.65735 40.3659
    endloop
  endfacet
  facet normal 0.96591 0 -0.25888
    outer loop
      vertex 44.9335 -9.46634 40.0463
      vertex 44.9335 9.46634 40.0463
      vertex 44.9785 -9.54737 40.2142
    endloop
  endfacet
  facet normal 0.965862 -0.000320755 -0.259058
    outer loop
      vertex 44.7387 -9.46634 39.3195
      vertex 43.4903 -5.5 34.6601
      vertex 44.7867 -9.41671 39.4984
    endloop
  endfacet
  facet normal 0.965929 3.26444e-06 -0.258807
    outer loop
      vertex 42.9467 -5.5 32.6317
      vertex 41.6009 -9.4 27.6088
      vertex 41.6656 -7.5 27.8503
    endloop
  endfacet
  facet normal 0.965969 0.000208924 -0.258658
    outer loop
      vertex 44.7867 -9.41671 39.4984
      vertex 43.4903 -5.5 34.6601
      vertex 44.8361 -9.4 39.6829
    endloop
  endfacet
  facet normal 0.965927 0 -0.258814
    outer loop
      vertex 43.4903 5.5 34.6601
      vertex 44.9335 -9.46634 40.0463
      vertex 43.4903 -5.5 34.6601
    endloop
  endfacet
  facet normal 0.965831 -0.00049916 -0.259171
    outer loop
      vertex 43.4903 -5.5 34.6601
      vertex 44.8856 -9.41671 39.8674
      vertex 44.8361 -9.4 39.6829
    endloop
  endfacet
  facet normal 0.966003 0.000413913 -0.25853
    outer loop
      vertex 43.4903 -5.5 34.6601
      vertex 44.9335 -9.46634 40.0463
      vertex 44.8856 -9.41671 39.8674
    endloop
  endfacet
  facet normal 0.965927 0 -0.258814
    outer loop
      vertex 44.9335 9.46634 40.0463
      vertex 44.9335 -9.46634 40.0463
      vertex 43.4903 5.5 34.6601
    endloop
  endfacet
  facet normal 0.96591 0 -0.25888
    outer loop
      vertex 44.9785 9.54737 40.2142
      vertex 44.9785 -9.54737 40.2142
      vertex 44.9335 9.46634 40.0463
    endloop
  endfacet
  facet normal 0.965923 0 -0.258828
    outer loop
      vertex 46.7126 -12.5 46.6859
      vertex 45.0191 -9.65735 40.3659
      vertex 46.7126 12.5 46.6859
    endloop
  endfacet
  facet normal 0.96592 -3.28966e-05 -0.258842
    outer loop
      vertex 45.0191 -9.65735 40.3659
      vertex 46.7126 -12.5 46.6859
      vertex 45.0542 -9.79293 40.4969
    endloop
  endfacet
  facet normal 0.965964 0.000373086 -0.258676
    outer loop
      vertex 45.0542 -9.79293 40.4969
      vertex 46.7126 -12.5 46.6859
      vertex 45.0827 -9.95 40.6031
    endloop
  endfacet
  facet normal 0.965939 0.000132501 -0.25877
    outer loop
      vertex 45.0827 -9.95 40.6031
      vertex 46.7126 -12.5 46.6859
      vertex 45.1037 -10.1238 40.6814
    endloop
  endfacet
  facet normal 0.965906 -0.000201955 -0.258893
    outer loop
      vertex 45.1037 -10.1238 40.6814
      vertex 46.7126 -12.5 46.6859
      vertex 45.1165 -10.309 40.7293
    endloop
  endfacet
  facet normal 0.965918 -7.34491e-05 -0.258849
    outer loop
      vertex 45.1165 -10.309 40.7293
      vertex 46.7126 -12.5 46.6859
      vertex 45.1208 -10.5 40.7454
    endloop
  endfacet
  facet normal 0.965925 4.35399e-05 -0.25882
    outer loop
      vertex 40.5 -12.5 23.5003
      vertex 44.8361 -11.6 39.6829
      vertex 46.7126 -12.5 46.6859
    endloop
  endfacet
  facet normal 0.965875 -0.00148209 -0.259003
    outer loop
      vertex 44.8856 -11.5833 39.8674
      vertex 46.7126 -12.5 46.6859
      vertex 44.8361 -11.6 39.6829
    endloop
  endfacet
  facet normal 0.965942 0.000469608 -0.258759
    outer loop
      vertex 44.9335 -11.5337 40.0463
      vertex 46.7126 -12.5 46.6859
      vertex 44.8856 -11.5833 39.8674
    endloop
  endfacet
  facet normal 0.965921 -9.80239e-05 -0.258836
    outer loop
      vertex 44.9785 -11.4526 40.2142
      vertex 46.7126 -12.5 46.6859
      vertex 44.9335 -11.5337 40.0463
    endloop
  endfacet
  facet normal 0.965939 0.000346041 -0.258769
    outer loop
      vertex 45.0191 -11.3426 40.3659
      vertex 46.7126 -12.5 46.6859
      vertex 44.9785 -11.4526 40.2142
    endloop
  endfacet
  facet normal 0.965924 1.58116e-05 -0.258825
    outer loop
      vertex 45.0542 -11.2071 40.4969
      vertex 46.7126 -12.5 46.6859
      vertex 45.0191 -11.3426 40.3659
    endloop
  endfacet
  facet normal 0.965911 -0.000230179 -0.258873
    outer loop
      vertex 45.0827 -11.05 40.6031
      vertex 46.7126 -12.5 46.6859
      vertex 45.0542 -11.2071 40.4969
    endloop
  endfacet
  facet normal 0.965919 -9.70518e-05 -0.258843
    outer loop
      vertex 45.1037 -10.8762 40.6814
      vertex 46.7126 -12.5 46.6859
      vertex 45.0827 -11.05 40.6031
    endloop
  endfacet
  facet normal 0.965937 0.000169439 -0.258776
    outer loop
      vertex 45.1165 -10.691 40.7293
      vertex 46.7126 -12.5 46.6859
      vertex 45.1037 -10.8762 40.6814
    endloop
  endfacet
  facet normal 0.96593 6.93961e-05 -0.258805
    outer loop
      vertex 45.1208 -10.5 40.7454
      vertex 46.7126 -12.5 46.6859
      vertex 45.1165 -10.691 40.7293
    endloop
  endfacet
  facet normal 0.965943 0.00130625 -0.25875
    outer loop
      vertex 44.7867 11.5833 39.4984
      vertex 40.5 12.5 23.5003
      vertex 44.8361 11.6 39.6829
    endloop
  endfacet
  facet normal 0.965866 -0.00104834 -0.25904
    outer loop
      vertex 41.5514 11.5833 27.4243
      vertex 40.5 12.5 23.5003
      vertex 41.6009 11.6 27.6088
    endloop
  endfacet
  facet normal 0.965949 0.000365933 -0.258732
    outer loop
      vertex 41.5035 11.5337 27.2454
      vertex 40.5 12.5 23.5003
      vertex 41.5514 11.5833 27.4243
    endloop
  endfacet
  facet normal 0.965907 -0.000294827 -0.258891
    outer loop
      vertex 41.4585 11.4526 27.0776
      vertex 40.5 12.5 23.5003
      vertex 41.5035 11.5337 27.2454
    endloop
  endfacet
  facet normal 0.965949 0.0002904 -0.258731
    outer loop
      vertex 41.4179 11.3426 26.9259
      vertex 40.5 12.5 23.5003
      vertex 41.4585 11.4526 27.0776
    endloop
  endfacet
  facet normal 0.965926 9.94493e-06 -0.258819
    outer loop
      vertex 41.3828 11.2071 26.7949
      vertex 40.5 12.5 23.5003
      vertex 41.4179 11.3426 26.9259
    endloop
  endfacet
  facet normal 0.965904 -0.000210529 -0.2589
    outer loop
      vertex 41.3543 11.05 26.6887
      vertex 40.5 12.5 23.5003
      vertex 41.3828 11.2071 26.7949
    endloop
  endfacet
  facet normal 0.96597 0.000367665 -0.258655
    outer loop
      vertex 41.3334 10.8762 26.6104
      vertex 40.5 12.5 23.5003
      vertex 41.3543 11.05 26.6887
    endloop
  endfacet
  facet normal 0.965883 -0.000296116 -0.258978
    outer loop
      vertex 41.3205 10.691 26.5625
      vertex 40.5 12.5 23.5003
      vertex 41.3334 10.8762 26.6104
    endloop
  endfacet
  facet normal 0.965956 0.000196027 -0.258707
    outer loop
      vertex 41.3162 10.5 26.5463
      vertex 40.5 12.5 23.5003
      vertex 41.3205 10.691 26.5625
    endloop
  endfacet
  facet normal 0.965888 -0.000219132 -0.258961
    outer loop
      vertex 41.3205 10.309 26.5625
      vertex 40.5 12.5 23.5003
      vertex 41.3162 10.5 26.5463
    endloop
  endfacet
  facet normal 0.965864 0.000275896 -0.259051
    outer loop
      vertex 40.5 7.5 23.5003
      vertex 41.3205 10.309 26.5625
      vertex 41.3334 10.1238 26.6104
    endloop
  endfacet
  facet normal 0.965991 -0.000329081 -0.258575
    outer loop
      vertex 40.5 7.5 23.5003
      vertex 41.3334 10.1238 26.6104
      vertex 41.3543 9.95 26.6887
    endloop
  endfacet
  facet normal 0.965893 0.000181174 -0.258941
    outer loop
      vertex 40.5 7.5 23.5003
      vertex 41.3543 9.95 26.6887
      vertex 41.3828 9.79293 26.7949
    endloop
  endfacet
  facet normal 0.965926 -8.19748e-06 -0.258818
    outer loop
      vertex 40.5 7.5 23.5003
      vertex 41.3828 9.79293 26.7949
      vertex 41.4179 9.65735 26.9259
    endloop
  endfacet
  facet normal 0.965842 -4.76629e-05 -0.259133
    outer loop
      vertex 41.6656 7.5 27.8503
      vertex 41.5514 9.41671 27.4243
      vertex 41.6009 9.4 27.6088
    endloop
  endfacet
  facet normal 0.96598 7.4995e-05 -0.258618
    outer loop
      vertex 41.6656 7.5 27.8503
      vertex 41.5035 9.46634 27.2454
      vertex 41.5514 9.41671 27.4243
    endloop
  endfacet
  facet normal 0.965863 -6.91727e-05 -0.259055
    outer loop
      vertex 41.6656 7.5 27.8503
      vertex 41.4585 9.54737 27.0776
      vertex 41.5035 9.46634 27.2454
    endloop
  endfacet
  facet normal 0.966037 0.000194617 -0.258403
    outer loop
      vertex 41.6656 7.5 27.8503
      vertex 41.4179 9.65735 26.9259
      vertex 41.4585 9.54737 27.0776
    endloop
  endfacet
  facet normal 0.965925 1.47805e-06 -0.258823
    outer loop
      vertex 40.5 7.5 23.5003
      vertex 41.4179 9.65735 26.9259
      vertex 41.6656 7.5 27.8503
    endloop
  endfacet
  facet normal 0.965927 -9.35198e-18 -0.258815
    outer loop
      vertex 41.3205 10.309 26.5625
      vertex 40.5 7.5 23.5003
      vertex 40.5 12.5 23.5003
    endloop
  endfacet
  facet normal 0.966008 3.68132e-05 -0.258512
    outer loop
      vertex 41.6503 9.41671 27.7934
      vertex 41.6656 7.5 27.8503
      vertex 41.6009 9.4 27.6088
    endloop
  endfacet
  facet normal 0.965929 0 -0.258805
    outer loop
      vertex 42.9467 -5.5 32.6317
      vertex 41.6656 7.5 27.8503
      vertex 42.9467 5.5 32.6317
    endloop
  endfacet
  facet normal 0.965929 0 -0.258805
    outer loop
      vertex 41.6656 7.5 27.8503
      vertex 42.9467 -5.5 32.6317
      vertex 41.6656 -7.5 27.8503
    endloop
  endfacet
  facet normal 0.965842 4.76629e-05 -0.259133
    outer loop
      vertex 41.5514 -9.41671 27.4243
      vertex 41.6656 -7.5 27.8503
      vertex 41.6009 -9.4 27.6088
    endloop
  endfacet
  facet normal 0.96598 -7.4995e-05 -0.258618
    outer loop
      vertex 41.5035 -9.46634 27.2454
      vertex 41.6656 -7.5 27.8503
      vertex 41.5514 -9.41671 27.4243
    endloop
  endfacet
  facet normal 0.965863 6.91727e-05 -0.259055
    outer loop
      vertex 41.4585 -9.54737 27.0776
      vertex 41.6656 -7.5 27.8503
      vertex 41.5035 -9.46634 27.2454
    endloop
  endfacet
  facet normal 0.966037 -0.000194617 -0.258403
    outer loop
      vertex 41.4179 -9.65735 26.9259
      vertex 41.6656 -7.5 27.8503
      vertex 41.4585 -9.54737 27.0776
    endloop
  endfacet
  facet normal 0.965925 -1.47805e-06 -0.258823
    outer loop
      vertex 41.6656 -7.5 27.8503
      vertex 41.4179 -9.65735 26.9259
      vertex 40.5 -7.5 23.5003
    endloop
  endfacet
  facet normal 0.965926 8.19748e-06 -0.258818
    outer loop
      vertex 41.3828 -9.79293 26.7949
      vertex 40.5 -7.5 23.5003
      vertex 41.4179 -9.65735 26.9259
    endloop
  endfacet
  facet normal 0.965893 -0.000181174 -0.258941
    outer loop
      vertex 41.3543 -9.95 26.6887
      vertex 40.5 -7.5 23.5003
      vertex 41.3828 -9.79293 26.7949
    endloop
  endfacet
  facet normal 0.965991 0.000329081 -0.258575
    outer loop
      vertex 41.3334 -10.1238 26.6104
      vertex 40.5 -7.5 23.5003
      vertex 41.3543 -9.95 26.6887
    endloop
  endfacet
  facet normal 0.965864 -0.000275896 -0.259051
    outer loop
      vertex 41.3205 -10.309 26.5625
      vertex 40.5 -7.5 23.5003
      vertex 41.3334 -10.1238 26.6104
    endloop
  endfacet
  facet normal 0.965888 0.000219132 -0.258961
    outer loop
      vertex 40.5 -12.5 23.5003
      vertex 41.3205 -10.309 26.5625
      vertex 41.3162 -10.5 26.5463
    endloop
  endfacet
  facet normal 0.965956 -0.000196027 -0.258707
    outer loop
      vertex 40.5 -12.5 23.5003
      vertex 41.3162 -10.5 26.5463
      vertex 41.3205 -10.691 26.5625
    endloop
  endfacet
  facet normal 0.965883 0.000296116 -0.258978
    outer loop
      vertex 40.5 -12.5 23.5003
      vertex 41.3205 -10.691 26.5625
      vertex 41.3334 -10.8762 26.6104
    endloop
  endfacet
  facet normal 0.96597 -0.000367665 -0.258655
    outer loop
      vertex 40.5 -12.5 23.5003
      vertex 41.3334 -10.8762 26.6104
      vertex 41.3543 -11.05 26.6887
    endloop
  endfacet
  facet normal 0.965904 0.000210529 -0.2589
    outer loop
      vertex 40.5 -12.5 23.5003
      vertex 41.3543 -11.05 26.6887
      vertex 41.3828 -11.2071 26.7949
    endloop
  endfacet
  facet normal 0.965927 -9.35198e-18 -0.258815
    outer loop
      vertex 41.3205 -10.309 26.5625
      vertex 40.5 -12.5 23.5003
      vertex 40.5 -7.5 23.5003
    endloop
  endfacet
  facet normal 0.965926 -9.94493e-06 -0.258819
    outer loop
      vertex 41.4179 -11.3426 26.9259
      vertex 40.5 -12.5 23.5003
      vertex 41.3828 -11.2071 26.7949
    endloop
  endfacet
  facet normal 0.965949 -0.0002904 -0.258731
    outer loop
      vertex 41.4585 -11.4526 27.0776
      vertex 40.5 -12.5 23.5003
      vertex 41.4179 -11.3426 26.9259
    endloop
  endfacet
  facet normal 0.965907 0.000294827 -0.258891
    outer loop
      vertex 41.5035 -11.5337 27.2454
      vertex 40.5 -12.5 23.5003
      vertex 41.4585 -11.4526 27.0776
    endloop
  endfacet
  facet normal 0.965949 -0.000365933 -0.258732
    outer loop
      vertex 41.5514 -11.5833 27.4243
      vertex 40.5 -12.5 23.5003
      vertex 41.5035 -11.5337 27.2454
    endloop
  endfacet
  facet normal 0.965866 0.00104834 -0.25904
    outer loop
      vertex 41.6009 -11.6 27.6088
      vertex 40.5 -12.5 23.5003
      vertex 41.5514 -11.5833 27.4243
    endloop
  endfacet
  facet normal 0.966065 -0.00263724 -0.258286
    outer loop
      vertex 41.6503 -11.5833 27.7934
      vertex 40.5 -12.5 23.5003
      vertex 41.6009 -11.6 27.6088
    endloop
  endfacet
  facet normal 0.258848 0 0.965918
    outer loop
      vertex 42.0445 12.5 21.5371
      vertex 41.1269 7.5 21.783
      vertex 42.0445 -12.5 21.5371
    endloop
  endfacet
  facet normal 0.25885 -2.61414e-07 0.965918
    outer loop
      vertex 40.5 12.5 21.951
      vertex 41.1269 7.5 21.783
      vertex 42.0445 12.5 21.5371
    endloop
  endfacet
  facet normal 0.258852 4.32662e-19 0.965917
    outer loop
      vertex 41.1269 7.5 21.783
      vertex 40.5 12.5 21.951
      vertex 40.5 7.5 21.951
    endloop
  endfacet
  facet normal 0.258848 -0 0.965918
    outer loop
      vertex 41.1269 -7.5 21.783
      vertex 42.0445 -12.5 21.5371
      vertex 41.1269 7.5 21.783
    endloop
  endfacet
  facet normal 0.258852 -0 0.965917
    outer loop
      vertex 40.5 -12.5 21.951
      vertex 41.1269 -7.5 21.783
      vertex 40.5 -7.5 21.951
    endloop
  endfacet
  facet normal 0.25885 2.61414e-07 0.965918
    outer loop
      vertex 41.1269 -7.5 21.783
      vertex 40.5 -12.5 21.951
      vertex 42.0445 -12.5 21.5371
    endloop
  endfacet
  facet normal 0.258852 1.44221e-19 0.965917
    outer loop
      vertex 40.5 7.5 21.951
      vertex 41.1269 -7.5 21.783
      vertex 41.1269 7.5 21.783
    endloop
  endfacet
  facet normal 0.258852 1.44221e-19 0.965917
    outer loop
      vertex 41.1269 -7.5 21.783
      vertex 40.5 7.5 21.951
      vertex 40.5 -7.5 21.951
    endloop
  endfacet
  facet normal -0.0669964 -0.965928 -0.24999
    outer loop
      vertex 40.2014 -9.41671 28.1816
      vertex 41.6983 -9.46634 27.9722
      vertex 40.2494 -9.46634 28.3605
    endloop
  endfacet
  facet normal -0.0670129 -0.965894 -0.250116
    outer loop
      vertex 41.6983 -9.46634 27.9722
      vertex 40.2014 -9.41671 28.1816
      vertex 41.6503 -9.41671 27.7934
    endloop
  endfacet
  facet normal -0.0225555 -0.996195 -0.0841852
    outer loop
      vertex 40.152 -9.4 27.9971
      vertex 41.6503 -9.41671 27.7934
      vertex 40.2014 -9.41671 28.1816
    endloop
  endfacet
  facet normal -0.0225496 -0.996199 -0.0841415
    outer loop
      vertex 41.6503 -9.41671 27.7934
      vertex 40.152 -9.4 27.9971
      vertex 41.6009 -9.4 27.6088
    endloop
  endfacet
  facet normal -0.250047 -0.258734 -0.933024
    outer loop
      vertex 40.4324 -10.309 29.0435
      vertex 41.8684 -10.1238 28.6073
      vertex 41.8813 -10.309 28.6552
    endloop
  endfacet
  facet normal -0.249954 -0.259203 -0.932918
    outer loop
      vertex 41.8684 -10.1238 28.6073
      vertex 40.4324 -10.309 29.0435
      vertex 40.4195 -10.1238 28.9955
    endloop
  endfacet
  facet normal 0.0225609 -0.996195 0.0841838
    outer loop
      vertex 40.1026 -9.41671 27.8126
      vertex 41.6009 -9.4 27.6088
      vertex 40.152 -9.4 27.9971
    endloop
  endfacet
  facet normal 0.0225594 -0.996196 0.0841721
    outer loop
      vertex 41.6009 -9.4 27.6088
      vertex 40.1026 -9.41671 27.8126
      vertex 41.5514 -9.41671 27.4243
    endloop
  endfacet
  facet normal 0.0670007 -0.965928 0.249989
    outer loop
      vertex 40.0546 -9.46634 27.6337
      vertex 41.5514 -9.41671 27.4243
      vertex 40.1026 -9.41671 27.8126
    endloop
  endfacet
  facet normal 0.0670051 -0.965919 0.250022
    outer loop
      vertex 41.5514 -9.41671 27.4243
      vertex 40.0546 -9.46634 27.6337
      vertex 41.5035 -9.46634 27.2454
    endloop
  endfacet
  facet normal -0.212041 -0.573402 -0.791359
    outer loop
      vertex 40.3986 -9.95 28.9172
      vertex 41.819 -9.79293 28.4228
      vertex 41.8474 -9.95 28.529
    endloop
  endfacet
  facet normal -0.212011 -0.573493 -0.791301
    outer loop
      vertex 41.819 -9.79293 28.4228
      vertex 40.3986 -9.95 28.9172
      vertex 40.3701 -9.79293 28.811
    endloop
  endfacet
  facet normal -0.109485 0.906106 -0.408637
    outer loop
      vertex 41.7432 -11.4526 28.1401
      vertex 40.2494 -11.5337 28.3605
      vertex 40.2943 -11.4526 28.5283
    endloop
  endfacet
  facet normal -0.109461 0.906196 -0.408444
    outer loop
      vertex 40.2494 -11.5337 28.3605
      vertex 41.7432 -11.4526 28.1401
      vertex 41.6983 -11.5337 27.9722
    endloop
  endfacet
  facet normal -0.109408 -0.906246 -0.408348
    outer loop
      vertex 40.2494 -9.46634 28.3605
      vertex 41.7432 -9.54737 28.1401
      vertex 40.2943 -9.54737 28.5283
    endloop
  endfacet
  facet normal -0.109384 -0.906336 -0.408154
    outer loop
      vertex 41.7432 -9.54737 28.1401
      vertex 40.2494 -9.46634 28.3605
      vertex 41.6983 -9.46634 27.9722
    endloop
  endfacet
  facet normal -0.0669586 0.965967 -0.249849
    outer loop
      vertex 41.6983 -11.5337 27.9722
      vertex 40.2014 -11.5833 28.1816
      vertex 40.2494 -11.5337 28.3605
    endloop
  endfacet
  facet normal -0.0669751 0.965933 -0.249975
    outer loop
      vertex 40.2014 -11.5833 28.1816
      vertex 41.6983 -11.5337 27.9722
      vertex 41.6503 -11.5833 27.7934
    endloop
  endfacet
  facet normal 0.148478 0.819054 0.554171
    outer loop
      vertex 41.4585 -11.4526 27.0776
      vertex 39.969 -11.3426 27.3141
      vertex 40.0096 -11.4526 27.4658
    endloop
  endfacet
  facet normal 0.148478 0.819054 0.554171
    outer loop
      vertex 39.969 -11.3426 27.3141
      vertex 41.4585 -11.4526 27.0776
      vertex 41.4179 -11.3426 26.9259
    endloop
  endfacet
  facet normal 0.148459 -0.819103 0.554103
    outer loop
      vertex 39.969 -9.65735 27.3141
      vertex 41.4585 -9.54737 27.0776
      vertex 40.0096 -9.54737 27.4658
    endloop
  endfacet
  facet normal 0.148459 -0.819103 0.554103
    outer loop
      vertex 41.4585 -9.54737 27.0776
      vertex 39.969 -9.65735 27.3141
      vertex 41.4179 -9.65735 26.9259
    endloop
  endfacet
  facet normal -0.250047 0.258734 -0.933024
    outer loop
      vertex 41.8684 -10.8762 28.6073
      vertex 40.4324 -10.691 29.0435
      vertex 41.8813 -10.691 28.6552
    endloop
  endfacet
  facet normal -0.249954 0.259203 -0.932918
    outer loop
      vertex 40.4324 -10.691 29.0435
      vertex 41.8684 -10.8762 28.6073
      vertex 40.4195 -10.8762 28.9955
    endloop
  endfacet
  facet normal 0.0225475 0.996199 0.0841338
    outer loop
      vertex 41.6009 -11.6 27.6088
      vertex 40.1026 -11.5833 27.8126
      vertex 40.152 -11.6 27.9971
    endloop
  endfacet
  facet normal 0.022546 0.9962 0.0841221
    outer loop
      vertex 40.1026 -11.5833 27.8126
      vertex 41.6009 -11.6 27.6088
      vertex 41.5514 -11.5833 27.4243
    endloop
  endfacet
  facet normal 0.0669629 0.965967 0.249848
    outer loop
      vertex 41.5514 -11.5833 27.4243
      vertex 40.0546 -11.5337 27.6337
      vertex 40.1026 -11.5833 27.8126
    endloop
  endfacet
  facet normal 0.0669673 0.965958 0.249881
    outer loop
      vertex 40.0546 -11.5337 27.6337
      vertex 41.5514 -11.5833 27.4243
      vertex 41.5035 -11.5337 27.2454
    endloop
  endfacet
  facet normal 0.212025 0.573419 0.791351
    outer loop
      vertex 41.3543 -11.05 26.6887
      vertex 39.9339 -11.2071 27.1831
      vertex 41.3828 -11.2071 26.7949
    endloop
  endfacet
  facet normal 0.212025 0.573419 0.791351
    outer loop
      vertex 39.9339 -11.2071 27.1831
      vertex 41.3543 -11.05 26.6887
      vertex 39.9054 -11.05 27.0769
    endloop
  endfacet
  facet normal 0.109448 0.906221 0.408394
    outer loop
      vertex 41.5035 -11.5337 27.2454
      vertex 40.0096 -11.4526 27.4658
      vertex 40.0546 -11.5337 27.6337
    endloop
  endfacet
  facet normal 0.109472 0.90613 0.408587
    outer loop
      vertex 40.0096 -11.4526 27.4658
      vertex 41.5035 -11.5337 27.2454
      vertex 41.4585 -11.4526 27.0776
    endloop
  endfacet
  facet normal 0.234553 -0.422606 0.875437
    outer loop
      vertex 39.9054 -9.95 27.0769
      vertex 41.3334 -10.1238 26.6104
      vertex 41.3543 -9.95 26.6887
    endloop
  endfacet
  facet normal 0.234553 -0.422606 0.875437
    outer loop
      vertex 41.3334 -10.1238 26.6104
      vertex 39.9054 -9.95 27.0769
      vertex 39.8845 -10.1238 26.9986
    endloop
  endfacet
  facet normal -0.23454 -0.422716 -0.875387
    outer loop
      vertex 40.4195 -10.1238 28.9955
      vertex 41.8474 -9.95 28.529
      vertex 41.8684 -10.1238 28.6073
    endloop
  endfacet
  facet normal -0.234569 -0.422606 -0.875433
    outer loop
      vertex 41.8474 -9.95 28.529
      vertex 40.4195 -10.1238 28.9955
      vertex 40.3986 -9.95 28.9172
    endloop
  endfacet
  facet normal -0.148443 -0.819147 -0.554042
    outer loop
      vertex 40.2943 -9.54737 28.5283
      vertex 41.7839 -9.65735 28.2918
      vertex 40.335 -9.65735 28.68
    endloop
  endfacet
  facet normal -0.148443 -0.819147 -0.554042
    outer loop
      vertex 41.7839 -9.65735 28.2918
      vertex 40.2943 -9.54737 28.5283
      vertex 41.7432 -9.54737 28.1401
    endloop
  endfacet
  facet normal -0.182971 -0.707213 -0.682914
    outer loop
      vertex 40.335 -9.65735 28.68
      vertex 41.819 -9.79293 28.4228
      vertex 40.3701 -9.79293 28.811
    endloop
  endfacet
  facet normal -0.182971 -0.707213 -0.682914
    outer loop
      vertex 41.819 -9.79293 28.4228
      vertex 40.335 -9.65735 28.68
      vertex 41.7839 -9.65735 28.2918
    endloop
  endfacet
  facet normal -0.148461 0.819098 -0.55411
    outer loop
      vertex 41.7839 -11.3426 28.2918
      vertex 40.2943 -11.4526 28.5283
      vertex 40.335 -11.3426 28.68
    endloop
  endfacet
  facet normal -0.148461 0.819098 -0.55411
    outer loop
      vertex 40.2943 -11.4526 28.5283
      vertex 41.7839 -11.3426 28.2918
      vertex 41.7432 -11.4526 28.1401
    endloop
  endfacet
  facet normal 0.257809 0.0874176 0.962233
    outer loop
      vertex 41.3162 -10.5 26.5463
      vertex 39.8716 -10.691 26.9507
      vertex 41.3205 -10.691 26.5625
    endloop
  endfacet
  facet normal 0.257882 0.0869176 0.962259
    outer loop
      vertex 39.8716 -10.691 26.9507
      vertex 41.3162 -10.5 26.5463
      vertex 39.8673 -10.5 26.9346
    endloop
  endfacet
  facet normal 0.249987 -0.258733 0.93304
    outer loop
      vertex 39.8845 -10.1238 26.9986
      vertex 41.3205 -10.309 26.5625
      vertex 41.3334 -10.1238 26.6104
    endloop
  endfacet
  facet normal 0.249987 -0.258733 0.93304
    outer loop
      vertex 41.3205 -10.309 26.5625
      vertex 39.8845 -10.1238 26.9986
      vertex 39.8716 -10.309 26.9507
    endloop
  endfacet
  facet normal -0.182917 0.707422 -0.682712
    outer loop
      vertex 41.819 -11.2071 28.4228
      vertex 40.335 -11.3426 28.68
      vertex 40.3701 -11.2071 28.811
    endloop
  endfacet
  facet normal -0.182917 0.707422 -0.682712
    outer loop
      vertex 40.335 -11.3426 28.68
      vertex 41.819 -11.2071 28.4228
      vertex 41.7839 -11.3426 28.2918
    endloop
  endfacet
  facet normal -0.212055 0.573329 -0.791408
    outer loop
      vertex 41.819 -11.2071 28.4228
      vertex 40.3986 -11.05 28.9172
      vertex 41.8474 -11.05 28.529
    endloop
  endfacet
  facet normal -0.212025 0.573419 -0.791351
    outer loop
      vertex 40.3986 -11.05 28.9172
      vertex 41.819 -11.2071 28.4228
      vertex 40.3701 -11.2071 28.811
    endloop
  endfacet
  facet normal 0.10937 -0.90636 0.408104
    outer loop
      vertex 40.0096 -9.54737 27.4658
      vertex 41.5035 -9.46634 27.2454
      vertex 40.0546 -9.46634 27.6337
    endloop
  endfacet
  facet normal 0.109394 -0.90627 0.408298
    outer loop
      vertex 41.5035 -9.46634 27.2454
      vertex 40.0096 -9.54737 27.4658
      vertex 41.4585 -9.54737 27.0776
    endloop
  endfacet
  facet normal -0.23454 0.422716 -0.875387
    outer loop
      vertex 41.8474 -11.05 28.529
      vertex 40.4195 -10.8762 28.9955
      vertex 41.8684 -10.8762 28.6073
    endloop
  endfacet
  facet normal -0.234569 0.422606 -0.875433
    outer loop
      vertex 40.4195 -10.8762 28.9955
      vertex 41.8474 -11.05 28.529
      vertex 40.3986 -11.05 28.9172
    endloop
  endfacet
  facet normal -0.257809 -0.0874176 -0.962233
    outer loop
      vertex 40.4367 -10.5 29.0596
      vertex 41.8813 -10.309 28.6552
      vertex 41.8856 -10.5 28.6714
    endloop
  endfacet
  facet normal -0.257882 -0.0869176 -0.962259
    outer loop
      vertex 41.8813 -10.309 28.6552
      vertex 40.4367 -10.5 29.0596
      vertex 40.4324 -10.309 29.0435
    endloop
  endfacet
  facet normal 0.182917 0.707422 0.682712
    outer loop
      vertex 41.4179 -11.3426 26.9259
      vertex 39.9339 -11.2071 27.1831
      vertex 39.969 -11.3426 27.3141
    endloop
  endfacet
  facet normal 0.182917 0.707422 0.682712
    outer loop
      vertex 39.9339 -11.2071 27.1831
      vertex 41.4179 -11.3426 26.9259
      vertex 41.3828 -11.2071 26.7949
    endloop
  endfacet
  facet normal -0.0225421 0.996199 -0.0841352
    outer loop
      vertex 41.6503 -11.5833 27.7934
      vertex 40.152 -11.6 27.9971
      vertex 40.2014 -11.5833 28.1816
    endloop
  endfacet
  facet normal -0.0225362 0.996203 -0.0840916
    outer loop
      vertex 40.152 -11.6 27.9971
      vertex 41.6503 -11.5833 27.7934
      vertex 41.6009 -11.6 27.6088
    endloop
  endfacet
  facet normal 0.182971 -0.707213 0.682914
    outer loop
      vertex 39.9339 -9.79293 27.1831
      vertex 41.4179 -9.65735 26.9259
      vertex 39.969 -9.65735 27.3141
    endloop
  endfacet
  facet normal 0.182971 -0.707213 0.682914
    outer loop
      vertex 41.4179 -9.65735 26.9259
      vertex 39.9339 -9.79293 27.1831
      vertex 41.3828 -9.79293 26.7949
    endloop
  endfacet
  facet normal 0.212011 -0.573493 0.791301
    outer loop
      vertex 39.9339 -9.79293 27.1831
      vertex 41.3543 -9.95 26.6887
      vertex 41.3828 -9.79293 26.7949
    endloop
  endfacet
  facet normal 0.212011 -0.573493 0.791301
    outer loop
      vertex 41.3543 -9.95 26.6887
      vertex 39.9339 -9.79293 27.1831
      vertex 39.9054 -9.95 27.0769
    endloop
  endfacet
  facet normal 0.249987 0.258733 0.93304
    outer loop
      vertex 41.3205 -10.691 26.5625
      vertex 39.8845 -10.8762 26.9986
      vertex 41.3334 -10.8762 26.6104
    endloop
  endfacet
  facet normal 0.249987 0.258733 0.93304
    outer loop
      vertex 39.8845 -10.8762 26.9986
      vertex 41.3205 -10.691 26.5625
      vertex 39.8716 -10.691 26.9507
    endloop
  endfacet
  facet normal 0.234553 0.422606 0.875437
    outer loop
      vertex 41.3334 -10.8762 26.6104
      vertex 39.9054 -11.05 27.0769
      vertex 41.3543 -11.05 26.6887
    endloop
  endfacet
  facet normal 0.234553 0.422606 0.875437
    outer loop
      vertex 39.9054 -11.05 27.0769
      vertex 41.3334 -10.8762 26.6104
      vertex 39.8845 -10.8762 26.9986
    endloop
  endfacet
  facet normal -0.257809 0.0874176 -0.962233
    outer loop
      vertex 41.8813 -10.691 28.6552
      vertex 40.4367 -10.5 29.0596
      vertex 41.8856 -10.5 28.6714
    endloop
  endfacet
  facet normal -0.257882 0.0869176 -0.962259
    outer loop
      vertex 40.4367 -10.5 29.0596
      vertex 41.8813 -10.691 28.6552
      vertex 40.4324 -10.691 29.0435
    endloop
  endfacet
  facet normal 0.257809 -0.0874176 0.962233
    outer loop
      vertex 39.8716 -10.309 26.9507
      vertex 41.3162 -10.5 26.5463
      vertex 41.3205 -10.309 26.5625
    endloop
  endfacet
  facet normal 0.257882 -0.0869176 0.962259
    outer loop
      vertex 41.3162 -10.5 26.5463
      vertex 39.8716 -10.309 26.9507
      vertex 39.8673 -10.5 26.9346
    endloop
  endfacet
  facet normal -0.0670051 -0.965919 -0.250022
    outer loop
      vertex 43.4367 -9.41671 40.2557
      vertex 44.9335 -9.46634 40.0463
      vertex 43.4846 -9.46634 40.4346
    endloop
  endfacet
  facet normal -0.0670051 -0.965919 -0.250022
    outer loop
      vertex 44.9335 -9.46634 40.0463
      vertex 43.4367 -9.41671 40.2557
      vertex 44.8856 -9.41671 39.8674
    endloop
  endfacet
  facet normal -0.0225466 -0.9962 -0.0841302
    outer loop
      vertex 43.3872 -9.4 40.0711
      vertex 44.8856 -9.41671 39.8674
      vertex 43.4367 -9.41671 40.2557
    endloop
  endfacet
  facet normal -0.0225525 -0.996196 -0.0841739
    outer loop
      vertex 44.8856 -9.41671 39.8674
      vertex 43.3872 -9.4 40.0711
      vertex 44.8361 -9.4 39.6829
    endloop
  endfacet
  facet normal -0.249996 -0.258608 -0.933073
    outer loop
      vertex 43.6676 -10.309 41.1175
      vertex 45.1037 -10.1238 40.6814
      vertex 45.1165 -10.309 40.7293
    endloop
  endfacet
  facet normal -0.249996 -0.258608 -0.933073
    outer loop
      vertex 45.1037 -10.1238 40.6814
      vertex 43.6676 -10.309 41.1175
      vertex 43.6548 -10.1238 41.0696
    endloop
  endfacet
  facet normal 0.066989 -0.965919 0.250027
    outer loop
      vertex 43.2899 -9.46634 39.7077
      vertex 44.7867 -9.41671 39.4984
      vertex 43.3378 -9.41671 39.8866
    endloop
  endfacet
  facet normal 0.0669846 -0.965928 0.249993
    outer loop
      vertex 44.7867 -9.41671 39.4984
      vertex 43.2899 -9.46634 39.7077
      vertex 44.7387 -9.46634 39.3195
    endloop
  endfacet
  facet normal -0.212011 -0.573493 -0.791301
    outer loop
      vertex 43.6338 -9.95 40.9913
      vertex 45.0542 -9.79293 40.4969
      vertex 45.0827 -9.95 40.6031
    endloop
  endfacet
  facet normal -0.212011 -0.573493 -0.791301
    outer loop
      vertex 45.0542 -9.79293 40.4969
      vertex 43.6338 -9.95 40.9913
      vertex 43.6053 -9.79293 40.8851
    endloop
  endfacet
  facet normal -0.109472 0.90613 -0.408587
    outer loop
      vertex 44.9785 -11.4526 40.2142
      vertex 43.4846 -11.5337 40.4346
      vertex 43.5296 -11.4526 40.6024
    endloop
  endfacet
  facet normal -0.109448 0.906221 -0.408394
    outer loop
      vertex 43.4846 -11.5337 40.4346
      vertex 44.9785 -11.4526 40.2142
      vertex 44.9335 -11.5337 40.0463
    endloop
  endfacet
  facet normal -0.109394 -0.90627 -0.408298
    outer loop
      vertex 43.4846 -9.46634 40.4346
      vertex 44.9785 -9.54737 40.2142
      vertex 43.5296 -9.54737 40.6024
    endloop
  endfacet
  facet normal -0.10937 -0.90636 -0.408104
    outer loop
      vertex 44.9785 -9.54737 40.2142
      vertex 43.4846 -9.46634 40.4346
      vertex 44.9335 -9.46634 40.0463
    endloop
  endfacet
  facet normal -0.0669673 0.965958 -0.249881
    outer loop
      vertex 44.9335 -11.5337 40.0463
      vertex 43.4367 -11.5833 40.2557
      vertex 43.4846 -11.5337 40.4346
    endloop
  endfacet
  facet normal -0.0669673 0.965958 -0.249881
    outer loop
      vertex 43.4367 -11.5833 40.2557
      vertex 44.9335 -11.5337 40.0463
      vertex 44.8856 -11.5833 39.8674
    endloop
  endfacet
  facet normal 0.148461 0.819098 0.55411
    outer loop
      vertex 44.6938 -11.4526 39.1517
      vertex 43.2042 -11.3426 39.3882
      vertex 43.2449 -11.4526 39.5399
    endloop
  endfacet
  facet normal 0.148436 0.819264 0.553872
    outer loop
      vertex 43.2042 -11.3426 39.3882
      vertex 44.6938 -11.4526 39.1517
      vertex 44.6531 -11.3426 38.9999
    endloop
  endfacet
  facet normal 0.148443 -0.819147 0.554042
    outer loop
      vertex 43.2042 -9.65735 39.3882
      vertex 44.6938 -9.54737 39.1517
      vertex 43.2449 -9.54737 39.5399
    endloop
  endfacet
  facet normal 0.148417 -0.819313 0.553804
    outer loop
      vertex 44.6938 -9.54737 39.1517
      vertex 43.2042 -9.65735 39.3882
      vertex 44.6531 -9.65735 38.9999
    endloop
  endfacet
  facet normal -0.249996 0.258608 -0.933073
    outer loop
      vertex 45.1037 -10.8762 40.6814
      vertex 43.6676 -10.691 41.1175
      vertex 45.1165 -10.691 40.7293
    endloop
  endfacet
  facet normal -0.249996 0.258608 -0.933073
    outer loop
      vertex 43.6676 -10.691 41.1175
      vertex 45.1037 -10.8762 40.6814
      vertex 43.6548 -10.8762 41.0696
    endloop
  endfacet
  facet normal 0.0225421 0.996199 0.0841352
    outer loop
      vertex 44.8361 -11.6 39.6829
      vertex 43.3378 -11.5833 39.8866
      vertex 43.3872 -11.6 40.0711
    endloop
  endfacet
  facet normal 0.0225421 0.996199 0.0841352
    outer loop
      vertex 43.3378 -11.5833 39.8866
      vertex 44.8361 -11.6 39.6829
      vertex 44.7867 -11.5833 39.4984
    endloop
  endfacet
  facet normal 0.0669512 0.965958 0.249886
    outer loop
      vertex 44.7867 -11.5833 39.4984
      vertex 43.2899 -11.5337 39.7077
      vertex 43.3378 -11.5833 39.8866
    endloop
  endfacet
  facet normal 0.0669468 0.965967 0.249852
    outer loop
      vertex 43.2899 -11.5337 39.7077
      vertex 44.7867 -11.5833 39.4984
      vertex 44.7387 -11.5337 39.3195
    endloop
  endfacet
  facet normal 0.212041 0.573329 0.791412
    outer loop
      vertex 44.5896 -11.05 38.7628
      vertex 43.1691 -11.2071 39.2572
      vertex 44.618 -11.2071 38.869
    endloop
  endfacet
  facet normal 0.212041 0.573329 0.791412
    outer loop
      vertex 43.1691 -11.2071 39.2572
      vertex 44.5896 -11.05 38.7628
      vertex 43.1407 -11.05 39.151
    endloop
  endfacet
  facet normal 0.109479 0.90613 0.408585
    outer loop
      vertex 44.7387 -11.5337 39.3195
      vertex 43.2449 -11.4526 39.5399
      vertex 43.2899 -11.5337 39.7077
    endloop
  endfacet
  facet normal 0.109485 0.906106 0.408637
    outer loop
      vertex 43.2449 -11.4526 39.5399
      vertex 44.7387 -11.5337 39.3195
      vertex 44.6938 -11.4526 39.1517
    endloop
  endfacet
  facet normal 0.23454 -0.422716 0.875387
    outer loop
      vertex 43.1407 -9.95 39.151
      vertex 44.5686 -10.1238 38.6845
      vertex 44.5896 -9.95 38.7628
    endloop
  endfacet
  facet normal 0.23454 -0.422716 0.875387
    outer loop
      vertex 44.5686 -10.1238 38.6845
      vertex 43.1407 -9.95 39.151
      vertex 43.1197 -10.1238 39.0727
    endloop
  endfacet
  facet normal -0.23454 -0.422716 -0.875387
    outer loop
      vertex 43.6548 -10.1238 41.0696
      vertex 45.0827 -9.95 40.6031
      vertex 45.1037 -10.1238 40.6814
    endloop
  endfacet
  facet normal -0.23454 -0.422716 -0.875387
    outer loop
      vertex 45.0827 -9.95 40.6031
      vertex 43.6548 -10.1238 41.0696
      vertex 43.6338 -9.95 40.9913
    endloop
  endfacet
  facet normal -0.148459 -0.819103 -0.554103
    outer loop
      vertex 43.5296 -9.54737 40.6024
      vertex 45.0191 -9.65735 40.3659
      vertex 43.5702 -9.65735 40.7541
    endloop
  endfacet
  facet normal -0.148459 -0.819103 -0.554103
    outer loop
      vertex 45.0191 -9.65735 40.3659
      vertex 43.5296 -9.54737 40.6024
      vertex 44.9785 -9.54737 40.2142
    endloop
  endfacet
  facet normal -0.182971 -0.707213 -0.682914
    outer loop
      vertex 43.5702 -9.65735 40.7541
      vertex 45.0542 -9.79293 40.4969
      vertex 43.6053 -9.79293 40.8851
    endloop
  endfacet
  facet normal -0.182971 -0.707213 -0.682914
    outer loop
      vertex 45.0542 -9.79293 40.4969
      vertex 43.5702 -9.65735 40.7541
      vertex 45.0191 -9.65735 40.3659
    endloop
  endfacet
  facet normal -0.148478 0.819054 -0.554171
    outer loop
      vertex 45.0191 -11.3426 40.3659
      vertex 43.5296 -11.4526 40.6024
      vertex 43.5702 -11.3426 40.7541
    endloop
  endfacet
  facet normal -0.148478 0.819054 -0.554171
    outer loop
      vertex 43.5296 -11.4526 40.6024
      vertex 45.0191 -11.3426 40.3659
      vertex 44.9785 -11.4526 40.2142
    endloop
  endfacet
  facet normal 0.0225555 -0.996195 0.0841852
    outer loop
      vertex 43.3378 -9.41671 39.8866
      vertex 44.8361 -9.4 39.6829
      vertex 43.3872 -9.4 40.0711
    endloop
  endfacet
  facet normal 0.0225555 -0.996195 0.0841852
    outer loop
      vertex 44.8361 -9.4 39.6829
      vertex 43.3378 -9.41671 39.8866
      vertex 44.7867 -9.41671 39.4984
    endloop
  endfacet
  facet normal 0.257899 0.0869176 0.962254
    outer loop
      vertex 44.5514 -10.5 38.6204
      vertex 43.1069 -10.691 39.0248
      vertex 44.5557 -10.691 38.6365
    endloop
  endfacet
  facet normal 0.257806 0.0875515 0.962222
    outer loop
      vertex 43.1069 -10.691 39.0248
      vertex 44.5514 -10.5 38.6204
      vertex 43.1025 -10.5 39.0086
    endloop
  endfacet
  facet normal 0.249954 -0.259203 0.932918
    outer loop
      vertex 43.1197 -10.1238 39.0727
      vertex 44.5557 -10.309 38.6365
      vertex 44.5686 -10.1238 38.6845
    endloop
  endfacet
  facet normal 0.250072 -0.258608 0.933052
    outer loop
      vertex 44.5557 -10.309 38.6365
      vertex 43.1197 -10.1238 39.0727
      vertex 43.1069 -10.309 39.0248
    endloop
  endfacet
  facet normal -0.182917 0.707422 -0.682712
    outer loop
      vertex 45.0542 -11.2071 40.4969
      vertex 43.5702 -11.3426 40.7541
      vertex 43.6053 -11.2071 40.8851
    endloop
  endfacet
  facet normal -0.182917 0.707422 -0.682712
    outer loop
      vertex 43.5702 -11.3426 40.7541
      vertex 45.0542 -11.2071 40.4969
      vertex 45.0191 -11.3426 40.3659
    endloop
  endfacet
  facet normal -0.212025 0.573419 -0.791351
    outer loop
      vertex 45.0542 -11.2071 40.4969
      vertex 43.6338 -11.05 40.9913
      vertex 45.0827 -11.05 40.6031
    endloop
  endfacet
  facet normal -0.212025 0.573419 -0.791351
    outer loop
      vertex 43.6338 -11.05 40.9913
      vertex 45.0542 -11.2071 40.4969
      vertex 43.6053 -11.2071 40.8851
    endloop
  endfacet
  facet normal 0.109401 -0.90627 0.408296
    outer loop
      vertex 43.2449 -9.54737 39.5399
      vertex 44.7387 -9.46634 39.3195
      vertex 43.2899 -9.46634 39.7077
    endloop
  endfacet
  facet normal 0.109408 -0.906246 0.408348
    outer loop
      vertex 44.7387 -9.46634 39.3195
      vertex 43.2449 -9.54737 39.5399
      vertex 44.6938 -9.54737 39.1517
    endloop
  endfacet
  facet normal 0.257899 -0.0869176 0.962254
    outer loop
      vertex 43.1069 -10.309 39.0248
      vertex 44.5514 -10.5 38.6204
      vertex 44.5557 -10.309 38.6365
    endloop
  endfacet
  facet normal 0.257806 -0.0875515 0.962222
    outer loop
      vertex 44.5514 -10.5 38.6204
      vertex 43.1069 -10.309 39.0248
      vertex 43.1025 -10.5 39.0086
    endloop
  endfacet
  facet normal -0.23454 0.422716 -0.875387
    outer loop
      vertex 45.0827 -11.05 40.6031
      vertex 43.6548 -10.8762 41.0696
      vertex 45.1037 -10.8762 40.6814
    endloop
  endfacet
  facet normal -0.23454 0.422716 -0.875387
    outer loop
      vertex 43.6548 -10.8762 41.0696
      vertex 45.0827 -11.05 40.6031
      vertex 43.6338 -11.05 40.9913
    endloop
  endfacet
  facet normal -0.257882 -0.0869176 -0.962259
    outer loop
      vertex 43.6719 -10.5 41.1337
      vertex 45.1165 -10.309 40.7293
      vertex 45.1208 -10.5 40.7454
    endloop
  endfacet
  facet normal -0.257809 -0.0874176 -0.962233
    outer loop
      vertex 45.1165 -10.309 40.7293
      vertex 43.6719 -10.5 41.1337
      vertex 43.6676 -10.309 41.1175
    endloop
  endfacet
  facet normal 0.182961 0.707422 0.6827
    outer loop
      vertex 44.6531 -11.3426 38.9999
      vertex 43.1691 -11.2071 39.2572
      vertex 43.2042 -11.3426 39.3882
    endloop
  endfacet
  facet normal 0.182982 0.70717 0.682955
    outer loop
      vertex 43.1691 -11.2071 39.2572
      vertex 44.6531 -11.3426 38.9999
      vertex 44.618 -11.2071 38.869
    endloop
  endfacet
  facet normal -0.0225332 0.996204 -0.0840803
    outer loop
      vertex 44.8856 -11.5833 39.8674
      vertex 43.3872 -11.6 40.0711
      vertex 43.4367 -11.5833 40.2557
    endloop
  endfacet
  facet normal -0.0225391 0.9962 -0.0841239
    outer loop
      vertex 43.3872 -11.6 40.0711
      vertex 44.8856 -11.5833 39.8674
      vertex 44.8361 -11.6 39.6829
    endloop
  endfacet
  facet normal 0.183015 -0.707213 0.682902
    outer loop
      vertex 43.1691 -9.79293 39.2572
      vertex 44.6531 -9.65735 38.9999
      vertex 43.2042 -9.65735 39.3882
    endloop
  endfacet
  facet normal 0.183036 -0.706961 0.683157
    outer loop
      vertex 44.6531 -9.65735 38.9999
      vertex 43.1691 -9.79293 39.2572
      vertex 44.618 -9.79293 38.869
    endloop
  endfacet
  facet normal 0.212028 -0.573402 0.791362
    outer loop
      vertex 43.1691 -9.79293 39.2572
      vertex 44.5896 -9.95 38.7628
      vertex 44.618 -9.79293 38.869
    endloop
  endfacet
  facet normal 0.212028 -0.573402 0.791362
    outer loop
      vertex 44.5896 -9.95 38.7628
      vertex 43.1691 -9.79293 39.2572
      vertex 43.1407 -9.95 39.151
    endloop
  endfacet
  facet normal 0.249954 0.259203 0.932918
    outer loop
      vertex 44.5557 -10.691 38.6365
      vertex 43.1197 -10.8762 39.0727
      vertex 44.5686 -10.8762 38.6845
    endloop
  endfacet
  facet normal 0.250072 0.258608 0.933052
    outer loop
      vertex 43.1197 -10.8762 39.0727
      vertex 44.5557 -10.691 38.6365
      vertex 43.1069 -10.691 39.0248
    endloop
  endfacet
  facet normal 0.23454 0.422716 0.875387
    outer loop
      vertex 44.5686 -10.8762 38.6845
      vertex 43.1407 -11.05 39.151
      vertex 44.5896 -11.05 38.7628
    endloop
  endfacet
  facet normal 0.23454 0.422716 0.875387
    outer loop
      vertex 43.1407 -11.05 39.151
      vertex 44.5686 -10.8762 38.6845
      vertex 43.1197 -10.8762 39.0727
    endloop
  endfacet
  facet normal -0.257882 0.0869176 -0.962259
    outer loop
      vertex 45.1165 -10.691 40.7293
      vertex 43.6719 -10.5 41.1337
      vertex 45.1208 -10.5 40.7454
    endloop
  endfacet
  facet normal -0.257809 0.0874176 -0.962233
    outer loop
      vertex 43.6719 -10.5 41.1337
      vertex 45.1165 -10.691 40.7293
      vertex 43.6676 -10.691 41.1175
    endloop
  endfacet
  facet normal -0.0669586 -0.965967 -0.249849
    outer loop
      vertex 40.2014 11.5833 28.1816
      vertex 41.6983 11.5337 27.9722
      vertex 40.2494 11.5337 28.3605
    endloop
  endfacet
  facet normal -0.0669751 -0.965933 -0.249975
    outer loop
      vertex 41.6983 11.5337 27.9722
      vertex 40.2014 11.5833 28.1816
      vertex 41.6503 11.5833 27.7934
    endloop
  endfacet
  facet normal -0.0225421 -0.996199 -0.0841352
    outer loop
      vertex 40.152 11.6 27.9971
      vertex 41.6503 11.5833 27.7934
      vertex 40.2014 11.5833 28.1816
    endloop
  endfacet
  facet normal -0.0225362 -0.996203 -0.0840916
    outer loop
      vertex 41.6503 11.5833 27.7934
      vertex 40.152 11.6 27.9971
      vertex 41.6009 11.6 27.6088
    endloop
  endfacet
  facet normal -0.250047 -0.258734 -0.933024
    outer loop
      vertex 40.4324 10.691 29.0435
      vertex 41.8684 10.8762 28.6073
      vertex 41.8813 10.691 28.6552
    endloop
  endfacet
  facet normal -0.249954 -0.259203 -0.932918
    outer loop
      vertex 41.8684 10.8762 28.6073
      vertex 40.4324 10.691 29.0435
      vertex 40.4195 10.8762 28.9955
    endloop
  endfacet
  facet normal 0.0669629 -0.965967 0.249848
    outer loop
      vertex 40.0546 11.5337 27.6337
      vertex 41.5514 11.5833 27.4243
      vertex 40.1026 11.5833 27.8126
    endloop
  endfacet
  facet normal 0.0669673 -0.965958 0.249881
    outer loop
      vertex 41.5514 11.5833 27.4243
      vertex 40.0546 11.5337 27.6337
      vertex 41.5035 11.5337 27.2454
    endloop
  endfacet
  facet normal -0.212055 -0.573329 -0.791408
    outer loop
      vertex 40.3986 11.05 28.9172
      vertex 41.819 11.2071 28.4228
      vertex 41.8474 11.05 28.529
    endloop
  endfacet
  facet normal -0.212025 -0.573419 -0.791351
    outer loop
      vertex 41.819 11.2071 28.4228
      vertex 40.3986 11.05 28.9172
      vertex 40.3701 11.2071 28.811
    endloop
  endfacet
  facet normal -0.109408 0.906246 -0.408348
    outer loop
      vertex 41.7432 9.54737 28.1401
      vertex 40.2494 9.46634 28.3605
      vertex 40.2943 9.54737 28.5283
    endloop
  endfacet
  facet normal -0.109384 0.906336 -0.408154
    outer loop
      vertex 40.2494 9.46634 28.3605
      vertex 41.7432 9.54737 28.1401
      vertex 41.6983 9.46634 27.9722
    endloop
  endfacet
  facet normal -0.109485 -0.906106 -0.408637
    outer loop
      vertex 40.2494 11.5337 28.3605
      vertex 41.7432 11.4526 28.1401
      vertex 40.2943 11.4526 28.5283
    endloop
  endfacet
  facet normal -0.109461 -0.906196 -0.408444
    outer loop
      vertex 41.7432 11.4526 28.1401
      vertex 40.2494 11.5337 28.3605
      vertex 41.6983 11.5337 27.9722
    endloop
  endfacet
  facet normal -0.0669964 0.965928 -0.24999
    outer loop
      vertex 41.6983 9.46634 27.9722
      vertex 40.2014 9.41671 28.1816
      vertex 40.2494 9.46634 28.3605
    endloop
  endfacet
  facet normal -0.0670129 0.965894 -0.250116
    outer loop
      vertex 40.2014 9.41671 28.1816
      vertex 41.6983 9.46634 27.9722
      vertex 41.6503 9.41671 27.7934
    endloop
  endfacet
  facet normal 0.212025 -0.573419 0.791351
    outer loop
      vertex 39.9339 11.2071 27.1831
      vertex 41.3543 11.05 26.6887
      vertex 41.3828 11.2071 26.7949
    endloop
  endfacet
  facet normal 0.212025 -0.573419 0.791351
    outer loop
      vertex 41.3543 11.05 26.6887
      vertex 39.9339 11.2071 27.1831
      vertex 39.9054 11.05 27.0769
    endloop
  endfacet
  facet normal 0.148459 0.819103 0.554103
    outer loop
      vertex 41.4585 9.54737 27.0776
      vertex 39.969 9.65735 27.3141
      vertex 40.0096 9.54737 27.4658
    endloop
  endfacet
  facet normal 0.148459 0.819103 0.554103
    outer loop
      vertex 39.969 9.65735 27.3141
      vertex 41.4585 9.54737 27.0776
      vertex 41.4179 9.65735 26.9259
    endloop
  endfacet
  facet normal 0.148478 -0.819054 0.554171
    outer loop
      vertex 39.969 11.3426 27.3141
      vertex 41.4585 11.4526 27.0776
      vertex 40.0096 11.4526 27.4658
    endloop
  endfacet
  facet normal 0.148478 -0.819054 0.554171
    outer loop
      vertex 41.4585 11.4526 27.0776
      vertex 39.969 11.3426 27.3141
      vertex 41.4179 11.3426 26.9259
    endloop
  endfacet
  facet normal -0.250047 0.258734 -0.933024
    outer loop
      vertex 41.8684 10.1238 28.6073
      vertex 40.4324 10.309 29.0435
      vertex 41.8813 10.309 28.6552
    endloop
  endfacet
  facet normal -0.249954 0.259203 -0.932918
    outer loop
      vertex 40.4324 10.309 29.0435
      vertex 41.8684 10.1238 28.6073
      vertex 40.4195 10.1238 28.9955
    endloop
  endfacet
  facet normal 0.0225609 0.996195 0.0841838
    outer loop
      vertex 41.6009 9.4 27.6088
      vertex 40.1026 9.41671 27.8126
      vertex 40.152 9.4 27.9971
    endloop
  endfacet
  facet normal 0.0225594 0.996196 0.0841721
    outer loop
      vertex 40.1026 9.41671 27.8126
      vertex 41.6009 9.4 27.6088
      vertex 41.5514 9.41671 27.4243
    endloop
  endfacet
  facet normal 0.0670007 0.965928 0.249989
    outer loop
      vertex 41.5514 9.41671 27.4243
      vertex 40.0546 9.46634 27.6337
      vertex 40.1026 9.41671 27.8126
    endloop
  endfacet
  facet normal 0.0670051 0.965919 0.250022
    outer loop
      vertex 40.0546 9.46634 27.6337
      vertex 41.5514 9.41671 27.4243
      vertex 41.5035 9.46634 27.2454
    endloop
  endfacet
  facet normal 0.212011 0.573493 0.791301
    outer loop
      vertex 41.3543 9.95 26.6887
      vertex 39.9339 9.79293 27.1831
      vertex 41.3828 9.79293 26.7949
    endloop
  endfacet
  facet normal 0.212011 0.573493 0.791301
    outer loop
      vertex 39.9339 9.79293 27.1831
      vertex 41.3543 9.95 26.6887
      vertex 39.9054 9.95 27.0769
    endloop
  endfacet
  facet normal 0.10937 0.90636 0.408104
    outer loop
      vertex 41.5035 9.46634 27.2454
      vertex 40.0096 9.54737 27.4658
      vertex 40.0546 9.46634 27.6337
    endloop
  endfacet
  facet normal 0.109394 0.90627 0.408298
    outer loop
      vertex 40.0096 9.54737 27.4658
      vertex 41.5035 9.46634 27.2454
      vertex 41.4585 9.54737 27.0776
    endloop
  endfacet
  facet normal 0.234553 -0.422606 0.875437
    outer loop
      vertex 39.9054 11.05 27.0769
      vertex 41.3334 10.8762 26.6104
      vertex 41.3543 11.05 26.6887
    endloop
  endfacet
  facet normal 0.234553 -0.422606 0.875437
    outer loop
      vertex 41.3334 10.8762 26.6104
      vertex 39.9054 11.05 27.0769
      vertex 39.8845 10.8762 26.9986
    endloop
  endfacet
  facet normal -0.23454 -0.422716 -0.875387
    outer loop
      vertex 40.4195 10.8762 28.9955
      vertex 41.8474 11.05 28.529
      vertex 41.8684 10.8762 28.6073
    endloop
  endfacet
  facet normal -0.234569 -0.422606 -0.875433
    outer loop
      vertex 41.8474 11.05 28.529
      vertex 40.4195 10.8762 28.9955
      vertex 40.3986 11.05 28.9172
    endloop
  endfacet
  facet normal -0.0225555 0.996195 -0.0841852
    outer loop
      vertex 41.6503 9.41671 27.7934
      vertex 40.152 9.4 27.9971
      vertex 40.2014 9.41671 28.1816
    endloop
  endfacet
  facet normal -0.0225496 0.996199 -0.0841415
    outer loop
      vertex 40.152 9.4 27.9971
      vertex 41.6503 9.41671 27.7934
      vertex 41.6009 9.4 27.6088
    endloop
  endfacet
  facet normal -0.148461 -0.819098 -0.55411
    outer loop
      vertex 40.2943 11.4526 28.5283
      vertex 41.7839 11.3426 28.2918
      vertex 40.335 11.3426 28.68
    endloop
  endfacet
  facet normal -0.148461 -0.819098 -0.55411
    outer loop
      vertex 41.7839 11.3426 28.2918
      vertex 40.2943 11.4526 28.5283
      vertex 41.7432 11.4526 28.1401
    endloop
  endfacet
  facet normal -0.182917 -0.707422 -0.682712
    outer loop
      vertex 40.335 11.3426 28.68
      vertex 41.819 11.2071 28.4228
      vertex 40.3701 11.2071 28.811
    endloop
  endfacet
  facet normal -0.182917 -0.707422 -0.682712
    outer loop
      vertex 41.819 11.2071 28.4228
      vertex 40.335 11.3426 28.68
      vertex 41.7839 11.3426 28.2918
    endloop
  endfacet
  facet normal -0.148443 0.819147 -0.554042
    outer loop
      vertex 41.7839 9.65735 28.2918
      vertex 40.2943 9.54737 28.5283
      vertex 40.335 9.65735 28.68
    endloop
  endfacet
  facet normal -0.148443 0.819147 -0.554042
    outer loop
      vertex 40.2943 9.54737 28.5283
      vertex 41.7839 9.65735 28.2918
      vertex 41.7432 9.54737 28.1401
    endloop
  endfacet
  facet normal 0.0225475 -0.996199 0.0841338
    outer loop
      vertex 40.1026 11.5833 27.8126
      vertex 41.6009 11.6 27.6088
      vertex 40.152 11.6 27.9971
    endloop
  endfacet
  facet normal 0.022546 -0.9962 0.0841221
    outer loop
      vertex 41.6009 11.6 27.6088
      vertex 40.1026 11.5833 27.8126
      vertex 41.5514 11.5833 27.4243
    endloop
  endfacet
  facet normal 0.257809 0.0874176 0.962233
    outer loop
      vertex 41.3162 10.5 26.5463
      vertex 39.8716 10.309 26.9507
      vertex 41.3205 10.309 26.5625
    endloop
  endfacet
  facet normal 0.257882 0.0869176 0.962259
    outer loop
      vertex 39.8716 10.309 26.9507
      vertex 41.3162 10.5 26.5463
      vertex 39.8673 10.5 26.9346
    endloop
  endfacet
  facet normal 0.249987 -0.258733 0.93304
    outer loop
      vertex 39.8845 10.8762 26.9986
      vertex 41.3205 10.691 26.5625
      vertex 41.3334 10.8762 26.6104
    endloop
  endfacet
  facet normal 0.249987 -0.258733 0.93304
    outer loop
      vertex 41.3205 10.691 26.5625
      vertex 39.8845 10.8762 26.9986
      vertex 39.8716 10.691 26.9507
    endloop
  endfacet
  facet normal -0.182971 0.707213 -0.682914
    outer loop
      vertex 41.819 9.79293 28.4228
      vertex 40.335 9.65735 28.68
      vertex 40.3701 9.79293 28.811
    endloop
  endfacet
  facet normal -0.182971 0.707213 -0.682914
    outer loop
      vertex 40.335 9.65735 28.68
      vertex 41.819 9.79293 28.4228
      vertex 41.7839 9.65735 28.2918
    endloop
  endfacet
  facet normal -0.212041 0.573402 -0.791359
    outer loop
      vertex 41.819 9.79293 28.4228
      vertex 40.3986 9.95 28.9172
      vertex 41.8474 9.95 28.529
    endloop
  endfacet
  facet normal -0.212011 0.573493 -0.791301
    outer loop
      vertex 40.3986 9.95 28.9172
      vertex 41.819 9.79293 28.4228
      vertex 40.3701 9.79293 28.811
    endloop
  endfacet
  facet normal 0.109448 -0.906221 0.408394
    outer loop
      vertex 40.0096 11.4526 27.4658
      vertex 41.5035 11.5337 27.2454
      vertex 40.0546 11.5337 27.6337
    endloop
  endfacet
  facet normal 0.109472 -0.90613 0.408587
    outer loop
      vertex 41.5035 11.5337 27.2454
      vertex 40.0096 11.4526 27.4658
      vertex 41.4585 11.4526 27.0776
    endloop
  endfacet
  facet normal 0.257809 -0.0874176 0.962233
    outer loop
      vertex 39.8716 10.691 26.9507
      vertex 41.3162 10.5 26.5463
      vertex 41.3205 10.691 26.5625
    endloop
  endfacet
  facet normal 0.257882 -0.0869176 0.962259
    outer loop
      vertex 41.3162 10.5 26.5463
      vertex 39.8716 10.691 26.9507
      vertex 39.8673 10.5 26.9346
    endloop
  endfacet
  facet normal -0.23454 0.422716 -0.875387
    outer loop
      vertex 41.8474 9.95 28.529
      vertex 40.4195 10.1238 28.9955
      vertex 41.8684 10.1238 28.6073
    endloop
  endfacet
  facet normal -0.234569 0.422606 -0.875433
    outer loop
      vertex 40.4195 10.1238 28.9955
      vertex 41.8474 9.95 28.529
      vertex 40.3986 9.95 28.9172
    endloop
  endfacet
  facet normal -0.257809 -0.0874176 -0.962233
    outer loop
      vertex 40.4367 10.5 29.0596
      vertex 41.8813 10.691 28.6552
      vertex 41.8856 10.5 28.6714
    endloop
  endfacet
  facet normal -0.257882 -0.0869176 -0.962259
    outer loop
      vertex 41.8813 10.691 28.6552
      vertex 40.4367 10.5 29.0596
      vertex 40.4324 10.691 29.0435
    endloop
  endfacet
  facet normal 0.182971 0.707213 0.682914
    outer loop
      vertex 41.4179 9.65735 26.9259
      vertex 39.9339 9.79293 27.1831
      vertex 39.969 9.65735 27.3141
    endloop
  endfacet
  facet normal 0.182971 0.707213 0.682914
    outer loop
      vertex 39.9339 9.79293 27.1831
      vertex 41.4179 9.65735 26.9259
      vertex 41.3828 9.79293 26.7949
    endloop
  endfacet
  facet normal 0.182917 -0.707422 0.682712
    outer loop
      vertex 39.9339 11.2071 27.1831
      vertex 41.4179 11.3426 26.9259
      vertex 39.969 11.3426 27.3141
    endloop
  endfacet
  facet normal 0.182917 -0.707422 0.682712
    outer loop
      vertex 41.4179 11.3426 26.9259
      vertex 39.9339 11.2071 27.1831
      vertex 41.3828 11.2071 26.7949
    endloop
  endfacet
  facet normal 0.249987 0.258733 0.93304
    outer loop
      vertex 41.3205 10.309 26.5625
      vertex 39.8845 10.1238 26.9986
      vertex 41.3334 10.1238 26.6104
    endloop
  endfacet
  facet normal 0.249987 0.258733 0.93304
    outer loop
      vertex 39.8845 10.1238 26.9986
      vertex 41.3205 10.309 26.5625
      vertex 39.8716 10.309 26.9507
    endloop
  endfacet
  facet normal 0.234553 0.422606 0.875437
    outer loop
      vertex 41.3334 10.1238 26.6104
      vertex 39.9054 9.95 27.0769
      vertex 41.3543 9.95 26.6887
    endloop
  endfacet
  facet normal 0.234553 0.422606 0.875437
    outer loop
      vertex 39.9054 9.95 27.0769
      vertex 41.3334 10.1238 26.6104
      vertex 39.8845 10.1238 26.9986
    endloop
  endfacet
  facet normal -0.257809 0.0874176 -0.962233
    outer loop
      vertex 41.8813 10.309 28.6552
      vertex 40.4367 10.5 29.0596
      vertex 41.8856 10.5 28.6714
    endloop
  endfacet
  facet normal -0.257882 0.0869176 -0.962259
    outer loop
      vertex 40.4367 10.5 29.0596
      vertex 41.8813 10.309 28.6552
      vertex 40.4324 10.309 29.0435
    endloop
  endfacet
  facet normal -0.0669673 -0.965958 -0.249881
    outer loop
      vertex 43.4367 11.5833 40.2557
      vertex 44.9335 11.5337 40.0463
      vertex 43.4846 11.5337 40.4346
    endloop
  endfacet
  facet normal -0.0669673 -0.965958 -0.249881
    outer loop
      vertex 44.9335 11.5337 40.0463
      vertex 43.4367 11.5833 40.2557
      vertex 44.8856 11.5833 39.8674
    endloop
  endfacet
  facet normal -0.0225332 -0.996204 -0.0840803
    outer loop
      vertex 43.3872 11.6 40.0711
      vertex 44.8856 11.5833 39.8674
      vertex 43.4367 11.5833 40.2557
    endloop
  endfacet
  facet normal -0.0225391 -0.9962 -0.0841239
    outer loop
      vertex 44.8856 11.5833 39.8674
      vertex 43.3872 11.6 40.0711
      vertex 44.8361 11.6 39.6829
    endloop
  endfacet
  facet normal -0.249996 -0.258608 -0.933073
    outer loop
      vertex 43.6676 10.691 41.1175
      vertex 45.1037 10.8762 40.6814
      vertex 45.1165 10.691 40.7293
    endloop
  endfacet
  facet normal -0.249996 -0.258608 -0.933073
    outer loop
      vertex 45.1037 10.8762 40.6814
      vertex 43.6676 10.691 41.1175
      vertex 43.6548 10.8762 41.0696
    endloop
  endfacet
  facet normal 0.0225421 -0.996199 0.0841352
    outer loop
      vertex 43.3378 11.5833 39.8866
      vertex 44.8361 11.6 39.6829
      vertex 43.3872 11.6 40.0711
    endloop
  endfacet
  facet normal 0.0225421 -0.996199 0.0841352
    outer loop
      vertex 44.8361 11.6 39.6829
      vertex 43.3378 11.5833 39.8866
      vertex 44.7867 11.5833 39.4984
    endloop
  endfacet
  facet normal 0.0669512 -0.965958 0.249886
    outer loop
      vertex 43.2899 11.5337 39.7077
      vertex 44.7867 11.5833 39.4984
      vertex 43.3378 11.5833 39.8866
    endloop
  endfacet
  facet normal 0.0669468 -0.965967 0.249852
    outer loop
      vertex 44.7867 11.5833 39.4984
      vertex 43.2899 11.5337 39.7077
      vertex 44.7387 11.5337 39.3195
    endloop
  endfacet
  facet normal -0.212025 -0.573419 -0.791351
    outer loop
      vertex 43.6338 11.05 40.9913
      vertex 45.0542 11.2071 40.4969
      vertex 45.0827 11.05 40.6031
    endloop
  endfacet
  facet normal -0.212025 -0.573419 -0.791351
    outer loop
      vertex 45.0542 11.2071 40.4969
      vertex 43.6338 11.05 40.9913
      vertex 43.6053 11.2071 40.8851
    endloop
  endfacet
  facet normal -0.109394 0.90627 -0.408298
    outer loop
      vertex 44.9785 9.54737 40.2142
      vertex 43.4846 9.46634 40.4346
      vertex 43.5296 9.54737 40.6024
    endloop
  endfacet
  facet normal -0.10937 0.90636 -0.408104
    outer loop
      vertex 43.4846 9.46634 40.4346
      vertex 44.9785 9.54737 40.2142
      vertex 44.9335 9.46634 40.0463
    endloop
  endfacet
  facet normal -0.109472 -0.90613 -0.408587
    outer loop
      vertex 43.4846 11.5337 40.4346
      vertex 44.9785 11.4526 40.2142
      vertex 43.5296 11.4526 40.6024
    endloop
  endfacet
  facet normal -0.109448 -0.906221 -0.408394
    outer loop
      vertex 44.9785 11.4526 40.2142
      vertex 43.4846 11.5337 40.4346
      vertex 44.9335 11.5337 40.0463
    endloop
  endfacet
  facet normal -0.0670051 0.965919 -0.250022
    outer loop
      vertex 44.9335 9.46634 40.0463
      vertex 43.4367 9.41671 40.2557
      vertex 43.4846 9.46634 40.4346
    endloop
  endfacet
  facet normal -0.0670051 0.965919 -0.250022
    outer loop
      vertex 43.4367 9.41671 40.2557
      vertex 44.9335 9.46634 40.0463
      vertex 44.8856 9.41671 39.8674
    endloop
  endfacet
  facet normal 0.148443 0.819147 0.554042
    outer loop
      vertex 44.6938 9.54737 39.1517
      vertex 43.2042 9.65735 39.3882
      vertex 43.2449 9.54737 39.5399
    endloop
  endfacet
  facet normal 0.148417 0.819313 0.553804
    outer loop
      vertex 43.2042 9.65735 39.3882
      vertex 44.6938 9.54737 39.1517
      vertex 44.6531 9.65735 38.9999
    endloop
  endfacet
  facet normal 0.148461 -0.819098 0.55411
    outer loop
      vertex 43.2042 11.3426 39.3882
      vertex 44.6938 11.4526 39.1517
      vertex 43.2449 11.4526 39.5399
    endloop
  endfacet
  facet normal 0.148436 -0.819264 0.553872
    outer loop
      vertex 44.6938 11.4526 39.1517
      vertex 43.2042 11.3426 39.3882
      vertex 44.6531 11.3426 38.9999
    endloop
  endfacet
  facet normal -0.249996 0.258608 -0.933073
    outer loop
      vertex 45.1037 10.1238 40.6814
      vertex 43.6676 10.309 41.1175
      vertex 45.1165 10.309 40.7293
    endloop
  endfacet
  facet normal -0.249996 0.258608 -0.933073
    outer loop
      vertex 43.6676 10.309 41.1175
      vertex 45.1037 10.1238 40.6814
      vertex 43.6548 10.1238 41.0696
    endloop
  endfacet
  facet normal 0.0225555 0.996195 0.0841852
    outer loop
      vertex 44.8361 9.4 39.6829
      vertex 43.3378 9.41671 39.8866
      vertex 43.3872 9.4 40.0711
    endloop
  endfacet
  facet normal 0.0225555 0.996195 0.0841852
    outer loop
      vertex 43.3378 9.41671 39.8866
      vertex 44.8361 9.4 39.6829
      vertex 44.7867 9.41671 39.4984
    endloop
  endfacet
  facet normal 0.066989 0.965919 0.250027
    outer loop
      vertex 44.7867 9.41671 39.4984
      vertex 43.2899 9.46634 39.7077
      vertex 43.3378 9.41671 39.8866
    endloop
  endfacet
  facet normal 0.0669846 0.965928 0.249993
    outer loop
      vertex 43.2899 9.46634 39.7077
      vertex 44.7867 9.41671 39.4984
      vertex 44.7387 9.46634 39.3195
    endloop
  endfacet
  facet normal 0.212028 0.573402 0.791362
    outer loop
      vertex 44.5896 9.95 38.7628
      vertex 43.1691 9.79293 39.2572
      vertex 44.618 9.79293 38.869
    endloop
  endfacet
  facet normal 0.212028 0.573402 0.791362
    outer loop
      vertex 43.1691 9.79293 39.2572
      vertex 44.5896 9.95 38.7628
      vertex 43.1407 9.95 39.151
    endloop
  endfacet
  facet normal 0.109401 0.90627 0.408296
    outer loop
      vertex 44.7387 9.46634 39.3195
      vertex 43.2449 9.54737 39.5399
      vertex 43.2899 9.46634 39.7077
    endloop
  endfacet
  facet normal 0.109408 0.906246 0.408348
    outer loop
      vertex 43.2449 9.54737 39.5399
      vertex 44.7387 9.46634 39.3195
      vertex 44.6938 9.54737 39.1517
    endloop
  endfacet
  facet normal 0.23454 -0.422716 0.875387
    outer loop
      vertex 43.1407 11.05 39.151
      vertex 44.5686 10.8762 38.6845
      vertex 44.5896 11.05 38.7628
    endloop
  endfacet
  facet normal 0.23454 -0.422716 0.875387
    outer loop
      vertex 44.5686 10.8762 38.6845
      vertex 43.1407 11.05 39.151
      vertex 43.1197 10.8762 39.0727
    endloop
  endfacet
  facet normal -0.23454 -0.422716 -0.875387
    outer loop
      vertex 43.6548 10.8762 41.0696
      vertex 45.0827 11.05 40.6031
      vertex 45.1037 10.8762 40.6814
    endloop
  endfacet
  facet normal -0.23454 -0.422716 -0.875387
    outer loop
      vertex 45.0827 11.05 40.6031
      vertex 43.6548 10.8762 41.0696
      vertex 43.6338 11.05 40.9913
    endloop
  endfacet
  facet normal -0.0225466 0.9962 -0.0841302
    outer loop
      vertex 44.8856 9.41671 39.8674
      vertex 43.3872 9.4 40.0711
      vertex 43.4367 9.41671 40.2557
    endloop
  endfacet
  facet normal -0.0225525 0.996196 -0.0841739
    outer loop
      vertex 43.3872 9.4 40.0711
      vertex 44.8856 9.41671 39.8674
      vertex 44.8361 9.4 39.6829
    endloop
  endfacet
  facet normal -0.148478 -0.819054 -0.554171
    outer loop
      vertex 43.5296 11.4526 40.6024
      vertex 45.0191 11.3426 40.3659
      vertex 43.5702 11.3426 40.7541
    endloop
  endfacet
  facet normal -0.148478 -0.819054 -0.554171
    outer loop
      vertex 45.0191 11.3426 40.3659
      vertex 43.5296 11.4526 40.6024
      vertex 44.9785 11.4526 40.2142
    endloop
  endfacet
  facet normal -0.182917 -0.707422 -0.682712
    outer loop
      vertex 43.5702 11.3426 40.7541
      vertex 45.0542 11.2071 40.4969
      vertex 43.6053 11.2071 40.8851
    endloop
  endfacet
  facet normal -0.182917 -0.707422 -0.682712
    outer loop
      vertex 45.0542 11.2071 40.4969
      vertex 43.5702 11.3426 40.7541
      vertex 45.0191 11.3426 40.3659
    endloop
  endfacet
  facet normal -0.148459 0.819103 -0.554103
    outer loop
      vertex 45.0191 9.65735 40.3659
      vertex 43.5296 9.54737 40.6024
      vertex 43.5702 9.65735 40.7541
    endloop
  endfacet
  facet normal -0.148459 0.819103 -0.554103
    outer loop
      vertex 43.5296 9.54737 40.6024
      vertex 45.0191 9.65735 40.3659
      vertex 44.9785 9.54737 40.2142
    endloop
  endfacet
  facet normal 0.257899 0.0869176 0.962254
    outer loop
      vertex 44.5514 10.5 38.6204
      vertex 43.1069 10.309 39.0248
      vertex 44.5557 10.309 38.6365
    endloop
  endfacet
  facet normal 0.257806 0.0875515 0.962222
    outer loop
      vertex 43.1069 10.309 39.0248
      vertex 44.5514 10.5 38.6204
      vertex 43.1025 10.5 39.0086
    endloop
  endfacet
  facet normal 0.249954 -0.259203 0.932918
    outer loop
      vertex 43.1197 10.8762 39.0727
      vertex 44.5557 10.691 38.6365
      vertex 44.5686 10.8762 38.6845
    endloop
  endfacet
  facet normal 0.250072 -0.258608 0.933052
    outer loop
      vertex 44.5557 10.691 38.6365
      vertex 43.1197 10.8762 39.0727
      vertex 43.1069 10.691 39.0248
    endloop
  endfacet
  facet normal -0.182971 0.707213 -0.682914
    outer loop
      vertex 45.0542 9.79293 40.4969
      vertex 43.5702 9.65735 40.7541
      vertex 43.6053 9.79293 40.8851
    endloop
  endfacet
  facet normal -0.182971 0.707213 -0.682914
    outer loop
      vertex 43.5702 9.65735 40.7541
      vertex 45.0542 9.79293 40.4969
      vertex 45.0191 9.65735 40.3659
    endloop
  endfacet
  facet normal -0.212011 0.573493 -0.791301
    outer loop
      vertex 45.0542 9.79293 40.4969
      vertex 43.6338 9.95 40.9913
      vertex 45.0827 9.95 40.6031
    endloop
  endfacet
  facet normal -0.212011 0.573493 -0.791301
    outer loop
      vertex 43.6338 9.95 40.9913
      vertex 45.0542 9.79293 40.4969
      vertex 43.6053 9.79293 40.8851
    endloop
  endfacet
  facet normal 0.109479 -0.90613 0.408585
    outer loop
      vertex 43.2449 11.4526 39.5399
      vertex 44.7387 11.5337 39.3195
      vertex 43.2899 11.5337 39.7077
    endloop
  endfacet
  facet normal 0.109485 -0.906106 0.408637
    outer loop
      vertex 44.7387 11.5337 39.3195
      vertex 43.2449 11.4526 39.5399
      vertex 44.6938 11.4526 39.1517
    endloop
  endfacet
  facet normal -0.23454 0.422716 -0.875387
    outer loop
      vertex 45.0827 9.95 40.6031
      vertex 43.6548 10.1238 41.0696
      vertex 45.1037 10.1238 40.6814
    endloop
  endfacet
  facet normal -0.23454 0.422716 -0.875387
    outer loop
      vertex 43.6548 10.1238 41.0696
      vertex 45.0827 9.95 40.6031
      vertex 43.6338 9.95 40.9913
    endloop
  endfacet
  facet normal -0.257882 -0.0869176 -0.962259
    outer loop
      vertex 43.6719 10.5 41.1337
      vertex 45.1165 10.691 40.7293
      vertex 45.1208 10.5 40.7454
    endloop
  endfacet
  facet normal -0.257809 -0.0874176 -0.962233
    outer loop
      vertex 45.1165 10.691 40.7293
      vertex 43.6719 10.5 41.1337
      vertex 43.6676 10.691 41.1175
    endloop
  endfacet
  facet normal 0.183015 0.707213 0.682902
    outer loop
      vertex 44.6531 9.65735 38.9999
      vertex 43.1691 9.79293 39.2572
      vertex 43.2042 9.65735 39.3882
    endloop
  endfacet
  facet normal 0.183036 0.706961 0.683157
    outer loop
      vertex 43.1691 9.79293 39.2572
      vertex 44.6531 9.65735 38.9999
      vertex 44.618 9.79293 38.869
    endloop
  endfacet
  facet normal 0.182961 -0.707422 0.6827
    outer loop
      vertex 43.1691 11.2071 39.2572
      vertex 44.6531 11.3426 38.9999
      vertex 43.2042 11.3426 39.3882
    endloop
  endfacet
  facet normal 0.182982 -0.70717 0.682955
    outer loop
      vertex 44.6531 11.3426 38.9999
      vertex 43.1691 11.2071 39.2572
      vertex 44.618 11.2071 38.869
    endloop
  endfacet
  facet normal 0.212041 -0.573329 0.791412
    outer loop
      vertex 43.1691 11.2071 39.2572
      vertex 44.5896 11.05 38.7628
      vertex 44.618 11.2071 38.869
    endloop
  endfacet
  facet normal 0.212041 -0.573329 0.791412
    outer loop
      vertex 44.5896 11.05 38.7628
      vertex 43.1691 11.2071 39.2572
      vertex 43.1407 11.05 39.151
    endloop
  endfacet
  facet normal 0.249954 0.259203 0.932918
    outer loop
      vertex 44.5557 10.309 38.6365
      vertex 43.1197 10.1238 39.0727
      vertex 44.5686 10.1238 38.6845
    endloop
  endfacet
  facet normal 0.250072 0.258608 0.933052
    outer loop
      vertex 43.1197 10.1238 39.0727
      vertex 44.5557 10.309 38.6365
      vertex 43.1069 10.309 39.0248
    endloop
  endfacet
  facet normal 0.23454 0.422716 0.875387
    outer loop
      vertex 44.5686 10.1238 38.6845
      vertex 43.1407 9.95 39.151
      vertex 44.5896 9.95 38.7628
    endloop
  endfacet
  facet normal 0.23454 0.422716 0.875387
    outer loop
      vertex 43.1407 9.95 39.151
      vertex 44.5686 10.1238 38.6845
      vertex 43.1197 10.1238 39.0727
    endloop
  endfacet
  facet normal -0.257882 0.0869176 -0.962259
    outer loop
      vertex 45.1165 10.309 40.7293
      vertex 43.6719 10.5 41.1337
      vertex 45.1208 10.5 40.7454
    endloop
  endfacet
  facet normal -0.257809 0.0874176 -0.962233
    outer loop
      vertex 43.6719 10.5 41.1337
      vertex 45.1165 10.309 40.7293
      vertex 43.6676 10.309 41.1175
    endloop
  endfacet
  facet normal 0.257899 -0.0869176 0.962254
    outer loop
      vertex 43.1069 10.691 39.0248
      vertex 44.5514 10.5 38.6204
      vertex 44.5557 10.691 38.6365
    endloop
  endfacet
  facet normal 0.257806 -0.0875515 0.962222
    outer loop
      vertex 44.5514 10.5 38.6204
      vertex 43.1069 10.691 39.0248
      vertex 43.1025 10.5 39.0086
    endloop
  endfacet
  facet normal 0.250024 -0.965919 -0.0669928
    outer loop
      vertex 41.4979 5.27043 33.0199
      vertex 42.5677 5.41644 34.9073
      vertex 42.0414 5.27043 35.0483
    endloop
  endfacet
  facet normal 0.250024 -0.965919 -0.0669928
    outer loop
      vertex 42.5677 5.41644 34.9073
      vertex 41.4979 5.27043 33.0199
      vertex 42.0242 5.41644 32.8789
    endloop
  endfacet
  facet normal 0.0841819 -0.996195 -0.0225561
    outer loop
      vertex 42.0242 5.41644 32.8789
      vertex 43.4903 5.5 34.6601
      vertex 42.5677 5.41644 34.9073
    endloop
  endfacet
  facet normal 0.0841893 -0.996194 -0.0225623
    outer loop
      vertex 43.4903 5.5 34.6601
      vertex 42.0242 5.41644 32.8789
      vertex 42.9467 5.5 32.6317
    endloop
  endfacet
  facet normal 0.0841819 0.996195 -0.0225561
    outer loop
      vertex 43.4903 -5.5 34.6601
      vertex 42.0242 -5.41644 32.8789
      vertex 42.5677 -5.41644 34.9073
    endloop
  endfacet
  facet normal 0.0841893 0.996194 -0.0225623
    outer loop
      vertex 42.0242 -5.41644 32.8789
      vertex 43.4903 -5.5 34.6601
      vertex 42.9467 -5.5 32.6317
    endloop
  endfacet
  facet normal 0.250024 0.965919 -0.0669928
    outer loop
      vertex 42.5677 -5.41644 34.9073
      vertex 41.4979 -5.27043 33.0199
      vertex 42.0414 -5.27043 35.0483
    endloop
  endfacet
  facet normal 0.250024 0.965919 -0.0669928
    outer loop
      vertex 41.4979 -5.27043 33.0199
      vertex 42.5677 -5.41644 34.9073
      vertex 42.0242 -5.41644 32.8789
    endloop
  endfacet
  facet normal 0.258861 -0.00030729 0.965914
    outer loop
      vertex 41.4979 5.27043 33.0199
      vertex 42.9467 5.5 32.6317
      vertex 42.0242 5.41644 32.8789
    endloop
  endfacet
  facet normal 0.258816 0 0.965927
    outer loop
      vertex 42.9467 5.5 32.6317
      vertex 41.4979 5.27043 33.0199
      vertex 42.9467 -5.5 32.6317
    endloop
  endfacet
  facet normal 0.258816 -0 0.965927
    outer loop
      vertex 41.4979 -5.27043 33.0199
      vertex 42.9467 -5.5 32.6317
      vertex 41.4979 5.27043 33.0199
    endloop
  endfacet
  facet normal 0.258861 0.00030729 0.965914
    outer loop
      vertex 42.9467 -5.5 32.6317
      vertex 41.4979 -5.27043 33.0199
      vertex 42.0242 -5.41644 32.8789
    endloop
  endfacet
  facet normal -0.258823 -0.000157135 -0.965925
    outer loop
      vertex 42.0414 -5.27043 35.0483
      vertex 43.4903 -5.5 34.6601
      vertex 42.5677 -5.41644 34.9073
    endloop
  endfacet
  facet normal -0.258799 0 -0.965931
    outer loop
      vertex 43.4903 -5.5 34.6601
      vertex 42.0414 -5.27043 35.0483
      vertex 43.4903 5.5 34.6601
    endloop
  endfacet
  facet normal -0.258799 -0 -0.965931
    outer loop
      vertex 42.0414 5.27043 35.0483
      vertex 43.4903 5.5 34.6601
      vertex 42.0414 -5.27043 35.0483
    endloop
  endfacet
  facet normal -0.258823 0.000157135 -0.965925
    outer loop
      vertex 43.4903 5.5 34.6601
      vertex 42.0414 5.27043 35.0483
      vertex 42.5677 5.41644 34.9073
    endloop
  endfacet
  facet normal 0 -1 0
    outer loop
      vertex 40.5 7.5 24.9
      vertex 40.6514 7.5 28.1221
      vertex 39.788 7.5 24.9
    endloop
  endfacet
  facet normal 0 -1 -0
    outer loop
      vertex 40.6514 7.5 28.1221
      vertex 40.5 7.5 24.9
      vertex 41.6656 7.5 27.8503
    endloop
  endfacet
  facet normal 0 -1 0
    outer loop
      vertex 41.6656 7.5 27.8503
      vertex 40.5 7.5 24.9
      vertex 40.5 7.5 23.5003
    endloop
  endfacet
  facet normal -0.25886 -4.74521e-19 -0.965915
    outer loop
      vertex 40.6514 -7.5 28.1221
      vertex 41.6656 7.5 27.8503
      vertex 41.6656 -7.5 27.8503
    endloop
  endfacet
  facet normal -0.25886 -4.74521e-19 -0.965915
    outer loop
      vertex 41.6656 7.5 27.8503
      vertex 40.6514 -7.5 28.1221
      vertex 40.6514 7.5 28.1221
    endloop
  endfacet
  facet normal 0 1 0
    outer loop
      vertex 41.6656 -7.5 27.8503
      vertex 40.5 -7.5 23.5003
      vertex 40.5 -7.5 24.9
    endloop
  endfacet
  facet normal 0 1 0
    outer loop
      vertex 40.5 -7.5 24.9
      vertex 40.6514 -7.5 28.1221
      vertex 41.6656 -7.5 27.8503
    endloop
  endfacet
  facet normal 0 1 0
    outer loop
      vertex 40.6514 -7.5 28.1221
      vertex 40.5 -7.5 24.9
      vertex 39.788 -7.5 24.9
    endloop
  endfacet
  facet normal 0.965923 0 -0.25883
    outer loop
      vertex 40.6514 -7.5 28.1221
      vertex 39.788 7.5 24.9
      vertex 40.6514 7.5 28.1221
    endloop
  endfacet
  facet normal 0.965923 0 -0.25883
    outer loop
      vertex 39.788 7.5 24.9
      vertex 40.6514 -7.5 28.1221
      vertex 39.788 -7.5 24.9
    endloop
  endfacet
  facet normal 1 -0 0
    outer loop
      vertex 40.5 -14 20.3981
      vertex 40.5 14 0.9
      vertex 40.5 14 20.3981
    endloop
  endfacet
  facet normal 1 0 0
    outer loop
      vertex 40.5 14 0.9
      vertex 40.5 -14 20.3981
      vertex 40.5 -14 0.9
    endloop
  endfacet
  facet normal 1 0 0
    outer loop
      vertex 40.5 -7.5 23.5003
      vertex 40.5 7.5 23.5003
      vertex 40.5 7.5 24.9
    endloop
  endfacet
  facet normal 1 0 0
    outer loop
      vertex 40.5 -7.5 23.5003
      vertex 40.5 7.5 24.9
      vertex 40.5 -7.5 24.9
    endloop
  endfacet
  facet normal 1 0 0
    outer loop
      vertex 40.5 7.5 23.5003
      vertex 40.5 -7.5 23.5003
      vertex 40.5 7.5 21.951
    endloop
  endfacet
  facet normal 1 0 0
    outer loop
      vertex 40.5 -7.5 23.5003
      vertex 40.5 -7.5 21.951
      vertex 40.5 7.5 21.951
    endloop
  endfacet
  facet normal 1 -0 0
    outer loop
      vertex 40.5 -12.5 23.5003
      vertex 40.5 -7.5 21.951
      vertex 40.5 -7.5 23.5003
    endloop
  endfacet
  facet normal 1 0 0
    outer loop
      vertex 40.5 -7.5 21.951
      vertex 40.5 -12.5 23.5003
      vertex 40.5 -12.5 21.951
    endloop
  endfacet
  facet normal 1 -0 0
    outer loop
      vertex 40.5 7.5 23.5003
      vertex 40.5 12.5 21.951
      vertex 40.5 12.5 23.5003
    endloop
  endfacet
  facet normal 1 0 0
    outer loop
      vertex 40.5 12.5 21.951
      vertex 40.5 7.5 23.5003
      vertex 40.5 7.5 21.951
    endloop
  endfacet
  facet normal -0 0 1
    outer loop
      vertex 37.5 14 24.9
      vertex 39.3221 -14 24.9
      vertex 39.3221 14 24.9
    endloop
  endfacet
  facet normal 0 0 1
    outer loop
      vertex 39.3221 -14 24.9
      vertex 37.5 14 24.9
      vertex 37.5 -14 24.9
    endloop
  endfacet
  facet normal -0 0 1
    outer loop
      vertex 39.788 7.5 24.9
      vertex 40.5 -7.5 24.9
      vertex 40.5 7.5 24.9
    endloop
  endfacet
  facet normal 0 0 1
    outer loop
      vertex 40.5 -7.5 24.9
      vertex 39.788 7.5 24.9
      vertex 39.788 -7.5 24.9
    endloop
  endfacet
  facet normal -1 0 0
    outer loop
      vertex 37.5 14 0.9
      vertex 37.5 10 16.6314
      vertex 37.5 14 16.6314
    endloop
  endfacet
  facet normal -1 0 0
    outer loop
      vertex 37.5 10 16.6314
      vertex 37.5 -10 16.6314
      vertex 37.5 10 21.8078
    endloop
  endfacet
  facet normal -1 0 0
    outer loop
      vertex 37.5 14 0.9
      vertex 37.5 -10 16.6314
      vertex 37.5 10 16.6314
    endloop
  endfacet
  facet normal -1 0 0
    outer loop
      vertex 37.5 -14 0.9
      vertex 37.5 -10 16.6314
      vertex 37.5 14 0.9
    endloop
  endfacet
  facet normal -1 -0 0
    outer loop
      vertex 37.5 -10 16.6314
      vertex 37.5 -14 0.9
      vertex 37.5 -14 16.6314
    endloop
  endfacet
  facet normal -1 0 0
    outer loop
      vertex 37.5 10 21.8078
      vertex 37.5 14 24.9
      vertex 37.5 14 21.8078
    endloop
  endfacet
  facet normal -1 0 0
    outer loop
      vertex 37.5 -10 21.8078
      vertex 37.5 10 21.8078
      vertex 37.5 -10 16.6314
    endloop
  endfacet
  facet normal -1 0 0
    outer loop
      vertex 37.5 10 21.8078
      vertex 37.5 -10 21.8078
      vertex 37.5 14 24.9
    endloop
  endfacet
  facet normal -1 0 0
    outer loop
      vertex 37.5 -14 24.9
      vertex 37.5 -10 21.8078
      vertex 37.5 -14 21.8078
    endloop
  endfacet
  facet normal -1 0 0
    outer loop
      vertex 37.5 -10 21.8078
      vertex 37.5 -14 24.9
      vertex 37.5 14 24.9
    endloop
  endfacet
endsolid OpenSCAD_Model
