solid OpenSCAD_Model
  facet normal -0.659349 0.751837 0
    outer loop
      vertex -32.1009 -18.8991 -0.7
      vertex -32.5041 -19.2527 1.4
      vertex -32.1009 -18.8991 1.4
    endloop
  endfacet
  facet normal -0.659349 0.751837 0
    outer loop
      vertex -32.5041 -19.2527 1.4
      vertex -32.1009 -18.8991 -0.7
      vertex -32.5041 -19.2527 -0.7
    endloop
  endfacet
  facet normal 0.751837 0.659349 -9.64638e-18
    outer loop
      vertex -37.8991 -18.8991 1.4
      vertex -38.2527 -18.4959 -0.7
      vertex -38.2527 -18.4959 1.4
    endloop
  endfacet
  facet normal 0.751837 0.659349 -9.64638e-18
    outer loop
      vertex -38.2527 -18.4959 -0.7
      vertex -37.8991 -18.8991 1.4
      vertex -37.8991 -18.8991 -0.7
    endloop
  endfacet
  facet normal -0.980795 -0.19504 1.71953e-18
    outer loop
      vertex -30.9351 -15.4648 -0.7
      vertex -31.0397 -14.9388 1.4
      vertex -31.0397 -14.9388 -0.7
    endloop
  endfacet
  facet normal -0.980795 -0.19504 1.71953e-18
    outer loop
      vertex -31.0397 -14.9388 1.4
      vertex -30.9351 -15.4648 -0.7
      vertex -30.9351 -15.4648 1.4
    endloop
  endfacet
  facet normal -0.997856 -0.0654424 9.44872e-19
    outer loop
      vertex -30.9 -16 -0.7
      vertex -30.9351 -15.4648 1.4
      vertex -30.9351 -15.4648 -0.7
    endloop
  endfacet
  facet normal -0.997856 -0.0654424 9.44872e-19
    outer loop
      vertex -30.9351 -15.4648 1.4
      vertex -30.9 -16 -0.7
      vertex -30.9 -16 1.4
    endloop
  endfacet
  facet normal 0.19504 -0.980795 0
    outer loop
      vertex -36.0612 -12.0397 -0.7
      vertex -35.5352 -11.9351 1.4
      vertex -36.0612 -12.0397 1.4
    endloop
  endfacet
  facet normal 0.19504 -0.980795 0
    outer loop
      vertex -35.5352 -11.9351 1.4
      vertex -36.0612 -12.0397 -0.7
      vertex -35.5352 -11.9351 -0.7
    endloop
  endfacet
  facet normal 0.321481 0.946916 -0
    outer loop
      vertex -36.0612 -19.9603 -0.7
      vertex -36.569 -19.7879 1.4
      vertex -36.0612 -19.9603 1.4
    endloop
  endfacet
  facet normal 0.321481 0.946916 0
    outer loop
      vertex -36.569 -19.7879 1.4
      vertex -36.0612 -19.9603 -0.7
      vertex -36.569 -19.7879 -0.7
    endloop
  endfacet
  facet normal -0.980795 0.19504 -1.71953e-18
    outer loop
      vertex -31.0397 -17.0612 -0.7
      vertex -30.9351 -16.5352 1.4
      vertex -30.9351 -16.5352 -0.7
    endloop
  endfacet
  facet normal -0.980795 0.19504 -1.71953e-18
    outer loop
      vertex -30.9351 -16.5352 1.4
      vertex -31.0397 -17.0612 -0.7
      vertex -31.0397 -17.0612 1.4
    endloop
  endfacet
  facet normal -0.751745 -0.659454 9.55581e-18
    outer loop
      vertex -31.7472 -13.5041 -0.7
      vertex -32.1009 -13.1009 1.4
      vertex -32.1009 -13.1009 -0.7
    endloop
  endfacet
  facet normal -0.751745 -0.659454 9.55581e-18
    outer loop
      vertex -32.1009 -13.1009 1.4
      vertex -31.7472 -13.5041 -0.7
      vertex -31.7472 -13.5041 1.4
    endloop
  endfacet
  facet normal -0.555646 0.831419 0
    outer loop
      vertex -32.5041 -19.2527 -0.7
      vertex -32.95 -19.5507 1.4
      vertex -32.5041 -19.2527 1.4
    endloop
  endfacet
  facet normal -0.555646 0.831419 0
    outer loop
      vertex -32.95 -19.5507 1.4
      vertex -32.5041 -19.2527 -0.7
      vertex -32.95 -19.5507 -0.7
    endloop
  endfacet
  facet normal -0.751745 0.659454 6.13639e-18
    outer loop
      vertex -32.1009 -18.8991 -0.7
      vertex -31.7472 -18.4959 1.4
      vertex -31.7472 -18.4959 -0.7
    endloop
  endfacet
  facet normal -0.751745 0.659454 6.13639e-18
    outer loop
      vertex -31.7472 -18.4959 1.4
      vertex -32.1009 -18.8991 -0.7
      vertex -32.1009 -18.8991 1.4
    endloop
  endfacet
  facet normal 0.0654424 -0.997856 0
    outer loop
      vertex -35.5352 -11.9351 -0.7
      vertex -35 -11.9 1.4
      vertex -35.5352 -11.9351 1.4
    endloop
  endfacet
  facet normal 0.0654424 -0.997856 0
    outer loop
      vertex -35 -11.9 1.4
      vertex -35.5352 -11.9351 -0.7
      vertex -35 -11.9 -0.7
    endloop
  endfacet
  facet normal -0.946916 0.321481 1.36419e-18
    outer loop
      vertex -31.2121 -17.569 -0.7
      vertex -31.0397 -17.0612 1.4
      vertex -31.0397 -17.0612 -0.7
    endloop
  endfacet
  facet normal -0.946916 0.321481 1.36419e-18
    outer loop
      vertex -31.0397 -17.0612 1.4
      vertex -31.2121 -17.569 -0.7
      vertex -31.2121 -17.569 1.4
    endloop
  endfacet
  facet normal 0.980795 0.19504 -2.02757e-19
    outer loop
      vertex -38.9603 -17.0612 1.4
      vertex -39.0649 -16.5352 -0.7
      vertex -39.0649 -16.5352 1.4
    endloop
  endfacet
  facet normal 0.980795 0.19504 -2.02757e-19
    outer loop
      vertex -39.0649 -16.5352 -0.7
      vertex -38.9603 -17.0612 1.4
      vertex -38.9603 -17.0612 -0.7
    endloop
  endfacet
  facet normal -0.19504 0.980795 0
    outer loop
      vertex -33.9388 -19.9603 -0.7
      vertex -34.4648 -20.0649 1.4
      vertex -33.9388 -19.9603 1.4
    endloop
  endfacet
  facet normal -0.19504 0.980795 0
    outer loop
      vertex -34.4648 -20.0649 1.4
      vertex -33.9388 -19.9603 -0.7
      vertex -34.4648 -20.0649 -0.7
    endloop
  endfacet
  facet normal -0.659349 -0.751837 0
    outer loop
      vertex -32.5041 -12.7473 -0.7
      vertex -32.1009 -13.1009 1.4
      vertex -32.5041 -12.7473 1.4
    endloop
  endfacet
  facet normal -0.659349 -0.751837 -0
    outer loop
      vertex -32.1009 -13.1009 1.4
      vertex -32.5041 -12.7473 -0.7
      vertex -32.1009 -13.1009 -0.7
    endloop
  endfacet
  facet normal -0.442284 -0.896875 0
    outer loop
      vertex -33.431 -12.2121 -0.7
      vertex -32.95 -12.4493 1.4
      vertex -33.431 -12.2121 1.4
    endloop
  endfacet
  facet normal -0.442284 -0.896875 -0
    outer loop
      vertex -32.95 -12.4493 1.4
      vertex -33.431 -12.2121 -0.7
      vertex -32.95 -12.4493 -0.7
    endloop
  endfacet
  facet normal 0.0654424 0.997856 -0
    outer loop
      vertex -35 -20.1 -0.7
      vertex -35.5352 -20.0649 1.4
      vertex -35 -20.1 1.4
    endloop
  endfacet
  facet normal 0.0654424 0.997856 0
    outer loop
      vertex -35.5352 -20.0649 1.4
      vertex -35 -20.1 -0.7
      vertex -35.5352 -20.0649 -0.7
    endloop
  endfacet
  facet normal 0.831419 0.555646 7.72587e-18
    outer loop
      vertex -38.2527 -18.4959 1.4
      vertex -38.5507 -18.05 -0.7
      vertex -38.5507 -18.05 1.4
    endloop
  endfacet
  facet normal 0.831419 0.555646 7.72587e-18
    outer loop
      vertex -38.5507 -18.05 -0.7
      vertex -38.2527 -18.4959 1.4
      vertex -38.2527 -18.4959 -0.7
    endloop
  endfacet
  facet normal 0.442284 -0.896875 0
    outer loop
      vertex -37.05 -12.4493 -0.7
      vertex -36.569 -12.2121 1.4
      vertex -37.05 -12.4493 1.4
    endloop
  endfacet
  facet normal 0.442284 -0.896875 0
    outer loop
      vertex -36.569 -12.2121 1.4
      vertex -37.05 -12.4493 -0.7
      vertex -36.569 -12.2121 -0.7
    endloop
  endfacet
  facet normal 0.555646 -0.831419 0
    outer loop
      vertex -37.4959 -12.7473 -0.7
      vertex -37.05 -12.4493 1.4
      vertex -37.4959 -12.7473 1.4
    endloop
  endfacet
  facet normal 0.555646 -0.831419 0
    outer loop
      vertex -37.05 -12.4493 1.4
      vertex -37.4959 -12.7473 -0.7
      vertex -37.05 -12.4493 -0.7
    endloop
  endfacet
  facet normal 0.896875 0.442284 4.6385e-18
    outer loop
      vertex -38.5507 -18.05 1.4
      vertex -38.7879 -17.569 -0.7
      vertex -38.7879 -17.569 1.4
    endloop
  endfacet
  facet normal 0.896875 0.442284 4.6385e-18
    outer loop
      vertex -38.7879 -17.569 -0.7
      vertex -38.5507 -18.05 1.4
      vertex -38.5507 -18.05 -0.7
    endloop
  endfacet
  facet normal -0.0654424 0.997856 0
    outer loop
      vertex -34.4648 -20.0649 -0.7
      vertex -35 -20.1 1.4
      vertex -34.4648 -20.0649 1.4
    endloop
  endfacet
  facet normal -0.0654424 0.997856 0
    outer loop
      vertex -35 -20.1 1.4
      vertex -34.4648 -20.0649 -0.7
      vertex -35 -20.1 -0.7
    endloop
  endfacet
  facet normal -0.321481 -0.946916 0
    outer loop
      vertex -33.9388 -12.0397 -0.7
      vertex -33.431 -12.2121 1.4
      vertex -33.9388 -12.0397 1.4
    endloop
  endfacet
  facet normal -0.321481 -0.946916 -0
    outer loop
      vertex -33.431 -12.2121 1.4
      vertex -33.9388 -12.0397 -0.7
      vertex -33.431 -12.2121 -0.7
    endloop
  endfacet
  facet normal 0.555646 0.831419 -0
    outer loop
      vertex -37.05 -19.5507 -0.7
      vertex -37.4959 -19.2527 1.4
      vertex -37.05 -19.5507 1.4
    endloop
  endfacet
  facet normal 0.555646 0.831419 0
    outer loop
      vertex -37.4959 -19.2527 1.4
      vertex -37.05 -19.5507 -0.7
      vertex -37.4959 -19.2527 -0.7
    endloop
  endfacet
  facet normal -0.831505 -0.555518 4.33201e-18
    outer loop
      vertex -31.4493 -13.95 -0.7
      vertex -31.7472 -13.5041 1.4
      vertex -31.7472 -13.5041 -0.7
    endloop
  endfacet
  facet normal -0.831505 -0.555518 4.33201e-18
    outer loop
      vertex -31.7472 -13.5041 1.4
      vertex -31.4493 -13.95 -0.7
      vertex -31.4493 -13.95 1.4
    endloop
  endfacet
  facet normal 0 0 1
    outer loop
      vertex -30.9351 -15.4648 -0.7
      vertex -30.9351 -16.5352 -0.7
      vertex -30.9 -16 -0.7
    endloop
  endfacet
  facet normal 0 0 1
    outer loop
      vertex -31.0397 -14.9388 -0.7
      vertex -30.9351 -16.5352 -0.7
      vertex -30.9351 -15.4648 -0.7
    endloop
  endfacet
  facet normal 0 0 1
    outer loop
      vertex -31.0397 -14.9388 -0.7
      vertex -31.0397 -17.0612 -0.7
      vertex -30.9351 -16.5352 -0.7
    endloop
  endfacet
  facet normal 0 0 1
    outer loop
      vertex -31.2121 -14.431 -0.7
      vertex -31.0397 -17.0612 -0.7
      vertex -31.0397 -14.9388 -0.7
    endloop
  endfacet
  facet normal 0 0 1
    outer loop
      vertex -31.2121 -14.431 -0.7
      vertex -31.2121 -17.569 -0.7
      vertex -31.0397 -17.0612 -0.7
    endloop
  endfacet
  facet normal 0 0 1
    outer loop
      vertex -31.4493 -13.95 -0.7
      vertex -31.2121 -17.569 -0.7
      vertex -31.2121 -14.431 -0.7
    endloop
  endfacet
  facet normal 0 0 1
    outer loop
      vertex -31.4493 -13.95 -0.7
      vertex -31.4493 -18.05 -0.7
      vertex -31.2121 -17.569 -0.7
    endloop
  endfacet
  facet normal 0 0 1
    outer loop
      vertex -31.7472 -13.5041 -0.7
      vertex -31.4493 -18.05 -0.7
      vertex -31.4493 -13.95 -0.7
    endloop
  endfacet
  facet normal 0 0 1
    outer loop
      vertex -31.7472 -13.5041 -0.7
      vertex -31.7472 -18.4959 -0.7
      vertex -31.4493 -18.05 -0.7
    endloop
  endfacet
  facet normal 0 0 1
    outer loop
      vertex -32.1009 -13.1009 -0.7
      vertex -31.7472 -18.4959 -0.7
      vertex -31.7472 -13.5041 -0.7
    endloop
  endfacet
  facet normal 0 0 1
    outer loop
      vertex -32.1009 -13.1009 -0.7
      vertex -32.1009 -18.8991 -0.7
      vertex -31.7472 -18.4959 -0.7
    endloop
  endfacet
  facet normal 0 0 1
    outer loop
      vertex -32.5041 -12.7473 -0.7
      vertex -32.1009 -18.8991 -0.7
      vertex -32.1009 -13.1009 -0.7
    endloop
  endfacet
  facet normal 0 0 1
    outer loop
      vertex -32.5041 -12.7473 -0.7
      vertex -32.5041 -19.2527 -0.7
      vertex -32.1009 -18.8991 -0.7
    endloop
  endfacet
  facet normal 0 0 1
    outer loop
      vertex -32.95 -12.4493 -0.7
      vertex -32.5041 -19.2527 -0.7
      vertex -32.5041 -12.7473 -0.7
    endloop
  endfacet
  facet normal 0 0 1
    outer loop
      vertex -32.95 -12.4493 -0.7
      vertex -32.95 -19.5507 -0.7
      vertex -32.5041 -19.2527 -0.7
    endloop
  endfacet
  facet normal 0 0 1
    outer loop
      vertex -33.431 -12.2121 -0.7
      vertex -32.95 -19.5507 -0.7
      vertex -32.95 -12.4493 -0.7
    endloop
  endfacet
  facet normal 0 0 1
    outer loop
      vertex -33.431 -12.2121 -0.7
      vertex -33.431 -19.7879 -0.7
      vertex -32.95 -19.5507 -0.7
    endloop
  endfacet
  facet normal 0 0 1
    outer loop
      vertex -33.9388 -12.0397 -0.7
      vertex -33.431 -19.7879 -0.7
      vertex -33.431 -12.2121 -0.7
    endloop
  endfacet
  facet normal 0 0 1
    outer loop
      vertex -33.9388 -12.0397 -0.7
      vertex -33.9388 -19.9603 -0.7
      vertex -33.431 -19.7879 -0.7
    endloop
  endfacet
  facet normal 0 0 1
    outer loop
      vertex -34.4648 -11.9351 -0.7
      vertex -33.9388 -19.9603 -0.7
      vertex -33.9388 -12.0397 -0.7
    endloop
  endfacet
  facet normal 0 0 1
    outer loop
      vertex -34.4648 -11.9351 -0.7
      vertex -34.4648 -20.0649 -0.7
      vertex -33.9388 -19.9603 -0.7
    endloop
  endfacet
  facet normal 0 0 1
    outer loop
      vertex -35 -11.9 -0.7
      vertex -34.4648 -20.0649 -0.7
      vertex -34.4648 -11.9351 -0.7
    endloop
  endfacet
  facet normal 0 0 1
    outer loop
      vertex -35 -11.9 -0.7
      vertex -35 -20.1 -0.7
      vertex -34.4648 -20.0649 -0.7
    endloop
  endfacet
  facet normal -0 0 1
    outer loop
      vertex -35.5352 -11.9351 -0.7
      vertex -35 -20.1 -0.7
      vertex -35 -11.9 -0.7
    endloop
  endfacet
  facet normal 0 0 1
    outer loop
      vertex -35.5352 -11.9351 -0.7
      vertex -35.5352 -20.0649 -0.7
      vertex -35 -20.1 -0.7
    endloop
  endfacet
  facet normal -0 0 1
    outer loop
      vertex -36.0612 -12.0397 -0.7
      vertex -35.5352 -20.0649 -0.7
      vertex -35.5352 -11.9351 -0.7
    endloop
  endfacet
  facet normal 0 0 1
    outer loop
      vertex -36.0612 -12.0397 -0.7
      vertex -36.0612 -19.9603 -0.7
      vertex -35.5352 -20.0649 -0.7
    endloop
  endfacet
  facet normal -0 0 1
    outer loop
      vertex -36.569 -12.2121 -0.7
      vertex -36.0612 -19.9603 -0.7
      vertex -36.0612 -12.0397 -0.7
    endloop
  endfacet
  facet normal 0 0 1
    outer loop
      vertex -36.569 -12.2121 -0.7
      vertex -36.569 -19.7879 -0.7
      vertex -36.0612 -19.9603 -0.7
    endloop
  endfacet
  facet normal -0 0 1
    outer loop
      vertex -37.05 -12.4493 -0.7
      vertex -36.569 -19.7879 -0.7
      vertex -36.569 -12.2121 -0.7
    endloop
  endfacet
  facet normal 0 0 1
    outer loop
      vertex -37.05 -12.4493 -0.7
      vertex -37.05 -19.5507 -0.7
      vertex -36.569 -19.7879 -0.7
    endloop
  endfacet
  facet normal -0 0 1
    outer loop
      vertex -37.4959 -12.7473 -0.7
      vertex -37.05 -19.5507 -0.7
      vertex -37.05 -12.4493 -0.7
    endloop
  endfacet
  facet normal 0 0 1
    outer loop
      vertex -37.4959 -12.7473 -0.7
      vertex -37.4959 -19.2527 -0.7
      vertex -37.05 -19.5507 -0.7
    endloop
  endfacet
  facet normal -0 0 1
    outer loop
      vertex -37.8991 -13.1009 -0.7
      vertex -37.4959 -19.2527 -0.7
      vertex -37.4959 -12.7473 -0.7
    endloop
  endfacet
  facet normal 0 0 1
    outer loop
      vertex -37.8991 -13.1009 -0.7
      vertex -37.8991 -18.8991 -0.7
      vertex -37.4959 -19.2527 -0.7
    endloop
  endfacet
  facet normal -0 0 1
    outer loop
      vertex -38.2527 -13.5041 -0.7
      vertex -37.8991 -18.8991 -0.7
      vertex -37.8991 -13.1009 -0.7
    endloop
  endfacet
  facet normal 0 0 1
    outer loop
      vertex -38.2527 -13.5041 -0.7
      vertex -38.2527 -18.4959 -0.7
      vertex -37.8991 -18.8991 -0.7
    endloop
  endfacet
  facet normal -0 0 1
    outer loop
      vertex -38.5507 -13.95 -0.7
      vertex -38.2527 -18.4959 -0.7
      vertex -38.2527 -13.5041 -0.7
    endloop
  endfacet
  facet normal 0 0 1
    outer loop
      vertex -38.5507 -13.95 -0.7
      vertex -38.5507 -18.05 -0.7
      vertex -38.2527 -18.4959 -0.7
    endloop
  endfacet
  facet normal -0 0 1
    outer loop
      vertex -38.7879 -14.431 -0.7
      vertex -38.5507 -18.05 -0.7
      vertex -38.5507 -13.95 -0.7
    endloop
  endfacet
  facet normal 0 0 1
    outer loop
      vertex -38.7879 -14.431 -0.7
      vertex -38.7879 -17.569 -0.7
      vertex -38.5507 -18.05 -0.7
    endloop
  endfacet
  facet normal -0 0 1
    outer loop
      vertex -38.9603 -14.9388 -0.7
      vertex -38.7879 -17.569 -0.7
      vertex -38.7879 -14.431 -0.7
    endloop
  endfacet
  facet normal 0 0 1
    outer loop
      vertex -38.9603 -14.9388 -0.7
      vertex -38.9603 -17.0612 -0.7
      vertex -38.7879 -17.569 -0.7
    endloop
  endfacet
  facet normal -0 0 1
    outer loop
      vertex -39.0649 -15.4648 -0.7
      vertex -38.9603 -17.0612 -0.7
      vertex -38.9603 -14.9388 -0.7
    endloop
  endfacet
  facet normal 0 0 1
    outer loop
      vertex -39.0649 -15.4648 -0.7
      vertex -39.0649 -16.5352 -0.7
      vertex -38.9603 -17.0612 -0.7
    endloop
  endfacet
  facet normal 0 -0 1
    outer loop
      vertex -39.0649 -16.5352 -0.7
      vertex -39.0649 -15.4648 -0.7
      vertex -39.1 -16 -0.7
    endloop
  endfacet
  facet normal -0.896875 -0.442284 -3.22798e-18
    outer loop
      vertex -31.2121 -14.431 -0.7
      vertex -31.4493 -13.95 1.4
      vertex -31.4493 -13.95 -0.7
    endloop
  endfacet
  facet normal -0.896875 -0.442284 -3.22798e-18
    outer loop
      vertex -31.4493 -13.95 1.4
      vertex -31.2121 -14.431 -0.7
      vertex -31.2121 -14.431 1.4
    endloop
  endfacet
  facet normal 0.659349 -0.751837 0
    outer loop
      vertex -37.8991 -13.1009 -0.7
      vertex -37.4959 -12.7473 1.4
      vertex -37.8991 -13.1009 1.4
    endloop
  endfacet
  facet normal 0.659349 -0.751837 0
    outer loop
      vertex -37.4959 -12.7473 1.4
      vertex -37.8991 -13.1009 -0.7
      vertex -37.4959 -12.7473 -0.7
    endloop
  endfacet
  facet normal 0.997856 -0.0654424 -9.44872e-19
    outer loop
      vertex -39.1 -16 1.4
      vertex -39.0649 -15.4648 -0.7
      vertex -39.0649 -15.4648 1.4
    endloop
  endfacet
  facet normal 0.997856 -0.0654424 -9.44872e-19
    outer loop
      vertex -39.0649 -15.4648 -0.7
      vertex -39.1 -16 1.4
      vertex -39.1 -16 -0.7
    endloop
  endfacet
  facet normal -0.896875 0.442284 -4.6385e-18
    outer loop
      vertex -31.4493 -18.05 -0.7
      vertex -31.2121 -17.569 1.4
      vertex -31.2121 -17.569 -0.7
    endloop
  endfacet
  facet normal -0.896875 0.442284 -4.6385e-18
    outer loop
      vertex -31.2121 -17.569 1.4
      vertex -31.4493 -18.05 -0.7
      vertex -31.4493 -18.05 1.4
    endloop
  endfacet
  facet normal 0.321481 -0.946916 0
    outer loop
      vertex -36.569 -12.2121 -0.7
      vertex -36.0612 -12.0397 1.4
      vertex -36.569 -12.2121 1.4
    endloop
  endfacet
  facet normal 0.321481 -0.946916 0
    outer loop
      vertex -36.0612 -12.0397 1.4
      vertex -36.569 -12.2121 -0.7
      vertex -36.0612 -12.0397 -0.7
    endloop
  endfacet
  facet normal 0.980795 -0.19504 2.02757e-19
    outer loop
      vertex -39.0649 -15.4648 1.4
      vertex -38.9603 -14.9388 -0.7
      vertex -38.9603 -14.9388 1.4
    endloop
  endfacet
  facet normal 0.980795 -0.19504 2.02757e-19
    outer loop
      vertex -38.9603 -14.9388 -0.7
      vertex -39.0649 -15.4648 1.4
      vertex -39.0649 -15.4648 -0.7
    endloop
  endfacet
  facet normal 0.19504 0.980795 -0
    outer loop
      vertex -35.5352 -20.0649 -0.7
      vertex -36.0612 -19.9603 1.4
      vertex -35.5352 -20.0649 1.4
    endloop
  endfacet
  facet normal 0.19504 0.980795 0
    outer loop
      vertex -36.0612 -19.9603 1.4
      vertex -35.5352 -20.0649 -0.7
      vertex -36.0612 -19.9603 -0.7
    endloop
  endfacet
  facet normal -0.321481 0.946916 0
    outer loop
      vertex -33.431 -19.7879 -0.7
      vertex -33.9388 -19.9603 1.4
      vertex -33.431 -19.7879 1.4
    endloop
  endfacet
  facet normal -0.321481 0.946916 0
    outer loop
      vertex -33.9388 -19.9603 1.4
      vertex -33.431 -19.7879 -0.7
      vertex -33.9388 -19.9603 -0.7
    endloop
  endfacet
  facet normal 0.946916 0.321481 -1.40363e-18
    outer loop
      vertex -38.7879 -17.569 1.4
      vertex -38.9603 -17.0612 -0.7
      vertex -38.9603 -17.0612 1.4
    endloop
  endfacet
  facet normal 0.946916 0.321481 -1.40363e-18
    outer loop
      vertex -38.9603 -17.0612 -0.7
      vertex -38.7879 -17.569 1.4
      vertex -38.7879 -17.569 -0.7
    endloop
  endfacet
  facet normal -0.997856 0.0654424 -9.44872e-19
    outer loop
      vertex -30.9351 -16.5352 -0.7
      vertex -30.9 -16 1.4
      vertex -30.9 -16 -0.7
    endloop
  endfacet
  facet normal -0.997856 0.0654424 -9.44872e-19
    outer loop
      vertex -30.9 -16 1.4
      vertex -30.9351 -16.5352 -0.7
      vertex -30.9351 -16.5352 1.4
    endloop
  endfacet
  facet normal -0.555646 -0.831419 0
    outer loop
      vertex -32.95 -12.4493 -0.7
      vertex -32.5041 -12.7473 1.4
      vertex -32.95 -12.4493 1.4
    endloop
  endfacet
  facet normal -0.555646 -0.831419 -0
    outer loop
      vertex -32.5041 -12.7473 1.4
      vertex -32.95 -12.4493 -0.7
      vertex -32.5041 -12.7473 -0.7
    endloop
  endfacet
  facet normal 0.946916 -0.321481 2.23174e-18
    outer loop
      vertex -38.9603 -14.9388 1.4
      vertex -38.7879 -14.431 -0.7
      vertex -38.7879 -14.431 1.4
    endloop
  endfacet
  facet normal 0.946916 -0.321481 2.23174e-18
    outer loop
      vertex -38.7879 -14.431 -0.7
      vertex -38.9603 -14.9388 1.4
      vertex -38.9603 -14.9388 -0.7
    endloop
  endfacet
  facet normal -0.19504 -0.980795 0
    outer loop
      vertex -34.4648 -11.9351 -0.7
      vertex -33.9388 -12.0397 1.4
      vertex -34.4648 -11.9351 1.4
    endloop
  endfacet
  facet normal -0.19504 -0.980795 -0
    outer loop
      vertex -33.9388 -12.0397 1.4
      vertex -34.4648 -11.9351 -0.7
      vertex -33.9388 -12.0397 -0.7
    endloop
  endfacet
  facet normal -0.442284 0.896875 0
    outer loop
      vertex -32.95 -19.5507 -0.7
      vertex -33.431 -19.7879 1.4
      vertex -32.95 -19.5507 1.4
    endloop
  endfacet
  facet normal -0.442284 0.896875 0
    outer loop
      vertex -33.431 -19.7879 1.4
      vertex -32.95 -19.5507 -0.7
      vertex -33.431 -19.7879 -0.7
    endloop
  endfacet
  facet normal 0.896875 -0.442284 3.22798e-18
    outer loop
      vertex -38.7879 -14.431 1.4
      vertex -38.5507 -13.95 -0.7
      vertex -38.5507 -13.95 1.4
    endloop
  endfacet
  facet normal 0.896875 -0.442284 3.22798e-18
    outer loop
      vertex -38.5507 -13.95 -0.7
      vertex -38.7879 -14.431 1.4
      vertex -38.7879 -14.431 -0.7
    endloop
  endfacet
  facet normal -0.946916 -0.321481 -2.1923e-18
    outer loop
      vertex -31.0397 -14.9388 -0.7
      vertex -31.2121 -14.431 1.4
      vertex -31.2121 -14.431 -0.7
    endloop
  endfacet
  facet normal -0.946916 -0.321481 -2.1923e-18
    outer loop
      vertex -31.2121 -14.431 1.4
      vertex -31.0397 -14.9388 -0.7
      vertex -31.0397 -14.9388 1.4
    endloop
  endfacet
  facet normal -0.831505 0.555518 -5.94883e-18
    outer loop
      vertex -31.7472 -18.4959 -0.7
      vertex -31.4493 -18.05 1.4
      vertex -31.4493 -18.05 -0.7
    endloop
  endfacet
  facet normal -0.831505 0.555518 -5.94883e-18
    outer loop
      vertex -31.4493 -18.05 1.4
      vertex -31.7472 -18.4959 -0.7
      vertex -31.7472 -18.4959 1.4
    endloop
  endfacet
  facet normal 0.997856 0.0654424 9.44872e-19
    outer loop
      vertex -39.0649 -16.5352 1.4
      vertex -39.1 -16 -0.7
      vertex -39.1 -16 1.4
    endloop
  endfacet
  facet normal 0.997856 0.0654424 9.44872e-19
    outer loop
      vertex -39.1 -16 -0.7
      vertex -39.0649 -16.5352 1.4
      vertex -39.0649 -16.5352 -0.7
    endloop
  endfacet
  facet normal -0.0654424 -0.997856 0
    outer loop
      vertex -35 -11.9 -0.7
      vertex -34.4648 -11.9351 1.4
      vertex -35 -11.9 1.4
    endloop
  endfacet
  facet normal -0.0654424 -0.997856 -0
    outer loop
      vertex -34.4648 -11.9351 1.4
      vertex -35 -11.9 -0.7
      vertex -34.4648 -11.9351 -0.7
    endloop
  endfacet
  facet normal 0.831419 -0.555646 -5.95149e-18
    outer loop
      vertex -38.5507 -13.95 1.4
      vertex -38.2527 -13.5041 -0.7
      vertex -38.2527 -13.5041 1.4
    endloop
  endfacet
  facet normal 0.831419 -0.555646 -5.95149e-18
    outer loop
      vertex -38.2527 -13.5041 -0.7
      vertex -38.5507 -13.95 1.4
      vertex -38.5507 -13.95 -0.7
    endloop
  endfacet
  facet normal 0.442284 0.896875 -0
    outer loop
      vertex -36.569 -19.7879 -0.7
      vertex -37.05 -19.5507 1.4
      vertex -36.569 -19.7879 1.4
    endloop
  endfacet
  facet normal 0.442284 0.896875 0
    outer loop
      vertex -37.05 -19.5507 1.4
      vertex -36.569 -19.7879 -0.7
      vertex -37.05 -19.5507 -0.7
    endloop
  endfacet
  facet normal 0.659349 0.751837 -0
    outer loop
      vertex -37.4959 -19.2527 -0.7
      vertex -37.8991 -18.8991 1.4
      vertex -37.4959 -19.2527 1.4
    endloop
  endfacet
  facet normal 0.659349 0.751837 0
    outer loop
      vertex -37.8991 -18.8991 1.4
      vertex -37.4959 -19.2527 -0.7
      vertex -37.8991 -18.8991 -0.7
    endloop
  endfacet
  facet normal 0.751837 -0.659349 -5.89001e-18
    outer loop
      vertex -38.2527 -13.5041 1.4
      vertex -37.8991 -13.1009 -0.7
      vertex -37.8991 -13.1009 1.4
    endloop
  endfacet
  facet normal 0.751837 -0.659349 -5.89001e-18
    outer loop
      vertex -37.8991 -13.1009 -0.7
      vertex -38.2527 -13.5041 1.4
      vertex -38.2527 -13.5041 -0.7
    endloop
  endfacet
  facet normal -0.19504 0.980795 0
    outer loop
      vertex -33.9388 12.0397 -0.7
      vertex -34.4648 11.9351 1.4
      vertex -33.9388 12.0397 1.4
    endloop
  endfacet
  facet normal -0.19504 0.980795 0
    outer loop
      vertex -34.4648 11.9351 1.4
      vertex -33.9388 12.0397 -0.7
      vertex -34.4648 11.9351 -0.7
    endloop
  endfacet
  facet normal -0.980795 -0.19504 1.71953e-18
    outer loop
      vertex -30.9351 16.5352 -0.7
      vertex -31.0397 17.0612 1.4
      vertex -31.0397 17.0612 -0.7
    endloop
  endfacet
  facet normal -0.980795 -0.19504 1.71953e-18
    outer loop
      vertex -31.0397 17.0612 1.4
      vertex -30.9351 16.5352 -0.7
      vertex -30.9351 16.5352 1.4
    endloop
  endfacet
  facet normal -0.997856 -0.0654424 9.44872e-19
    outer loop
      vertex -30.9 16 -0.7
      vertex -30.9351 16.5352 1.4
      vertex -30.9351 16.5352 -0.7
    endloop
  endfacet
  facet normal -0.997856 -0.0654424 9.44872e-19
    outer loop
      vertex -30.9351 16.5352 1.4
      vertex -30.9 16 -0.7
      vertex -30.9 16 1.4
    endloop
  endfacet
  facet normal -0.659349 -0.751837 0
    outer loop
      vertex -32.5041 19.2527 -0.7
      vertex -32.1009 18.8991 1.4
      vertex -32.5041 19.2527 1.4
    endloop
  endfacet
  facet normal -0.659349 -0.751837 -0
    outer loop
      vertex -32.1009 18.8991 1.4
      vertex -32.5041 19.2527 -0.7
      vertex -32.1009 18.8991 -0.7
    endloop
  endfacet
  facet normal 0.896875 -0.442284 -4.6385e-18
    outer loop
      vertex -38.7879 17.569 1.4
      vertex -38.5507 18.05 -0.7
      vertex -38.5507 18.05 1.4
    endloop
  endfacet
  facet normal 0.896875 -0.442284 -4.6385e-18
    outer loop
      vertex -38.5507 18.05 -0.7
      vertex -38.7879 17.569 1.4
      vertex -38.7879 17.569 -0.7
    endloop
  endfacet
  facet normal 0.659349 -0.751837 0
    outer loop
      vertex -37.8991 18.8991 -0.7
      vertex -37.4959 19.2527 1.4
      vertex -37.8991 18.8991 1.4
    endloop
  endfacet
  facet normal 0.659349 -0.751837 0
    outer loop
      vertex -37.4959 19.2527 1.4
      vertex -37.8991 18.8991 -0.7
      vertex -37.4959 19.2527 -0.7
    endloop
  endfacet
  facet normal 0.0654424 0.997856 -0
    outer loop
      vertex -35 11.9 -0.7
      vertex -35.5352 11.9351 1.4
      vertex -35 11.9 1.4
    endloop
  endfacet
  facet normal 0.0654424 0.997856 0
    outer loop
      vertex -35.5352 11.9351 1.4
      vertex -35 11.9 -0.7
      vertex -35.5352 11.9351 -0.7
    endloop
  endfacet
  facet normal 0.442284 -0.896875 0
    outer loop
      vertex -37.05 19.5507 -0.7
      vertex -36.569 19.7879 1.4
      vertex -37.05 19.5507 1.4
    endloop
  endfacet
  facet normal 0.442284 -0.896875 0
    outer loop
      vertex -36.569 19.7879 1.4
      vertex -37.05 19.5507 -0.7
      vertex -36.569 19.7879 -0.7
    endloop
  endfacet
  facet normal 0.980795 -0.19504 2.02757e-19
    outer loop
      vertex -39.0649 16.5352 1.4
      vertex -38.9603 17.0612 -0.7
      vertex -38.9603 17.0612 1.4
    endloop
  endfacet
  facet normal 0.980795 -0.19504 2.02757e-19
    outer loop
      vertex -38.9603 17.0612 -0.7
      vertex -39.0649 16.5352 1.4
      vertex -39.0649 16.5352 -0.7
    endloop
  endfacet
  facet normal -0.751745 0.659454 -9.55581e-18
    outer loop
      vertex -32.1009 13.1009 -0.7
      vertex -31.7472 13.5041 1.4
      vertex -31.7472 13.5041 -0.7
    endloop
  endfacet
  facet normal -0.751745 0.659454 -9.55581e-18
    outer loop
      vertex -31.7472 13.5041 1.4
      vertex -32.1009 13.1009 -0.7
      vertex -32.1009 13.1009 1.4
    endloop
  endfacet
  facet normal -0.980795 0.19504 -1.71953e-18
    outer loop
      vertex -31.0397 14.9388 -0.7
      vertex -30.9351 15.4648 1.4
      vertex -30.9351 15.4648 -0.7
    endloop
  endfacet
  facet normal -0.980795 0.19504 -1.71953e-18
    outer loop
      vertex -30.9351 15.4648 1.4
      vertex -31.0397 14.9388 -0.7
      vertex -31.0397 14.9388 1.4
    endloop
  endfacet
  facet normal -0.659349 0.751837 0
    outer loop
      vertex -32.1009 13.1009 -0.7
      vertex -32.5041 12.7473 1.4
      vertex -32.1009 13.1009 1.4
    endloop
  endfacet
  facet normal -0.659349 0.751837 0
    outer loop
      vertex -32.5041 12.7473 1.4
      vertex -32.1009 13.1009 -0.7
      vertex -32.5041 12.7473 -0.7
    endloop
  endfacet
  facet normal -0.831505 0.555518 -4.33201e-18
    outer loop
      vertex -31.7472 13.5041 -0.7
      vertex -31.4493 13.95 1.4
      vertex -31.4493 13.95 -0.7
    endloop
  endfacet
  facet normal -0.831505 0.555518 -4.33201e-18
    outer loop
      vertex -31.4493 13.95 1.4
      vertex -31.7472 13.5041 -0.7
      vertex -31.7472 13.5041 1.4
    endloop
  endfacet
  facet normal 0.896875 0.442284 -3.22798e-18
    outer loop
      vertex -38.5507 13.95 1.4
      vertex -38.7879 14.431 -0.7
      vertex -38.7879 14.431 1.4
    endloop
  endfacet
  facet normal 0.896875 0.442284 -3.22798e-18
    outer loop
      vertex -38.7879 14.431 -0.7
      vertex -38.5507 13.95 1.4
      vertex -38.5507 13.95 -0.7
    endloop
  endfacet
  facet normal 0.980795 0.19504 -2.02757e-19
    outer loop
      vertex -38.9603 14.9388 1.4
      vertex -39.0649 15.4648 -0.7
      vertex -39.0649 15.4648 1.4
    endloop
  endfacet
  facet normal 0.980795 0.19504 -2.02757e-19
    outer loop
      vertex -39.0649 15.4648 -0.7
      vertex -38.9603 14.9388 1.4
      vertex -38.9603 14.9388 -0.7
    endloop
  endfacet
  facet normal 0.751837 -0.659349 9.64638e-18
    outer loop
      vertex -38.2527 18.4959 1.4
      vertex -37.8991 18.8991 -0.7
      vertex -37.8991 18.8991 1.4
    endloop
  endfacet
  facet normal 0.751837 -0.659349 9.64638e-18
    outer loop
      vertex -37.8991 18.8991 -0.7
      vertex -38.2527 18.4959 1.4
      vertex -38.2527 18.4959 -0.7
    endloop
  endfacet
  facet normal -0.896875 0.442284 3.22798e-18
    outer loop
      vertex -31.4493 13.95 -0.7
      vertex -31.2121 14.431 1.4
      vertex -31.2121 14.431 -0.7
    endloop
  endfacet
  facet normal -0.896875 0.442284 3.22798e-18
    outer loop
      vertex -31.2121 14.431 1.4
      vertex -31.4493 13.95 -0.7
      vertex -31.4493 13.95 1.4
    endloop
  endfacet
  facet normal 0.19504 -0.980795 0
    outer loop
      vertex -36.0612 19.9603 -0.7
      vertex -35.5352 20.0649 1.4
      vertex -36.0612 19.9603 1.4
    endloop
  endfacet
  facet normal 0.19504 -0.980795 0
    outer loop
      vertex -35.5352 20.0649 1.4
      vertex -36.0612 19.9603 -0.7
      vertex -35.5352 20.0649 -0.7
    endloop
  endfacet
  facet normal -0.946916 -0.321481 -1.36419e-18
    outer loop
      vertex -31.0397 17.0612 -0.7
      vertex -31.2121 17.569 1.4
      vertex -31.2121 17.569 -0.7
    endloop
  endfacet
  facet normal -0.946916 -0.321481 -1.36419e-18
    outer loop
      vertex -31.2121 17.569 1.4
      vertex -31.0397 17.0612 -0.7
      vertex -31.0397 17.0612 1.4
    endloop
  endfacet
  facet normal -0.831505 -0.555518 5.94883e-18
    outer loop
      vertex -31.4493 18.05 -0.7
      vertex -31.7472 18.4959 1.4
      vertex -31.7472 18.4959 -0.7
    endloop
  endfacet
  facet normal -0.831505 -0.555518 5.94883e-18
    outer loop
      vertex -31.7472 18.4959 1.4
      vertex -31.4493 18.05 -0.7
      vertex -31.4493 18.05 1.4
    endloop
  endfacet
  facet normal 0.19504 0.980795 -0
    outer loop
      vertex -35.5352 11.9351 -0.7
      vertex -36.0612 12.0397 1.4
      vertex -35.5352 11.9351 1.4
    endloop
  endfacet
  facet normal 0.19504 0.980795 0
    outer loop
      vertex -36.0612 12.0397 1.4
      vertex -35.5352 11.9351 -0.7
      vertex -36.0612 12.0397 -0.7
    endloop
  endfacet
  facet normal -0.442284 -0.896875 0
    outer loop
      vertex -33.431 19.7879 -0.7
      vertex -32.95 19.5507 1.4
      vertex -33.431 19.7879 1.4
    endloop
  endfacet
  facet normal -0.442284 -0.896875 -0
    outer loop
      vertex -32.95 19.5507 1.4
      vertex -33.431 19.7879 -0.7
      vertex -32.95 19.5507 -0.7
    endloop
  endfacet
  facet normal 0.997856 0.0654424 9.44872e-19
    outer loop
      vertex -39.0649 15.4648 1.4
      vertex -39.1 16 -0.7
      vertex -39.1 16 1.4
    endloop
  endfacet
  facet normal 0.997856 0.0654424 9.44872e-19
    outer loop
      vertex -39.1 16 -0.7
      vertex -39.0649 15.4648 1.4
      vertex -39.0649 15.4648 -0.7
    endloop
  endfacet
  facet normal -0.997856 0.0654424 -9.44872e-19
    outer loop
      vertex -30.9351 15.4648 -0.7
      vertex -30.9 16 1.4
      vertex -30.9 16 -0.7
    endloop
  endfacet
  facet normal -0.997856 0.0654424 -9.44872e-19
    outer loop
      vertex -30.9 16 1.4
      vertex -30.9351 15.4648 -0.7
      vertex -30.9351 15.4648 1.4
    endloop
  endfacet
  facet normal -0.555646 -0.831419 0
    outer loop
      vertex -32.95 19.5507 -0.7
      vertex -32.5041 19.2527 1.4
      vertex -32.95 19.5507 1.4
    endloop
  endfacet
  facet normal -0.555646 -0.831419 -0
    outer loop
      vertex -32.5041 19.2527 1.4
      vertex -32.95 19.5507 -0.7
      vertex -32.5041 19.2527 -0.7
    endloop
  endfacet
  facet normal 0 0 1
    outer loop
      vertex -30.9351 16.5352 -0.7
      vertex -30.9351 15.4648 -0.7
      vertex -30.9 16 -0.7
    endloop
  endfacet
  facet normal 0 0 1
    outer loop
      vertex -31.0397 17.0612 -0.7
      vertex -30.9351 15.4648 -0.7
      vertex -30.9351 16.5352 -0.7
    endloop
  endfacet
  facet normal 0 0 1
    outer loop
      vertex -31.0397 17.0612 -0.7
      vertex -31.0397 14.9388 -0.7
      vertex -30.9351 15.4648 -0.7
    endloop
  endfacet
  facet normal 0 0 1
    outer loop
      vertex -31.2121 17.569 -0.7
      vertex -31.0397 14.9388 -0.7
      vertex -31.0397 17.0612 -0.7
    endloop
  endfacet
  facet normal 0 0 1
    outer loop
      vertex -31.2121 17.569 -0.7
      vertex -31.2121 14.431 -0.7
      vertex -31.0397 14.9388 -0.7
    endloop
  endfacet
  facet normal 0 0 1
    outer loop
      vertex -31.4493 18.05 -0.7
      vertex -31.2121 14.431 -0.7
      vertex -31.2121 17.569 -0.7
    endloop
  endfacet
  facet normal 0 0 1
    outer loop
      vertex -31.4493 18.05 -0.7
      vertex -31.4493 13.95 -0.7
      vertex -31.2121 14.431 -0.7
    endloop
  endfacet
  facet normal 0 0 1
    outer loop
      vertex -31.7472 18.4959 -0.7
      vertex -31.4493 13.95 -0.7
      vertex -31.4493 18.05 -0.7
    endloop
  endfacet
  facet normal 0 0 1
    outer loop
      vertex -31.7472 18.4959 -0.7
      vertex -31.7472 13.5041 -0.7
      vertex -31.4493 13.95 -0.7
    endloop
  endfacet
  facet normal 0 0 1
    outer loop
      vertex -32.1009 18.8991 -0.7
      vertex -31.7472 13.5041 -0.7
      vertex -31.7472 18.4959 -0.7
    endloop
  endfacet
  facet normal 0 0 1
    outer loop
      vertex -32.1009 18.8991 -0.7
      vertex -32.1009 13.1009 -0.7
      vertex -31.7472 13.5041 -0.7
    endloop
  endfacet
  facet normal 0 0 1
    outer loop
      vertex -32.5041 19.2527 -0.7
      vertex -32.1009 13.1009 -0.7
      vertex -32.1009 18.8991 -0.7
    endloop
  endfacet
  facet normal 0 0 1
    outer loop
      vertex -32.5041 19.2527 -0.7
      vertex -32.5041 12.7473 -0.7
      vertex -32.1009 13.1009 -0.7
    endloop
  endfacet
  facet normal 0 0 1
    outer loop
      vertex -32.95 19.5507 -0.7
      vertex -32.5041 12.7473 -0.7
      vertex -32.5041 19.2527 -0.7
    endloop
  endfacet
  facet normal 0 0 1
    outer loop
      vertex -32.95 19.5507 -0.7
      vertex -32.95 12.4493 -0.7
      vertex -32.5041 12.7473 -0.7
    endloop
  endfacet
  facet normal 0 0 1
    outer loop
      vertex -33.431 19.7879 -0.7
      vertex -32.95 12.4493 -0.7
      vertex -32.95 19.5507 -0.7
    endloop
  endfacet
  facet normal 0 0 1
    outer loop
      vertex -33.431 19.7879 -0.7
      vertex -33.431 12.2121 -0.7
      vertex -32.95 12.4493 -0.7
    endloop
  endfacet
  facet normal 0 0 1
    outer loop
      vertex -33.9388 19.9603 -0.7
      vertex -33.431 12.2121 -0.7
      vertex -33.431 19.7879 -0.7
    endloop
  endfacet
  facet normal 0 0 1
    outer loop
      vertex -33.9388 19.9603 -0.7
      vertex -33.9388 12.0397 -0.7
      vertex -33.431 12.2121 -0.7
    endloop
  endfacet
  facet normal 0 0 1
    outer loop
      vertex -34.4648 20.0649 -0.7
      vertex -33.9388 12.0397 -0.7
      vertex -33.9388 19.9603 -0.7
    endloop
  endfacet
  facet normal 0 0 1
    outer loop
      vertex -34.4648 20.0649 -0.7
      vertex -34.4648 11.9351 -0.7
      vertex -33.9388 12.0397 -0.7
    endloop
  endfacet
  facet normal 0 0 1
    outer loop
      vertex -35 20.1 -0.7
      vertex -34.4648 11.9351 -0.7
      vertex -34.4648 20.0649 -0.7
    endloop
  endfacet
  facet normal 0 0 1
    outer loop
      vertex -35 20.1 -0.7
      vertex -35 11.9 -0.7
      vertex -34.4648 11.9351 -0.7
    endloop
  endfacet
  facet normal -0 0 1
    outer loop
      vertex -35.5352 20.0649 -0.7
      vertex -35 11.9 -0.7
      vertex -35 20.1 -0.7
    endloop
  endfacet
  facet normal 0 0 1
    outer loop
      vertex -35.5352 20.0649 -0.7
      vertex -35.5352 11.9351 -0.7
      vertex -35 11.9 -0.7
    endloop
  endfacet
  facet normal -0 0 1
    outer loop
      vertex -36.0612 19.9603 -0.7
      vertex -35.5352 11.9351 -0.7
      vertex -35.5352 20.0649 -0.7
    endloop
  endfacet
  facet normal 0 0 1
    outer loop
      vertex -36.0612 19.9603 -0.7
      vertex -36.0612 12.0397 -0.7
      vertex -35.5352 11.9351 -0.7
    endloop
  endfacet
  facet normal -0 0 1
    outer loop
      vertex -36.569 19.7879 -0.7
      vertex -36.0612 12.0397 -0.7
      vertex -36.0612 19.9603 -0.7
    endloop
  endfacet
  facet normal 0 0 1
    outer loop
      vertex -36.569 19.7879 -0.7
      vertex -36.569 12.2121 -0.7
      vertex -36.0612 12.0397 -0.7
    endloop
  endfacet
  facet normal -0 0 1
    outer loop
      vertex -37.05 19.5507 -0.7
      vertex -36.569 12.2121 -0.7
      vertex -36.569 19.7879 -0.7
    endloop
  endfacet
  facet normal 0 0 1
    outer loop
      vertex -37.05 19.5507 -0.7
      vertex -37.05 12.4493 -0.7
      vertex -36.569 12.2121 -0.7
    endloop
  endfacet
  facet normal -0 0 1
    outer loop
      vertex -37.4959 19.2527 -0.7
      vertex -37.05 12.4493 -0.7
      vertex -37.05 19.5507 -0.7
    endloop
  endfacet
  facet normal 0 0 1
    outer loop
      vertex -37.4959 19.2527 -0.7
      vertex -37.4959 12.7473 -0.7
      vertex -37.05 12.4493 -0.7
    endloop
  endfacet
  facet normal -0 0 1
    outer loop
      vertex -37.8991 18.8991 -0.7
      vertex -37.4959 12.7473 -0.7
      vertex -37.4959 19.2527 -0.7
    endloop
  endfacet
  facet normal 0 0 1
    outer loop
      vertex -37.8991 18.8991 -0.7
      vertex -37.8991 13.1009 -0.7
      vertex -37.4959 12.7473 -0.7
    endloop
  endfacet
  facet normal -0 0 1
    outer loop
      vertex -38.2527 18.4959 -0.7
      vertex -37.8991 13.1009 -0.7
      vertex -37.8991 18.8991 -0.7
    endloop
  endfacet
  facet normal 0 0 1
    outer loop
      vertex -38.2527 18.4959 -0.7
      vertex -38.2527 13.5041 -0.7
      vertex -37.8991 13.1009 -0.7
    endloop
  endfacet
  facet normal -0 0 1
    outer loop
      vertex -38.5507 18.05 -0.7
      vertex -38.2527 13.5041 -0.7
      vertex -38.2527 18.4959 -0.7
    endloop
  endfacet
  facet normal 0 0 1
    outer loop
      vertex -38.5507 18.05 -0.7
      vertex -38.5507 13.95 -0.7
      vertex -38.2527 13.5041 -0.7
    endloop
  endfacet
  facet normal -0 0 1
    outer loop
      vertex -38.7879 17.569 -0.7
      vertex -38.5507 13.95 -0.7
      vertex -38.5507 18.05 -0.7
    endloop
  endfacet
  facet normal 0 0 1
    outer loop
      vertex -38.7879 17.569 -0.7
      vertex -38.7879 14.431 -0.7
      vertex -38.5507 13.95 -0.7
    endloop
  endfacet
  facet normal -0 0 1
    outer loop
      vertex -38.9603 17.0612 -0.7
      vertex -38.7879 14.431 -0.7
      vertex -38.7879 17.569 -0.7
    endloop
  endfacet
  facet normal 0 0 1
    outer loop
      vertex -38.9603 17.0612 -0.7
      vertex -38.9603 14.9388 -0.7
      vertex -38.7879 14.431 -0.7
    endloop
  endfacet
  facet normal -0 0 1
    outer loop
      vertex -39.0649 16.5352 -0.7
      vertex -38.9603 14.9388 -0.7
      vertex -38.9603 17.0612 -0.7
    endloop
  endfacet
  facet normal 0 0 1
    outer loop
      vertex -39.0649 16.5352 -0.7
      vertex -39.0649 15.4648 -0.7
      vertex -38.9603 14.9388 -0.7
    endloop
  endfacet
  facet normal 0 -0 1
    outer loop
      vertex -39.0649 15.4648 -0.7
      vertex -39.0649 16.5352 -0.7
      vertex -39.1 16 -0.7
    endloop
  endfacet
  facet normal 0.946916 -0.321481 1.40363e-18
    outer loop
      vertex -38.9603 17.0612 1.4
      vertex -38.7879 17.569 -0.7
      vertex -38.7879 17.569 1.4
    endloop
  endfacet
  facet normal 0.946916 -0.321481 1.40363e-18
    outer loop
      vertex -38.7879 17.569 -0.7
      vertex -38.9603 17.0612 1.4
      vertex -38.9603 17.0612 -0.7
    endloop
  endfacet
  facet normal 0.555646 0.831419 -0
    outer loop
      vertex -37.05 12.4493 -0.7
      vertex -37.4959 12.7473 1.4
      vertex -37.05 12.4493 1.4
    endloop
  endfacet
  facet normal 0.555646 0.831419 0
    outer loop
      vertex -37.4959 12.7473 1.4
      vertex -37.05 12.4493 -0.7
      vertex -37.4959 12.7473 -0.7
    endloop
  endfacet
  facet normal -0.555646 0.831419 0
    outer loop
      vertex -32.5041 12.7473 -0.7
      vertex -32.95 12.4493 1.4
      vertex -32.5041 12.7473 1.4
    endloop
  endfacet
  facet normal -0.555646 0.831419 0
    outer loop
      vertex -32.95 12.4493 1.4
      vertex -32.5041 12.7473 -0.7
      vertex -32.95 12.4493 -0.7
    endloop
  endfacet
  facet normal -0.0654424 -0.997856 0
    outer loop
      vertex -35 20.1 -0.7
      vertex -34.4648 20.0649 1.4
      vertex -35 20.1 1.4
    endloop
  endfacet
  facet normal -0.0654424 -0.997856 -0
    outer loop
      vertex -34.4648 20.0649 1.4
      vertex -35 20.1 -0.7
      vertex -34.4648 20.0649 -0.7
    endloop
  endfacet
  facet normal 0.555646 -0.831419 0
    outer loop
      vertex -37.4959 19.2527 -0.7
      vertex -37.05 19.5507 1.4
      vertex -37.4959 19.2527 1.4
    endloop
  endfacet
  facet normal 0.555646 -0.831419 0
    outer loop
      vertex -37.05 19.5507 1.4
      vertex -37.4959 19.2527 -0.7
      vertex -37.05 19.5507 -0.7
    endloop
  endfacet
  facet normal 0.659349 0.751837 -0
    outer loop
      vertex -37.4959 12.7473 -0.7
      vertex -37.8991 13.1009 1.4
      vertex -37.4959 12.7473 1.4
    endloop
  endfacet
  facet normal 0.659349 0.751837 0
    outer loop
      vertex -37.8991 13.1009 1.4
      vertex -37.4959 12.7473 -0.7
      vertex -37.8991 13.1009 -0.7
    endloop
  endfacet
  facet normal 0.831419 -0.555646 -7.72587e-18
    outer loop
      vertex -38.5507 18.05 1.4
      vertex -38.2527 18.4959 -0.7
      vertex -38.2527 18.4959 1.4
    endloop
  endfacet
  facet normal 0.831419 -0.555646 -7.72587e-18
    outer loop
      vertex -38.2527 18.4959 -0.7
      vertex -38.5507 18.05 1.4
      vertex -38.5507 18.05 -0.7
    endloop
  endfacet
  facet normal 0.997856 -0.0654424 -9.44872e-19
    outer loop
      vertex -39.1 16 1.4
      vertex -39.0649 16.5352 -0.7
      vertex -39.0649 16.5352 1.4
    endloop
  endfacet
  facet normal 0.997856 -0.0654424 -9.44872e-19
    outer loop
      vertex -39.0649 16.5352 -0.7
      vertex -39.1 16 1.4
      vertex -39.1 16 -0.7
    endloop
  endfacet
  facet normal -0.321481 -0.946916 0
    outer loop
      vertex -33.9388 19.9603 -0.7
      vertex -33.431 19.7879 1.4
      vertex -33.9388 19.9603 1.4
    endloop
  endfacet
  facet normal -0.321481 -0.946916 -0
    outer loop
      vertex -33.431 19.7879 1.4
      vertex -33.9388 19.9603 -0.7
      vertex -33.431 19.7879 -0.7
    endloop
  endfacet
  facet normal 0.946916 0.321481 -2.23174e-18
    outer loop
      vertex -38.7879 14.431 1.4
      vertex -38.9603 14.9388 -0.7
      vertex -38.9603 14.9388 1.4
    endloop
  endfacet
  facet normal 0.946916 0.321481 -2.23174e-18
    outer loop
      vertex -38.9603 14.9388 -0.7
      vertex -38.7879 14.431 1.4
      vertex -38.7879 14.431 -0.7
    endloop
  endfacet
  facet normal -0.0654424 0.997856 0
    outer loop
      vertex -34.4648 11.9351 -0.7
      vertex -35 11.9 1.4
      vertex -34.4648 11.9351 1.4
    endloop
  endfacet
  facet normal -0.0654424 0.997856 0
    outer loop
      vertex -35 11.9 1.4
      vertex -34.4648 11.9351 -0.7
      vertex -35 11.9 -0.7
    endloop
  endfacet
  facet normal 0.0654424 -0.997856 0
    outer loop
      vertex -35.5352 20.0649 -0.7
      vertex -35 20.1 1.4
      vertex -35.5352 20.0649 1.4
    endloop
  endfacet
  facet normal 0.0654424 -0.997856 0
    outer loop
      vertex -35 20.1 1.4
      vertex -35.5352 20.0649 -0.7
      vertex -35 20.1 -0.7
    endloop
  endfacet
  facet normal -0.896875 -0.442284 4.6385e-18
    outer loop
      vertex -31.2121 17.569 -0.7
      vertex -31.4493 18.05 1.4
      vertex -31.4493 18.05 -0.7
    endloop
  endfacet
  facet normal -0.896875 -0.442284 4.6385e-18
    outer loop
      vertex -31.4493 18.05 1.4
      vertex -31.2121 17.569 -0.7
      vertex -31.2121 17.569 1.4
    endloop
  endfacet
  facet normal 0.321481 0.946916 -0
    outer loop
      vertex -36.0612 12.0397 -0.7
      vertex -36.569 12.2121 1.4
      vertex -36.0612 12.0397 1.4
    endloop
  endfacet
  facet normal 0.321481 0.946916 0
    outer loop
      vertex -36.569 12.2121 1.4
      vertex -36.0612 12.0397 -0.7
      vertex -36.569 12.2121 -0.7
    endloop
  endfacet
  facet normal -0.751745 -0.659454 -6.13639e-18
    outer loop
      vertex -31.7472 18.4959 -0.7
      vertex -32.1009 18.8991 1.4
      vertex -32.1009 18.8991 -0.7
    endloop
  endfacet
  facet normal -0.751745 -0.659454 -6.13639e-18
    outer loop
      vertex -32.1009 18.8991 1.4
      vertex -31.7472 18.4959 -0.7
      vertex -31.7472 18.4959 1.4
    endloop
  endfacet
  facet normal -0.321481 0.946916 0
    outer loop
      vertex -33.431 12.2121 -0.7
      vertex -33.9388 12.0397 1.4
      vertex -33.431 12.2121 1.4
    endloop
  endfacet
  facet normal -0.321481 0.946916 0
    outer loop
      vertex -33.9388 12.0397 1.4
      vertex -33.431 12.2121 -0.7
      vertex -33.9388 12.0397 -0.7
    endloop
  endfacet
  facet normal -0.442284 0.896875 0
    outer loop
      vertex -32.95 12.4493 -0.7
      vertex -33.431 12.2121 1.4
      vertex -32.95 12.4493 1.4
    endloop
  endfacet
  facet normal -0.442284 0.896875 0
    outer loop
      vertex -33.431 12.2121 1.4
      vertex -32.95 12.4493 -0.7
      vertex -33.431 12.2121 -0.7
    endloop
  endfacet
  facet normal 0.321481 -0.946916 0
    outer loop
      vertex -36.569 19.7879 -0.7
      vertex -36.0612 19.9603 1.4
      vertex -36.569 19.7879 1.4
    endloop
  endfacet
  facet normal 0.321481 -0.946916 0
    outer loop
      vertex -36.0612 19.9603 1.4
      vertex -36.569 19.7879 -0.7
      vertex -36.0612 19.9603 -0.7
    endloop
  endfacet
  facet normal -0.946916 0.321481 2.1923e-18
    outer loop
      vertex -31.2121 14.431 -0.7
      vertex -31.0397 14.9388 1.4
      vertex -31.0397 14.9388 -0.7
    endloop
  endfacet
  facet normal -0.946916 0.321481 2.1923e-18
    outer loop
      vertex -31.0397 14.9388 1.4
      vertex -31.2121 14.431 -0.7
      vertex -31.2121 14.431 1.4
    endloop
  endfacet
  facet normal -0.19504 -0.980795 0
    outer loop
      vertex -34.4648 20.0649 -0.7
      vertex -33.9388 19.9603 1.4
      vertex -34.4648 20.0649 1.4
    endloop
  endfacet
  facet normal -0.19504 -0.980795 -0
    outer loop
      vertex -33.9388 19.9603 1.4
      vertex -34.4648 20.0649 -0.7
      vertex -33.9388 19.9603 -0.7
    endloop
  endfacet
  facet normal 0.442284 0.896875 -0
    outer loop
      vertex -36.569 12.2121 -0.7
      vertex -37.05 12.4493 1.4
      vertex -36.569 12.2121 1.4
    endloop
  endfacet
  facet normal 0.442284 0.896875 0
    outer loop
      vertex -37.05 12.4493 1.4
      vertex -36.569 12.2121 -0.7
      vertex -37.05 12.4493 -0.7
    endloop
  endfacet
  facet normal 0.831419 0.555646 5.95149e-18
    outer loop
      vertex -38.2527 13.5041 1.4
      vertex -38.5507 13.95 -0.7
      vertex -38.5507 13.95 1.4
    endloop
  endfacet
  facet normal 0.831419 0.555646 5.95149e-18
    outer loop
      vertex -38.5507 13.95 -0.7
      vertex -38.2527 13.5041 1.4
      vertex -38.2527 13.5041 -0.7
    endloop
  endfacet
  facet normal 0.751837 0.659349 5.89001e-18
    outer loop
      vertex -37.8991 13.1009 1.4
      vertex -38.2527 13.5041 -0.7
      vertex -38.2527 13.5041 1.4
    endloop
  endfacet
  facet normal 0.751837 0.659349 5.89001e-18
    outer loop
      vertex -38.2527 13.5041 -0.7
      vertex -37.8991 13.1009 1.4
      vertex -37.8991 13.1009 -0.7
    endloop
  endfacet
  facet normal -0.980795 -0.19504 -2.02757e-19
    outer loop
      vertex 39.0649 -15.4648 -0.7
      vertex 38.9603 -14.9388 1.4
      vertex 38.9603 -14.9388 -0.7
    endloop
  endfacet
  facet normal -0.980795 -0.19504 -2.02757e-19
    outer loop
      vertex 38.9603 -14.9388 1.4
      vertex 39.0649 -15.4648 -0.7
      vertex 39.0649 -15.4648 1.4
    endloop
  endfacet
  facet normal -0.997856 -0.0654424 9.44872e-19
    outer loop
      vertex 39.1 -16 -0.7
      vertex 39.0649 -15.4648 1.4
      vertex 39.0649 -15.4648 -0.7
    endloop
  endfacet
  facet normal -0.997856 -0.0654424 9.44872e-19
    outer loop
      vertex 39.0649 -15.4648 1.4
      vertex 39.1 -16 -0.7
      vertex 39.1 -16 1.4
    endloop
  endfacet
  facet normal -0.0654424 0.997856 0
    outer loop
      vertex 35.5352 -20.0649 -0.7
      vertex 35 -20.1 1.4
      vertex 35.5352 -20.0649 1.4
    endloop
  endfacet
  facet normal -0.0654424 0.997856 0
    outer loop
      vertex 35 -20.1 1.4
      vertex 35.5352 -20.0649 -0.7
      vertex 35 -20.1 -0.7
    endloop
  endfacet
  facet normal -0.321481 0.946916 0
    outer loop
      vertex 36.569 -19.7879 -0.7
      vertex 36.0612 -19.9603 1.4
      vertex 36.569 -19.7879 1.4
    endloop
  endfacet
  facet normal -0.321481 0.946916 0
    outer loop
      vertex 36.0612 -19.9603 1.4
      vertex 36.569 -19.7879 -0.7
      vertex 36.0612 -19.9603 -0.7
    endloop
  endfacet
  facet normal -0.442284 -0.896875 0
    outer loop
      vertex 36.569 -12.2121 -0.7
      vertex 37.05 -12.4493 1.4
      vertex 36.569 -12.2121 1.4
    endloop
  endfacet
  facet normal -0.442284 -0.896875 -0
    outer loop
      vertex 37.05 -12.4493 1.4
      vertex 36.569 -12.2121 -0.7
      vertex 37.05 -12.4493 -0.7
    endloop
  endfacet
  facet normal -0.831419 -0.555646 5.95149e-18
    outer loop
      vertex 38.5507 -13.95 -0.7
      vertex 38.2527 -13.5041 1.4
      vertex 38.2527 -13.5041 -0.7
    endloop
  endfacet
  facet normal -0.831419 -0.555646 5.95149e-18
    outer loop
      vertex 38.2527 -13.5041 1.4
      vertex 38.5507 -13.95 -0.7
      vertex 38.5507 -13.95 1.4
    endloop
  endfacet
  facet normal 0.896875 -0.442284 3.22798e-18
    outer loop
      vertex 31.2121 -14.431 1.4
      vertex 31.4493 -13.95 -0.7
      vertex 31.4493 -13.95 1.4
    endloop
  endfacet
  facet normal 0.896875 -0.442284 3.22798e-18
    outer loop
      vertex 31.4493 -13.95 -0.7
      vertex 31.2121 -14.431 1.4
      vertex 31.2121 -14.431 -0.7
    endloop
  endfacet
  facet normal -0.946916 0.321481 1.40363e-18
    outer loop
      vertex 38.7879 -17.569 -0.7
      vertex 38.9603 -17.0612 1.4
      vertex 38.9603 -17.0612 -0.7
    endloop
  endfacet
  facet normal -0.946916 0.321481 1.40363e-18
    outer loop
      vertex 38.9603 -17.0612 1.4
      vertex 38.7879 -17.569 -0.7
      vertex 38.7879 -17.569 1.4
    endloop
  endfacet
  facet normal -0.442284 0.896875 0
    outer loop
      vertex 37.05 -19.5507 -0.7
      vertex 36.569 -19.7879 1.4
      vertex 37.05 -19.5507 1.4
    endloop
  endfacet
  facet normal -0.442284 0.896875 0
    outer loop
      vertex 36.569 -19.7879 1.4
      vertex 37.05 -19.5507 -0.7
      vertex 36.569 -19.7879 -0.7
    endloop
  endfacet
  facet normal 0.831505 -0.555518 -4.33201e-18
    outer loop
      vertex 31.4493 -13.95 1.4
      vertex 31.7472 -13.5041 -0.7
      vertex 31.7472 -13.5041 1.4
    endloop
  endfacet
  facet normal 0.831505 -0.555518 -4.33201e-18
    outer loop
      vertex 31.7472 -13.5041 -0.7
      vertex 31.4493 -13.95 1.4
      vertex 31.4493 -13.95 -0.7
    endloop
  endfacet
  facet normal 0.751745 -0.659454 -9.55581e-18
    outer loop
      vertex 31.7472 -13.5041 1.4
      vertex 32.1009 -13.1009 -0.7
      vertex 32.1009 -13.1009 1.4
    endloop
  endfacet
  facet normal 0.751745 -0.659454 -9.55581e-18
    outer loop
      vertex 32.1009 -13.1009 -0.7
      vertex 31.7472 -13.5041 1.4
      vertex 31.7472 -13.5041 -0.7
    endloop
  endfacet
  facet normal -0.659349 0.751837 0
    outer loop
      vertex 37.8991 -18.8991 -0.7
      vertex 37.4959 -19.2527 1.4
      vertex 37.8991 -18.8991 1.4
    endloop
  endfacet
  facet normal -0.659349 0.751837 0
    outer loop
      vertex 37.4959 -19.2527 1.4
      vertex 37.8991 -18.8991 -0.7
      vertex 37.4959 -19.2527 -0.7
    endloop
  endfacet
  facet normal 0.831505 0.555518 5.94883e-18
    outer loop
      vertex 31.7472 -18.4959 1.4
      vertex 31.4493 -18.05 -0.7
      vertex 31.4493 -18.05 1.4
    endloop
  endfacet
  facet normal 0.831505 0.555518 5.94883e-18
    outer loop
      vertex 31.4493 -18.05 -0.7
      vertex 31.7472 -18.4959 1.4
      vertex 31.7472 -18.4959 -0.7
    endloop
  endfacet
  facet normal 0.946916 -0.321481 2.1923e-18
    outer loop
      vertex 31.0397 -14.9388 1.4
      vertex 31.2121 -14.431 -0.7
      vertex 31.2121 -14.431 1.4
    endloop
  endfacet
  facet normal 0.946916 -0.321481 2.1923e-18
    outer loop
      vertex 31.2121 -14.431 -0.7
      vertex 31.0397 -14.9388 1.4
      vertex 31.0397 -14.9388 -0.7
    endloop
  endfacet
  facet normal -0.555646 0.831419 0
    outer loop
      vertex 37.4959 -19.2527 -0.7
      vertex 37.05 -19.5507 1.4
      vertex 37.4959 -19.2527 1.4
    endloop
  endfacet
  facet normal -0.555646 0.831419 0
    outer loop
      vertex 37.05 -19.5507 1.4
      vertex 37.4959 -19.2527 -0.7
      vertex 37.05 -19.5507 -0.7
    endloop
  endfacet
  facet normal 0.442284 0.896875 -0
    outer loop
      vertex 33.431 -19.7879 -0.7
      vertex 32.95 -19.5507 1.4
      vertex 33.431 -19.7879 1.4
    endloop
  endfacet
  facet normal 0.442284 0.896875 0
    outer loop
      vertex 32.95 -19.5507 1.4
      vertex 33.431 -19.7879 -0.7
      vertex 32.95 -19.5507 -0.7
    endloop
  endfacet
  facet normal 0.980795 -0.19504 -1.71953e-18
    outer loop
      vertex 30.9351 -15.4648 1.4
      vertex 31.0397 -14.9388 -0.7
      vertex 31.0397 -14.9388 1.4
    endloop
  endfacet
  facet normal 0.980795 -0.19504 -1.71953e-18
    outer loop
      vertex 31.0397 -14.9388 -0.7
      vertex 30.9351 -15.4648 1.4
      vertex 30.9351 -15.4648 -0.7
    endloop
  endfacet
  facet normal 0.321481 -0.946916 0
    outer loop
      vertex 33.431 -12.2121 -0.7
      vertex 33.9388 -12.0397 1.4
      vertex 33.431 -12.2121 1.4
    endloop
  endfacet
  facet normal 0.321481 -0.946916 0
    outer loop
      vertex 33.9388 -12.0397 1.4
      vertex 33.431 -12.2121 -0.7
      vertex 33.9388 -12.0397 -0.7
    endloop
  endfacet
  facet normal 0.0654424 -0.997856 0
    outer loop
      vertex 34.4648 -11.9351 -0.7
      vertex 35 -11.9 1.4
      vertex 34.4648 -11.9351 1.4
    endloop
  endfacet
  facet normal 0.0654424 -0.997856 0
    outer loop
      vertex 35 -11.9 1.4
      vertex 34.4648 -11.9351 -0.7
      vertex 35 -11.9 -0.7
    endloop
  endfacet
  facet normal -0.980795 0.19504 2.02757e-19
    outer loop
      vertex 38.9603 -17.0612 -0.7
      vertex 39.0649 -16.5352 1.4
      vertex 39.0649 -16.5352 -0.7
    endloop
  endfacet
  facet normal -0.980795 0.19504 2.02757e-19
    outer loop
      vertex 39.0649 -16.5352 1.4
      vertex 38.9603 -17.0612 -0.7
      vertex 38.9603 -17.0612 1.4
    endloop
  endfacet
  facet normal 0.555646 -0.831419 0
    outer loop
      vertex 32.5041 -12.7473 -0.7
      vertex 32.95 -12.4493 1.4
      vertex 32.5041 -12.7473 1.4
    endloop
  endfacet
  facet normal 0.555646 -0.831419 0
    outer loop
      vertex 32.95 -12.4493 1.4
      vertex 32.5041 -12.7473 -0.7
      vertex 32.95 -12.4493 -0.7
    endloop
  endfacet
  facet normal 0.659349 -0.751837 0
    outer loop
      vertex 32.1009 -13.1009 -0.7
      vertex 32.5041 -12.7473 1.4
      vertex 32.1009 -13.1009 1.4
    endloop
  endfacet
  facet normal 0.659349 -0.751837 0
    outer loop
      vertex 32.5041 -12.7473 1.4
      vertex 32.1009 -13.1009 -0.7
      vertex 32.5041 -12.7473 -0.7
    endloop
  endfacet
  facet normal 0.946916 0.321481 -1.36419e-18
    outer loop
      vertex 31.2121 -17.569 1.4
      vertex 31.0397 -17.0612 -0.7
      vertex 31.0397 -17.0612 1.4
    endloop
  endfacet
  facet normal 0.946916 0.321481 -1.36419e-18
    outer loop
      vertex 31.0397 -17.0612 -0.7
      vertex 31.2121 -17.569 1.4
      vertex 31.2121 -17.569 -0.7
    endloop
  endfacet
  facet normal -0.321481 -0.946916 0
    outer loop
      vertex 36.0612 -12.0397 -0.7
      vertex 36.569 -12.2121 1.4
      vertex 36.0612 -12.0397 1.4
    endloop
  endfacet
  facet normal -0.321481 -0.946916 -0
    outer loop
      vertex 36.569 -12.2121 1.4
      vertex 36.0612 -12.0397 -0.7
      vertex 36.569 -12.2121 -0.7
    endloop
  endfacet
  facet normal 0.997856 0.0654424 9.44872e-19
    outer loop
      vertex 30.9351 -16.5352 1.4
      vertex 30.9 -16 -0.7
      vertex 30.9 -16 1.4
    endloop
  endfacet
  facet normal 0.997856 0.0654424 9.44872e-19
    outer loop
      vertex 30.9 -16 -0.7
      vertex 30.9351 -16.5352 1.4
      vertex 30.9351 -16.5352 -0.7
    endloop
  endfacet
  facet normal 0.980795 0.19504 1.71953e-18
    outer loop
      vertex 31.0397 -17.0612 1.4
      vertex 30.9351 -16.5352 -0.7
      vertex 30.9351 -16.5352 1.4
    endloop
  endfacet
  facet normal 0.980795 0.19504 1.71953e-18
    outer loop
      vertex 30.9351 -16.5352 -0.7
      vertex 31.0397 -17.0612 1.4
      vertex 31.0397 -17.0612 -0.7
    endloop
  endfacet
  facet normal -0.659349 -0.751837 0
    outer loop
      vertex 37.4959 -12.7473 -0.7
      vertex 37.8991 -13.1009 1.4
      vertex 37.4959 -12.7473 1.4
    endloop
  endfacet
  facet normal -0.659349 -0.751837 -0
    outer loop
      vertex 37.8991 -13.1009 1.4
      vertex 37.4959 -12.7473 -0.7
      vertex 37.8991 -13.1009 -0.7
    endloop
  endfacet
  facet normal -0.997856 0.0654424 -9.44872e-19
    outer loop
      vertex 39.0649 -16.5352 -0.7
      vertex 39.1 -16 1.4
      vertex 39.1 -16 -0.7
    endloop
  endfacet
  facet normal -0.997856 0.0654424 -9.44872e-19
    outer loop
      vertex 39.1 -16 1.4
      vertex 39.0649 -16.5352 -0.7
      vertex 39.0649 -16.5352 1.4
    endloop
  endfacet
  facet normal 0.19504 -0.980795 0
    outer loop
      vertex 33.9388 -12.0397 -0.7
      vertex 34.4648 -11.9351 1.4
      vertex 33.9388 -12.0397 1.4
    endloop
  endfacet
  facet normal 0.19504 -0.980795 0
    outer loop
      vertex 34.4648 -11.9351 1.4
      vertex 33.9388 -12.0397 -0.7
      vertex 34.4648 -11.9351 -0.7
    endloop
  endfacet
  facet normal -0.555646 -0.831419 0
    outer loop
      vertex 37.05 -12.4493 -0.7
      vertex 37.4959 -12.7473 1.4
      vertex 37.05 -12.4493 1.4
    endloop
  endfacet
  facet normal -0.555646 -0.831419 -0
    outer loop
      vertex 37.4959 -12.7473 1.4
      vertex 37.05 -12.4493 -0.7
      vertex 37.4959 -12.7473 -0.7
    endloop
  endfacet
  facet normal -0.19504 0.980795 0
    outer loop
      vertex 36.0612 -19.9603 -0.7
      vertex 35.5352 -20.0649 1.4
      vertex 36.0612 -19.9603 1.4
    endloop
  endfacet
  facet normal -0.19504 0.980795 0
    outer loop
      vertex 35.5352 -20.0649 1.4
      vertex 36.0612 -19.9603 -0.7
      vertex 35.5352 -20.0649 -0.7
    endloop
  endfacet
  facet normal 0.997856 -0.0654424 -9.44872e-19
    outer loop
      vertex 30.9 -16 1.4
      vertex 30.9351 -15.4648 -0.7
      vertex 30.9351 -15.4648 1.4
    endloop
  endfacet
  facet normal 0.997856 -0.0654424 -9.44872e-19
    outer loop
      vertex 30.9351 -15.4648 -0.7
      vertex 30.9 -16 1.4
      vertex 30.9 -16 -0.7
    endloop
  endfacet
  facet normal 0.896875 0.442284 4.6385e-18
    outer loop
      vertex 31.4493 -18.05 1.4
      vertex 31.2121 -17.569 -0.7
      vertex 31.2121 -17.569 1.4
    endloop
  endfacet
  facet normal 0.896875 0.442284 4.6385e-18
    outer loop
      vertex 31.2121 -17.569 -0.7
      vertex 31.4493 -18.05 1.4
      vertex 31.4493 -18.05 -0.7
    endloop
  endfacet
  facet normal -0.831419 0.555646 -7.72587e-18
    outer loop
      vertex 38.2527 -18.4959 -0.7
      vertex 38.5507 -18.05 1.4
      vertex 38.5507 -18.05 -0.7
    endloop
  endfacet
  facet normal -0.831419 0.555646 -7.72587e-18
    outer loop
      vertex 38.5507 -18.05 1.4
      vertex 38.2527 -18.4959 -0.7
      vertex 38.2527 -18.4959 1.4
    endloop
  endfacet
  facet normal 0.442284 -0.896875 0
    outer loop
      vertex 32.95 -12.4493 -0.7
      vertex 33.431 -12.2121 1.4
      vertex 32.95 -12.4493 1.4
    endloop
  endfacet
  facet normal 0.442284 -0.896875 0
    outer loop
      vertex 33.431 -12.2121 1.4
      vertex 32.95 -12.4493 -0.7
      vertex 33.431 -12.2121 -0.7
    endloop
  endfacet
  facet normal 0 0 1
    outer loop
      vertex 39.0649 -15.4648 -0.7
      vertex 39.0649 -16.5352 -0.7
      vertex 39.1 -16 -0.7
    endloop
  endfacet
  facet normal 0 0 1
    outer loop
      vertex 38.9603 -14.9388 -0.7
      vertex 39.0649 -16.5352 -0.7
      vertex 39.0649 -15.4648 -0.7
    endloop
  endfacet
  facet normal 0 0 1
    outer loop
      vertex 38.9603 -14.9388 -0.7
      vertex 38.9603 -17.0612 -0.7
      vertex 39.0649 -16.5352 -0.7
    endloop
  endfacet
  facet normal 0 0 1
    outer loop
      vertex 38.7879 -14.431 -0.7
      vertex 38.9603 -17.0612 -0.7
      vertex 38.9603 -14.9388 -0.7
    endloop
  endfacet
  facet normal 0 0 1
    outer loop
      vertex 38.7879 -14.431 -0.7
      vertex 38.7879 -17.569 -0.7
      vertex 38.9603 -17.0612 -0.7
    endloop
  endfacet
  facet normal 0 0 1
    outer loop
      vertex 38.5507 -13.95 -0.7
      vertex 38.7879 -17.569 -0.7
      vertex 38.7879 -14.431 -0.7
    endloop
  endfacet
  facet normal 0 0 1
    outer loop
      vertex 38.5507 -13.95 -0.7
      vertex 38.5507 -18.05 -0.7
      vertex 38.7879 -17.569 -0.7
    endloop
  endfacet
  facet normal 0 0 1
    outer loop
      vertex 38.2527 -13.5041 -0.7
      vertex 38.5507 -18.05 -0.7
      vertex 38.5507 -13.95 -0.7
    endloop
  endfacet
  facet normal 0 0 1
    outer loop
      vertex 38.2527 -13.5041 -0.7
      vertex 38.2527 -18.4959 -0.7
      vertex 38.5507 -18.05 -0.7
    endloop
  endfacet
  facet normal 0 0 1
    outer loop
      vertex 37.8991 -13.1009 -0.7
      vertex 38.2527 -18.4959 -0.7
      vertex 38.2527 -13.5041 -0.7
    endloop
  endfacet
  facet normal 0 0 1
    outer loop
      vertex 37.8991 -13.1009 -0.7
      vertex 37.8991 -18.8991 -0.7
      vertex 38.2527 -18.4959 -0.7
    endloop
  endfacet
  facet normal 0 0 1
    outer loop
      vertex 37.4959 -12.7473 -0.7
      vertex 37.8991 -18.8991 -0.7
      vertex 37.8991 -13.1009 -0.7
    endloop
  endfacet
  facet normal 0 0 1
    outer loop
      vertex 37.4959 -12.7473 -0.7
      vertex 37.4959 -19.2527 -0.7
      vertex 37.8991 -18.8991 -0.7
    endloop
  endfacet
  facet normal 0 0 1
    outer loop
      vertex 37.05 -12.4493 -0.7
      vertex 37.4959 -19.2527 -0.7
      vertex 37.4959 -12.7473 -0.7
    endloop
  endfacet
  facet normal 0 0 1
    outer loop
      vertex 37.05 -12.4493 -0.7
      vertex 37.05 -19.5507 -0.7
      vertex 37.4959 -19.2527 -0.7
    endloop
  endfacet
  facet normal 0 0 1
    outer loop
      vertex 36.569 -12.2121 -0.7
      vertex 37.05 -19.5507 -0.7
      vertex 37.05 -12.4493 -0.7
    endloop
  endfacet
  facet normal 0 0 1
    outer loop
      vertex 36.569 -12.2121 -0.7
      vertex 36.569 -19.7879 -0.7
      vertex 37.05 -19.5507 -0.7
    endloop
  endfacet
  facet normal 0 0 1
    outer loop
      vertex 36.0612 -12.0397 -0.7
      vertex 36.569 -19.7879 -0.7
      vertex 36.569 -12.2121 -0.7
    endloop
  endfacet
  facet normal 0 0 1
    outer loop
      vertex 36.0612 -12.0397 -0.7
      vertex 36.0612 -19.9603 -0.7
      vertex 36.569 -19.7879 -0.7
    endloop
  endfacet
  facet normal 0 0 1
    outer loop
      vertex 35.5352 -11.9351 -0.7
      vertex 36.0612 -19.9603 -0.7
      vertex 36.0612 -12.0397 -0.7
    endloop
  endfacet
  facet normal 0 0 1
    outer loop
      vertex 35.5352 -11.9351 -0.7
      vertex 35.5352 -20.0649 -0.7
      vertex 36.0612 -19.9603 -0.7
    endloop
  endfacet
  facet normal 0 0 1
    outer loop
      vertex 35 -11.9 -0.7
      vertex 35.5352 -20.0649 -0.7
      vertex 35.5352 -11.9351 -0.7
    endloop
  endfacet
  facet normal 0 0 1
    outer loop
      vertex 35 -11.9 -0.7
      vertex 35 -20.1 -0.7
      vertex 35.5352 -20.0649 -0.7
    endloop
  endfacet
  facet normal -0 0 1
    outer loop
      vertex 34.4648 -11.9351 -0.7
      vertex 35 -20.1 -0.7
      vertex 35 -11.9 -0.7
    endloop
  endfacet
  facet normal 0 0 1
    outer loop
      vertex 34.4648 -11.9351 -0.7
      vertex 34.4648 -20.0649 -0.7
      vertex 35 -20.1 -0.7
    endloop
  endfacet
  facet normal -0 0 1
    outer loop
      vertex 33.9388 -12.0397 -0.7
      vertex 34.4648 -20.0649 -0.7
      vertex 34.4648 -11.9351 -0.7
    endloop
  endfacet
  facet normal 0 0 1
    outer loop
      vertex 33.9388 -12.0397 -0.7
      vertex 33.9388 -19.9603 -0.7
      vertex 34.4648 -20.0649 -0.7
    endloop
  endfacet
  facet normal -0 0 1
    outer loop
      vertex 33.431 -12.2121 -0.7
      vertex 33.9388 -19.9603 -0.7
      vertex 33.9388 -12.0397 -0.7
    endloop
  endfacet
  facet normal 0 0 1
    outer loop
      vertex 33.431 -12.2121 -0.7
      vertex 33.431 -19.7879 -0.7
      vertex 33.9388 -19.9603 -0.7
    endloop
  endfacet
  facet normal -0 0 1
    outer loop
      vertex 32.95 -12.4493 -0.7
      vertex 33.431 -19.7879 -0.7
      vertex 33.431 -12.2121 -0.7
    endloop
  endfacet
  facet normal 0 0 1
    outer loop
      vertex 32.95 -12.4493 -0.7
      vertex 32.95 -19.5507 -0.7
      vertex 33.431 -19.7879 -0.7
    endloop
  endfacet
  facet normal -0 0 1
    outer loop
      vertex 32.5041 -12.7473 -0.7
      vertex 32.95 -19.5507 -0.7
      vertex 32.95 -12.4493 -0.7
    endloop
  endfacet
  facet normal 0 0 1
    outer loop
      vertex 32.5041 -12.7473 -0.7
      vertex 32.5041 -19.2527 -0.7
      vertex 32.95 -19.5507 -0.7
    endloop
  endfacet
  facet normal -0 0 1
    outer loop
      vertex 32.1009 -13.1009 -0.7
      vertex 32.5041 -19.2527 -0.7
      vertex 32.5041 -12.7473 -0.7
    endloop
  endfacet
  facet normal 0 0 1
    outer loop
      vertex 32.1009 -13.1009 -0.7
      vertex 32.1009 -18.8991 -0.7
      vertex 32.5041 -19.2527 -0.7
    endloop
  endfacet
  facet normal -0 0 1
    outer loop
      vertex 31.7472 -13.5041 -0.7
      vertex 32.1009 -18.8991 -0.7
      vertex 32.1009 -13.1009 -0.7
    endloop
  endfacet
  facet normal 0 0 1
    outer loop
      vertex 31.7472 -13.5041 -0.7
      vertex 31.7472 -18.4959 -0.7
      vertex 32.1009 -18.8991 -0.7
    endloop
  endfacet
  facet normal -0 0 1
    outer loop
      vertex 31.4493 -13.95 -0.7
      vertex 31.7472 -18.4959 -0.7
      vertex 31.7472 -13.5041 -0.7
    endloop
  endfacet
  facet normal 0 0 1
    outer loop
      vertex 31.4493 -13.95 -0.7
      vertex 31.4493 -18.05 -0.7
      vertex 31.7472 -18.4959 -0.7
    endloop
  endfacet
  facet normal -0 0 1
    outer loop
      vertex 31.2121 -14.431 -0.7
      vertex 31.4493 -18.05 -0.7
      vertex 31.4493 -13.95 -0.7
    endloop
  endfacet
  facet normal 0 0 1
    outer loop
      vertex 31.2121 -14.431 -0.7
      vertex 31.2121 -17.569 -0.7
      vertex 31.4493 -18.05 -0.7
    endloop
  endfacet
  facet normal -0 0 1
    outer loop
      vertex 31.0397 -14.9388 -0.7
      vertex 31.2121 -17.569 -0.7
      vertex 31.2121 -14.431 -0.7
    endloop
  endfacet
  facet normal 0 0 1
    outer loop
      vertex 31.0397 -14.9388 -0.7
      vertex 31.0397 -17.0612 -0.7
      vertex 31.2121 -17.569 -0.7
    endloop
  endfacet
  facet normal -0 0 1
    outer loop
      vertex 30.9351 -15.4648 -0.7
      vertex 31.0397 -17.0612 -0.7
      vertex 31.0397 -14.9388 -0.7
    endloop
  endfacet
  facet normal 0 0 1
    outer loop
      vertex 30.9351 -15.4648 -0.7
      vertex 30.9351 -16.5352 -0.7
      vertex 31.0397 -17.0612 -0.7
    endloop
  endfacet
  facet normal 0 -0 1
    outer loop
      vertex 30.9351 -16.5352 -0.7
      vertex 30.9351 -15.4648 -0.7
      vertex 30.9 -16 -0.7
    endloop
  endfacet
  facet normal -0.896875 0.442284 -4.6385e-18
    outer loop
      vertex 38.5507 -18.05 -0.7
      vertex 38.7879 -17.569 1.4
      vertex 38.7879 -17.569 -0.7
    endloop
  endfacet
  facet normal -0.896875 0.442284 -4.6385e-18
    outer loop
      vertex 38.7879 -17.569 1.4
      vertex 38.5507 -18.05 -0.7
      vertex 38.5507 -18.05 1.4
    endloop
  endfacet
  facet normal 0.321481 0.946916 -0
    outer loop
      vertex 33.9388 -19.9603 -0.7
      vertex 33.431 -19.7879 1.4
      vertex 33.9388 -19.9603 1.4
    endloop
  endfacet
  facet normal 0.321481 0.946916 0
    outer loop
      vertex 33.431 -19.7879 1.4
      vertex 33.9388 -19.9603 -0.7
      vertex 33.431 -19.7879 -0.7
    endloop
  endfacet
  facet normal 0.659349 0.751837 -0
    outer loop
      vertex 32.5041 -19.2527 -0.7
      vertex 32.1009 -18.8991 1.4
      vertex 32.5041 -19.2527 1.4
    endloop
  endfacet
  facet normal 0.659349 0.751837 0
    outer loop
      vertex 32.1009 -18.8991 1.4
      vertex 32.5041 -19.2527 -0.7
      vertex 32.1009 -18.8991 -0.7
    endloop
  endfacet
  facet normal -0.896875 -0.442284 -3.22798e-18
    outer loop
      vertex 38.7879 -14.431 -0.7
      vertex 38.5507 -13.95 1.4
      vertex 38.5507 -13.95 -0.7
    endloop
  endfacet
  facet normal -0.896875 -0.442284 -3.22798e-18
    outer loop
      vertex 38.5507 -13.95 1.4
      vertex 38.7879 -14.431 -0.7
      vertex 38.7879 -14.431 1.4
    endloop
  endfacet
  facet normal -0.751837 0.659349 9.64638e-18
    outer loop
      vertex 37.8991 -18.8991 -0.7
      vertex 38.2527 -18.4959 1.4
      vertex 38.2527 -18.4959 -0.7
    endloop
  endfacet
  facet normal -0.751837 0.659349 9.64638e-18
    outer loop
      vertex 38.2527 -18.4959 1.4
      vertex 37.8991 -18.8991 -0.7
      vertex 37.8991 -18.8991 1.4
    endloop
  endfacet
  facet normal -0.751837 -0.659349 5.89001e-18
    outer loop
      vertex 38.2527 -13.5041 -0.7
      vertex 37.8991 -13.1009 1.4
      vertex 37.8991 -13.1009 -0.7
    endloop
  endfacet
  facet normal -0.751837 -0.659349 5.89001e-18
    outer loop
      vertex 37.8991 -13.1009 1.4
      vertex 38.2527 -13.5041 -0.7
      vertex 38.2527 -13.5041 1.4
    endloop
  endfacet
  facet normal -0.0654424 -0.997856 0
    outer loop
      vertex 35 -11.9 -0.7
      vertex 35.5352 -11.9351 1.4
      vertex 35 -11.9 1.4
    endloop
  endfacet
  facet normal -0.0654424 -0.997856 -0
    outer loop
      vertex 35.5352 -11.9351 1.4
      vertex 35 -11.9 -0.7
      vertex 35.5352 -11.9351 -0.7
    endloop
  endfacet
  facet normal -0.946916 -0.321481 -2.23174e-18
    outer loop
      vertex 38.9603 -14.9388 -0.7
      vertex 38.7879 -14.431 1.4
      vertex 38.7879 -14.431 -0.7
    endloop
  endfacet
  facet normal -0.946916 -0.321481 -2.23174e-18
    outer loop
      vertex 38.7879 -14.431 1.4
      vertex 38.9603 -14.9388 -0.7
      vertex 38.9603 -14.9388 1.4
    endloop
  endfacet
  facet normal -0.19504 -0.980795 0
    outer loop
      vertex 35.5352 -11.9351 -0.7
      vertex 36.0612 -12.0397 1.4
      vertex 35.5352 -11.9351 1.4
    endloop
  endfacet
  facet normal -0.19504 -0.980795 -0
    outer loop
      vertex 36.0612 -12.0397 1.4
      vertex 35.5352 -11.9351 -0.7
      vertex 36.0612 -12.0397 -0.7
    endloop
  endfacet
  facet normal 0.751745 0.659454 -6.13639e-18
    outer loop
      vertex 32.1009 -18.8991 1.4
      vertex 31.7472 -18.4959 -0.7
      vertex 31.7472 -18.4959 1.4
    endloop
  endfacet
  facet normal 0.751745 0.659454 -6.13639e-18
    outer loop
      vertex 31.7472 -18.4959 -0.7
      vertex 32.1009 -18.8991 1.4
      vertex 32.1009 -18.8991 -0.7
    endloop
  endfacet
  facet normal 0.19504 0.980795 -0
    outer loop
      vertex 34.4648 -20.0649 -0.7
      vertex 33.9388 -19.9603 1.4
      vertex 34.4648 -20.0649 1.4
    endloop
  endfacet
  facet normal 0.19504 0.980795 0
    outer loop
      vertex 33.9388 -19.9603 1.4
      vertex 34.4648 -20.0649 -0.7
      vertex 33.9388 -19.9603 -0.7
    endloop
  endfacet
  facet normal 0.555646 0.831419 -0
    outer loop
      vertex 32.95 -19.5507 -0.7
      vertex 32.5041 -19.2527 1.4
      vertex 32.95 -19.5507 1.4
    endloop
  endfacet
  facet normal 0.555646 0.831419 0
    outer loop
      vertex 32.5041 -19.2527 1.4
      vertex 32.95 -19.5507 -0.7
      vertex 32.5041 -19.2527 -0.7
    endloop
  endfacet
  facet normal 0.0654424 0.997856 -0
    outer loop
      vertex 35 -20.1 -0.7
      vertex 34.4648 -20.0649 1.4
      vertex 35 -20.1 1.4
    endloop
  endfacet
  facet normal 0.0654424 0.997856 0
    outer loop
      vertex 34.4648 -20.0649 1.4
      vertex 35 -20.1 -0.7
      vertex 34.4648 -20.0649 -0.7
    endloop
  endfacet
  facet normal -0.980795 -0.19504 -2.02757e-19
    outer loop
      vertex 39.0649 16.5352 -0.7
      vertex 38.9603 17.0612 1.4
      vertex 38.9603 17.0612 -0.7
    endloop
  endfacet
  facet normal -0.980795 -0.19504 -2.02757e-19
    outer loop
      vertex 38.9603 17.0612 1.4
      vertex 39.0649 16.5352 -0.7
      vertex 39.0649 16.5352 1.4
    endloop
  endfacet
  facet normal -0.997856 -0.0654424 9.44872e-19
    outer loop
      vertex 39.1 16 -0.7
      vertex 39.0649 16.5352 1.4
      vertex 39.0649 16.5352 -0.7
    endloop
  endfacet
  facet normal -0.997856 -0.0654424 9.44872e-19
    outer loop
      vertex 39.0649 16.5352 1.4
      vertex 39.1 16 -0.7
      vertex 39.1 16 1.4
    endloop
  endfacet
  facet normal -0.442284 -0.896875 0
    outer loop
      vertex 36.569 19.7879 -0.7
      vertex 37.05 19.5507 1.4
      vertex 36.569 19.7879 1.4
    endloop
  endfacet
  facet normal -0.442284 -0.896875 -0
    outer loop
      vertex 37.05 19.5507 1.4
      vertex 36.569 19.7879 -0.7
      vertex 37.05 19.5507 -0.7
    endloop
  endfacet
  facet normal -0.659349 -0.751837 0
    outer loop
      vertex 37.4959 19.2527 -0.7
      vertex 37.8991 18.8991 1.4
      vertex 37.4959 19.2527 1.4
    endloop
  endfacet
  facet normal -0.659349 -0.751837 -0
    outer loop
      vertex 37.8991 18.8991 1.4
      vertex 37.4959 19.2527 -0.7
      vertex 37.8991 18.8991 -0.7
    endloop
  endfacet
  facet normal -0.896875 -0.442284 4.6385e-18
    outer loop
      vertex 38.7879 17.569 -0.7
      vertex 38.5507 18.05 1.4
      vertex 38.5507 18.05 -0.7
    endloop
  endfacet
  facet normal -0.896875 -0.442284 4.6385e-18
    outer loop
      vertex 38.5507 18.05 1.4
      vertex 38.7879 17.569 -0.7
      vertex 38.7879 17.569 1.4
    endloop
  endfacet
  facet normal 0.946916 -0.321481 1.36419e-18
    outer loop
      vertex 31.0397 17.0612 1.4
      vertex 31.2121 17.569 -0.7
      vertex 31.2121 17.569 1.4
    endloop
  endfacet
  facet normal 0.946916 -0.321481 1.36419e-18
    outer loop
      vertex 31.2121 17.569 -0.7
      vertex 31.0397 17.0612 1.4
      vertex 31.0397 17.0612 -0.7
    endloop
  endfacet
  facet normal 0.997856 0.0654424 9.44872e-19
    outer loop
      vertex 30.9351 15.4648 1.4
      vertex 30.9 16 -0.7
      vertex 30.9 16 1.4
    endloop
  endfacet
  facet normal 0.997856 0.0654424 9.44872e-19
    outer loop
      vertex 30.9 16 -0.7
      vertex 30.9351 15.4648 1.4
      vertex 30.9351 15.4648 -0.7
    endloop
  endfacet
  facet normal -0.946916 0.321481 2.23174e-18
    outer loop
      vertex 38.7879 14.431 -0.7
      vertex 38.9603 14.9388 1.4
      vertex 38.9603 14.9388 -0.7
    endloop
  endfacet
  facet normal -0.946916 0.321481 2.23174e-18
    outer loop
      vertex 38.9603 14.9388 1.4
      vertex 38.7879 14.431 -0.7
      vertex 38.7879 14.431 1.4
    endloop
  endfacet
  facet normal 0.0654424 -0.997856 0
    outer loop
      vertex 34.4648 20.0649 -0.7
      vertex 35 20.1 1.4
      vertex 34.4648 20.0649 1.4
    endloop
  endfacet
  facet normal 0.0654424 -0.997856 0
    outer loop
      vertex 35 20.1 1.4
      vertex 34.4648 20.0649 -0.7
      vertex 35 20.1 -0.7
    endloop
  endfacet
  facet normal 0.321481 0.946916 -0
    outer loop
      vertex 33.9388 12.0397 -0.7
      vertex 33.431 12.2121 1.4
      vertex 33.9388 12.0397 1.4
    endloop
  endfacet
  facet normal 0.321481 0.946916 0
    outer loop
      vertex 33.431 12.2121 1.4
      vertex 33.9388 12.0397 -0.7
      vertex 33.431 12.2121 -0.7
    endloop
  endfacet
  facet normal 0.19504 0.980795 -0
    outer loop
      vertex 34.4648 11.9351 -0.7
      vertex 33.9388 12.0397 1.4
      vertex 34.4648 11.9351 1.4
    endloop
  endfacet
  facet normal 0.19504 0.980795 0
    outer loop
      vertex 33.9388 12.0397 1.4
      vertex 34.4648 11.9351 -0.7
      vertex 33.9388 12.0397 -0.7
    endloop
  endfacet
  facet normal 0.442284 -0.896875 0
    outer loop
      vertex 32.95 19.5507 -0.7
      vertex 33.431 19.7879 1.4
      vertex 32.95 19.5507 1.4
    endloop
  endfacet
  facet normal 0.442284 -0.896875 0
    outer loop
      vertex 33.431 19.7879 1.4
      vertex 32.95 19.5507 -0.7
      vertex 33.431 19.7879 -0.7
    endloop
  endfacet
  facet normal 0.896875 0.442284 -3.22798e-18
    outer loop
      vertex 31.4493 13.95 1.4
      vertex 31.2121 14.431 -0.7
      vertex 31.2121 14.431 1.4
    endloop
  endfacet
  facet normal 0.896875 0.442284 -3.22798e-18
    outer loop
      vertex 31.2121 14.431 -0.7
      vertex 31.4493 13.95 1.4
      vertex 31.4493 13.95 -0.7
    endloop
  endfacet
  facet normal -0.831419 0.555646 -5.95149e-18
    outer loop
      vertex 38.2527 13.5041 -0.7
      vertex 38.5507 13.95 1.4
      vertex 38.5507 13.95 -0.7
    endloop
  endfacet
  facet normal -0.831419 0.555646 -5.95149e-18
    outer loop
      vertex 38.5507 13.95 1.4
      vertex 38.2527 13.5041 -0.7
      vertex 38.2527 13.5041 1.4
    endloop
  endfacet
  facet normal 0.555646 -0.831419 0
    outer loop
      vertex 32.5041 19.2527 -0.7
      vertex 32.95 19.5507 1.4
      vertex 32.5041 19.2527 1.4
    endloop
  endfacet
  facet normal 0.555646 -0.831419 0
    outer loop
      vertex 32.95 19.5507 1.4
      vertex 32.5041 19.2527 -0.7
      vertex 32.95 19.5507 -0.7
    endloop
  endfacet
  facet normal 0.831505 -0.555518 -5.94883e-18
    outer loop
      vertex 31.4493 18.05 1.4
      vertex 31.7472 18.4959 -0.7
      vertex 31.7472 18.4959 1.4
    endloop
  endfacet
  facet normal 0.831505 -0.555518 -5.94883e-18
    outer loop
      vertex 31.7472 18.4959 -0.7
      vertex 31.4493 18.05 1.4
      vertex 31.4493 18.05 -0.7
    endloop
  endfacet
  facet normal 0.997856 -0.0654424 -9.44872e-19
    outer loop
      vertex 30.9 16 1.4
      vertex 30.9351 16.5352 -0.7
      vertex 30.9351 16.5352 1.4
    endloop
  endfacet
  facet normal 0.997856 -0.0654424 -9.44872e-19
    outer loop
      vertex 30.9351 16.5352 -0.7
      vertex 30.9 16 1.4
      vertex 30.9 16 -0.7
    endloop
  endfacet
  facet normal -0.831419 -0.555646 7.72587e-18
    outer loop
      vertex 38.5507 18.05 -0.7
      vertex 38.2527 18.4959 1.4
      vertex 38.2527 18.4959 -0.7
    endloop
  endfacet
  facet normal -0.831419 -0.555646 7.72587e-18
    outer loop
      vertex 38.2527 18.4959 1.4
      vertex 38.5507 18.05 -0.7
      vertex 38.5507 18.05 1.4
    endloop
  endfacet
  facet normal -0.896875 0.442284 3.22798e-18
    outer loop
      vertex 38.5507 13.95 -0.7
      vertex 38.7879 14.431 1.4
      vertex 38.7879 14.431 -0.7
    endloop
  endfacet
  facet normal -0.896875 0.442284 3.22798e-18
    outer loop
      vertex 38.7879 14.431 1.4
      vertex 38.5507 13.95 -0.7
      vertex 38.5507 13.95 1.4
    endloop
  endfacet
  facet normal 0.831505 0.555518 4.33201e-18
    outer loop
      vertex 31.7472 13.5041 1.4
      vertex 31.4493 13.95 -0.7
      vertex 31.4493 13.95 1.4
    endloop
  endfacet
  facet normal 0.831505 0.555518 4.33201e-18
    outer loop
      vertex 31.4493 13.95 -0.7
      vertex 31.7472 13.5041 1.4
      vertex 31.7472 13.5041 -0.7
    endloop
  endfacet
  facet normal 0.751745 0.659454 9.55581e-18
    outer loop
      vertex 32.1009 13.1009 1.4
      vertex 31.7472 13.5041 -0.7
      vertex 31.7472 13.5041 1.4
    endloop
  endfacet
  facet normal 0.751745 0.659454 9.55581e-18
    outer loop
      vertex 31.7472 13.5041 -0.7
      vertex 32.1009 13.1009 1.4
      vertex 32.1009 13.1009 -0.7
    endloop
  endfacet
  facet normal 0.751745 -0.659454 6.13639e-18
    outer loop
      vertex 31.7472 18.4959 1.4
      vertex 32.1009 18.8991 -0.7
      vertex 32.1009 18.8991 1.4
    endloop
  endfacet
  facet normal 0.751745 -0.659454 6.13639e-18
    outer loop
      vertex 32.1009 18.8991 -0.7
      vertex 31.7472 18.4959 1.4
      vertex 31.7472 18.4959 -0.7
    endloop
  endfacet
  facet normal 0.659349 -0.751837 0
    outer loop
      vertex 32.1009 18.8991 -0.7
      vertex 32.5041 19.2527 1.4
      vertex 32.1009 18.8991 1.4
    endloop
  endfacet
  facet normal 0.659349 -0.751837 0
    outer loop
      vertex 32.5041 19.2527 1.4
      vertex 32.1009 18.8991 -0.7
      vertex 32.5041 19.2527 -0.7
    endloop
  endfacet
  facet normal -0.19504 0.980795 0
    outer loop
      vertex 36.0612 12.0397 -0.7
      vertex 35.5352 11.9351 1.4
      vertex 36.0612 12.0397 1.4
    endloop
  endfacet
  facet normal -0.19504 0.980795 0
    outer loop
      vertex 35.5352 11.9351 1.4
      vertex 36.0612 12.0397 -0.7
      vertex 35.5352 11.9351 -0.7
    endloop
  endfacet
  facet normal -0.997856 0.0654424 -9.44872e-19
    outer loop
      vertex 39.0649 15.4648 -0.7
      vertex 39.1 16 1.4
      vertex 39.1 16 -0.7
    endloop
  endfacet
  facet normal -0.997856 0.0654424 -9.44872e-19
    outer loop
      vertex 39.1 16 1.4
      vertex 39.0649 15.4648 -0.7
      vertex 39.0649 15.4648 1.4
    endloop
  endfacet
  facet normal -0.980795 0.19504 2.02757e-19
    outer loop
      vertex 38.9603 14.9388 -0.7
      vertex 39.0649 15.4648 1.4
      vertex 39.0649 15.4648 -0.7
    endloop
  endfacet
  facet normal -0.980795 0.19504 2.02757e-19
    outer loop
      vertex 39.0649 15.4648 1.4
      vertex 38.9603 14.9388 -0.7
      vertex 38.9603 14.9388 1.4
    endloop
  endfacet
  facet normal -0.555646 -0.831419 0
    outer loop
      vertex 37.05 19.5507 -0.7
      vertex 37.4959 19.2527 1.4
      vertex 37.05 19.5507 1.4
    endloop
  endfacet
  facet normal -0.555646 -0.831419 -0
    outer loop
      vertex 37.4959 19.2527 1.4
      vertex 37.05 19.5507 -0.7
      vertex 37.4959 19.2527 -0.7
    endloop
  endfacet
  facet normal -0.555646 0.831419 0
    outer loop
      vertex 37.4959 12.7473 -0.7
      vertex 37.05 12.4493 1.4
      vertex 37.4959 12.7473 1.4
    endloop
  endfacet
  facet normal -0.555646 0.831419 0
    outer loop
      vertex 37.05 12.4493 1.4
      vertex 37.4959 12.7473 -0.7
      vertex 37.05 12.4493 -0.7
    endloop
  endfacet
  facet normal -0.321481 0.946916 0
    outer loop
      vertex 36.569 12.2121 -0.7
      vertex 36.0612 12.0397 1.4
      vertex 36.569 12.2121 1.4
    endloop
  endfacet
  facet normal -0.321481 0.946916 0
    outer loop
      vertex 36.0612 12.0397 1.4
      vertex 36.569 12.2121 -0.7
      vertex 36.0612 12.0397 -0.7
    endloop
  endfacet
  facet normal 0.0654424 0.997856 -0
    outer loop
      vertex 35 11.9 -0.7
      vertex 34.4648 11.9351 1.4
      vertex 35 11.9 1.4
    endloop
  endfacet
  facet normal 0.0654424 0.997856 0
    outer loop
      vertex 34.4648 11.9351 1.4
      vertex 35 11.9 -0.7
      vertex 34.4648 11.9351 -0.7
    endloop
  endfacet
  facet normal -0.659349 0.751837 0
    outer loop
      vertex 37.8991 13.1009 -0.7
      vertex 37.4959 12.7473 1.4
      vertex 37.8991 13.1009 1.4
    endloop
  endfacet
  facet normal -0.659349 0.751837 0
    outer loop
      vertex 37.4959 12.7473 1.4
      vertex 37.8991 13.1009 -0.7
      vertex 37.4959 12.7473 -0.7
    endloop
  endfacet
  facet normal 0.19504 -0.980795 0
    outer loop
      vertex 33.9388 19.9603 -0.7
      vertex 34.4648 20.0649 1.4
      vertex 33.9388 19.9603 1.4
    endloop
  endfacet
  facet normal 0.19504 -0.980795 0
    outer loop
      vertex 34.4648 20.0649 1.4
      vertex 33.9388 19.9603 -0.7
      vertex 34.4648 20.0649 -0.7
    endloop
  endfacet
  facet normal 0 0 1
    outer loop
      vertex 39.0649 16.5352 -0.7
      vertex 39.0649 15.4648 -0.7
      vertex 39.1 16 -0.7
    endloop
  endfacet
  facet normal 0 0 1
    outer loop
      vertex 38.9603 17.0612 -0.7
      vertex 39.0649 15.4648 -0.7
      vertex 39.0649 16.5352 -0.7
    endloop
  endfacet
  facet normal 0 0 1
    outer loop
      vertex 38.9603 17.0612 -0.7
      vertex 38.9603 14.9388 -0.7
      vertex 39.0649 15.4648 -0.7
    endloop
  endfacet
  facet normal 0 0 1
    outer loop
      vertex 38.7879 17.569 -0.7
      vertex 38.9603 14.9388 -0.7
      vertex 38.9603 17.0612 -0.7
    endloop
  endfacet
  facet normal 0 0 1
    outer loop
      vertex 38.7879 17.569 -0.7
      vertex 38.7879 14.431 -0.7
      vertex 38.9603 14.9388 -0.7
    endloop
  endfacet
  facet normal 0 0 1
    outer loop
      vertex 38.5507 18.05 -0.7
      vertex 38.7879 14.431 -0.7
      vertex 38.7879 17.569 -0.7
    endloop
  endfacet
  facet normal 0 0 1
    outer loop
      vertex 38.5507 18.05 -0.7
      vertex 38.5507 13.95 -0.7
      vertex 38.7879 14.431 -0.7
    endloop
  endfacet
  facet normal 0 0 1
    outer loop
      vertex 38.2527 18.4959 -0.7
      vertex 38.5507 13.95 -0.7
      vertex 38.5507 18.05 -0.7
    endloop
  endfacet
  facet normal 0 0 1
    outer loop
      vertex 38.2527 18.4959 -0.7
      vertex 38.2527 13.5041 -0.7
      vertex 38.5507 13.95 -0.7
    endloop
  endfacet
  facet normal 0 0 1
    outer loop
      vertex 37.8991 18.8991 -0.7
      vertex 38.2527 13.5041 -0.7
      vertex 38.2527 18.4959 -0.7
    endloop
  endfacet
  facet normal 0 0 1
    outer loop
      vertex 37.8991 18.8991 -0.7
      vertex 37.8991 13.1009 -0.7
      vertex 38.2527 13.5041 -0.7
    endloop
  endfacet
  facet normal 0 0 1
    outer loop
      vertex 37.4959 19.2527 -0.7
      vertex 37.8991 13.1009 -0.7
      vertex 37.8991 18.8991 -0.7
    endloop
  endfacet
  facet normal 0 0 1
    outer loop
      vertex 37.4959 19.2527 -0.7
      vertex 37.4959 12.7473 -0.7
      vertex 37.8991 13.1009 -0.7
    endloop
  endfacet
  facet normal 0 0 1
    outer loop
      vertex 37.05 19.5507 -0.7
      vertex 37.4959 12.7473 -0.7
      vertex 37.4959 19.2527 -0.7
    endloop
  endfacet
  facet normal 0 0 1
    outer loop
      vertex 37.05 19.5507 -0.7
      vertex 37.05 12.4493 -0.7
      vertex 37.4959 12.7473 -0.7
    endloop
  endfacet
  facet normal 0 0 1
    outer loop
      vertex 36.569 19.7879 -0.7
      vertex 37.05 12.4493 -0.7
      vertex 37.05 19.5507 -0.7
    endloop
  endfacet
  facet normal 0 0 1
    outer loop
      vertex 36.569 19.7879 -0.7
      vertex 36.569 12.2121 -0.7
      vertex 37.05 12.4493 -0.7
    endloop
  endfacet
  facet normal 0 0 1
    outer loop
      vertex 36.0612 19.9603 -0.7
      vertex 36.569 12.2121 -0.7
      vertex 36.569 19.7879 -0.7
    endloop
  endfacet
  facet normal 0 0 1
    outer loop
      vertex 36.0612 19.9603 -0.7
      vertex 36.0612 12.0397 -0.7
      vertex 36.569 12.2121 -0.7
    endloop
  endfacet
  facet normal 0 0 1
    outer loop
      vertex 35.5352 20.0649 -0.7
      vertex 36.0612 12.0397 -0.7
      vertex 36.0612 19.9603 -0.7
    endloop
  endfacet
  facet normal 0 0 1
    outer loop
      vertex 35.5352 20.0649 -0.7
      vertex 35.5352 11.9351 -0.7
      vertex 36.0612 12.0397 -0.7
    endloop
  endfacet
  facet normal 0 0 1
    outer loop
      vertex 35 20.1 -0.7
      vertex 35.5352 11.9351 -0.7
      vertex 35.5352 20.0649 -0.7
    endloop
  endfacet
  facet normal 0 0 1
    outer loop
      vertex 35 20.1 -0.7
      vertex 35 11.9 -0.7
      vertex 35.5352 11.9351 -0.7
    endloop
  endfacet
  facet normal -0 0 1
    outer loop
      vertex 34.4648 20.0649 -0.7
      vertex 35 11.9 -0.7
      vertex 35 20.1 -0.7
    endloop
  endfacet
  facet normal 0 0 1
    outer loop
      vertex 34.4648 20.0649 -0.7
      vertex 34.4648 11.9351 -0.7
      vertex 35 11.9 -0.7
    endloop
  endfacet
  facet normal -0 0 1
    outer loop
      vertex 33.9388 19.9603 -0.7
      vertex 34.4648 11.9351 -0.7
      vertex 34.4648 20.0649 -0.7
    endloop
  endfacet
  facet normal 0 0 1
    outer loop
      vertex 33.9388 19.9603 -0.7
      vertex 33.9388 12.0397 -0.7
      vertex 34.4648 11.9351 -0.7
    endloop
  endfacet
  facet normal -0 0 1
    outer loop
      vertex 33.431 19.7879 -0.7
      vertex 33.9388 12.0397 -0.7
      vertex 33.9388 19.9603 -0.7
    endloop
  endfacet
  facet normal 0 0 1
    outer loop
      vertex 33.431 19.7879 -0.7
      vertex 33.431 12.2121 -0.7
      vertex 33.9388 12.0397 -0.7
    endloop
  endfacet
  facet normal -0 0 1
    outer loop
      vertex 32.95 19.5507 -0.7
      vertex 33.431 12.2121 -0.7
      vertex 33.431 19.7879 -0.7
    endloop
  endfacet
  facet normal 0 0 1
    outer loop
      vertex 32.95 19.5507 -0.7
      vertex 32.95 12.4493 -0.7
      vertex 33.431 12.2121 -0.7
    endloop
  endfacet
  facet normal -0 0 1
    outer loop
      vertex 32.5041 19.2527 -0.7
      vertex 32.95 12.4493 -0.7
      vertex 32.95 19.5507 -0.7
    endloop
  endfacet
  facet normal 0 0 1
    outer loop
      vertex 32.5041 19.2527 -0.7
      vertex 32.5041 12.7473 -0.7
      vertex 32.95 12.4493 -0.7
    endloop
  endfacet
  facet normal -0 0 1
    outer loop
      vertex 32.1009 18.8991 -0.7
      vertex 32.5041 12.7473 -0.7
      vertex 32.5041 19.2527 -0.7
    endloop
  endfacet
  facet normal 0 0 1
    outer loop
      vertex 32.1009 18.8991 -0.7
      vertex 32.1009 13.1009 -0.7
      vertex 32.5041 12.7473 -0.7
    endloop
  endfacet
  facet normal -0 0 1
    outer loop
      vertex 31.7472 18.4959 -0.7
      vertex 32.1009 13.1009 -0.7
      vertex 32.1009 18.8991 -0.7
    endloop
  endfacet
  facet normal 0 0 1
    outer loop
      vertex 31.7472 18.4959 -0.7
      vertex 31.7472 13.5041 -0.7
      vertex 32.1009 13.1009 -0.7
    endloop
  endfacet
  facet normal -0 0 1
    outer loop
      vertex 31.4493 18.05 -0.7
      vertex 31.7472 13.5041 -0.7
      vertex 31.7472 18.4959 -0.7
    endloop
  endfacet
  facet normal 0 0 1
    outer loop
      vertex 31.4493 18.05 -0.7
      vertex 31.4493 13.95 -0.7
      vertex 31.7472 13.5041 -0.7
    endloop
  endfacet
  facet normal -0 0 1
    outer loop
      vertex 31.2121 17.569 -0.7
      vertex 31.4493 13.95 -0.7
      vertex 31.4493 18.05 -0.7
    endloop
  endfacet
  facet normal 0 0 1
    outer loop
      vertex 31.2121 17.569 -0.7
      vertex 31.2121 14.431 -0.7
      vertex 31.4493 13.95 -0.7
    endloop
  endfacet
  facet normal -0 0 1
    outer loop
      vertex 31.0397 17.0612 -0.7
      vertex 31.2121 14.431 -0.7
      vertex 31.2121 17.569 -0.7
    endloop
  endfacet
  facet normal 0 0 1
    outer loop
      vertex 31.0397 17.0612 -0.7
      vertex 31.0397 14.9388 -0.7
      vertex 31.2121 14.431 -0.7
    endloop
  endfacet
  facet normal -0 0 1
    outer loop
      vertex 30.9351 16.5352 -0.7
      vertex 31.0397 14.9388 -0.7
      vertex 31.0397 17.0612 -0.7
    endloop
  endfacet
  facet normal 0 0 1
    outer loop
      vertex 30.9351 16.5352 -0.7
      vertex 30.9351 15.4648 -0.7
      vertex 31.0397 14.9388 -0.7
    endloop
  endfacet
  facet normal 0 -0 1
    outer loop
      vertex 30.9351 15.4648 -0.7
      vertex 30.9351 16.5352 -0.7
      vertex 30.9 16 -0.7
    endloop
  endfacet
  facet normal -0.751837 0.659349 -5.89001e-18
    outer loop
      vertex 37.8991 13.1009 -0.7
      vertex 38.2527 13.5041 1.4
      vertex 38.2527 13.5041 -0.7
    endloop
  endfacet
  facet normal -0.751837 0.659349 -5.89001e-18
    outer loop
      vertex 38.2527 13.5041 1.4
      vertex 37.8991 13.1009 -0.7
      vertex 37.8991 13.1009 1.4
    endloop
  endfacet
  facet normal -0.442284 0.896875 0
    outer loop
      vertex 37.05 12.4493 -0.7
      vertex 36.569 12.2121 1.4
      vertex 37.05 12.4493 1.4
    endloop
  endfacet
  facet normal -0.442284 0.896875 0
    outer loop
      vertex 36.569 12.2121 1.4
      vertex 37.05 12.4493 -0.7
      vertex 36.569 12.2121 -0.7
    endloop
  endfacet
  facet normal -0.0654424 0.997856 0
    outer loop
      vertex 35.5352 11.9351 -0.7
      vertex 35 11.9 1.4
      vertex 35.5352 11.9351 1.4
    endloop
  endfacet
  facet normal -0.0654424 0.997856 0
    outer loop
      vertex 35 11.9 1.4
      vertex 35.5352 11.9351 -0.7
      vertex 35 11.9 -0.7
    endloop
  endfacet
  facet normal -0.19504 -0.980795 0
    outer loop
      vertex 35.5352 20.0649 -0.7
      vertex 36.0612 19.9603 1.4
      vertex 35.5352 20.0649 1.4
    endloop
  endfacet
  facet normal -0.19504 -0.980795 -0
    outer loop
      vertex 36.0612 19.9603 1.4
      vertex 35.5352 20.0649 -0.7
      vertex 36.0612 19.9603 -0.7
    endloop
  endfacet
  facet normal -0.0654424 -0.997856 0
    outer loop
      vertex 35 20.1 -0.7
      vertex 35.5352 20.0649 1.4
      vertex 35 20.1 1.4
    endloop
  endfacet
  facet normal -0.0654424 -0.997856 -0
    outer loop
      vertex 35.5352 20.0649 1.4
      vertex 35 20.1 -0.7
      vertex 35.5352 20.0649 -0.7
    endloop
  endfacet
  facet normal -0.321481 -0.946916 0
    outer loop
      vertex 36.0612 19.9603 -0.7
      vertex 36.569 19.7879 1.4
      vertex 36.0612 19.9603 1.4
    endloop
  endfacet
  facet normal -0.321481 -0.946916 -0
    outer loop
      vertex 36.569 19.7879 1.4
      vertex 36.0612 19.9603 -0.7
      vertex 36.569 19.7879 -0.7
    endloop
  endfacet
  facet normal 0.980795 -0.19504 -1.71953e-18
    outer loop
      vertex 30.9351 16.5352 1.4
      vertex 31.0397 17.0612 -0.7
      vertex 31.0397 17.0612 1.4
    endloop
  endfacet
  facet normal 0.980795 -0.19504 -1.71953e-18
    outer loop
      vertex 31.0397 17.0612 -0.7
      vertex 30.9351 16.5352 1.4
      vertex 30.9351 16.5352 -0.7
    endloop
  endfacet
  facet normal -0.751837 -0.659349 -9.64638e-18
    outer loop
      vertex 38.2527 18.4959 -0.7
      vertex 37.8991 18.8991 1.4
      vertex 37.8991 18.8991 -0.7
    endloop
  endfacet
  facet normal -0.751837 -0.659349 -9.64638e-18
    outer loop
      vertex 37.8991 18.8991 1.4
      vertex 38.2527 18.4959 -0.7
      vertex 38.2527 18.4959 1.4
    endloop
  endfacet
  facet normal -0.946916 -0.321481 -1.40363e-18
    outer loop
      vertex 38.9603 17.0612 -0.7
      vertex 38.7879 17.569 1.4
      vertex 38.7879 17.569 -0.7
    endloop
  endfacet
  facet normal -0.946916 -0.321481 -1.40363e-18
    outer loop
      vertex 38.7879 17.569 1.4
      vertex 38.9603 17.0612 -0.7
      vertex 38.9603 17.0612 1.4
    endloop
  endfacet
  facet normal 0.321481 -0.946916 0
    outer loop
      vertex 33.431 19.7879 -0.7
      vertex 33.9388 19.9603 1.4
      vertex 33.431 19.7879 1.4
    endloop
  endfacet
  facet normal 0.321481 -0.946916 0
    outer loop
      vertex 33.9388 19.9603 1.4
      vertex 33.431 19.7879 -0.7
      vertex 33.9388 19.9603 -0.7
    endloop
  endfacet
  facet normal 0.442284 0.896875 -0
    outer loop
      vertex 33.431 12.2121 -0.7
      vertex 32.95 12.4493 1.4
      vertex 33.431 12.2121 1.4
    endloop
  endfacet
  facet normal 0.442284 0.896875 0
    outer loop
      vertex 32.95 12.4493 1.4
      vertex 33.431 12.2121 -0.7
      vertex 32.95 12.4493 -0.7
    endloop
  endfacet
  facet normal 0.946916 0.321481 -2.1923e-18
    outer loop
      vertex 31.2121 14.431 1.4
      vertex 31.0397 14.9388 -0.7
      vertex 31.0397 14.9388 1.4
    endloop
  endfacet
  facet normal 0.946916 0.321481 -2.1923e-18
    outer loop
      vertex 31.0397 14.9388 -0.7
      vertex 31.2121 14.431 1.4
      vertex 31.2121 14.431 -0.7
    endloop
  endfacet
  facet normal 0.980795 0.19504 1.71953e-18
    outer loop
      vertex 31.0397 14.9388 1.4
      vertex 30.9351 15.4648 -0.7
      vertex 30.9351 15.4648 1.4
    endloop
  endfacet
  facet normal 0.980795 0.19504 1.71953e-18
    outer loop
      vertex 30.9351 15.4648 -0.7
      vertex 31.0397 14.9388 1.4
      vertex 31.0397 14.9388 -0.7
    endloop
  endfacet
  facet normal 0.555646 0.831419 -0
    outer loop
      vertex 32.95 12.4493 -0.7
      vertex 32.5041 12.7473 1.4
      vertex 32.95 12.4493 1.4
    endloop
  endfacet
  facet normal 0.555646 0.831419 0
    outer loop
      vertex 32.5041 12.7473 1.4
      vertex 32.95 12.4493 -0.7
      vertex 32.5041 12.7473 -0.7
    endloop
  endfacet
  facet normal 0.896875 -0.442284 -4.6385e-18
    outer loop
      vertex 31.2121 17.569 1.4
      vertex 31.4493 18.05 -0.7
      vertex 31.4493 18.05 1.4
    endloop
  endfacet
  facet normal 0.896875 -0.442284 -4.6385e-18
    outer loop
      vertex 31.4493 18.05 -0.7
      vertex 31.2121 17.569 1.4
      vertex 31.2121 17.569 -0.7
    endloop
  endfacet
  facet normal 0.659349 0.751837 -0
    outer loop
      vertex 32.5041 12.7473 -0.7
      vertex 32.1009 13.1009 1.4
      vertex 32.5041 12.7473 1.4
    endloop
  endfacet
  facet normal 0.659349 0.751837 0
    outer loop
      vertex 32.1009 13.1009 1.4
      vertex 32.5041 12.7473 -0.7
      vertex 32.1009 13.1009 -0.7
    endloop
  endfacet
  facet normal 1 -0 0
    outer loop
      vertex -39 -4.2 -1.05
      vertex -39 4.2 -1.4
      vertex -39 4.2 -1.05
    endloop
  endfacet
  facet normal 1 0 0
    outer loop
      vertex -39 4.2 -1.4
      vertex -39 -4.2 -1.05
      vertex -39 -4.2 -1.4
    endloop
  endfacet
  facet normal 0.997859 0.0654055 1.41849e-18
    outer loop
      vertex -38.9846 -4.43495 -1.05
      vertex -39 -4.2 -1.4
      vertex -39 -4.2 -1.05
    endloop
  endfacet
  facet normal 0.997859 0.0654055 1.41849e-18
    outer loop
      vertex -39 -4.2 -1.4
      vertex -38.9846 -4.43495 -1.05
      vertex -38.9846 -4.43495 -1.4
    endloop
  endfacet
  facet normal 0.0654194 -0.997858 0
    outer loop
      vertex -37.4349 5.9846 -1.4
      vertex -37.2 6 -1.05
      vertex -37.4349 5.9846 -1.05
    endloop
  endfacet
  facet normal 0.0654194 -0.997858 0
    outer loop
      vertex -37.2 6 -1.05
      vertex -37.4349 5.9846 -1.4
      vertex -37.2 6 -1.4
    endloop
  endfacet
  facet normal 0.831488 0.555543 -1.68512e-17
    outer loop
      vertex -38.628 -5.29577 -1.05
      vertex -38.7588 -5.1 -1.4
      vertex -38.7588 -5.1 -1.05
    endloop
  endfacet
  facet normal 0.831488 0.555543 -1.68512e-17
    outer loop
      vertex -38.7588 -5.1 -1.4
      vertex -38.628 -5.29577 -1.05
      vertex -38.628 -5.29577 -1.4
    endloop
  endfacet
  facet normal 0.980812 0.194956 6.4727e-18
    outer loop
      vertex -38.9387 -4.66587 -1.05
      vertex -38.9846 -4.43495 -1.4
      vertex -38.9846 -4.43495 -1.05
    endloop
  endfacet
  facet normal 0.980812 0.194956 6.4727e-18
    outer loop
      vertex -38.9846 -4.43495 -1.4
      vertex -38.9387 -4.66587 -1.05
      vertex -38.9387 -4.66587 -1.4
    endloop
  endfacet
  facet normal 0.321537 -0.946897 0
    outer loop
      vertex -37.8888 5.86298 -1.4
      vertex -37.6659 5.93867 -1.05
      vertex -37.8888 5.86298 -1.05
    endloop
  endfacet
  facet normal 0.321537 -0.946897 0
    outer loop
      vertex -37.6659 5.93867 -1.05
      vertex -37.8888 5.86298 -1.4
      vertex -37.6659 5.93867 -1.4
    endloop
  endfacet
  facet normal 0.659406 0.751787 -0
    outer loop
      vertex -38.2958 -5.62804 -1.4
      vertex -38.4728 -5.47279 -1.05
      vertex -38.2958 -5.62804 -1.05
    endloop
  endfacet
  facet normal 0.659406 0.751787 0
    outer loop
      vertex -38.4728 -5.47279 -1.05
      vertex -38.2958 -5.62804 -1.4
      vertex -38.4728 -5.47279 -1.4
    endloop
  endfacet
  facet normal 0.997859 -0.0654055 -1.41849e-18
    outer loop
      vertex -39 4.2 -1.05
      vertex -38.9846 4.43495 -1.4
      vertex -38.9846 4.43495 -1.05
    endloop
  endfacet
  facet normal 0.997859 -0.0654055 -1.41849e-18
    outer loop
      vertex -38.9846 4.43495 -1.4
      vertex -39 4.2 -1.05
      vertex -39 4.2 -1.4
    endloop
  endfacet
  facet normal 0 -1 0
    outer loop
      vertex -37.2 6 -1.4
      vertex -18 6 -1.05
      vertex -37.2 6 -1.05
    endloop
  endfacet
  facet normal 0 -1 -0
    outer loop
      vertex -18 6 -1.05
      vertex -37.2 6 -1.4
      vertex -18 6 -1.4
    endloop
  endfacet
  facet normal 0.442212 -0.89691 0
    outer loop
      vertex -38.1 5.75885 -1.4
      vertex -37.8888 5.86298 -1.05
      vertex -38.1 5.75885 -1.05
    endloop
  endfacet
  facet normal 0.442212 -0.89691 0
    outer loop
      vertex -37.8888 5.86298 -1.05
      vertex -38.1 5.75885 -1.4
      vertex -37.8888 5.86298 -1.4
    endloop
  endfacet
  facet normal 0.321537 0.946897 -0
    outer loop
      vertex -37.6659 -5.93867 -1.4
      vertex -37.8888 -5.86298 -1.05
      vertex -37.6659 -5.93867 -1.05
    endloop
  endfacet
  facet normal 0.321537 0.946897 0
    outer loop
      vertex -37.8888 -5.86298 -1.05
      vertex -37.6659 -5.93867 -1.4
      vertex -37.8888 -5.86298 -1.4
    endloop
  endfacet
  facet normal 0 1 -0
    outer loop
      vertex -18 -6 -1.4
      vertex -37.2 -6 -1.05
      vertex -18 -6 -1.05
    endloop
  endfacet
  facet normal 0 1 0
    outer loop
      vertex -37.2 -6 -1.05
      vertex -18 -6 -1.4
      vertex -37.2 -6 -1.4
    endloop
  endfacet
  facet normal 0.94691 0.321498 1.79948e-17
    outer loop
      vertex -38.863 -4.88883 -1.05
      vertex -38.9387 -4.66587 -1.4
      vertex -38.9387 -4.66587 -1.05
    endloop
  endfacet
  facet normal 0.94691 0.321498 1.79948e-17
    outer loop
      vertex -38.9387 -4.66587 -1.4
      vertex -38.863 -4.88883 -1.05
      vertex -38.863 -4.88883 -1.4
    endloop
  endfacet
  facet normal 0.0654194 0.997858 -0
    outer loop
      vertex -37.2 -6 -1.4
      vertex -37.4349 -5.9846 -1.05
      vertex -37.2 -6 -1.05
    endloop
  endfacet
  facet normal 0.0654194 0.997858 0
    outer loop
      vertex -37.4349 -5.9846 -1.05
      vertex -37.2 -6 -1.4
      vertex -37.4349 -5.9846 -1.4
    endloop
  endfacet
  facet normal 0.751929 -0.659244 2.06611e-17
    outer loop
      vertex -38.628 5.29577 -1.05
      vertex -38.4728 5.47279 -1.4
      vertex -38.4728 5.47279 -1.05
    endloop
  endfacet
  facet normal 0.751929 -0.659244 2.06611e-17
    outer loop
      vertex -38.4728 5.47279 -1.4
      vertex -38.628 5.29577 -1.05
      vertex -38.628 5.29577 -1.4
    endloop
  endfacet
  facet normal 0.751929 0.659244 -2.06611e-17
    outer loop
      vertex -38.4728 -5.47279 -1.05
      vertex -38.628 -5.29577 -1.4
      vertex -38.628 -5.29577 -1.05
    endloop
  endfacet
  facet normal 0.751929 0.659244 -2.06611e-17
    outer loop
      vertex -38.628 -5.29577 -1.4
      vertex -38.4728 -5.47279 -1.05
      vertex -38.4728 -5.47279 -1.4
    endloop
  endfacet
  facet normal 0.195014 -0.980801 0
    outer loop
      vertex -37.6659 5.93867 -1.4
      vertex -37.4349 5.9846 -1.05
      vertex -37.6659 5.93867 -1.05
    endloop
  endfacet
  facet normal 0.195014 -0.980801 0
    outer loop
      vertex -37.4349 5.9846 -1.05
      vertex -37.6659 5.93867 -1.4
      vertex -37.4349 5.9846 -1.4
    endloop
  endfacet
  facet normal 0.896767 0.442502 1.01605e-17
    outer loop
      vertex -38.7588 -5.1 -1.05
      vertex -38.863 -4.88883 -1.4
      vertex -38.863 -4.88883 -1.05
    endloop
  endfacet
  facet normal 0.896767 0.442502 1.01605e-17
    outer loop
      vertex -38.863 -4.88883 -1.4
      vertex -38.7588 -5.1 -1.05
      vertex -38.7588 -5.1 -1.4
    endloop
  endfacet
  facet normal 0.980812 -0.194956 -6.4727e-18
    outer loop
      vertex -38.9846 4.43495 -1.05
      vertex -38.9387 4.66587 -1.4
      vertex -38.9387 4.66587 -1.05
    endloop
  endfacet
  facet normal 0.980812 -0.194956 -6.4727e-18
    outer loop
      vertex -38.9387 4.66587 -1.4
      vertex -38.9846 4.43495 -1.05
      vertex -38.9846 4.43495 -1.4
    endloop
  endfacet
  facet normal 0.659406 -0.751787 0
    outer loop
      vertex -38.4728 5.47279 -1.4
      vertex -38.2958 5.62804 -1.05
      vertex -38.4728 5.47279 -1.05
    endloop
  endfacet
  facet normal 0.659406 -0.751787 0
    outer loop
      vertex -38.2958 5.62804 -1.05
      vertex -38.4728 5.47279 -1.4
      vertex -38.2958 5.62804 -1.4
    endloop
  endfacet
  facet normal 0.555513 -0.831508 0
    outer loop
      vertex -38.2958 5.62804 -1.4
      vertex -38.1 5.75885 -1.05
      vertex -38.2958 5.62804 -1.05
    endloop
  endfacet
  facet normal 0.555513 -0.831508 0
    outer loop
      vertex -38.1 5.75885 -1.05
      vertex -38.2958 5.62804 -1.4
      vertex -38.1 5.75885 -1.4
    endloop
  endfacet
  facet normal 0.831488 -0.555543 1.68512e-17
    outer loop
      vertex -38.7588 5.1 -1.05
      vertex -38.628 5.29577 -1.4
      vertex -38.628 5.29577 -1.05
    endloop
  endfacet
  facet normal 0.831488 -0.555543 1.68512e-17
    outer loop
      vertex -38.628 5.29577 -1.4
      vertex -38.7588 5.1 -1.05
      vertex -38.7588 5.1 -1.4
    endloop
  endfacet
  facet normal 0.195014 0.980801 -0
    outer loop
      vertex -37.4349 -5.9846 -1.4
      vertex -37.6659 -5.93867 -1.05
      vertex -37.4349 -5.9846 -1.05
    endloop
  endfacet
  facet normal 0.195014 0.980801 0
    outer loop
      vertex -37.6659 -5.93867 -1.05
      vertex -37.4349 -5.9846 -1.4
      vertex -37.6659 -5.93867 -1.4
    endloop
  endfacet
  facet normal 0.94691 -0.321498 -1.79948e-17
    outer loop
      vertex -38.9387 4.66587 -1.05
      vertex -38.863 4.88883 -1.4
      vertex -38.863 4.88883 -1.05
    endloop
  endfacet
  facet normal 0.94691 -0.321498 -1.79948e-17
    outer loop
      vertex -38.863 4.88883 -1.4
      vertex -38.9387 4.66587 -1.05
      vertex -38.9387 4.66587 -1.4
    endloop
  endfacet
  facet normal 0.442212 0.89691 -0
    outer loop
      vertex -37.8888 -5.86298 -1.4
      vertex -38.1 -5.75885 -1.05
      vertex -37.8888 -5.86298 -1.05
    endloop
  endfacet
  facet normal 0.442212 0.89691 0
    outer loop
      vertex -38.1 -5.75885 -1.05
      vertex -37.8888 -5.86298 -1.4
      vertex -38.1 -5.75885 -1.4
    endloop
  endfacet
  facet normal 0.896767 -0.442502 -1.01605e-17
    outer loop
      vertex -38.863 4.88883 -1.05
      vertex -38.7588 5.1 -1.4
      vertex -38.7588 5.1 -1.05
    endloop
  endfacet
  facet normal 0.896767 -0.442502 -1.01605e-17
    outer loop
      vertex -38.7588 5.1 -1.4
      vertex -38.863 4.88883 -1.05
      vertex -38.863 4.88883 -1.4
    endloop
  endfacet
  facet normal 0.555513 0.831508 -0
    outer loop
      vertex -38.1 -5.75885 -1.4
      vertex -38.2958 -5.62804 -1.05
      vertex -38.1 -5.75885 -1.05
    endloop
  endfacet
  facet normal 0.555513 0.831508 0
    outer loop
      vertex -38.2958 -5.62804 -1.05
      vertex -38.1 -5.75885 -1.4
      vertex -38.2958 -5.62804 -1.4
    endloop
  endfacet
  facet normal 0 0 -1
    outer loop
      vertex -37.2 -6 -1.05
      vertex -18 6 -1.05
      vertex -18 -6 -1.05
    endloop
  endfacet
  facet normal 0 0 -1
    outer loop
      vertex -37.2 -6 -1.05
      vertex -37.2 6 -1.05
      vertex -18 6 -1.05
    endloop
  endfacet
  facet normal 0 0 -1
    outer loop
      vertex -39 -4.2 -1.05
      vertex -37.2 -6 -1.05
      vertex -37.4349 -5.9846 -1.05
    endloop
  endfacet
  facet normal 0 0 -1
    outer loop
      vertex -37.2 -6 -1.05
      vertex -39 -4.2 -1.05
      vertex -37.2 6 -1.05
    endloop
  endfacet
  facet normal 0 0 -1
    outer loop
      vertex -39 -4.2 -1.05
      vertex -37.4349 -5.9846 -1.05
      vertex -37.6659 -5.93867 -1.05
    endloop
  endfacet
  facet normal 0 0 -1
    outer loop
      vertex -39 4.2 -1.05
      vertex -37.2 6 -1.05
      vertex -39 -4.2 -1.05
    endloop
  endfacet
  facet normal 0 0 -1
    outer loop
      vertex -39 -4.2 -1.05
      vertex -37.6659 -5.93867 -1.05
      vertex -37.8888 -5.86298 -1.05
    endloop
  endfacet
  facet normal 0 0 -1
    outer loop
      vertex -37.2 6 -1.05
      vertex -39 4.2 -1.05
      vertex -37.4349 5.9846 -1.05
    endloop
  endfacet
  facet normal 0 0 -1
    outer loop
      vertex -39 -4.2 -1.05
      vertex -37.8888 -5.86298 -1.05
      vertex -38.1 -5.75885 -1.05
    endloop
  endfacet
  facet normal 0 0 -1
    outer loop
      vertex -37.4349 5.9846 -1.05
      vertex -39 4.2 -1.05
      vertex -37.6659 5.93867 -1.05
    endloop
  endfacet
  facet normal 0 0 -1
    outer loop
      vertex -39 -4.2 -1.05
      vertex -38.1 -5.75885 -1.05
      vertex -38.2958 -5.62804 -1.05
    endloop
  endfacet
  facet normal 0 0 -1
    outer loop
      vertex -37.6659 5.93867 -1.05
      vertex -39 4.2 -1.05
      vertex -37.8888 5.86298 -1.05
    endloop
  endfacet
  facet normal 0 0 -1
    outer loop
      vertex -39 -4.2 -1.05
      vertex -38.2958 -5.62804 -1.05
      vertex -38.4728 -5.47279 -1.05
    endloop
  endfacet
  facet normal 0 0 -1
    outer loop
      vertex -37.8888 5.86298 -1.05
      vertex -39 4.2 -1.05
      vertex -38.1 5.75885 -1.05
    endloop
  endfacet
  facet normal 0 0 -1
    outer loop
      vertex -39 -4.2 -1.05
      vertex -38.4728 -5.47279 -1.05
      vertex -38.628 -5.29577 -1.05
    endloop
  endfacet
  facet normal 0 0 -1
    outer loop
      vertex -38.1 5.75885 -1.05
      vertex -39 4.2 -1.05
      vertex -38.2958 5.62804 -1.05
    endloop
  endfacet
  facet normal 0 0 -1
    outer loop
      vertex -39 -4.2 -1.05
      vertex -38.628 -5.29577 -1.05
      vertex -38.7588 -5.1 -1.05
    endloop
  endfacet
  facet normal 0 0 -1
    outer loop
      vertex -38.2958 5.62804 -1.05
      vertex -39 4.2 -1.05
      vertex -38.4728 5.47279 -1.05
    endloop
  endfacet
  facet normal 0 0 -1
    outer loop
      vertex -39 -4.2 -1.05
      vertex -38.7588 -5.1 -1.05
      vertex -38.863 -4.88883 -1.05
    endloop
  endfacet
  facet normal 0 0 -1
    outer loop
      vertex -38.4728 5.47279 -1.05
      vertex -39 4.2 -1.05
      vertex -38.628 5.29577 -1.05
    endloop
  endfacet
  facet normal 0 0 -1
    outer loop
      vertex -39 -4.2 -1.05
      vertex -38.863 -4.88883 -1.05
      vertex -38.9387 -4.66587 -1.05
    endloop
  endfacet
  facet normal 0 0 -1
    outer loop
      vertex -38.628 5.29577 -1.05
      vertex -39 4.2 -1.05
      vertex -38.7588 5.1 -1.05
    endloop
  endfacet
  facet normal 0 0 -1
    outer loop
      vertex -39 -4.2 -1.05
      vertex -38.9387 -4.66587 -1.05
      vertex -38.9846 -4.43495 -1.05
    endloop
  endfacet
  facet normal 0 0 -1
    outer loop
      vertex -38.7588 5.1 -1.05
      vertex -39 4.2 -1.05
      vertex -38.863 4.88883 -1.05
    endloop
  endfacet
  facet normal 0 0 -1
    outer loop
      vertex -38.863 4.88883 -1.05
      vertex -39 4.2 -1.05
      vertex -38.9387 4.66587 -1.05
    endloop
  endfacet
  facet normal 0 0 -1
    outer loop
      vertex -38.9387 4.66587 -1.05
      vertex -39 4.2 -1.05
      vertex -38.9846 4.43495 -1.05
    endloop
  endfacet
  facet normal -0.831488 0.555543 1.68512e-17
    outer loop
      vertex 38.628 -5.29577 -1.4
      vertex 38.7588 -5.1 -1.05
      vertex 38.7588 -5.1 -1.4
    endloop
  endfacet
  facet normal -0.831488 0.555543 1.68512e-17
    outer loop
      vertex 38.7588 -5.1 -1.05
      vertex 38.628 -5.29577 -1.4
      vertex 38.628 -5.29577 -1.05
    endloop
  endfacet
  facet normal -0.94691 -0.321498 1.79948e-17
    outer loop
      vertex 38.9387 4.66587 -1.4
      vertex 38.863 4.88883 -1.05
      vertex 38.863 4.88883 -1.4
    endloop
  endfacet
  facet normal -0.94691 -0.321498 1.79948e-17
    outer loop
      vertex 38.863 4.88883 -1.05
      vertex 38.9387 4.66587 -1.4
      vertex 38.9387 4.66587 -1.05
    endloop
  endfacet
  facet normal -0.321537 -0.946897 0
    outer loop
      vertex 37.6659 5.93867 -1.4
      vertex 37.8888 5.86298 -1.05
      vertex 37.6659 5.93867 -1.05
    endloop
  endfacet
  facet normal -0.321537 -0.946897 -0
    outer loop
      vertex 37.8888 5.86298 -1.05
      vertex 37.6659 5.93867 -1.4
      vertex 37.8888 5.86298 -1.4
    endloop
  endfacet
  facet normal 0 -1 0
    outer loop
      vertex 18 6 -1.4
      vertex 37.2 6 -1.05
      vertex 18 6 -1.05
    endloop
  endfacet
  facet normal 0 -1 -0
    outer loop
      vertex 37.2 6 -1.05
      vertex 18 6 -1.4
      vertex 37.2 6 -1.4
    endloop
  endfacet
  facet normal -0.555513 0.831508 0
    outer loop
      vertex 38.2958 -5.62804 -1.4
      vertex 38.1 -5.75885 -1.05
      vertex 38.2958 -5.62804 -1.05
    endloop
  endfacet
  facet normal -0.555513 0.831508 0
    outer loop
      vertex 38.1 -5.75885 -1.05
      vertex 38.2958 -5.62804 -1.4
      vertex 38.1 -5.75885 -1.4
    endloop
  endfacet
  facet normal -0.442212 -0.89691 0
    outer loop
      vertex 37.8888 5.86298 -1.4
      vertex 38.1 5.75885 -1.05
      vertex 37.8888 5.86298 -1.05
    endloop
  endfacet
  facet normal -0.442212 -0.89691 -0
    outer loop
      vertex 38.1 5.75885 -1.05
      vertex 37.8888 5.86298 -1.4
      vertex 38.1 5.75885 -1.4
    endloop
  endfacet
  facet normal 0 1 -0
    outer loop
      vertex 37.2 -6 -1.4
      vertex 18 -6 -1.05
      vertex 37.2 -6 -1.05
    endloop
  endfacet
  facet normal 0 1 0
    outer loop
      vertex 18 -6 -1.05
      vertex 37.2 -6 -1.4
      vertex 18 -6 -1.4
    endloop
  endfacet
  facet normal -0.751929 0.659244 2.06611e-17
    outer loop
      vertex 38.4728 -5.47279 -1.4
      vertex 38.628 -5.29577 -1.05
      vertex 38.628 -5.29577 -1.4
    endloop
  endfacet
  facet normal -0.751929 0.659244 2.06611e-17
    outer loop
      vertex 38.628 -5.29577 -1.05
      vertex 38.4728 -5.47279 -1.4
      vertex 38.4728 -5.47279 -1.05
    endloop
  endfacet
  facet normal -0.896767 -0.442502 1.01605e-17
    outer loop
      vertex 38.863 4.88883 -1.4
      vertex 38.7588 5.1 -1.05
      vertex 38.7588 5.1 -1.4
    endloop
  endfacet
  facet normal -0.896767 -0.442502 1.01605e-17
    outer loop
      vertex 38.7588 5.1 -1.05
      vertex 38.863 4.88883 -1.4
      vertex 38.863 4.88883 -1.05
    endloop
  endfacet
  facet normal -0.321537 0.946897 0
    outer loop
      vertex 37.8888 -5.86298 -1.4
      vertex 37.6659 -5.93867 -1.05
      vertex 37.8888 -5.86298 -1.05
    endloop
  endfacet
  facet normal -0.321537 0.946897 0
    outer loop
      vertex 37.6659 -5.93867 -1.05
      vertex 37.8888 -5.86298 -1.4
      vertex 37.6659 -5.93867 -1.4
    endloop
  endfacet
  facet normal -0.0654194 0.997858 0
    outer loop
      vertex 37.4349 -5.9846 -1.4
      vertex 37.2 -6 -1.05
      vertex 37.4349 -5.9846 -1.05
    endloop
  endfacet
  facet normal -0.0654194 0.997858 0
    outer loop
      vertex 37.2 -6 -1.05
      vertex 37.4349 -5.9846 -1.4
      vertex 37.2 -6 -1.4
    endloop
  endfacet
  facet normal -0.997859 0.0654055 -1.41849e-18
    outer loop
      vertex 38.9846 -4.43495 -1.4
      vertex 39 -4.2 -1.05
      vertex 39 -4.2 -1.4
    endloop
  endfacet
  facet normal -0.997859 0.0654055 -1.41849e-18
    outer loop
      vertex 39 -4.2 -1.05
      vertex 38.9846 -4.43495 -1.4
      vertex 38.9846 -4.43495 -1.05
    endloop
  endfacet
  facet normal -0.997859 -0.0654055 1.41849e-18
    outer loop
      vertex 39 4.2 -1.4
      vertex 38.9846 4.43495 -1.05
      vertex 38.9846 4.43495 -1.4
    endloop
  endfacet
  facet normal -0.997859 -0.0654055 1.41849e-18
    outer loop
      vertex 38.9846 4.43495 -1.05
      vertex 39 4.2 -1.4
      vertex 39 4.2 -1.05
    endloop
  endfacet
  facet normal -0.980812 0.194956 -6.4727e-18
    outer loop
      vertex 38.9387 -4.66587 -1.4
      vertex 38.9846 -4.43495 -1.05
      vertex 38.9846 -4.43495 -1.4
    endloop
  endfacet
  facet normal -0.980812 0.194956 -6.4727e-18
    outer loop
      vertex 38.9846 -4.43495 -1.05
      vertex 38.9387 -4.66587 -1.4
      vertex 38.9387 -4.66587 -1.05
    endloop
  endfacet
  facet normal 0 0 -1
    outer loop
      vertex 37.2 -6 -1.05
      vertex 39 -4.2 -1.05
      vertex 38.9846 -4.43495 -1.05
    endloop
  endfacet
  facet normal 0 0 -1
    outer loop
      vertex 39 -4.2 -1.05
      vertex 31 0 -1.05
      vertex 39 4.2 -1.05
    endloop
  endfacet
  facet normal 0 0 -1
    outer loop
      vertex 37.2 -6 -1.05
      vertex 38.9846 -4.43495 -1.05
      vertex 38.9387 -4.66587 -1.05
    endloop
  endfacet
  facet normal 0 0 -1
    outer loop
      vertex 30.9658 0.522104 -1.05
      vertex 39 4.2 -1.05
      vertex 31 0 -1.05
    endloop
  endfacet
  facet normal 0 0 -1
    outer loop
      vertex 37.2 -6 -1.05
      vertex 38.9387 -4.66587 -1.05
      vertex 38.863 -4.88883 -1.05
    endloop
  endfacet
  facet normal 0 0 -1
    outer loop
      vertex 30.8637 1.03528 -1.05
      vertex 39 4.2 -1.05
      vertex 30.9658 0.522104 -1.05
    endloop
  endfacet
  facet normal 0 0 -1
    outer loop
      vertex 37.2 -6 -1.05
      vertex 38.863 -4.88883 -1.05
      vertex 38.7588 -5.1 -1.05
    endloop
  endfacet
  facet normal 0 -0 -1
    outer loop
      vertex 37.2 6 -1.05
      vertex 39 4.2 -1.05
      vertex 30.8637 1.03528 -1.05
    endloop
  endfacet
  facet normal 0 0 -1
    outer loop
      vertex 37.2 -6 -1.05
      vertex 38.7588 -5.1 -1.05
      vertex 38.628 -5.29577 -1.05
    endloop
  endfacet
  facet normal 0 0 -1
    outer loop
      vertex 39 4.2 -1.05
      vertex 37.2 6 -1.05
      vertex 38.9846 4.43495 -1.05
    endloop
  endfacet
  facet normal 0 0 -1
    outer loop
      vertex 37.2 -6 -1.05
      vertex 38.628 -5.29577 -1.05
      vertex 38.4728 -5.47279 -1.05
    endloop
  endfacet
  facet normal 0 0 -1
    outer loop
      vertex 38.9387 4.66587 -1.05
      vertex 37.2 6 -1.05
      vertex 38.863 4.88883 -1.05
    endloop
  endfacet
  facet normal 0 0 -1
    outer loop
      vertex 37.2 -6 -1.05
      vertex 38.4728 -5.47279 -1.05
      vertex 38.2958 -5.62804 -1.05
    endloop
  endfacet
  facet normal 0 0 -1
    outer loop
      vertex 38.863 4.88883 -1.05
      vertex 37.2 6 -1.05
      vertex 38.7588 5.1 -1.05
    endloop
  endfacet
  facet normal 0 0 -1
    outer loop
      vertex 37.2 -6 -1.05
      vertex 38.2958 -5.62804 -1.05
      vertex 38.1 -5.75885 -1.05
    endloop
  endfacet
  facet normal 0 0 -1
    outer loop
      vertex 38.7588 5.1 -1.05
      vertex 37.2 6 -1.05
      vertex 38.628 5.29577 -1.05
    endloop
  endfacet
  facet normal 0 0 -1
    outer loop
      vertex 37.2 -6 -1.05
      vertex 38.1 -5.75885 -1.05
      vertex 37.8888 -5.86298 -1.05
    endloop
  endfacet
  facet normal 0 0 -1
    outer loop
      vertex 38.628 5.29577 -1.05
      vertex 37.2 6 -1.05
      vertex 38.4728 5.47279 -1.05
    endloop
  endfacet
  facet normal 0 0 -1
    outer loop
      vertex 37.2 -6 -1.05
      vertex 37.8888 -5.86298 -1.05
      vertex 37.6659 -5.93867 -1.05
    endloop
  endfacet
  facet normal 0 0 -1
    outer loop
      vertex 38.4728 5.47279 -1.05
      vertex 37.2 6 -1.05
      vertex 38.2958 5.62804 -1.05
    endloop
  endfacet
  facet normal 0 0 -1
    outer loop
      vertex 37.2 -6 -1.05
      vertex 37.6659 -5.93867 -1.05
      vertex 37.4349 -5.9846 -1.05
    endloop
  endfacet
  facet normal 0 0 -1
    outer loop
      vertex 38.1 5.75885 -1.05
      vertex 37.2 6 -1.05
      vertex 37.8888 5.86298 -1.05
    endloop
  endfacet
  facet normal -0 0 -1
    outer loop
      vertex 39 -4.2 -1.05
      vertex 37.2 -6 -1.05
      vertex 30.8637 -1.03528 -1.05
    endloop
  endfacet
  facet normal 0 0 -1
    outer loop
      vertex 37.8888 5.86298 -1.05
      vertex 37.2 6 -1.05
      vertex 37.6659 5.93867 -1.05
    endloop
  endfacet
  facet normal 0 0 -1
    outer loop
      vertex 37.6659 5.93867 -1.05
      vertex 37.2 6 -1.05
      vertex 37.4349 5.9846 -1.05
    endloop
  endfacet
  facet normal 0 0 -1
    outer loop
      vertex 39 -4.2 -1.05
      vertex 30.9658 -0.522104 -1.05
      vertex 31 0 -1.05
    endloop
  endfacet
  facet normal 0 0 -1
    outer loop
      vertex 39 -4.2 -1.05
      vertex 30.8637 -1.03528 -1.05
      vertex 30.9658 -0.522104 -1.05
    endloop
  endfacet
  facet normal 0 0 -1
    outer loop
      vertex 37.2 -6 -1.05
      vertex 30.6955 -1.53073 -1.05
      vertex 30.8637 -1.03528 -1.05
    endloop
  endfacet
  facet normal 0 0 -1
    outer loop
      vertex 37.2 -6 -1.05
      vertex 30.4641 -2 -1.05
      vertex 30.6955 -1.53073 -1.05
    endloop
  endfacet
  facet normal 0 0 -1
    outer loop
      vertex 37.2 -6 -1.05
      vertex 30.1734 -2.43505 -1.05
      vertex 30.4641 -2 -1.05
    endloop
  endfacet
  facet normal 0 0 -1
    outer loop
      vertex 37.2 -6 -1.05
      vertex 29.8284 -2.82843 -1.05
      vertex 30.1734 -2.43505 -1.05
    endloop
  endfacet
  facet normal 0 0 -1
    outer loop
      vertex 37.2 -6 -1.05
      vertex 29.435 -3.17341 -1.05
      vertex 29.8284 -2.82843 -1.05
    endloop
  endfacet
  facet normal 0 0 -1
    outer loop
      vertex 37.2 -6 -1.05
      vertex 29 -3.4641 -1.05
      vertex 29.435 -3.17341 -1.05
    endloop
  endfacet
  facet normal 0 0 -1
    outer loop
      vertex 37.2 -6 -1.05
      vertex 28.5307 -3.69552 -1.05
      vertex 29 -3.4641 -1.05
    endloop
  endfacet
  facet normal 0 0 -1
    outer loop
      vertex 37.2 -6 -1.05
      vertex 28.0353 -3.8637 -1.05
      vertex 28.5307 -3.69552 -1.05
    endloop
  endfacet
  facet normal 0 0 -1
    outer loop
      vertex 37.2 -6 -1.05
      vertex 27.5221 -3.96578 -1.05
      vertex 28.0353 -3.8637 -1.05
    endloop
  endfacet
  facet normal 0 0 -1
    outer loop
      vertex 37.2 -6 -1.05
      vertex 27 -4 -1.05
      vertex 27.5221 -3.96578 -1.05
    endloop
  endfacet
  facet normal 0 0 -1
    outer loop
      vertex 18 -6 -1.05
      vertex 27 -4 -1.05
      vertex 37.2 -6 -1.05
    endloop
  endfacet
  facet normal -0 0 -1
    outer loop
      vertex 27 -4 -1.05
      vertex 18 -6 -1.05
      vertex 18 -4 -1.05
    endloop
  endfacet
  facet normal 0 0 -1
    outer loop
      vertex 38.2958 5.62804 -1.05
      vertex 37.2 6 -1.05
      vertex 38.1 5.75885 -1.05
    endloop
  endfacet
  facet normal 0 0 -1
    outer loop
      vertex 38.9846 4.43495 -1.05
      vertex 37.2 6 -1.05
      vertex 38.9387 4.66587 -1.05
    endloop
  endfacet
  facet normal 0 0 -1
    outer loop
      vertex 30.6955 1.53073 -1.05
      vertex 37.2 6 -1.05
      vertex 30.8637 1.03528 -1.05
    endloop
  endfacet
  facet normal 0 0 -1
    outer loop
      vertex 30.4641 2 -1.05
      vertex 37.2 6 -1.05
      vertex 30.6955 1.53073 -1.05
    endloop
  endfacet
  facet normal 0 0 -1
    outer loop
      vertex 30.1734 2.43505 -1.05
      vertex 37.2 6 -1.05
      vertex 30.4641 2 -1.05
    endloop
  endfacet
  facet normal 0 0 -1
    outer loop
      vertex 29.8284 2.82843 -1.05
      vertex 37.2 6 -1.05
      vertex 30.1734 2.43505 -1.05
    endloop
  endfacet
  facet normal 0 0 -1
    outer loop
      vertex 29.435 3.17341 -1.05
      vertex 37.2 6 -1.05
      vertex 29.8284 2.82843 -1.05
    endloop
  endfacet
  facet normal 0 0 -1
    outer loop
      vertex 29 3.4641 -1.05
      vertex 37.2 6 -1.05
      vertex 29.435 3.17341 -1.05
    endloop
  endfacet
  facet normal 0 0 -1
    outer loop
      vertex 28.5307 3.69552 -1.05
      vertex 37.2 6 -1.05
      vertex 29 3.4641 -1.05
    endloop
  endfacet
  facet normal 0 0 -1
    outer loop
      vertex 28.0353 3.8637 -1.05
      vertex 37.2 6 -1.05
      vertex 28.5307 3.69552 -1.05
    endloop
  endfacet
  facet normal 0 0 -1
    outer loop
      vertex 27.5221 3.96578 -1.05
      vertex 37.2 6 -1.05
      vertex 28.0353 3.8637 -1.05
    endloop
  endfacet
  facet normal 0 0 -1
    outer loop
      vertex 27 4 -1.05
      vertex 37.2 6 -1.05
      vertex 27.5221 3.96578 -1.05
    endloop
  endfacet
  facet normal 0 0 -1
    outer loop
      vertex 18 6 -1.05
      vertex 27 4 -1.05
      vertex 18 4 -1.05
    endloop
  endfacet
  facet normal 0 0 -1
    outer loop
      vertex 27 4 -1.05
      vertex 18 6 -1.05
      vertex 37.2 6 -1.05
    endloop
  endfacet
  facet normal -0.195014 0.980801 0
    outer loop
      vertex 37.6659 -5.93867 -1.4
      vertex 37.4349 -5.9846 -1.05
      vertex 37.6659 -5.93867 -1.05
    endloop
  endfacet
  facet normal -0.195014 0.980801 0
    outer loop
      vertex 37.4349 -5.9846 -1.05
      vertex 37.6659 -5.93867 -1.4
      vertex 37.4349 -5.9846 -1.4
    endloop
  endfacet
  facet normal -1 0 0
    outer loop
      vertex 39 -4.2 -1.4
      vertex 39 4.2 -1.05
      vertex 39 4.2 -1.4
    endloop
  endfacet
  facet normal -1 -0 0
    outer loop
      vertex 39 4.2 -1.05
      vertex 39 -4.2 -1.4
      vertex 39 -4.2 -1.05
    endloop
  endfacet
  facet normal -0.555513 -0.831508 0
    outer loop
      vertex 38.1 5.75885 -1.4
      vertex 38.2958 5.62804 -1.05
      vertex 38.1 5.75885 -1.05
    endloop
  endfacet
  facet normal -0.555513 -0.831508 -0
    outer loop
      vertex 38.2958 5.62804 -1.05
      vertex 38.1 5.75885 -1.4
      vertex 38.2958 5.62804 -1.4
    endloop
  endfacet
  facet normal -0.831488 -0.555543 -1.68512e-17
    outer loop
      vertex 38.7588 5.1 -1.4
      vertex 38.628 5.29577 -1.05
      vertex 38.628 5.29577 -1.4
    endloop
  endfacet
  facet normal -0.831488 -0.555543 -1.68512e-17
    outer loop
      vertex 38.628 5.29577 -1.05
      vertex 38.7588 5.1 -1.4
      vertex 38.7588 5.1 -1.05
    endloop
  endfacet
  facet normal -0.442212 0.89691 0
    outer loop
      vertex 38.1 -5.75885 -1.4
      vertex 37.8888 -5.86298 -1.05
      vertex 38.1 -5.75885 -1.05
    endloop
  endfacet
  facet normal -0.442212 0.89691 0
    outer loop
      vertex 37.8888 -5.86298 -1.05
      vertex 38.1 -5.75885 -1.4
      vertex 37.8888 -5.86298 -1.4
    endloop
  endfacet
  facet normal -0.980812 -0.194956 6.4727e-18
    outer loop
      vertex 38.9846 4.43495 -1.4
      vertex 38.9387 4.66587 -1.05
      vertex 38.9387 4.66587 -1.4
    endloop
  endfacet
  facet normal -0.980812 -0.194956 6.4727e-18
    outer loop
      vertex 38.9387 4.66587 -1.05
      vertex 38.9846 4.43495 -1.4
      vertex 38.9846 4.43495 -1.05
    endloop
  endfacet
  facet normal -0.896767 0.442502 -1.01605e-17
    outer loop
      vertex 38.7588 -5.1 -1.4
      vertex 38.863 -4.88883 -1.05
      vertex 38.863 -4.88883 -1.4
    endloop
  endfacet
  facet normal -0.896767 0.442502 -1.01605e-17
    outer loop
      vertex 38.863 -4.88883 -1.05
      vertex 38.7588 -5.1 -1.4
      vertex 38.7588 -5.1 -1.05
    endloop
  endfacet
  facet normal -0.659406 0.751787 0
    outer loop
      vertex 38.4728 -5.47279 -1.4
      vertex 38.2958 -5.62804 -1.05
      vertex 38.4728 -5.47279 -1.05
    endloop
  endfacet
  facet normal -0.659406 0.751787 0
    outer loop
      vertex 38.2958 -5.62804 -1.05
      vertex 38.4728 -5.47279 -1.4
      vertex 38.2958 -5.62804 -1.4
    endloop
  endfacet
  facet normal -0.94691 0.321498 -1.79948e-17
    outer loop
      vertex 38.863 -4.88883 -1.4
      vertex 38.9387 -4.66587 -1.05
      vertex 38.9387 -4.66587 -1.4
    endloop
  endfacet
  facet normal -0.94691 0.321498 -1.79948e-17
    outer loop
      vertex 38.9387 -4.66587 -1.05
      vertex 38.863 -4.88883 -1.4
      vertex 38.863 -4.88883 -1.05
    endloop
  endfacet
  facet normal -0.659406 -0.751787 0
    outer loop
      vertex 38.2958 5.62804 -1.4
      vertex 38.4728 5.47279 -1.05
      vertex 38.2958 5.62804 -1.05
    endloop
  endfacet
  facet normal -0.659406 -0.751787 -0
    outer loop
      vertex 38.4728 5.47279 -1.05
      vertex 38.2958 5.62804 -1.4
      vertex 38.4728 5.47279 -1.4
    endloop
  endfacet
  facet normal -0.195014 -0.980801 0
    outer loop
      vertex 37.4349 5.9846 -1.4
      vertex 37.6659 5.93867 -1.05
      vertex 37.4349 5.9846 -1.05
    endloop
  endfacet
  facet normal -0.195014 -0.980801 -0
    outer loop
      vertex 37.6659 5.93867 -1.05
      vertex 37.4349 5.9846 -1.4
      vertex 37.6659 5.93867 -1.4
    endloop
  endfacet
  facet normal -0.0654194 -0.997858 0
    outer loop
      vertex 37.2 6 -1.4
      vertex 37.4349 5.9846 -1.05
      vertex 37.2 6 -1.05
    endloop
  endfacet
  facet normal -0.0654194 -0.997858 -0
    outer loop
      vertex 37.4349 5.9846 -1.05
      vertex 37.2 6 -1.4
      vertex 37.4349 5.9846 -1.4
    endloop
  endfacet
  facet normal -0.751929 -0.659244 -2.06611e-17
    outer loop
      vertex 38.628 5.29577 -1.4
      vertex 38.4728 5.47279 -1.05
      vertex 38.4728 5.47279 -1.4
    endloop
  endfacet
  facet normal -0.751929 -0.659244 -2.06611e-17
    outer loop
      vertex 38.4728 5.47279 -1.05
      vertex 38.628 5.29577 -1.4
      vertex 38.628 5.29577 -1.05
    endloop
  endfacet
  facet normal 1 -0 0
    outer loop
      vertex 46 -19 1.4
      vertex 46 19 -1.4
      vertex 46 19 1.4
    endloop
  endfacet
  facet normal 1 0 0
    outer loop
      vertex 46 19 -1.4
      vertex 46 -19 1.4
      vertex 46 -19 -1.4
    endloop
  endfacet
  facet normal 0.896961 0.44211 2.72034e-18
    outer loop
      vertex 45.7716 20.148 1.4
      vertex 45.5981 20.5 -1.4
      vertex 45.5981 20.5 1.4
    endloop
  endfacet
  facet normal 0.896961 0.44211 2.72034e-18
    outer loop
      vertex 45.5981 20.5 -1.4
      vertex 45.7716 20.148 1.4
      vertex 45.7716 20.148 -1.4
    endloop
  endfacet
  facet normal 0.659478 -0.751724 0
    outer loop
      vertex 44.8263 -21.3801 -1.4
      vertex 45.1213 -21.1213 1.4
      vertex 44.8263 -21.3801 1.4
    endloop
  endfacet
  facet normal 0.659478 -0.751724 0
    outer loop
      vertex 45.1213 -21.1213 1.4
      vertex 44.8263 -21.3801 -1.4
      vertex 45.1213 -21.1213 -1.4
    endloop
  endfacet
  facet normal -0.555523 -0.831501 0
    outer loop
      vertex -44.8263 -21.3801 -1.4
      vertex -44.5 -21.5981 1.4
      vertex -44.8263 -21.3801 1.4
    endloop
  endfacet
  facet normal -0.555523 -0.831501 -0
    outer loop
      vertex -44.5 -21.5981 1.4
      vertex -44.8263 -21.3801 -1.4
      vertex -44.5 -21.5981 -1.4
    endloop
  endfacet
  facet normal -0.896961 -0.44211 2.72034e-18
    outer loop
      vertex -45.5981 -20.5 -1.4
      vertex -45.7716 -20.148 1.4
      vertex -45.7716 -20.148 -1.4
    endloop
  endfacet
  facet normal -0.896961 -0.44211 2.72034e-18
    outer loop
      vertex -45.7716 -20.148 1.4
      vertex -45.5981 -20.5 -1.4
      vertex -45.5981 -20.5 1.4
    endloop
  endfacet
  facet normal -0.19494 -0.980815 0
    outer loop
      vertex -43.7765 -21.8978 -1.4
      vertex -43.3916 -21.9743 1.4
      vertex -43.7765 -21.8978 1.4
    endloop
  endfacet
  facet normal -0.19494 -0.980815 -0
    outer loop
      vertex -43.3916 -21.9743 1.4
      vertex -43.7765 -21.8978 -1.4
      vertex -43.3916 -21.9743 -1.4
    endloop
  endfacet
  facet normal 0.44211 -0.896961 0
    outer loop
      vertex 44.148 -21.7716 -1.4
      vertex 44.5 -21.5981 1.4
      vertex 44.148 -21.7716 1.4
    endloop
  endfacet
  facet normal 0.44211 -0.896961 0
    outer loop
      vertex 44.5 -21.5981 1.4
      vertex 44.148 -21.7716 -1.4
      vertex 44.5 -21.5981 -1.4
    endloop
  endfacet
  facet normal -1 0 0
    outer loop
      vertex -46 -19 -1.4
      vertex -46 19 1.4
      vertex -46 19 -1.4
    endloop
  endfacet
  facet normal -1 -0 0
    outer loop
      vertex -46 19 1.4
      vertex -46 -19 -1.4
      vertex -46 -19 1.4
    endloop
  endfacet
  facet normal 0.44211 0.896961 -0
    outer loop
      vertex 44.5 21.5981 -1.4
      vertex 44.148 21.7716 1.4
      vertex 44.5 21.5981 1.4
    endloop
  endfacet
  facet normal 0.44211 0.896961 0
    outer loop
      vertex 44.148 21.7716 1.4
      vertex 44.5 21.5981 -1.4
      vertex 44.148 21.7716 -1.4
    endloop
  endfacet
  facet normal -0.831501 -0.555523 4.98415e-19
    outer loop
      vertex -45.3801 -20.8263 -1.4
      vertex -45.5981 -20.5 1.4
      vertex -45.5981 -20.5 -1.4
    endloop
  endfacet
  facet normal -0.831501 -0.555523 4.98415e-19
    outer loop
      vertex -45.5981 -20.5 1.4
      vertex -45.3801 -20.8263 -1.4
      vertex -45.3801 -20.8263 1.4
    endloop
  endfacet
  facet normal 0.946858 0.321651 1.35016e-20
    outer loop
      vertex 45.8978 19.7765 1.4
      vertex 45.7716 20.148 -1.4
      vertex 45.7716 20.148 1.4
    endloop
  endfacet
  facet normal 0.946858 0.321651 1.35016e-20
    outer loop
      vertex 45.7716 20.148 -1.4
      vertex 45.8978 19.7765 1.4
      vertex 45.8978 19.7765 -1.4
    endloop
  endfacet
  facet normal -0.321651 0.946858 0
    outer loop
      vertex -43.7765 21.8978 -1.4
      vertex -44.148 21.7716 1.4
      vertex -43.7765 21.8978 1.4
    endloop
  endfacet
  facet normal -0.321651 0.946858 0
    outer loop
      vertex -44.148 21.7716 1.4
      vertex -43.7765 21.8978 -1.4
      vertex -44.148 21.7716 -1.4
    endloop
  endfacet
  facet normal 0.659478 0.751724 -0
    outer loop
      vertex 45.1213 21.1213 -1.4
      vertex 44.8263 21.3801 1.4
      vertex 45.1213 21.1213 1.4
    endloop
  endfacet
  facet normal 0.659478 0.751724 0
    outer loop
      vertex 44.8263 21.3801 1.4
      vertex 45.1213 21.1213 -1.4
      vertex 44.8263 21.3801 -1.4
    endloop
  endfacet
  facet normal 0.980815 0.19494 -1.36492e-18
    outer loop
      vertex 45.9743 19.3916 1.4
      vertex 45.8978 19.7765 -1.4
      vertex 45.8978 19.7765 1.4
    endloop
  endfacet
  facet normal 0.980815 0.19494 -1.36492e-18
    outer loop
      vertex 45.8978 19.7765 -1.4
      vertex 45.9743 19.3916 1.4
      vertex 45.9743 19.3916 -1.4
    endloop
  endfacet
  facet normal 0 1 -0
    outer loop
      vertex 43 22 -1.4
      vertex -43 22 1.4
      vertex 43 22 1.4
    endloop
  endfacet
  facet normal 0 1 0
    outer loop
      vertex -43 22 1.4
      vertex 43 22 -1.4
      vertex -43 22 -1.4
    endloop
  endfacet
  facet normal -0.659478 0.751724 0
    outer loop
      vertex -44.8263 21.3801 -1.4
      vertex -45.1213 21.1213 1.4
      vertex -44.8263 21.3801 1.4
    endloop
  endfacet
  facet normal -0.659478 0.751724 0
    outer loop
      vertex -45.1213 21.1213 1.4
      vertex -44.8263 21.3801 -1.4
      vertex -45.1213 21.1213 -1.4
    endloop
  endfacet
  facet normal -0.751724 0.659478 2.03775e-18
    outer loop
      vertex -45.3801 20.8263 -1.4
      vertex -45.1213 21.1213 1.4
      vertex -45.1213 21.1213 -1.4
    endloop
  endfacet
  facet normal -0.751724 0.659478 2.03775e-18
    outer loop
      vertex -45.1213 21.1213 1.4
      vertex -45.3801 20.8263 -1.4
      vertex -45.3801 20.8263 1.4
    endloop
  endfacet
  facet normal 0.997853 -0.0654873 1.98835e-19
    outer loop
      vertex 45.9743 -19.3916 1.4
      vertex 46 -19 -1.4
      vertex 46 -19 1.4
    endloop
  endfacet
  facet normal 0.997853 -0.0654873 1.98835e-19
    outer loop
      vertex 46 -19 -1.4
      vertex 45.9743 -19.3916 1.4
      vertex 45.9743 -19.3916 -1.4
    endloop
  endfacet
  facet normal 0.997853 0.0654873 -1.98835e-19
    outer loop
      vertex 46 19 1.4
      vertex 45.9743 19.3916 -1.4
      vertex 45.9743 19.3916 1.4
    endloop
  endfacet
  facet normal 0.997853 0.0654873 -1.98835e-19
    outer loop
      vertex 45.9743 19.3916 -1.4
      vertex 46 19 1.4
      vertex 46 19 -1.4
    endloop
  endfacet
  facet normal -0.946858 0.321651 -1.35016e-20
    outer loop
      vertex -45.8978 19.7765 -1.4
      vertex -45.7716 20.148 1.4
      vertex -45.7716 20.148 -1.4
    endloop
  endfacet
  facet normal -0.946858 0.321651 -1.35016e-20
    outer loop
      vertex -45.7716 20.148 1.4
      vertex -45.8978 19.7765 -1.4
      vertex -45.8978 19.7765 1.4
    endloop
  endfacet
  facet normal 0.980815 -0.19494 1.36492e-18
    outer loop
      vertex 45.8978 -19.7765 1.4
      vertex 45.9743 -19.3916 -1.4
      vertex 45.9743 -19.3916 1.4
    endloop
  endfacet
  facet normal 0.980815 -0.19494 1.36492e-18
    outer loop
      vertex 45.9743 -19.3916 -1.4
      vertex 45.8978 -19.7765 1.4
      vertex 45.8978 -19.7765 -1.4
    endloop
  endfacet
  facet normal -0.19494 0.980815 0
    outer loop
      vertex -43.3916 21.9743 -1.4
      vertex -43.7765 21.8978 1.4
      vertex -43.3916 21.9743 1.4
    endloop
  endfacet
  facet normal -0.19494 0.980815 0
    outer loop
      vertex -43.7765 21.8978 1.4
      vertex -43.3916 21.9743 -1.4
      vertex -43.7765 21.8978 -1.4
    endloop
  endfacet
  facet normal 0.19494 0.980815 -0
    outer loop
      vertex 43.7765 21.8978 -1.4
      vertex 43.3916 21.9743 1.4
      vertex 43.7765 21.8978 1.4
    endloop
  endfacet
  facet normal 0.19494 0.980815 0
    outer loop
      vertex 43.3916 21.9743 1.4
      vertex 43.7765 21.8978 -1.4
      vertex 43.3916 21.9743 -1.4
    endloop
  endfacet
  facet normal 0.831501 -0.555523 -4.98415e-19
    outer loop
      vertex 45.3801 -20.8263 1.4
      vertex 45.5981 -20.5 -1.4
      vertex 45.5981 -20.5 1.4
    endloop
  endfacet
  facet normal 0.831501 -0.555523 -4.98415e-19
    outer loop
      vertex 45.5981 -20.5 -1.4
      vertex 45.3801 -20.8263 1.4
      vertex 45.3801 -20.8263 -1.4
    endloop
  endfacet
  facet normal 0.751724 -0.659478 2.03775e-18
    outer loop
      vertex 45.1213 -21.1213 1.4
      vertex 45.3801 -20.8263 -1.4
      vertex 45.3801 -20.8263 1.4
    endloop
  endfacet
  facet normal 0.751724 -0.659478 2.03775e-18
    outer loop
      vertex 45.3801 -20.8263 -1.4
      vertex 45.1213 -21.1213 1.4
      vertex 45.1213 -21.1213 -1.4
    endloop
  endfacet
  facet normal 0.321651 -0.946858 0
    outer loop
      vertex 43.7765 -21.8978 -1.4
      vertex 44.148 -21.7716 1.4
      vertex 43.7765 -21.8978 1.4
    endloop
  endfacet
  facet normal 0.321651 -0.946858 0
    outer loop
      vertex 44.148 -21.7716 1.4
      vertex 43.7765 -21.8978 -1.4
      vertex 44.148 -21.7716 -1.4
    endloop
  endfacet
  facet normal 0.555523 0.831501 -0
    outer loop
      vertex 44.8263 21.3801 -1.4
      vertex 44.5 21.5981 1.4
      vertex 44.8263 21.3801 1.4
    endloop
  endfacet
  facet normal 0.555523 0.831501 0
    outer loop
      vertex 44.5 21.5981 1.4
      vertex 44.8263 21.3801 -1.4
      vertex 44.5 21.5981 -1.4
    endloop
  endfacet
  facet normal 0.896961 -0.44211 -2.72034e-18
    outer loop
      vertex 45.5981 -20.5 1.4
      vertex 45.7716 -20.148 -1.4
      vertex 45.7716 -20.148 1.4
    endloop
  endfacet
  facet normal 0.896961 -0.44211 -2.72034e-18
    outer loop
      vertex 45.7716 -20.148 -1.4
      vertex 45.5981 -20.5 1.4
      vertex 45.5981 -20.5 -1.4
    endloop
  endfacet
  facet normal 0 -1 0
    outer loop
      vertex -43 -22 -1.4
      vertex 43 -22 1.4
      vertex -43 -22 1.4
    endloop
  endfacet
  facet normal 0 -1 -0
    outer loop
      vertex 43 -22 1.4
      vertex -43 -22 -1.4
      vertex 43 -22 -1.4
    endloop
  endfacet
  facet normal 0.19494 -0.980815 0
    outer loop
      vertex 43.3916 -21.9743 -1.4
      vertex 43.7765 -21.8978 1.4
      vertex 43.3916 -21.9743 1.4
    endloop
  endfacet
  facet normal 0.19494 -0.980815 0
    outer loop
      vertex 43.7765 -21.8978 1.4
      vertex 43.3916 -21.9743 -1.4
      vertex 43.7765 -21.8978 -1.4
    endloop
  endfacet
  facet normal 0.555523 -0.831501 0
    outer loop
      vertex 44.5 -21.5981 -1.4
      vertex 44.8263 -21.3801 1.4
      vertex 44.5 -21.5981 1.4
    endloop
  endfacet
  facet normal 0.555523 -0.831501 0
    outer loop
      vertex 44.8263 -21.3801 1.4
      vertex 44.5 -21.5981 -1.4
      vertex 44.8263 -21.3801 -1.4
    endloop
  endfacet
  facet normal -0.555523 0.831501 0
    outer loop
      vertex -44.5 21.5981 -1.4
      vertex -44.8263 21.3801 1.4
      vertex -44.5 21.5981 1.4
    endloop
  endfacet
  facet normal -0.555523 0.831501 0
    outer loop
      vertex -44.8263 21.3801 1.4
      vertex -44.5 21.5981 -1.4
      vertex -44.8263 21.3801 -1.4
    endloop
  endfacet
  facet normal -0.946858 -0.321651 1.35016e-20
    outer loop
      vertex -45.7716 -20.148 -1.4
      vertex -45.8978 -19.7765 1.4
      vertex -45.8978 -19.7765 -1.4
    endloop
  endfacet
  facet normal -0.946858 -0.321651 1.35016e-20
    outer loop
      vertex -45.8978 -19.7765 1.4
      vertex -45.7716 -20.148 -1.4
      vertex -45.7716 -20.148 1.4
    endloop
  endfacet
  facet normal -0.44211 0.896961 0
    outer loop
      vertex -44.148 21.7716 -1.4
      vertex -44.5 21.5981 1.4
      vertex -44.148 21.7716 1.4
    endloop
  endfacet
  facet normal -0.44211 0.896961 0
    outer loop
      vertex -44.5 21.5981 1.4
      vertex -44.148 21.7716 -1.4
      vertex -44.5 21.5981 -1.4
    endloop
  endfacet
  facet normal -0.997853 -0.0654873 -1.98835e-19
    outer loop
      vertex -45.9743 -19.3916 -1.4
      vertex -46 -19 1.4
      vertex -46 -19 -1.4
    endloop
  endfacet
  facet normal -0.997853 -0.0654873 -1.98835e-19
    outer loop
      vertex -46 -19 1.4
      vertex -45.9743 -19.3916 -1.4
      vertex -45.9743 -19.3916 1.4
    endloop
  endfacet
  facet normal 0.831501 0.555523 4.98415e-19
    outer loop
      vertex 45.5981 20.5 1.4
      vertex 45.3801 20.8263 -1.4
      vertex 45.3801 20.8263 1.4
    endloop
  endfacet
  facet normal 0.831501 0.555523 4.98415e-19
    outer loop
      vertex 45.3801 20.8263 -1.4
      vertex 45.5981 20.5 1.4
      vertex 45.5981 20.5 -1.4
    endloop
  endfacet
  facet normal -0.980815 -0.19494 -1.36492e-18
    outer loop
      vertex -45.8978 -19.7765 -1.4
      vertex -45.9743 -19.3916 1.4
      vertex -45.9743 -19.3916 -1.4
    endloop
  endfacet
  facet normal -0.980815 -0.19494 -1.36492e-18
    outer loop
      vertex -45.9743 -19.3916 1.4
      vertex -45.8978 -19.7765 -1.4
      vertex -45.8978 -19.7765 1.4
    endloop
  endfacet
  facet normal 0.321651 0.946858 -0
    outer loop
      vertex 44.148 21.7716 -1.4
      vertex 43.7765 21.8978 1.4
      vertex 44.148 21.7716 1.4
    endloop
  endfacet
  facet normal 0.321651 0.946858 0
    outer loop
      vertex 43.7765 21.8978 1.4
      vertex 44.148 21.7716 -1.4
      vertex 43.7765 21.8978 -1.4
    endloop
  endfacet
  facet normal 0.751724 0.659478 -2.03775e-18
    outer loop
      vertex 45.3801 20.8263 1.4
      vertex 45.1213 21.1213 -1.4
      vertex 45.1213 21.1213 1.4
    endloop
  endfacet
  facet normal 0.751724 0.659478 -2.03775e-18
    outer loop
      vertex 45.1213 21.1213 -1.4
      vertex 45.3801 20.8263 1.4
      vertex 45.3801 20.8263 -1.4
    endloop
  endfacet
  facet normal 0.946858 -0.321651 -1.35016e-20
    outer loop
      vertex 45.7716 -20.148 1.4
      vertex 45.8978 -19.7765 -1.4
      vertex 45.8978 -19.7765 1.4
    endloop
  endfacet
  facet normal 0.946858 -0.321651 -1.35016e-20
    outer loop
      vertex 45.8978 -19.7765 -1.4
      vertex 45.7716 -20.148 1.4
      vertex 45.7716 -20.148 -1.4
    endloop
  endfacet
  facet normal 0.0654873 0.997853 -0
    outer loop
      vertex 43.3916 21.9743 -1.4
      vertex 43 22 1.4
      vertex 43.3916 21.9743 1.4
    endloop
  endfacet
  facet normal 0.0654873 0.997853 0
    outer loop
      vertex 43 22 1.4
      vertex 43.3916 21.9743 -1.4
      vertex 43 22 -1.4
    endloop
  endfacet
  facet normal -0.0654873 0.997853 0
    outer loop
      vertex -43 22 -1.4
      vertex -43.3916 21.9743 1.4
      vertex -43 22 1.4
    endloop
  endfacet
  facet normal -0.0654873 0.997853 0
    outer loop
      vertex -43.3916 21.9743 1.4
      vertex -43 22 -1.4
      vertex -43.3916 21.9743 -1.4
    endloop
  endfacet
  facet normal -0.44211 -0.896961 0
    outer loop
      vertex -44.5 -21.5981 -1.4
      vertex -44.148 -21.7716 1.4
      vertex -44.5 -21.5981 1.4
    endloop
  endfacet
  facet normal -0.44211 -0.896961 -0
    outer loop
      vertex -44.148 -21.7716 1.4
      vertex -44.5 -21.5981 -1.4
      vertex -44.148 -21.7716 -1.4
    endloop
  endfacet
  facet normal -0.321651 -0.946858 0
    outer loop
      vertex -44.148 -21.7716 -1.4
      vertex -43.7765 -21.8978 1.4
      vertex -44.148 -21.7716 1.4
    endloop
  endfacet
  facet normal -0.321651 -0.946858 -0
    outer loop
      vertex -43.7765 -21.8978 1.4
      vertex -44.148 -21.7716 -1.4
      vertex -43.7765 -21.8978 -1.4
    endloop
  endfacet
  facet normal -0.751724 -0.659478 -2.03775e-18
    outer loop
      vertex -45.1213 -21.1213 -1.4
      vertex -45.3801 -20.8263 1.4
      vertex -45.3801 -20.8263 -1.4
    endloop
  endfacet
  facet normal -0.751724 -0.659478 -2.03775e-18
    outer loop
      vertex -45.3801 -20.8263 1.4
      vertex -45.1213 -21.1213 -1.4
      vertex -45.1213 -21.1213 1.4
    endloop
  endfacet
  facet normal -0.659478 -0.751724 0
    outer loop
      vertex -45.1213 -21.1213 -1.4
      vertex -44.8263 -21.3801 1.4
      vertex -45.1213 -21.1213 1.4
    endloop
  endfacet
  facet normal -0.659478 -0.751724 -0
    outer loop
      vertex -44.8263 -21.3801 1.4
      vertex -45.1213 -21.1213 -1.4
      vertex -44.8263 -21.3801 -1.4
    endloop
  endfacet
  facet normal 0.0654873 -0.997853 0
    outer loop
      vertex 43 -22 -1.4
      vertex 43.3916 -21.9743 1.4
      vertex 43 -22 1.4
    endloop
  endfacet
  facet normal 0.0654873 -0.997853 0
    outer loop
      vertex 43.3916 -21.9743 1.4
      vertex 43 -22 -1.4
      vertex 43.3916 -21.9743 -1.4
    endloop
  endfacet
  facet normal 0 0 -1
    outer loop
      vertex -18 6 -1.4
      vertex -37.2 6 -1.4
      vertex -18 7 -1.4
    endloop
  endfacet
  facet normal 0 0 -1
    outer loop
      vertex 43 -22 -1.4
      vertex 46 -19 -1.4
      vertex 45.9743 -19.3916 -1.4
    endloop
  endfacet
  facet normal 0 0 -1
    outer loop
      vertex 46 -19 -1.4
      vertex 39 -4.2 -1.4
      vertex 46 19 -1.4
    endloop
  endfacet
  facet normal 0 0 -1
    outer loop
      vertex 43 -22 -1.4
      vertex 45.9743 -19.3916 -1.4
      vertex 45.8978 -19.7765 -1.4
    endloop
  endfacet
  facet normal 0 0 -1
    outer loop
      vertex 39 4.2 -1.4
      vertex 46 19 -1.4
      vertex 39 -4.2 -1.4
    endloop
  endfacet
  facet normal 0 0 -1
    outer loop
      vertex 43 -22 -1.4
      vertex 45.8978 -19.7765 -1.4
      vertex 45.7716 -20.148 -1.4
    endloop
  endfacet
  facet normal 0 0 -1
    outer loop
      vertex 38.9846 4.43495 -1.4
      vertex 46 19 -1.4
      vertex 39 4.2 -1.4
    endloop
  endfacet
  facet normal 0 0 -1
    outer loop
      vertex 43 -22 -1.4
      vertex 45.7716 -20.148 -1.4
      vertex 45.5981 -20.5 -1.4
    endloop
  endfacet
  facet normal 0 0 -1
    outer loop
      vertex 38.9387 4.66587 -1.4
      vertex 46 19 -1.4
      vertex 38.9846 4.43495 -1.4
    endloop
  endfacet
  facet normal 0 0 -1
    outer loop
      vertex 43 -22 -1.4
      vertex 45.5981 -20.5 -1.4
      vertex 45.3801 -20.8263 -1.4
    endloop
  endfacet
  facet normal 0 0 -1
    outer loop
      vertex 38.863 4.88883 -1.4
      vertex 46 19 -1.4
      vertex 38.9387 4.66587 -1.4
    endloop
  endfacet
  facet normal 0 0 -1
    outer loop
      vertex 43 -22 -1.4
      vertex 45.3801 -20.8263 -1.4
      vertex 45.1213 -21.1213 -1.4
    endloop
  endfacet
  facet normal 0 0 -1
    outer loop
      vertex 38.7588 5.1 -1.4
      vertex 46 19 -1.4
      vertex 38.863 4.88883 -1.4
    endloop
  endfacet
  facet normal 0 0 -1
    outer loop
      vertex 43 -22 -1.4
      vertex 45.1213 -21.1213 -1.4
      vertex 44.8263 -21.3801 -1.4
    endloop
  endfacet
  facet normal 0 0 -1
    outer loop
      vertex 38.628 5.29577 -1.4
      vertex 46 19 -1.4
      vertex 38.7588 5.1 -1.4
    endloop
  endfacet
  facet normal 0 0 -1
    outer loop
      vertex 43 -22 -1.4
      vertex 44.8263 -21.3801 -1.4
      vertex 44.5 -21.5981 -1.4
    endloop
  endfacet
  facet normal 0 0 -1
    outer loop
      vertex 38.4728 5.47279 -1.4
      vertex 46 19 -1.4
      vertex 38.628 5.29577 -1.4
    endloop
  endfacet
  facet normal 0 0 -1
    outer loop
      vertex 43 -22 -1.4
      vertex 44.5 -21.5981 -1.4
      vertex 44.148 -21.7716 -1.4
    endloop
  endfacet
  facet normal 0 0 -1
    outer loop
      vertex 38.2958 5.62804 -1.4
      vertex 46 19 -1.4
      vertex 38.4728 5.47279 -1.4
    endloop
  endfacet
  facet normal 0 0 -1
    outer loop
      vertex 43 -22 -1.4
      vertex 44.148 -21.7716 -1.4
      vertex 43.7765 -21.8978 -1.4
    endloop
  endfacet
  facet normal 0 0 -1
    outer loop
      vertex 38.1 5.75885 -1.4
      vertex 46 19 -1.4
      vertex 38.2958 5.62804 -1.4
    endloop
  endfacet
  facet normal 0 0 -1
    outer loop
      vertex 43 -22 -1.4
      vertex 43.7765 -21.8978 -1.4
      vertex 43.3916 -21.9743 -1.4
    endloop
  endfacet
  facet normal 0 0 -1
    outer loop
      vertex 37.8888 5.86298 -1.4
      vertex 46 19 -1.4
      vertex 38.1 5.75885 -1.4
    endloop
  endfacet
  facet normal -0 0 -1
    outer loop
      vertex 46 -19 -1.4
      vertex 43 -22 -1.4
      vertex 37.4349 -5.9846 -1.4
    endloop
  endfacet
  facet normal 0 0 -1
    outer loop
      vertex 37.6659 5.93867 -1.4
      vertex 46 19 -1.4
      vertex 37.8888 5.86298 -1.4
    endloop
  endfacet
  facet normal 0 0 -1
    outer loop
      vertex 37.4349 5.9846 -1.4
      vertex 46 19 -1.4
      vertex 37.6659 5.93867 -1.4
    endloop
  endfacet
  facet normal 0 0 -1
    outer loop
      vertex 46 -19 -1.4
      vertex 38.9846 -4.43495 -1.4
      vertex 39 -4.2 -1.4
    endloop
  endfacet
  facet normal 0 0 -1
    outer loop
      vertex 46 -19 -1.4
      vertex 38.9387 -4.66587 -1.4
      vertex 38.9846 -4.43495 -1.4
    endloop
  endfacet
  facet normal 0 0 -1
    outer loop
      vertex 46 -19 -1.4
      vertex 38.863 -4.88883 -1.4
      vertex 38.9387 -4.66587 -1.4
    endloop
  endfacet
  facet normal 0 0 -1
    outer loop
      vertex 46 -19 -1.4
      vertex 38.7588 -5.1 -1.4
      vertex 38.863 -4.88883 -1.4
    endloop
  endfacet
  facet normal 0 0 -1
    outer loop
      vertex 46 -19 -1.4
      vertex 38.628 -5.29577 -1.4
      vertex 38.7588 -5.1 -1.4
    endloop
  endfacet
  facet normal 0 0 -1
    outer loop
      vertex 46 -19 -1.4
      vertex 38.4728 -5.47279 -1.4
      vertex 38.628 -5.29577 -1.4
    endloop
  endfacet
  facet normal 0 0 -1
    outer loop
      vertex 46 -19 -1.4
      vertex 38.2958 -5.62804 -1.4
      vertex 38.4728 -5.47279 -1.4
    endloop
  endfacet
  facet normal 0 0 -1
    outer loop
      vertex 46 -19 -1.4
      vertex 38.1 -5.75885 -1.4
      vertex 38.2958 -5.62804 -1.4
    endloop
  endfacet
  facet normal 0 0 -1
    outer loop
      vertex 46 -19 -1.4
      vertex 37.8888 -5.86298 -1.4
      vertex 38.1 -5.75885 -1.4
    endloop
  endfacet
  facet normal 0 0 -1
    outer loop
      vertex 46 -19 -1.4
      vertex 37.6659 -5.93867 -1.4
      vertex 37.8888 -5.86298 -1.4
    endloop
  endfacet
  facet normal 0 0 -1
    outer loop
      vertex 46 -19 -1.4
      vertex 37.4349 -5.9846 -1.4
      vertex 37.6659 -5.93867 -1.4
    endloop
  endfacet
  facet normal 0 0 -1
    outer loop
      vertex 43 -22 -1.4
      vertex 37.2 -6 -1.4
      vertex 37.4349 -5.9846 -1.4
    endloop
  endfacet
  facet normal 0 0 -1
    outer loop
      vertex 17.5867 -8.21752 -1.4
      vertex 37.2 -6 -1.4
      vertex 43 -22 -1.4
    endloop
  endfacet
  facet normal 0 0 -1
    outer loop
      vertex 37.2 -6 -1.4
      vertex 17.9829 -7.26105 -1.4
      vertex 18 -7 -1.4
    endloop
  endfacet
  facet normal 0 0 -1
    outer loop
      vertex 37.2 -6 -1.4
      vertex 17.9319 -7.51764 -1.4
      vertex 17.9829 -7.26105 -1.4
    endloop
  endfacet
  facet normal 0 0 -1
    outer loop
      vertex 37.2 -6 -1.4
      vertex 17.8478 -7.76537 -1.4
      vertex 17.9319 -7.51764 -1.4
    endloop
  endfacet
  facet normal 0 0 -1
    outer loop
      vertex 37.2 -6 -1.4
      vertex 17.732 -8 -1.4
      vertex 17.8478 -7.76537 -1.4
    endloop
  endfacet
  facet normal 0 0 -1
    outer loop
      vertex 37.2 -6 -1.4
      vertex 17.5867 -8.21752 -1.4
      vertex 17.732 -8 -1.4
    endloop
  endfacet
  facet normal 0 0 -1
    outer loop
      vertex 43 -22 -1.4
      vertex 17.4142 -8.41421 -1.4
      vertex 17.5867 -8.21752 -1.4
    endloop
  endfacet
  facet normal 0 0 -1
    outer loop
      vertex 43 -22 -1.4
      vertex 17.2175 -8.58671 -1.4
      vertex 17.4142 -8.41421 -1.4
    endloop
  endfacet
  facet normal 0 0 -1
    outer loop
      vertex 43 -22 -1.4
      vertex 17 -8.73205 -1.4
      vertex 17.2175 -8.58671 -1.4
    endloop
  endfacet
  facet normal 0 0 -1
    outer loop
      vertex 43 -22 -1.4
      vertex 16.7654 -8.84776 -1.4
      vertex 17 -8.73205 -1.4
    endloop
  endfacet
  facet normal 0 0 -1
    outer loop
      vertex 43 -22 -1.4
      vertex 16.5176 -8.93185 -1.4
      vertex 16.7654 -8.84776 -1.4
    endloop
  endfacet
  facet normal 0 0 -1
    outer loop
      vertex 43 -22 -1.4
      vertex 16.2611 -8.98289 -1.4
      vertex 16.5176 -8.93185 -1.4
    endloop
  endfacet
  facet normal 0 0 -1
    outer loop
      vertex 43 -22 -1.4
      vertex 16 -9 -1.4
      vertex 16.2611 -8.98289 -1.4
    endloop
  endfacet
  facet normal 0 0 -1
    outer loop
      vertex 43 -22 -1.4
      vertex -16 -9 -1.4
      vertex 16 -9 -1.4
    endloop
  endfacet
  facet normal 0 0 -1
    outer loop
      vertex -43 -22 -1.4
      vertex -16 -9 -1.4
      vertex 43 -22 -1.4
    endloop
  endfacet
  facet normal -0 0 -1
    outer loop
      vertex -16 -9 -1.4
      vertex -43 -22 -1.4
      vertex -16.2611 -8.98289 -1.4
    endloop
  endfacet
  facet normal 0 0 -1
    outer loop
      vertex -18 -7 -1.4
      vertex -37.2 -6 -1.4
      vertex -18 -6 -1.4
    endloop
  endfacet
  facet normal 0 0 -1
    outer loop
      vertex -17.9829 -7.26105 -1.4
      vertex -37.2 -6 -1.4
      vertex -18 -7 -1.4
    endloop
  endfacet
  facet normal 0 0 -1
    outer loop
      vertex -17.9319 -7.51764 -1.4
      vertex -37.2 -6 -1.4
      vertex -17.9829 -7.26105 -1.4
    endloop
  endfacet
  facet normal 0 0 -1
    outer loop
      vertex -17.8478 -7.76537 -1.4
      vertex -37.2 -6 -1.4
      vertex -17.9319 -7.51764 -1.4
    endloop
  endfacet
  facet normal 0 0 -1
    outer loop
      vertex -17.732 -8 -1.4
      vertex -37.2 -6 -1.4
      vertex -17.8478 -7.76537 -1.4
    endloop
  endfacet
  facet normal 0 0 -1
    outer loop
      vertex -17.5867 -8.21752 -1.4
      vertex -37.2 -6 -1.4
      vertex -17.732 -8 -1.4
    endloop
  endfacet
  facet normal 0 0 -1
    outer loop
      vertex -17.4142 -8.41421 -1.4
      vertex -37.2 -6 -1.4
      vertex -17.5867 -8.21752 -1.4
    endloop
  endfacet
  facet normal 0 0 -1
    outer loop
      vertex -43 -22 -1.4
      vertex -17.4142 -8.41421 -1.4
      vertex -17.2175 -8.58671 -1.4
    endloop
  endfacet
  facet normal 0 0 -1
    outer loop
      vertex -43 -22 -1.4
      vertex -17.2175 -8.58671 -1.4
      vertex -17 -8.73205 -1.4
    endloop
  endfacet
  facet normal 0 0 -1
    outer loop
      vertex -43 -22 -1.4
      vertex -17 -8.73205 -1.4
      vertex -16.7654 -8.84776 -1.4
    endloop
  endfacet
  facet normal 0 0 -1
    outer loop
      vertex -43 -22 -1.4
      vertex -16.7654 -8.84776 -1.4
      vertex -16.5176 -8.93185 -1.4
    endloop
  endfacet
  facet normal -0 0 -1
    outer loop
      vertex -16.2611 -8.98289 -1.4
      vertex -43 -22 -1.4
      vertex -16.5176 -8.93185 -1.4
    endloop
  endfacet
  facet normal -0 0 -1
    outer loop
      vertex -17.4142 -8.41421 -1.4
      vertex -43 -22 -1.4
      vertex -37.2 -6 -1.4
    endloop
  endfacet
  facet normal -0 0 -1
    outer loop
      vertex -37.2 -6 -1.4
      vertex -43 -22 -1.4
      vertex -37.4349 -5.9846 -1.4
    endloop
  endfacet
  facet normal -0 0 -1
    outer loop
      vertex -38.9846 -4.43495 -1.4
      vertex -46 -19 -1.4
      vertex -39 -4.2 -1.4
    endloop
  endfacet
  facet normal -0 0 -1
    outer loop
      vertex -38.9387 -4.66587 -1.4
      vertex -46 -19 -1.4
      vertex -38.9846 -4.43495 -1.4
    endloop
  endfacet
  facet normal -0 0 -1
    outer loop
      vertex -38.863 -4.88883 -1.4
      vertex -46 -19 -1.4
      vertex -38.9387 -4.66587 -1.4
    endloop
  endfacet
  facet normal -0 0 -1
    outer loop
      vertex -38.7588 -5.1 -1.4
      vertex -46 -19 -1.4
      vertex -38.863 -4.88883 -1.4
    endloop
  endfacet
  facet normal -0 0 -1
    outer loop
      vertex -38.628 -5.29577 -1.4
      vertex -46 -19 -1.4
      vertex -38.7588 -5.1 -1.4
    endloop
  endfacet
  facet normal -0 0 -1
    outer loop
      vertex -38.4728 -5.47279 -1.4
      vertex -46 -19 -1.4
      vertex -38.628 -5.29577 -1.4
    endloop
  endfacet
  facet normal -0 0 -1
    outer loop
      vertex -38.2958 -5.62804 -1.4
      vertex -46 -19 -1.4
      vertex -38.4728 -5.47279 -1.4
    endloop
  endfacet
  facet normal -0 0 -1
    outer loop
      vertex -38.1 -5.75885 -1.4
      vertex -46 -19 -1.4
      vertex -38.2958 -5.62804 -1.4
    endloop
  endfacet
  facet normal -0 0 -1
    outer loop
      vertex -37.8888 -5.86298 -1.4
      vertex -46 -19 -1.4
      vertex -38.1 -5.75885 -1.4
    endloop
  endfacet
  facet normal -0 0 -1
    outer loop
      vertex -37.6659 -5.93867 -1.4
      vertex -46 -19 -1.4
      vertex -37.8888 -5.86298 -1.4
    endloop
  endfacet
  facet normal -0 0 -1
    outer loop
      vertex -37.4349 -5.9846 -1.4
      vertex -46 -19 -1.4
      vertex -37.6659 -5.93867 -1.4
    endloop
  endfacet
  facet normal 0 0 -1
    outer loop
      vertex -46 -19 -1.4
      vertex -37.4349 -5.9846 -1.4
      vertex -43 -22 -1.4
    endloop
  endfacet
  facet normal 0 -0 -1
    outer loop
      vertex 43 22 -1.4
      vertex 46 19 -1.4
      vertex 37.4349 5.9846 -1.4
    endloop
  endfacet
  facet normal 0 0 -1
    outer loop
      vertex 45.9743 19.3916 -1.4
      vertex 43 22 -1.4
      vertex 45.8978 19.7765 -1.4
    endloop
  endfacet
  facet normal 0 0 -1
    outer loop
      vertex 45.8978 19.7765 -1.4
      vertex 43 22 -1.4
      vertex 45.7716 20.148 -1.4
    endloop
  endfacet
  facet normal 0 0 -1
    outer loop
      vertex 45.5981 20.5 -1.4
      vertex 43 22 -1.4
      vertex 45.3801 20.8263 -1.4
    endloop
  endfacet
  facet normal 0 0 -1
    outer loop
      vertex 45.3801 20.8263 -1.4
      vertex 43 22 -1.4
      vertex 45.1213 21.1213 -1.4
    endloop
  endfacet
  facet normal 0 0 -1
    outer loop
      vertex 45.1213 21.1213 -1.4
      vertex 43 22 -1.4
      vertex 44.8263 21.3801 -1.4
    endloop
  endfacet
  facet normal 0 0 -1
    outer loop
      vertex 44.5 21.5981 -1.4
      vertex 43 22 -1.4
      vertex 44.148 21.7716 -1.4
    endloop
  endfacet
  facet normal 0 0 -1
    outer loop
      vertex 44.148 21.7716 -1.4
      vertex 43 22 -1.4
      vertex 43.7765 21.8978 -1.4
    endloop
  endfacet
  facet normal 0 0 -1
    outer loop
      vertex 43.7765 21.8978 -1.4
      vertex 43 22 -1.4
      vertex 43.3916 21.9743 -1.4
    endloop
  endfacet
  facet normal 0 0 -1
    outer loop
      vertex 44.8263 21.3801 -1.4
      vertex 43 22 -1.4
      vertex 44.5 21.5981 -1.4
    endloop
  endfacet
  facet normal 0 0 -1
    outer loop
      vertex 45.7716 20.148 -1.4
      vertex 43 22 -1.4
      vertex 45.5981 20.5 -1.4
    endloop
  endfacet
  facet normal 0 0 -1
    outer loop
      vertex 46 19 -1.4
      vertex 43 22 -1.4
      vertex 45.9743 19.3916 -1.4
    endloop
  endfacet
  facet normal 0 0 -1
    outer loop
      vertex 37.2 6 -1.4
      vertex 43 22 -1.4
      vertex 37.4349 5.9846 -1.4
    endloop
  endfacet
  facet normal 0 0 -1
    outer loop
      vertex 18 7 -1.4
      vertex 37.2 6 -1.4
      vertex 18 6 -1.4
    endloop
  endfacet
  facet normal 0 0 -1
    outer loop
      vertex 17.9829 7.26105 -1.4
      vertex 37.2 6 -1.4
      vertex 18 7 -1.4
    endloop
  endfacet
  facet normal 0 0 -1
    outer loop
      vertex 17.9319 7.51764 -1.4
      vertex 37.2 6 -1.4
      vertex 17.9829 7.26105 -1.4
    endloop
  endfacet
  facet normal 0 0 -1
    outer loop
      vertex 17.8478 7.76537 -1.4
      vertex 37.2 6 -1.4
      vertex 17.9319 7.51764 -1.4
    endloop
  endfacet
  facet normal 0 0 -1
    outer loop
      vertex 17.732 8 -1.4
      vertex 37.2 6 -1.4
      vertex 17.8478 7.76537 -1.4
    endloop
  endfacet
  facet normal 0 0 -1
    outer loop
      vertex 17.5867 8.21752 -1.4
      vertex 37.2 6 -1.4
      vertex 17.732 8 -1.4
    endloop
  endfacet
  facet normal 0 0 -1
    outer loop
      vertex 37.2 6 -1.4
      vertex 17.5867 8.21752 -1.4
      vertex 43 22 -1.4
    endloop
  endfacet
  facet normal 0 0 -1
    outer loop
      vertex 17.4142 8.41421 -1.4
      vertex 43 22 -1.4
      vertex 17.5867 8.21752 -1.4
    endloop
  endfacet
  facet normal 0 0 -1
    outer loop
      vertex 17.2175 8.58671 -1.4
      vertex 43 22 -1.4
      vertex 17.4142 8.41421 -1.4
    endloop
  endfacet
  facet normal 0 0 -1
    outer loop
      vertex 17 8.73205 -1.4
      vertex 43 22 -1.4
      vertex 17.2175 8.58671 -1.4
    endloop
  endfacet
  facet normal 0 0 -1
    outer loop
      vertex 16.7654 8.84776 -1.4
      vertex 43 22 -1.4
      vertex 17 8.73205 -1.4
    endloop
  endfacet
  facet normal 0 0 -1
    outer loop
      vertex 16.5176 8.93185 -1.4
      vertex 43 22 -1.4
      vertex 16.7654 8.84776 -1.4
    endloop
  endfacet
  facet normal 0 0 -1
    outer loop
      vertex 16.2611 8.98289 -1.4
      vertex 43 22 -1.4
      vertex 16.5176 8.93185 -1.4
    endloop
  endfacet
  facet normal 0 0 -1
    outer loop
      vertex 16 9 -1.4
      vertex 43 22 -1.4
      vertex 16.2611 8.98289 -1.4
    endloop
  endfacet
  facet normal 0 0 -1
    outer loop
      vertex -16 9 -1.4
      vertex 43 22 -1.4
      vertex 16 9 -1.4
    endloop
  endfacet
  facet normal 0 0 -1
    outer loop
      vertex -43 22 -1.4
      vertex -16 9 -1.4
      vertex -16.2611 8.98289 -1.4
    endloop
  endfacet
  facet normal 0 0 -1
    outer loop
      vertex -43 22 -1.4
      vertex -16.2611 8.98289 -1.4
      vertex -16.5176 8.93185 -1.4
    endloop
  endfacet
  facet normal 0 0 -1
    outer loop
      vertex -37.2 6 -1.4
      vertex -17.9829 7.26105 -1.4
      vertex -18 7 -1.4
    endloop
  endfacet
  facet normal 0 0 -1
    outer loop
      vertex -37.2 6 -1.4
      vertex -17.9319 7.51764 -1.4
      vertex -17.9829 7.26105 -1.4
    endloop
  endfacet
  facet normal 0 0 -1
    outer loop
      vertex -37.2 6 -1.4
      vertex -17.8478 7.76537 -1.4
      vertex -17.9319 7.51764 -1.4
    endloop
  endfacet
  facet normal 0 0 -1
    outer loop
      vertex -37.2 6 -1.4
      vertex -17.732 8 -1.4
      vertex -17.8478 7.76537 -1.4
    endloop
  endfacet
  facet normal 0 0 -1
    outer loop
      vertex -37.2 6 -1.4
      vertex -17.5867 8.21752 -1.4
      vertex -17.732 8 -1.4
    endloop
  endfacet
  facet normal 0 0 -1
    outer loop
      vertex -37.2 6 -1.4
      vertex -17.4142 8.41421 -1.4
      vertex -17.5867 8.21752 -1.4
    endloop
  endfacet
  facet normal 0 0 -1
    outer loop
      vertex -43 22 -1.4
      vertex -17.4142 8.41421 -1.4
      vertex -37.2 6 -1.4
    endloop
  endfacet
  facet normal 0 0 -1
    outer loop
      vertex -17.4142 8.41421 -1.4
      vertex -43 22 -1.4
      vertex -17.2175 8.58671 -1.4
    endloop
  endfacet
  facet normal 0 0 -1
    outer loop
      vertex -17.2175 8.58671 -1.4
      vertex -43 22 -1.4
      vertex -17 8.73205 -1.4
    endloop
  endfacet
  facet normal 0 0 -1
    outer loop
      vertex -17 8.73205 -1.4
      vertex -43 22 -1.4
      vertex -16.7654 8.84776 -1.4
    endloop
  endfacet
  facet normal 0 0 -1
    outer loop
      vertex -16.7654 8.84776 -1.4
      vertex -43 22 -1.4
      vertex -16.5176 8.93185 -1.4
    endloop
  endfacet
  facet normal 0 0 -1
    outer loop
      vertex -43 22 -1.4
      vertex -37.2 6 -1.4
      vertex -37.4349 5.9846 -1.4
    endloop
  endfacet
  facet normal 0 0 -1
    outer loop
      vertex -46 19 -1.4
      vertex -37.4349 5.9846 -1.4
      vertex -37.6659 5.93867 -1.4
    endloop
  endfacet
  facet normal -0 0 -1
    outer loop
      vertex -39 -4.2 -1.4
      vertex -46 -19 -1.4
      vertex -39 4.2 -1.4
    endloop
  endfacet
  facet normal 0 0 -1
    outer loop
      vertex -16 9 -1.4
      vertex -43 22 -1.4
      vertex 43 22 -1.4
    endloop
  endfacet
  facet normal 0 0 -1
    outer loop
      vertex -46 19 -1.4
      vertex -37.6659 5.93867 -1.4
      vertex -37.8888 5.86298 -1.4
    endloop
  endfacet
  facet normal 0 0 -1
    outer loop
      vertex -46 19 -1.4
      vertex -37.8888 5.86298 -1.4
      vertex -38.1 5.75885 -1.4
    endloop
  endfacet
  facet normal 0 0 -1
    outer loop
      vertex -46 19 -1.4
      vertex -38.1 5.75885 -1.4
      vertex -38.2958 5.62804 -1.4
    endloop
  endfacet
  facet normal 0 0 -1
    outer loop
      vertex -46 19 -1.4
      vertex -38.2958 5.62804 -1.4
      vertex -38.4728 5.47279 -1.4
    endloop
  endfacet
  facet normal 0 0 -1
    outer loop
      vertex -46 19 -1.4
      vertex -38.4728 5.47279 -1.4
      vertex -38.628 5.29577 -1.4
    endloop
  endfacet
  facet normal 0 0 -1
    outer loop
      vertex -46 19 -1.4
      vertex -38.628 5.29577 -1.4
      vertex -38.7588 5.1 -1.4
    endloop
  endfacet
  facet normal 0 0 -1
    outer loop
      vertex -46 19 -1.4
      vertex -38.7588 5.1 -1.4
      vertex -38.863 4.88883 -1.4
    endloop
  endfacet
  facet normal 0 0 -1
    outer loop
      vertex -46 19 -1.4
      vertex -38.863 4.88883 -1.4
      vertex -38.9387 4.66587 -1.4
    endloop
  endfacet
  facet normal 0 0 -1
    outer loop
      vertex -46 19 -1.4
      vertex -38.9387 4.66587 -1.4
      vertex -38.9846 4.43495 -1.4
    endloop
  endfacet
  facet normal 0 0 -1
    outer loop
      vertex -46 19 -1.4
      vertex -39 4.2 -1.4
      vertex -46 -19 -1.4
    endloop
  endfacet
  facet normal 0 0 -1
    outer loop
      vertex -46 -19 -1.4
      vertex -43 -22 -1.4
      vertex -43.3916 -21.9743 -1.4
    endloop
  endfacet
  facet normal 0 0 -1
    outer loop
      vertex -39 4.2 -1.4
      vertex -46 19 -1.4
      vertex -38.9846 4.43495 -1.4
    endloop
  endfacet
  facet normal 0 0 -1
    outer loop
      vertex -46 -19 -1.4
      vertex -43.3916 -21.9743 -1.4
      vertex -43.7765 -21.8978 -1.4
    endloop
  endfacet
  facet normal 0 0 -1
    outer loop
      vertex -37.4349 5.9846 -1.4
      vertex -46 19 -1.4
      vertex -43 22 -1.4
    endloop
  endfacet
  facet normal 0 0 -1
    outer loop
      vertex -46 -19 -1.4
      vertex -43.7765 -21.8978 -1.4
      vertex -44.148 -21.7716 -1.4
    endloop
  endfacet
  facet normal 0 0 -1
    outer loop
      vertex -43 22 -1.4
      vertex -46 19 -1.4
      vertex -43.3916 21.9743 -1.4
    endloop
  endfacet
  facet normal 0 0 -1
    outer loop
      vertex -46 -19 -1.4
      vertex -44.148 -21.7716 -1.4
      vertex -44.5 -21.5981 -1.4
    endloop
  endfacet
  facet normal 0 0 -1
    outer loop
      vertex -43.3916 21.9743 -1.4
      vertex -46 19 -1.4
      vertex -43.7765 21.8978 -1.4
    endloop
  endfacet
  facet normal 0 0 -1
    outer loop
      vertex -46 -19 -1.4
      vertex -44.5 -21.5981 -1.4
      vertex -44.8263 -21.3801 -1.4
    endloop
  endfacet
  facet normal 0 0 -1
    outer loop
      vertex -43.7765 21.8978 -1.4
      vertex -46 19 -1.4
      vertex -44.148 21.7716 -1.4
    endloop
  endfacet
  facet normal 0 0 -1
    outer loop
      vertex -46 -19 -1.4
      vertex -44.8263 -21.3801 -1.4
      vertex -45.1213 -21.1213 -1.4
    endloop
  endfacet
  facet normal 0 0 -1
    outer loop
      vertex -44.148 21.7716 -1.4
      vertex -46 19 -1.4
      vertex -44.5 21.5981 -1.4
    endloop
  endfacet
  facet normal 0 0 -1
    outer loop
      vertex -46 -19 -1.4
      vertex -45.1213 -21.1213 -1.4
      vertex -45.3801 -20.8263 -1.4
    endloop
  endfacet
  facet normal 0 0 -1
    outer loop
      vertex -44.5 21.5981 -1.4
      vertex -46 19 -1.4
      vertex -44.8263 21.3801 -1.4
    endloop
  endfacet
  facet normal 0 0 -1
    outer loop
      vertex -46 -19 -1.4
      vertex -45.3801 -20.8263 -1.4
      vertex -45.5981 -20.5 -1.4
    endloop
  endfacet
  facet normal 0 0 -1
    outer loop
      vertex -44.8263 21.3801 -1.4
      vertex -46 19 -1.4
      vertex -45.1213 21.1213 -1.4
    endloop
  endfacet
  facet normal 0 0 -1
    outer loop
      vertex -46 -19 -1.4
      vertex -45.5981 -20.5 -1.4
      vertex -45.7716 -20.148 -1.4
    endloop
  endfacet
  facet normal 0 0 -1
    outer loop
      vertex -45.1213 21.1213 -1.4
      vertex -46 19 -1.4
      vertex -45.3801 20.8263 -1.4
    endloop
  endfacet
  facet normal 0 0 -1
    outer loop
      vertex -46 -19 -1.4
      vertex -45.7716 -20.148 -1.4
      vertex -45.8978 -19.7765 -1.4
    endloop
  endfacet
  facet normal 0 0 -1
    outer loop
      vertex -45.3801 20.8263 -1.4
      vertex -46 19 -1.4
      vertex -45.5981 20.5 -1.4
    endloop
  endfacet
  facet normal 0 0 -1
    outer loop
      vertex -46 -19 -1.4
      vertex -45.8978 -19.7765 -1.4
      vertex -45.9743 -19.3916 -1.4
    endloop
  endfacet
  facet normal 0 0 -1
    outer loop
      vertex -45.5981 20.5 -1.4
      vertex -46 19 -1.4
      vertex -45.7716 20.148 -1.4
    endloop
  endfacet
  facet normal 0 0 -1
    outer loop
      vertex -45.7716 20.148 -1.4
      vertex -46 19 -1.4
      vertex -45.8978 19.7765 -1.4
    endloop
  endfacet
  facet normal 0 0 -1
    outer loop
      vertex -45.8978 19.7765 -1.4
      vertex -46 19 -1.4
      vertex -45.9743 19.3916 -1.4
    endloop
  endfacet
  facet normal -0 0 -1
    outer loop
      vertex 37.2 -6 -1.4
      vertex 18 -7 -1.4
      vertex 18 -6 -1.4
    endloop
  endfacet
  facet normal -0.980815 0.19494 1.36492e-18
    outer loop
      vertex -45.9743 19.3916 -1.4
      vertex -45.8978 19.7765 1.4
      vertex -45.8978 19.7765 -1.4
    endloop
  endfacet
  facet normal -0.980815 0.19494 1.36492e-18
    outer loop
      vertex -45.8978 19.7765 1.4
      vertex -45.9743 19.3916 -1.4
      vertex -45.9743 19.3916 1.4
    endloop
  endfacet
  facet normal -0 0 1
    outer loop
      vertex -31.7472 13.5041 1.4
      vertex -17.9319 7.51764 1.4
      vertex -31.4493 13.95 1.4
    endloop
  endfacet
  facet normal 0 0 1
    outer loop
      vertex -18 -7 1.4
      vertex -30.9351 -15.4648 1.4
      vertex -30.9 -16 1.4
    endloop
  endfacet
  facet normal 0 0 1
    outer loop
      vertex -17.9319 7.51764 1.4
      vertex -31.7472 13.5041 1.4
      vertex -17.9829 7.26105 1.4
    endloop
  endfacet
  facet normal 0 0 1
    outer loop
      vertex -18 -7 1.4
      vertex -31.0397 -14.9388 1.4
      vertex -30.9351 -15.4648 1.4
    endloop
  endfacet
  facet normal -0 0 1
    outer loop
      vertex -32.1009 13.1009 1.4
      vertex -17.9829 7.26105 1.4
      vertex -31.7472 13.5041 1.4
    endloop
  endfacet
  facet normal 0 0 1
    outer loop
      vertex -18 -7 1.4
      vertex -31.2121 -14.431 1.4
      vertex -31.0397 -14.9388 1.4
    endloop
  endfacet
  facet normal 0 0 1
    outer loop
      vertex -17.9829 7.26105 1.4
      vertex -32.1009 13.1009 1.4
      vertex -18 7 1.4
    endloop
  endfacet
  facet normal 0 0 1
    outer loop
      vertex -18 -7 1.4
      vertex -31.4493 -13.95 1.4
      vertex -31.2121 -14.431 1.4
    endloop
  endfacet
  facet normal -0 0 1
    outer loop
      vertex -32.5041 12.7473 1.4
      vertex -18 7 1.4
      vertex -32.1009 13.1009 1.4
    endloop
  endfacet
  facet normal 0 0 1
    outer loop
      vertex -18 -7 1.4
      vertex -31.7472 -13.5041 1.4
      vertex -31.4493 -13.95 1.4
    endloop
  endfacet
  facet normal -0 0 1
    outer loop
      vertex -32.95 12.4493 1.4
      vertex -18 7 1.4
      vertex -32.5041 12.7473 1.4
    endloop
  endfacet
  facet normal 0 0 1
    outer loop
      vertex -18 -7 1.4
      vertex -32.1009 -13.1009 1.4
      vertex -31.7472 -13.5041 1.4
    endloop
  endfacet
  facet normal -0 0 1
    outer loop
      vertex -33.431 12.2121 1.4
      vertex -18 7 1.4
      vertex -32.95 12.4493 1.4
    endloop
  endfacet
  facet normal 0 0 1
    outer loop
      vertex -18 -7 1.4
      vertex -32.5041 -12.7473 1.4
      vertex -32.1009 -13.1009 1.4
    endloop
  endfacet
  facet normal 0 0 1
    outer loop
      vertex -18 7 1.4
      vertex -33.431 12.2121 1.4
      vertex -18 -7 1.4
    endloop
  endfacet
  facet normal 0 0 1
    outer loop
      vertex -18 -7 1.4
      vertex -32.95 -12.4493 1.4
      vertex -32.5041 -12.7473 1.4
    endloop
  endfacet
  facet normal 0 0 1
    outer loop
      vertex -33.431 -12.2121 1.4
      vertex -18 -7 1.4
      vertex -33.431 12.2121 1.4
    endloop
  endfacet
  facet normal 0 0 1
    outer loop
      vertex -18 -7 1.4
      vertex -33.431 -12.2121 1.4
      vertex -32.95 -12.4493 1.4
    endloop
  endfacet
  facet normal -0 0 1
    outer loop
      vertex -33.9388 12.0397 1.4
      vertex -33.431 -12.2121 1.4
      vertex -33.431 12.2121 1.4
    endloop
  endfacet
  facet normal 0 0 1
    outer loop
      vertex -33.9388 12.0397 1.4
      vertex -33.9388 -12.0397 1.4
      vertex -33.431 -12.2121 1.4
    endloop
  endfacet
  facet normal -0 0 1
    outer loop
      vertex -34.4648 11.9351 1.4
      vertex -33.9388 -12.0397 1.4
      vertex -33.9388 12.0397 1.4
    endloop
  endfacet
  facet normal 0 0 1
    outer loop
      vertex -34.4648 11.9351 1.4
      vertex -34.4648 -11.9351 1.4
      vertex -33.9388 -12.0397 1.4
    endloop
  endfacet
  facet normal -0 0 1
    outer loop
      vertex -35 11.9 1.4
      vertex -34.4648 -11.9351 1.4
      vertex -34.4648 11.9351 1.4
    endloop
  endfacet
  facet normal 0 0 1
    outer loop
      vertex -35 11.9 1.4
      vertex -35 -11.9 1.4
      vertex -34.4648 -11.9351 1.4
    endloop
  endfacet
  facet normal 0 0 1
    outer loop
      vertex -35.5352 11.9351 1.4
      vertex -35 -11.9 1.4
      vertex -35 11.9 1.4
    endloop
  endfacet
  facet normal 0 0 1
    outer loop
      vertex -35.5352 11.9351 1.4
      vertex -35.5352 -11.9351 1.4
      vertex -35 -11.9 1.4
    endloop
  endfacet
  facet normal 0 0 1
    outer loop
      vertex -36.0612 12.0397 1.4
      vertex -35.5352 -11.9351 1.4
      vertex -35.5352 11.9351 1.4
    endloop
  endfacet
  facet normal 0 0 1
    outer loop
      vertex -36.0612 12.0397 1.4
      vertex -36.0612 -12.0397 1.4
      vertex -35.5352 -11.9351 1.4
    endloop
  endfacet
  facet normal 0 0 1
    outer loop
      vertex -36.569 12.2121 1.4
      vertex -36.0612 -12.0397 1.4
      vertex -36.0612 12.0397 1.4
    endloop
  endfacet
  facet normal 0 0 1
    outer loop
      vertex -36.569 12.2121 1.4
      vertex -36.569 -12.2121 1.4
      vertex -36.0612 -12.0397 1.4
    endloop
  endfacet
  facet normal 0 0 1
    outer loop
      vertex -37.05 12.4493 1.4
      vertex -36.569 -12.2121 1.4
      vertex -36.569 12.2121 1.4
    endloop
  endfacet
  facet normal 0 0 1
    outer loop
      vertex -37.05 12.4493 1.4
      vertex -37.05 -12.4493 1.4
      vertex -36.569 -12.2121 1.4
    endloop
  endfacet
  facet normal 0 0 1
    outer loop
      vertex -37.4959 12.7473 1.4
      vertex -37.05 -12.4493 1.4
      vertex -37.05 12.4493 1.4
    endloop
  endfacet
  facet normal 0 0 1
    outer loop
      vertex -37.4959 12.7473 1.4
      vertex -37.4959 -12.7473 1.4
      vertex -37.05 -12.4493 1.4
    endloop
  endfacet
  facet normal 0 0 1
    outer loop
      vertex -37.8991 13.1009 1.4
      vertex -37.4959 -12.7473 1.4
      vertex -37.4959 12.7473 1.4
    endloop
  endfacet
  facet normal 0 0 1
    outer loop
      vertex -37.8991 13.1009 1.4
      vertex -37.8991 -13.1009 1.4
      vertex -37.4959 -12.7473 1.4
    endloop
  endfacet
  facet normal 0 0 1
    outer loop
      vertex -38.2527 13.5041 1.4
      vertex -37.8991 -13.1009 1.4
      vertex -37.8991 13.1009 1.4
    endloop
  endfacet
  facet normal 0 0 1
    outer loop
      vertex -38.2527 13.5041 1.4
      vertex -38.2527 -13.5041 1.4
      vertex -37.8991 -13.1009 1.4
    endloop
  endfacet
  facet normal 0 0 1
    outer loop
      vertex -46 19 1.4
      vertex -38.2527 13.5041 1.4
      vertex -38.5507 13.95 1.4
    endloop
  endfacet
  facet normal 0 0 1
    outer loop
      vertex -38.2527 13.5041 1.4
      vertex -46 19 1.4
      vertex -38.2527 -13.5041 1.4
    endloop
  endfacet
  facet normal 0 0 1
    outer loop
      vertex -46 19 1.4
      vertex -38.5507 13.95 1.4
      vertex -38.7879 14.431 1.4
    endloop
  endfacet
  facet normal 0 0 1
    outer loop
      vertex -46 -19 1.4
      vertex -38.2527 -13.5041 1.4
      vertex -46 19 1.4
    endloop
  endfacet
  facet normal 0 0 1
    outer loop
      vertex -46 19 1.4
      vertex -38.7879 14.431 1.4
      vertex -38.9603 14.9388 1.4
    endloop
  endfacet
  facet normal 0 0 1
    outer loop
      vertex -38.2527 -13.5041 1.4
      vertex -46 -19 1.4
      vertex -38.5507 -13.95 1.4
    endloop
  endfacet
  facet normal 0 0 1
    outer loop
      vertex -46 19 1.4
      vertex -38.9603 14.9388 1.4
      vertex -39.0649 15.4648 1.4
    endloop
  endfacet
  facet normal 0 0 1
    outer loop
      vertex -38.5507 -13.95 1.4
      vertex -46 -19 1.4
      vertex -38.7879 -14.431 1.4
    endloop
  endfacet
  facet normal 0 0 1
    outer loop
      vertex -46 19 1.4
      vertex -39.0649 15.4648 1.4
      vertex -39.1 16 1.4
    endloop
  endfacet
  facet normal 0 0 1
    outer loop
      vertex -38.7879 -14.431 1.4
      vertex -46 -19 1.4
      vertex -38.9603 -14.9388 1.4
    endloop
  endfacet
  facet normal 0 0 1
    outer loop
      vertex 27 4 1.4
      vertex 18 7 1.4
      vertex 18 4 1.4
    endloop
  endfacet
  facet normal 0 0 1
    outer loop
      vertex 38.7879 14.431 1.4
      vertex 46 19 1.4
      vertex 38.9603 14.9388 1.4
    endloop
  endfacet
  facet normal 0 0 1
    outer loop
      vertex 46 -19 1.4
      vertex 39.0649 -15.4648 1.4
      vertex 39.1 -16 1.4
    endloop
  endfacet
  facet normal 0 0 1
    outer loop
      vertex 38.5507 13.95 1.4
      vertex 46 19 1.4
      vertex 38.7879 14.431 1.4
    endloop
  endfacet
  facet normal 0 0 1
    outer loop
      vertex 46 -19 1.4
      vertex 38.9603 -14.9388 1.4
      vertex 39.0649 -15.4648 1.4
    endloop
  endfacet
  facet normal 0 0 1
    outer loop
      vertex 38.2527 13.5041 1.4
      vertex 46 19 1.4
      vertex 38.5507 13.95 1.4
    endloop
  endfacet
  facet normal 0 0 1
    outer loop
      vertex 46 -19 1.4
      vertex 38.7879 -14.431 1.4
      vertex 38.9603 -14.9388 1.4
    endloop
  endfacet
  facet normal 0 0 1
    outer loop
      vertex 46 19 1.4
      vertex 38.2527 13.5041 1.4
      vertex 46 -19 1.4
    endloop
  endfacet
  facet normal 0 0 1
    outer loop
      vertex 46 -19 1.4
      vertex 38.5507 -13.95 1.4
      vertex 38.7879 -14.431 1.4
    endloop
  endfacet
  facet normal -0 0 1
    outer loop
      vertex 38.2527 -13.5041 1.4
      vertex 46 -19 1.4
      vertex 38.2527 13.5041 1.4
    endloop
  endfacet
  facet normal 0 0 1
    outer loop
      vertex 46 -19 1.4
      vertex 38.2527 -13.5041 1.4
      vertex 38.5507 -13.95 1.4
    endloop
  endfacet
  facet normal -0 0 1
    outer loop
      vertex 37.8991 13.1009 1.4
      vertex 38.2527 -13.5041 1.4
      vertex 38.2527 13.5041 1.4
    endloop
  endfacet
  facet normal 0 0 1
    outer loop
      vertex 37.8991 13.1009 1.4
      vertex 37.8991 -13.1009 1.4
      vertex 38.2527 -13.5041 1.4
    endloop
  endfacet
  facet normal -0 0 1
    outer loop
      vertex 37.4959 12.7473 1.4
      vertex 37.8991 -13.1009 1.4
      vertex 37.8991 13.1009 1.4
    endloop
  endfacet
  facet normal 0 0 1
    outer loop
      vertex 37.4959 12.7473 1.4
      vertex 37.4959 -12.7473 1.4
      vertex 37.8991 -13.1009 1.4
    endloop
  endfacet
  facet normal 0 0 1
    outer loop
      vertex 31 0 1.4
      vertex 37.4959 12.7473 1.4
      vertex 37.05 12.4493 1.4
    endloop
  endfacet
  facet normal 0 0 1
    outer loop
      vertex 37.4959 12.7473 1.4
      vertex 31 0 1.4
      vertex 37.4959 -12.7473 1.4
    endloop
  endfacet
  facet normal 0 0 1
    outer loop
      vertex 30.9658 0.522104 1.4
      vertex 37.05 12.4493 1.4
      vertex 36.569 12.2121 1.4
    endloop
  endfacet
  facet normal 0 0 1
    outer loop
      vertex 37.4959 -12.7473 1.4
      vertex 31 0 1.4
      vertex 37.05 -12.4493 1.4
    endloop
  endfacet
  facet normal 0 0 1
    outer loop
      vertex 30.8637 1.03528 1.4
      vertex 36.569 12.2121 1.4
      vertex 36.0612 12.0397 1.4
    endloop
  endfacet
  facet normal -0 0 1
    outer loop
      vertex 30.9658 -0.522104 1.4
      vertex 37.05 -12.4493 1.4
      vertex 31 0 1.4
    endloop
  endfacet
  facet normal 0 0 1
    outer loop
      vertex 30.6955 1.53073 1.4
      vertex 36.0612 12.0397 1.4
      vertex 35.5352 11.9351 1.4
    endloop
  endfacet
  facet normal 0 0 1
    outer loop
      vertex 37.05 -12.4493 1.4
      vertex 30.9658 -0.522104 1.4
      vertex 36.569 -12.2121 1.4
    endloop
  endfacet
  facet normal 0 0 1
    outer loop
      vertex 30.4641 2 1.4
      vertex 35.5352 11.9351 1.4
      vertex 35 11.9 1.4
    endloop
  endfacet
  facet normal -0 0 1
    outer loop
      vertex 30.8637 -1.03528 1.4
      vertex 36.569 -12.2121 1.4
      vertex 30.9658 -0.522104 1.4
    endloop
  endfacet
  facet normal 0 0 1
    outer loop
      vertex 30.1734 2.43505 1.4
      vertex 35 11.9 1.4
      vertex 34.4648 11.9351 1.4
    endloop
  endfacet
  facet normal 0 0 1
    outer loop
      vertex 36.569 -12.2121 1.4
      vertex 30.8637 -1.03528 1.4
      vertex 36.0612 -12.0397 1.4
    endloop
  endfacet
  facet normal 0 0 1
    outer loop
      vertex 29.8284 2.82843 1.4
      vertex 34.4648 11.9351 1.4
      vertex 33.9388 12.0397 1.4
    endloop
  endfacet
  facet normal -0 0 1
    outer loop
      vertex 30.6955 -1.53073 1.4
      vertex 36.0612 -12.0397 1.4
      vertex 30.8637 -1.03528 1.4
    endloop
  endfacet
  facet normal 0 0 1
    outer loop
      vertex 29.435 3.17341 1.4
      vertex 33.9388 12.0397 1.4
      vertex 33.431 12.2121 1.4
    endloop
  endfacet
  facet normal 0 0 1
    outer loop
      vertex 36.0612 -12.0397 1.4
      vertex 30.6955 -1.53073 1.4
      vertex 35.5352 -11.9351 1.4
    endloop
  endfacet
  facet normal 0 0 1
    outer loop
      vertex 29 3.4641 1.4
      vertex 33.431 12.2121 1.4
      vertex 32.95 12.4493 1.4
    endloop
  endfacet
  facet normal -0 0 1
    outer loop
      vertex 30.4641 -2 1.4
      vertex 35.5352 -11.9351 1.4
      vertex 30.6955 -1.53073 1.4
    endloop
  endfacet
  facet normal 0 0 1
    outer loop
      vertex 28.5307 3.69552 1.4
      vertex 32.95 12.4493 1.4
      vertex 32.5041 12.7473 1.4
    endloop
  endfacet
  facet normal 0 0 1
    outer loop
      vertex 35.5352 -11.9351 1.4
      vertex 30.4641 -2 1.4
      vertex 35 -11.9 1.4
    endloop
  endfacet
  facet normal 0 0 1
    outer loop
      vertex 28.0353 3.8637 1.4
      vertex 32.5041 12.7473 1.4
      vertex 32.1009 13.1009 1.4
    endloop
  endfacet
  facet normal -0 0 1
    outer loop
      vertex 30.1734 -2.43505 1.4
      vertex 35 -11.9 1.4
      vertex 30.4641 -2 1.4
    endloop
  endfacet
  facet normal 0 0 1
    outer loop
      vertex 27.5221 3.96578 1.4
      vertex 32.1009 13.1009 1.4
      vertex 31.7472 13.5041 1.4
    endloop
  endfacet
  facet normal 0 0 1
    outer loop
      vertex 35 -11.9 1.4
      vertex 30.1734 -2.43505 1.4
      vertex 34.4648 -11.9351 1.4
    endloop
  endfacet
  facet normal 0 0 1
    outer loop
      vertex 27 4 1.4
      vertex 31.7472 13.5041 1.4
      vertex 31.4493 13.95 1.4
    endloop
  endfacet
  facet normal -0 0 1
    outer loop
      vertex 29.8284 -2.82843 1.4
      vertex 34.4648 -11.9351 1.4
      vertex 30.1734 -2.43505 1.4
    endloop
  endfacet
  facet normal 0 0 1
    outer loop
      vertex 27 4 1.4
      vertex 31.4493 13.95 1.4
      vertex 31.2121 14.431 1.4
    endloop
  endfacet
  facet normal 0 0 1
    outer loop
      vertex 34.4648 -11.9351 1.4
      vertex 29.8284 -2.82843 1.4
      vertex 33.9388 -12.0397 1.4
    endloop
  endfacet
  facet normal 0 0 1
    outer loop
      vertex 17.732 8 1.4
      vertex 31.2121 14.431 1.4
      vertex 31.0397 14.9388 1.4
    endloop
  endfacet
  facet normal -0 0 1
    outer loop
      vertex 29.435 -3.17341 1.4
      vertex 33.9388 -12.0397 1.4
      vertex 29.8284 -2.82843 1.4
    endloop
  endfacet
  facet normal 0 0 1
    outer loop
      vertex 33.9388 -12.0397 1.4
      vertex 29.435 -3.17341 1.4
      vertex 33.431 -12.2121 1.4
    endloop
  endfacet
  facet normal 0 0 1
    outer loop
      vertex 37.05 12.4493 1.4
      vertex 30.9658 0.522104 1.4
      vertex 31 0 1.4
    endloop
  endfacet
  facet normal 0 0 1
    outer loop
      vertex 17.4142 8.41421 1.4
      vertex 31.0397 14.9388 1.4
      vertex 30.9351 15.4648 1.4
    endloop
  endfacet
  facet normal 0 0 1
    outer loop
      vertex 17.2175 8.58671 1.4
      vertex 30.9351 15.4648 1.4
      vertex 30.9 16 1.4
    endloop
  endfacet
  facet normal 0 0 1
    outer loop
      vertex 36.569 12.2121 1.4
      vertex 30.8637 1.03528 1.4
      vertex 30.9658 0.522104 1.4
    endloop
  endfacet
  facet normal 0 0 1
    outer loop
      vertex 43 22 1.4
      vertex 46 19 1.4
      vertex 45.9743 19.3916 1.4
    endloop
  endfacet
  facet normal 0 0 1
    outer loop
      vertex 39.0649 15.4648 1.4
      vertex 46 19 1.4
      vertex 39.1 16 1.4
    endloop
  endfacet
  facet normal 0 0 1
    outer loop
      vertex 43 22 1.4
      vertex 45.9743 19.3916 1.4
      vertex 45.8978 19.7765 1.4
    endloop
  endfacet
  facet normal 0 0 1
    outer loop
      vertex 38.9603 14.9388 1.4
      vertex 46 19 1.4
      vertex 39.0649 15.4648 1.4
    endloop
  endfacet
  facet normal 0 0 1
    outer loop
      vertex 43 22 1.4
      vertex 45.8978 19.7765 1.4
      vertex 45.7716 20.148 1.4
    endloop
  endfacet
  facet normal -0 0 1
    outer loop
      vertex 39.0649 -16.5352 1.4
      vertex 46 -19 1.4
      vertex 39.1 -16 1.4
    endloop
  endfacet
  facet normal 0 0 1
    outer loop
      vertex 43 22 1.4
      vertex 45.7716 20.148 1.4
      vertex 45.5981 20.5 1.4
    endloop
  endfacet
  facet normal -0 0 1
    outer loop
      vertex 38.9603 -17.0612 1.4
      vertex 46 -19 1.4
      vertex 39.0649 -16.5352 1.4
    endloop
  endfacet
  facet normal 0 0 1
    outer loop
      vertex 43 22 1.4
      vertex 45.5981 20.5 1.4
      vertex 45.3801 20.8263 1.4
    endloop
  endfacet
  facet normal 0 -0 1
    outer loop
      vertex 43 -22 1.4
      vertex 46 -19 1.4
      vertex 38.9603 -17.0612 1.4
    endloop
  endfacet
  facet normal 0 0 1
    outer loop
      vertex 43 22 1.4
      vertex 45.3801 20.8263 1.4
      vertex 45.1213 21.1213 1.4
    endloop
  endfacet
  facet normal 0 0 1
    outer loop
      vertex 46 -19 1.4
      vertex 43 -22 1.4
      vertex 45.9743 -19.3916 1.4
    endloop
  endfacet
  facet normal 0 0 1
    outer loop
      vertex 43 22 1.4
      vertex 45.1213 21.1213 1.4
      vertex 44.8263 21.3801 1.4
    endloop
  endfacet
  facet normal 0 0 1
    outer loop
      vertex 45.9743 -19.3916 1.4
      vertex 43 -22 1.4
      vertex 45.8978 -19.7765 1.4
    endloop
  endfacet
  facet normal 0 0 1
    outer loop
      vertex 43 22 1.4
      vertex 44.8263 21.3801 1.4
      vertex 44.5 21.5981 1.4
    endloop
  endfacet
  facet normal 0 0 1
    outer loop
      vertex 45.8978 -19.7765 1.4
      vertex 43 -22 1.4
      vertex 45.7716 -20.148 1.4
    endloop
  endfacet
  facet normal 0 0 1
    outer loop
      vertex 43 22 1.4
      vertex 44.5 21.5981 1.4
      vertex 44.148 21.7716 1.4
    endloop
  endfacet
  facet normal 0 0 1
    outer loop
      vertex 45.7716 -20.148 1.4
      vertex 43 -22 1.4
      vertex 45.5981 -20.5 1.4
    endloop
  endfacet
  facet normal 0 0 1
    outer loop
      vertex 43 22 1.4
      vertex 44.148 21.7716 1.4
      vertex 43.7765 21.8978 1.4
    endloop
  endfacet
  facet normal 0 0 1
    outer loop
      vertex 45.5981 -20.5 1.4
      vertex 43 -22 1.4
      vertex 45.3801 -20.8263 1.4
    endloop
  endfacet
  facet normal 0 0 1
    outer loop
      vertex 43 22 1.4
      vertex 43.7765 21.8978 1.4
      vertex 43.3916 21.9743 1.4
    endloop
  endfacet
  facet normal 0 0 1
    outer loop
      vertex 45.3801 -20.8263 1.4
      vertex 43 -22 1.4
      vertex 45.1213 -21.1213 1.4
    endloop
  endfacet
  facet normal 0 0 1
    outer loop
      vertex 46 19 1.4
      vertex 43 22 1.4
      vertex 38.9603 17.0612 1.4
    endloop
  endfacet
  facet normal 0 0 1
    outer loop
      vertex 45.1213 -21.1213 1.4
      vertex 43 -22 1.4
      vertex 44.8263 -21.3801 1.4
    endloop
  endfacet
  facet normal 0 0 1
    outer loop
      vertex 44.8263 -21.3801 1.4
      vertex 43 -22 1.4
      vertex 44.5 -21.5981 1.4
    endloop
  endfacet
  facet normal 0 0 1
    outer loop
      vertex 46 19 1.4
      vertex 39.0649 16.5352 1.4
      vertex 39.1 16 1.4
    endloop
  endfacet
  facet normal 0 0 1
    outer loop
      vertex 46 19 1.4
      vertex 38.9603 17.0612 1.4
      vertex 39.0649 16.5352 1.4
    endloop
  endfacet
  facet normal 0 0 1
    outer loop
      vertex 43 22 1.4
      vertex 38.7879 17.569 1.4
      vertex 38.9603 17.0612 1.4
    endloop
  endfacet
  facet normal 0 0 1
    outer loop
      vertex 43 22 1.4
      vertex 38.5507 18.05 1.4
      vertex 38.7879 17.569 1.4
    endloop
  endfacet
  facet normal 0 0 1
    outer loop
      vertex 43 22 1.4
      vertex 38.2527 18.4959 1.4
      vertex 38.5507 18.05 1.4
    endloop
  endfacet
  facet normal 0 0 1
    outer loop
      vertex 43 22 1.4
      vertex 37.8991 18.8991 1.4
      vertex 38.2527 18.4959 1.4
    endloop
  endfacet
  facet normal 0 0 1
    outer loop
      vertex 43 22 1.4
      vertex 37.4959 19.2527 1.4
      vertex 37.8991 18.8991 1.4
    endloop
  endfacet
  facet normal 0 0 1
    outer loop
      vertex 43 22 1.4
      vertex 37.05 19.5507 1.4
      vertex 37.4959 19.2527 1.4
    endloop
  endfacet
  facet normal 0 0 1
    outer loop
      vertex 43 22 1.4
      vertex 36.569 19.7879 1.4
      vertex 37.05 19.5507 1.4
    endloop
  endfacet
  facet normal 0 0 1
    outer loop
      vertex 43 22 1.4
      vertex 36.0612 19.9603 1.4
      vertex 36.569 19.7879 1.4
    endloop
  endfacet
  facet normal 0 0 1
    outer loop
      vertex 43 22 1.4
      vertex 35.5352 20.0649 1.4
      vertex 36.0612 19.9603 1.4
    endloop
  endfacet
  facet normal 0 0 1
    outer loop
      vertex 43 22 1.4
      vertex 35 20.1 1.4
      vertex 35.5352 20.0649 1.4
    endloop
  endfacet
  facet normal 0 0 1
    outer loop
      vertex 43 22 1.4
      vertex 34.4648 20.0649 1.4
      vertex 35 20.1 1.4
    endloop
  endfacet
  facet normal 0 0 1
    outer loop
      vertex 43 22 1.4
      vertex 33.9388 19.9603 1.4
      vertex 34.4648 20.0649 1.4
    endloop
  endfacet
  facet normal 0 0 1
    outer loop
      vertex 36.0612 12.0397 1.4
      vertex 30.6955 1.53073 1.4
      vertex 30.8637 1.03528 1.4
    endloop
  endfacet
  facet normal 0 0 1
    outer loop
      vertex 35.5352 11.9351 1.4
      vertex 30.4641 2 1.4
      vertex 30.6955 1.53073 1.4
    endloop
  endfacet
  facet normal 0 0 1
    outer loop
      vertex 35 11.9 1.4
      vertex 30.1734 2.43505 1.4
      vertex 30.4641 2 1.4
    endloop
  endfacet
  facet normal 0 0 1
    outer loop
      vertex 34.4648 11.9351 1.4
      vertex 29.8284 2.82843 1.4
      vertex 30.1734 2.43505 1.4
    endloop
  endfacet
  facet normal 0 0 1
    outer loop
      vertex 17 8.73205 1.4
      vertex 30.9 16 1.4
      vertex 30.9351 16.5352 1.4
    endloop
  endfacet
  facet normal 0 0 1
    outer loop
      vertex 33.9388 12.0397 1.4
      vertex 29.435 3.17341 1.4
      vertex 29.8284 2.82843 1.4
    endloop
  endfacet
  facet normal 0 0 1
    outer loop
      vertex 33.431 12.2121 1.4
      vertex 29 3.4641 1.4
      vertex 29.435 3.17341 1.4
    endloop
  endfacet
  facet normal 0 0 1
    outer loop
      vertex 32.95 12.4493 1.4
      vertex 28.5307 3.69552 1.4
      vertex 29 3.4641 1.4
    endloop
  endfacet
  facet normal 0 0 1
    outer loop
      vertex 32.5041 12.7473 1.4
      vertex 28.0353 3.8637 1.4
      vertex 28.5307 3.69552 1.4
    endloop
  endfacet
  facet normal 0 0 1
    outer loop
      vertex 16.7654 8.84776 1.4
      vertex 30.9351 16.5352 1.4
      vertex 31.0397 17.0612 1.4
    endloop
  endfacet
  facet normal 0 0 1
    outer loop
      vertex 32.1009 13.1009 1.4
      vertex 27.5221 3.96578 1.4
      vertex 28.0353 3.8637 1.4
    endloop
  endfacet
  facet normal 0 0 1
    outer loop
      vertex 31.7472 13.5041 1.4
      vertex 27 4 1.4
      vertex 27.5221 3.96578 1.4
    endloop
  endfacet
  facet normal 0 0 1
    outer loop
      vertex 31.2121 14.431 1.4
      vertex 17.732 8 1.4
      vertex 17.8478 7.76537 1.4
    endloop
  endfacet
  facet normal 0 0 1
    outer loop
      vertex 16.5176 8.93185 1.4
      vertex 31.0397 17.0612 1.4
      vertex 31.2121 17.569 1.4
    endloop
  endfacet
  facet normal 0 0 1
    outer loop
      vertex 16.2611 8.98289 1.4
      vertex 31.2121 17.569 1.4
      vertex 31.4493 18.05 1.4
    endloop
  endfacet
  facet normal 0 0 1
    outer loop
      vertex 16 9 1.4
      vertex 31.4493 18.05 1.4
      vertex 31.7472 18.4959 1.4
    endloop
  endfacet
  facet normal 0 0 1
    outer loop
      vertex 16 9 1.4
      vertex 31.7472 18.4959 1.4
      vertex 32.1009 18.8991 1.4
    endloop
  endfacet
  facet normal 0 0 1
    outer loop
      vertex -32.1009 18.8991 1.4
      vertex 32.1009 18.8991 1.4
      vertex 32.5041 19.2527 1.4
    endloop
  endfacet
  facet normal 0 0 1
    outer loop
      vertex 27 4 1.4
      vertex 17.9829 7.26105 1.4
      vertex 18 7 1.4
    endloop
  endfacet
  facet normal 0 0 1
    outer loop
      vertex 27 4 1.4
      vertex 17.9319 7.51764 1.4
      vertex 17.9829 7.26105 1.4
    endloop
  endfacet
  facet normal 0 0 1
    outer loop
      vertex 27 4 1.4
      vertex 17.8478 7.76537 1.4
      vertex 17.9319 7.51764 1.4
    endloop
  endfacet
  facet normal 0 0 1
    outer loop
      vertex 31.2121 14.431 1.4
      vertex 17.8478 7.76537 1.4
      vertex 27 4 1.4
    endloop
  endfacet
  facet normal 0 0 1
    outer loop
      vertex 31.0397 14.9388 1.4
      vertex 17.5867 8.21752 1.4
      vertex 17.732 8 1.4
    endloop
  endfacet
  facet normal 0 0 1
    outer loop
      vertex 31.0397 14.9388 1.4
      vertex 17.4142 8.41421 1.4
      vertex 17.5867 8.21752 1.4
    endloop
  endfacet
  facet normal 0 0 1
    outer loop
      vertex 30.9351 15.4648 1.4
      vertex 17.2175 8.58671 1.4
      vertex 17.4142 8.41421 1.4
    endloop
  endfacet
  facet normal 0 0 1
    outer loop
      vertex 30.9 16 1.4
      vertex 17 8.73205 1.4
      vertex 17.2175 8.58671 1.4
    endloop
  endfacet
  facet normal 0 0 1
    outer loop
      vertex 30.9351 16.5352 1.4
      vertex 16.7654 8.84776 1.4
      vertex 17 8.73205 1.4
    endloop
  endfacet
  facet normal 0 0 1
    outer loop
      vertex -32.5041 19.2527 1.4
      vertex 32.5041 19.2527 1.4
      vertex 32.95 19.5507 1.4
    endloop
  endfacet
  facet normal 0 0 1
    outer loop
      vertex 31.0397 17.0612 1.4
      vertex 16.5176 8.93185 1.4
      vertex 16.7654 8.84776 1.4
    endloop
  endfacet
  facet normal 0 0 1
    outer loop
      vertex 31.2121 17.569 1.4
      vertex 16.2611 8.98289 1.4
      vertex 16.5176 8.93185 1.4
    endloop
  endfacet
  facet normal 0 0 1
    outer loop
      vertex 31.4493 18.05 1.4
      vertex 16 9 1.4
      vertex 16.2611 8.98289 1.4
    endloop
  endfacet
  facet normal 0 0 1
    outer loop
      vertex 32.1009 18.8991 1.4
      vertex -16 9 1.4
      vertex 16 9 1.4
    endloop
  endfacet
  facet normal 0 0 1
    outer loop
      vertex -32.95 19.5507 1.4
      vertex 32.95 19.5507 1.4
      vertex 33.431 19.7879 1.4
    endloop
  endfacet
  facet normal 0 0 1
    outer loop
      vertex -33.431 19.7879 1.4
      vertex 33.431 19.7879 1.4
      vertex 33.9388 19.9603 1.4
    endloop
  endfacet
  facet normal 0 0 1
    outer loop
      vertex -33.9388 19.9603 1.4
      vertex 33.9388 19.9603 1.4
      vertex 43 22 1.4
    endloop
  endfacet
  facet normal 0 0 1
    outer loop
      vertex 32.1009 18.8991 1.4
      vertex -32.1009 18.8991 1.4
      vertex -16 9 1.4
    endloop
  endfacet
  facet normal -0 -0 1
    outer loop
      vertex -31.7472 18.4959 1.4
      vertex -16 9 1.4
      vertex -32.1009 18.8991 1.4
    endloop
  endfacet
  facet normal -0 0 1
    outer loop
      vertex -31.4493 13.95 1.4
      vertex -17.8478 7.76537 1.4
      vertex -31.2121 14.431 1.4
    endloop
  endfacet
  facet normal 0 0 1
    outer loop
      vertex -17.732 8 1.4
      vertex -31.2121 14.431 1.4
      vertex -17.8478 7.76537 1.4
    endloop
  endfacet
  facet normal -0 0 1
    outer loop
      vertex -31.2121 14.431 1.4
      vertex -17.732 8 1.4
      vertex -31.0397 14.9388 1.4
    endloop
  endfacet
  facet normal 0 0 1
    outer loop
      vertex -17.5867 8.21752 1.4
      vertex -31.0397 14.9388 1.4
      vertex -17.732 8 1.4
    endloop
  endfacet
  facet normal 0 0 1
    outer loop
      vertex -17.4142 8.41421 1.4
      vertex -31.0397 14.9388 1.4
      vertex -17.5867 8.21752 1.4
    endloop
  endfacet
  facet normal -0 0 1
    outer loop
      vertex -31.0397 14.9388 1.4
      vertex -17.4142 8.41421 1.4
      vertex -30.9351 15.4648 1.4
    endloop
  endfacet
  facet normal 0 0 1
    outer loop
      vertex -17.2175 8.58671 1.4
      vertex -30.9351 15.4648 1.4
      vertex -17.4142 8.41421 1.4
    endloop
  endfacet
  facet normal -0 0 1
    outer loop
      vertex -30.9351 15.4648 1.4
      vertex -17.2175 8.58671 1.4
      vertex -30.9 16 1.4
    endloop
  endfacet
  facet normal 0 0 1
    outer loop
      vertex -17 8.73205 1.4
      vertex -30.9 16 1.4
      vertex -17.2175 8.58671 1.4
    endloop
  endfacet
  facet normal 0 0 1
    outer loop
      vertex -30.9351 16.5352 1.4
      vertex -17 8.73205 1.4
      vertex -16.7654 8.84776 1.4
    endloop
  endfacet
  facet normal 0 0 1
    outer loop
      vertex -31.0397 17.0612 1.4
      vertex -16.7654 8.84776 1.4
      vertex -16.5176 8.93185 1.4
    endloop
  endfacet
  facet normal -0 -0 1
    outer loop
      vertex -31.4493 18.05 1.4
      vertex -16 9 1.4
      vertex -31.7472 18.4959 1.4
    endloop
  endfacet
  facet normal 0 0 1
    outer loop
      vertex -17 8.73205 1.4
      vertex -30.9351 16.5352 1.4
      vertex -30.9 16 1.4
    endloop
  endfacet
  facet normal 0 0 1
    outer loop
      vertex -16.7654 8.84776 1.4
      vertex -31.0397 17.0612 1.4
      vertex -30.9351 16.5352 1.4
    endloop
  endfacet
  facet normal 0 0 1
    outer loop
      vertex -16.5176 8.93185 1.4
      vertex -31.2121 17.569 1.4
      vertex -31.0397 17.0612 1.4
    endloop
  endfacet
  facet normal 0 0 1
    outer loop
      vertex -16.2611 8.98289 1.4
      vertex -31.2121 17.569 1.4
      vertex -16.5176 8.93185 1.4
    endloop
  endfacet
  facet normal -0 -0 1
    outer loop
      vertex -31.2121 17.569 1.4
      vertex -16.2611 8.98289 1.4
      vertex -31.4493 18.05 1.4
    endloop
  endfacet
  facet normal 0 0 1
    outer loop
      vertex -16 9 1.4
      vertex -31.4493 18.05 1.4
      vertex -16.2611 8.98289 1.4
    endloop
  endfacet
  facet normal 0 0 1
    outer loop
      vertex 32.5041 19.2527 1.4
      vertex -32.5041 19.2527 1.4
      vertex -32.1009 18.8991 1.4
    endloop
  endfacet
  facet normal 0 0 1
    outer loop
      vertex 32.95 19.5507 1.4
      vertex -32.95 19.5507 1.4
      vertex -32.5041 19.2527 1.4
    endloop
  endfacet
  facet normal 0 0 1
    outer loop
      vertex 33.431 19.7879 1.4
      vertex -33.431 19.7879 1.4
      vertex -32.95 19.5507 1.4
    endloop
  endfacet
  facet normal 0 0 1
    outer loop
      vertex 33.9388 19.9603 1.4
      vertex -33.9388 19.9603 1.4
      vertex -33.431 19.7879 1.4
    endloop
  endfacet
  facet normal 0 0 1
    outer loop
      vertex 43 22 1.4
      vertex -34.4648 20.0649 1.4
      vertex -33.9388 19.9603 1.4
    endloop
  endfacet
  facet normal -0 0 1
    outer loop
      vertex -43 22 1.4
      vertex -34.4648 20.0649 1.4
      vertex 43 22 1.4
    endloop
  endfacet
  facet normal 0 0 1
    outer loop
      vertex -39.0649 16.5352 1.4
      vertex -46 19 1.4
      vertex -39.1 16 1.4
    endloop
  endfacet
  facet normal 0 0 1
    outer loop
      vertex -38.9603 17.0612 1.4
      vertex -46 19 1.4
      vertex -39.0649 16.5352 1.4
    endloop
  endfacet
  facet normal -0 0 1
    outer loop
      vertex -46 19 1.4
      vertex -38.9603 17.0612 1.4
      vertex -43 22 1.4
    endloop
  endfacet
  facet normal 0 0 1
    outer loop
      vertex -38.7879 17.569 1.4
      vertex -43 22 1.4
      vertex -38.9603 17.0612 1.4
    endloop
  endfacet
  facet normal 0 0 1
    outer loop
      vertex -38.5507 18.05 1.4
      vertex -43 22 1.4
      vertex -38.7879 17.569 1.4
    endloop
  endfacet
  facet normal 0 0 1
    outer loop
      vertex -38.2527 18.4959 1.4
      vertex -43 22 1.4
      vertex -38.5507 18.05 1.4
    endloop
  endfacet
  facet normal 0 0 1
    outer loop
      vertex -37.8991 18.8991 1.4
      vertex -43 22 1.4
      vertex -38.2527 18.4959 1.4
    endloop
  endfacet
  facet normal 0 0 1
    outer loop
      vertex -37.4959 19.2527 1.4
      vertex -43 22 1.4
      vertex -37.8991 18.8991 1.4
    endloop
  endfacet
  facet normal 0 0 1
    outer loop
      vertex -37.05 19.5507 1.4
      vertex -43 22 1.4
      vertex -37.4959 19.2527 1.4
    endloop
  endfacet
  facet normal 0 0 1
    outer loop
      vertex -36.569 19.7879 1.4
      vertex -43 22 1.4
      vertex -37.05 19.5507 1.4
    endloop
  endfacet
  facet normal 0 0 1
    outer loop
      vertex -36.0612 19.9603 1.4
      vertex -43 22 1.4
      vertex -36.569 19.7879 1.4
    endloop
  endfacet
  facet normal 0 0 1
    outer loop
      vertex -35.5352 20.0649 1.4
      vertex -43 22 1.4
      vertex -36.0612 19.9603 1.4
    endloop
  endfacet
  facet normal 0 0 1
    outer loop
      vertex -35 20.1 1.4
      vertex -43 22 1.4
      vertex -35.5352 20.0649 1.4
    endloop
  endfacet
  facet normal 0 0 1
    outer loop
      vertex -34.4648 20.0649 1.4
      vertex -43 22 1.4
      vertex -35 20.1 1.4
    endloop
  endfacet
  facet normal 0 0 1
    outer loop
      vertex 44.5 -21.5981 1.4
      vertex 43 -22 1.4
      vertex 44.148 -21.7716 1.4
    endloop
  endfacet
  facet normal 0 0 1
    outer loop
      vertex 44.148 -21.7716 1.4
      vertex 43 -22 1.4
      vertex 43.7765 -21.8978 1.4
    endloop
  endfacet
  facet normal 0 0 1
    outer loop
      vertex 43.7765 -21.8978 1.4
      vertex 43 -22 1.4
      vertex 43.3916 -21.9743 1.4
    endloop
  endfacet
  facet normal -0 0 1
    outer loop
      vertex 38.7879 -17.569 1.4
      vertex 43 -22 1.4
      vertex 38.9603 -17.0612 1.4
    endloop
  endfacet
  facet normal -0 0 1
    outer loop
      vertex 38.5507 -18.05 1.4
      vertex 43 -22 1.4
      vertex 38.7879 -17.569 1.4
    endloop
  endfacet
  facet normal -0 0 1
    outer loop
      vertex 38.2527 -18.4959 1.4
      vertex 43 -22 1.4
      vertex 38.5507 -18.05 1.4
    endloop
  endfacet
  facet normal -0 0 1
    outer loop
      vertex 37.8991 -18.8991 1.4
      vertex 43 -22 1.4
      vertex 38.2527 -18.4959 1.4
    endloop
  endfacet
  facet normal -0 0 1
    outer loop
      vertex 37.4959 -19.2527 1.4
      vertex 43 -22 1.4
      vertex 37.8991 -18.8991 1.4
    endloop
  endfacet
  facet normal -0 0 1
    outer loop
      vertex 37.05 -19.5507 1.4
      vertex 43 -22 1.4
      vertex 37.4959 -19.2527 1.4
    endloop
  endfacet
  facet normal -0 0 1
    outer loop
      vertex 36.569 -19.7879 1.4
      vertex 43 -22 1.4
      vertex 37.05 -19.5507 1.4
    endloop
  endfacet
  facet normal -0 0 1
    outer loop
      vertex 36.0612 -19.9603 1.4
      vertex 43 -22 1.4
      vertex 36.569 -19.7879 1.4
    endloop
  endfacet
  facet normal -0 0 1
    outer loop
      vertex 35.5352 -20.0649 1.4
      vertex 43 -22 1.4
      vertex 36.0612 -19.9603 1.4
    endloop
  endfacet
  facet normal -0 0 1
    outer loop
      vertex 35 -20.1 1.4
      vertex 43 -22 1.4
      vertex 35.5352 -20.0649 1.4
    endloop
  endfacet
  facet normal 0 0 1
    outer loop
      vertex 34.4648 -20.0649 1.4
      vertex 43 -22 1.4
      vertex 35 -20.1 1.4
    endloop
  endfacet
  facet normal 0 0 1
    outer loop
      vertex 33.9388 -19.9603 1.4
      vertex 43 -22 1.4
      vertex 34.4648 -20.0649 1.4
    endloop
  endfacet
  facet normal -0 0 1
    outer loop
      vertex 28.0353 -3.8637 1.4
      vertex 32.5041 -12.7473 1.4
      vertex 28.5307 -3.69552 1.4
    endloop
  endfacet
  facet normal 0 0 1
    outer loop
      vertex 32.5041 -12.7473 1.4
      vertex 28.0353 -3.8637 1.4
      vertex 32.1009 -13.1009 1.4
    endloop
  endfacet
  facet normal -0 0 1
    outer loop
      vertex 27.5221 -3.96578 1.4
      vertex 32.1009 -13.1009 1.4
      vertex 28.0353 -3.8637 1.4
    endloop
  endfacet
  facet normal 0 0 1
    outer loop
      vertex 32.1009 -13.1009 1.4
      vertex 27.5221 -3.96578 1.4
      vertex 31.7472 -13.5041 1.4
    endloop
  endfacet
  facet normal -0 0 1
    outer loop
      vertex 27 -4 1.4
      vertex 31.7472 -13.5041 1.4
      vertex 27.5221 -3.96578 1.4
    endloop
  endfacet
  facet normal 0 0 1
    outer loop
      vertex 31.7472 -13.5041 1.4
      vertex 27 -4 1.4
      vertex 31.4493 -13.95 1.4
    endloop
  endfacet
  facet normal 0 0 1
    outer loop
      vertex 31.4493 -13.95 1.4
      vertex 27 -4 1.4
      vertex 31.2121 -14.431 1.4
    endloop
  endfacet
  facet normal -0 0 1
    outer loop
      vertex 17.8478 -7.76537 1.4
      vertex 31.2121 -14.431 1.4
      vertex 27 -4 1.4
    endloop
  endfacet
  facet normal -0 0 1
    outer loop
      vertex 17.732 -8 1.4
      vertex 31.2121 -14.431 1.4
      vertex 17.8478 -7.76537 1.4
    endloop
  endfacet
  facet normal -0 0 1
    outer loop
      vertex 17.5867 -8.21752 1.4
      vertex 31.0397 -14.9388 1.4
      vertex 17.732 -8 1.4
    endloop
  endfacet
  facet normal -0 0 1
    outer loop
      vertex 17.4142 -8.41421 1.4
      vertex 31.0397 -14.9388 1.4
      vertex 17.5867 -8.21752 1.4
    endloop
  endfacet
  facet normal 0 0 1
    outer loop
      vertex 31.0397 -14.9388 1.4
      vertex 17.4142 -8.41421 1.4
      vertex 30.9351 -15.4648 1.4
    endloop
  endfacet
  facet normal 0 0 1
    outer loop
      vertex 18 -7 1.4
      vertex 27 -4 1.4
      vertex 18 -4 1.4
    endloop
  endfacet
  facet normal 0 0 1
    outer loop
      vertex 17.9829 -7.26105 1.4
      vertex 27 -4 1.4
      vertex 18 -7 1.4
    endloop
  endfacet
  facet normal 0 0 1
    outer loop
      vertex 17.9319 -7.51764 1.4
      vertex 27 -4 1.4
      vertex 17.9829 -7.26105 1.4
    endloop
  endfacet
  facet normal 0 0 1
    outer loop
      vertex 17.8478 -7.76537 1.4
      vertex 27 -4 1.4
      vertex 17.9319 -7.51764 1.4
    endloop
  endfacet
  facet normal 0 0 1
    outer loop
      vertex 31.2121 -14.431 1.4
      vertex 17.732 -8 1.4
      vertex 31.0397 -14.9388 1.4
    endloop
  endfacet
  facet normal -0 0 1
    outer loop
      vertex 17.2175 -8.58671 1.4
      vertex 30.9351 -15.4648 1.4
      vertex 17.4142 -8.41421 1.4
    endloop
  endfacet
  facet normal 0 0 1
    outer loop
      vertex 30.9351 -15.4648 1.4
      vertex 17.2175 -8.58671 1.4
      vertex 30.9 -16 1.4
    endloop
  endfacet
  facet normal -0 0 1
    outer loop
      vertex 17 -8.73205 1.4
      vertex 30.9 -16 1.4
      vertex 17.2175 -8.58671 1.4
    endloop
  endfacet
  facet normal 0 0 1
    outer loop
      vertex 30.9 -16 1.4
      vertex 17 -8.73205 1.4
      vertex 30.9351 -16.5352 1.4
    endloop
  endfacet
  facet normal -0 0 1
    outer loop
      vertex 16.7654 -8.84776 1.4
      vertex 30.9351 -16.5352 1.4
      vertex 17 -8.73205 1.4
    endloop
  endfacet
  facet normal 0 0 1
    outer loop
      vertex 30.9351 -16.5352 1.4
      vertex 16.7654 -8.84776 1.4
      vertex 31.0397 -17.0612 1.4
    endloop
  endfacet
  facet normal -0 0 1
    outer loop
      vertex 16.5176 -8.93185 1.4
      vertex 31.0397 -17.0612 1.4
      vertex 16.7654 -8.84776 1.4
    endloop
  endfacet
  facet normal 0 0 1
    outer loop
      vertex 31.0397 -17.0612 1.4
      vertex 16.5176 -8.93185 1.4
      vertex 31.2121 -17.569 1.4
    endloop
  endfacet
  facet normal -0 0 1
    outer loop
      vertex 16.2611 -8.98289 1.4
      vertex 31.2121 -17.569 1.4
      vertex 16.5176 -8.93185 1.4
    endloop
  endfacet
  facet normal 0 0 1
    outer loop
      vertex 31.2121 -17.569 1.4
      vertex 16.2611 -8.98289 1.4
      vertex 31.4493 -18.05 1.4
    endloop
  endfacet
  facet normal -0 0 1
    outer loop
      vertex 16 -9 1.4
      vertex 31.4493 -18.05 1.4
      vertex 16.2611 -8.98289 1.4
    endloop
  endfacet
  facet normal 0 0 1
    outer loop
      vertex 31.4493 -18.05 1.4
      vertex 16 -9 1.4
      vertex 31.7472 -18.4959 1.4
    endloop
  endfacet
  facet normal 0 0 1
    outer loop
      vertex 31.7472 -18.4959 1.4
      vertex 16 -9 1.4
      vertex 32.1009 -18.8991 1.4
    endloop
  endfacet
  facet normal -0 0 1
    outer loop
      vertex -16 -9 1.4
      vertex 32.1009 -18.8991 1.4
      vertex 16 -9 1.4
    endloop
  endfacet
  facet normal 0 0 1
    outer loop
      vertex -32.1009 -18.8991 1.4
      vertex 32.1009 -18.8991 1.4
      vertex -16 -9 1.4
    endloop
  endfacet
  facet normal 0 0 1
    outer loop
      vertex 32.1009 -18.8991 1.4
      vertex -32.1009 -18.8991 1.4
      vertex 32.5041 -19.2527 1.4
    endloop
  endfacet
  facet normal 0 0 1
    outer loop
      vertex -32.5041 -19.2527 1.4
      vertex 32.5041 -19.2527 1.4
      vertex -32.1009 -18.8991 1.4
    endloop
  endfacet
  facet normal 0 0 1
    outer loop
      vertex 32.5041 -19.2527 1.4
      vertex -32.5041 -19.2527 1.4
      vertex 32.95 -19.5507 1.4
    endloop
  endfacet
  facet normal 0 0 1
    outer loop
      vertex -32.95 -19.5507 1.4
      vertex 32.95 -19.5507 1.4
      vertex -32.5041 -19.2527 1.4
    endloop
  endfacet
  facet normal 0 0 1
    outer loop
      vertex -31.4493 -18.05 1.4
      vertex -16 -9 1.4
      vertex -16.2611 -8.98289 1.4
    endloop
  endfacet
  facet normal 0 0 1
    outer loop
      vertex -31.2121 -17.569 1.4
      vertex -16.2611 -8.98289 1.4
      vertex -16.5176 -8.93185 1.4
    endloop
  endfacet
  facet normal 0 0 1
    outer loop
      vertex -17.8478 7.76537 1.4
      vertex -31.4493 13.95 1.4
      vertex -17.9319 7.51764 1.4
    endloop
  endfacet
  facet normal 0 0 1
    outer loop
      vertex -18 -7 1.4
      vertex -30.9 -16 1.4
      vertex -17.9829 -7.26105 1.4
    endloop
  endfacet
  facet normal 0 0 1
    outer loop
      vertex -17.9829 -7.26105 1.4
      vertex -30.9 -16 1.4
      vertex -17.9319 -7.51764 1.4
    endloop
  endfacet
  facet normal 0 0 1
    outer loop
      vertex -17.9319 -7.51764 1.4
      vertex -30.9 -16 1.4
      vertex -17.8478 -7.76537 1.4
    endloop
  endfacet
  facet normal 0 0 1
    outer loop
      vertex -17.8478 -7.76537 1.4
      vertex -30.9 -16 1.4
      vertex -17.732 -8 1.4
    endloop
  endfacet
  facet normal 0 0 1
    outer loop
      vertex -30.9 -16 1.4
      vertex -17.5867 -8.21752 1.4
      vertex -17.732 -8 1.4
    endloop
  endfacet
  facet normal 0 0 1
    outer loop
      vertex -30.9 -16 1.4
      vertex -17.4142 -8.41421 1.4
      vertex -17.5867 -8.21752 1.4
    endloop
  endfacet
  facet normal 0 0 1
    outer loop
      vertex -30.9 -16 1.4
      vertex -17.2175 -8.58671 1.4
      vertex -17.4142 -8.41421 1.4
    endloop
  endfacet
  facet normal 0 0 1
    outer loop
      vertex -30.9 -16 1.4
      vertex -17 -8.73205 1.4
      vertex -17.2175 -8.58671 1.4
    endloop
  endfacet
  facet normal 0 0 1
    outer loop
      vertex -30.9351 -16.5352 1.4
      vertex -17 -8.73205 1.4
      vertex -30.9 -16 1.4
    endloop
  endfacet
  facet normal 0 0 1
    outer loop
      vertex -17 -8.73205 1.4
      vertex -30.9351 -16.5352 1.4
      vertex -16.7654 -8.84776 1.4
    endloop
  endfacet
  facet normal 0 0 1
    outer loop
      vertex -31.0397 -17.0612 1.4
      vertex -16.7654 -8.84776 1.4
      vertex -30.9351 -16.5352 1.4
    endloop
  endfacet
  facet normal 0 0 1
    outer loop
      vertex -16.7654 -8.84776 1.4
      vertex -31.0397 -17.0612 1.4
      vertex -16.5176 -8.93185 1.4
    endloop
  endfacet
  facet normal 0 0 1
    outer loop
      vertex -31.2121 -17.569 1.4
      vertex -16.5176 -8.93185 1.4
      vertex -31.0397 -17.0612 1.4
    endloop
  endfacet
  facet normal 0 0 1
    outer loop
      vertex -16.2611 -8.98289 1.4
      vertex -31.2121 -17.569 1.4
      vertex -31.4493 -18.05 1.4
    endloop
  endfacet
  facet normal 0 0 1
    outer loop
      vertex -16 -9 1.4
      vertex -31.4493 -18.05 1.4
      vertex -31.7472 -18.4959 1.4
    endloop
  endfacet
  facet normal 0 0 1
    outer loop
      vertex -16 -9 1.4
      vertex -31.7472 -18.4959 1.4
      vertex -32.1009 -18.8991 1.4
    endloop
  endfacet
  facet normal 0 0 1
    outer loop
      vertex 32.95 -19.5507 1.4
      vertex -32.95 -19.5507 1.4
      vertex 33.431 -19.7879 1.4
    endloop
  endfacet
  facet normal 0 0 1
    outer loop
      vertex -33.431 -19.7879 1.4
      vertex 33.431 -19.7879 1.4
      vertex -32.95 -19.5507 1.4
    endloop
  endfacet
  facet normal 0 0 1
    outer loop
      vertex 33.431 -19.7879 1.4
      vertex -33.431 -19.7879 1.4
      vertex 33.9388 -19.9603 1.4
    endloop
  endfacet
  facet normal 0 0 1
    outer loop
      vertex -33.9388 -19.9603 1.4
      vertex 33.9388 -19.9603 1.4
      vertex -33.431 -19.7879 1.4
    endloop
  endfacet
  facet normal 0 0 1
    outer loop
      vertex 33.9388 -19.9603 1.4
      vertex -33.9388 -19.9603 1.4
      vertex 43 -22 1.4
    endloop
  endfacet
  facet normal -0 0 1
    outer loop
      vertex -34.4648 -20.0649 1.4
      vertex 43 -22 1.4
      vertex -33.9388 -19.9603 1.4
    endloop
  endfacet
  facet normal 0 0 1
    outer loop
      vertex -43 -22 1.4
      vertex -34.4648 -20.0649 1.4
      vertex -35 -20.1 1.4
    endloop
  endfacet
  facet normal 0 0 1
    outer loop
      vertex -38.9603 -14.9388 1.4
      vertex -46 -19 1.4
      vertex -39.0649 -15.4648 1.4
    endloop
  endfacet
  facet normal 0 0 1
    outer loop
      vertex -34.4648 -20.0649 1.4
      vertex -43 -22 1.4
      vertex 43 -22 1.4
    endloop
  endfacet
  facet normal 0 0 1
    outer loop
      vertex -35.5352 -20.0649 1.4
      vertex -43 -22 1.4
      vertex -35 -20.1 1.4
    endloop
  endfacet
  facet normal 0 0 1
    outer loop
      vertex -36.0612 -19.9603 1.4
      vertex -43 -22 1.4
      vertex -35.5352 -20.0649 1.4
    endloop
  endfacet
  facet normal 0 0 1
    outer loop
      vertex -36.569 -19.7879 1.4
      vertex -43 -22 1.4
      vertex -36.0612 -19.9603 1.4
    endloop
  endfacet
  facet normal 0 0 1
    outer loop
      vertex -37.05 -19.5507 1.4
      vertex -43 -22 1.4
      vertex -36.569 -19.7879 1.4
    endloop
  endfacet
  facet normal 0 0 1
    outer loop
      vertex -37.4959 -19.2527 1.4
      vertex -43 -22 1.4
      vertex -37.05 -19.5507 1.4
    endloop
  endfacet
  facet normal 0 0 1
    outer loop
      vertex -37.8991 -18.8991 1.4
      vertex -43 -22 1.4
      vertex -37.4959 -19.2527 1.4
    endloop
  endfacet
  facet normal 0 0 1
    outer loop
      vertex -38.2527 -18.4959 1.4
      vertex -43 -22 1.4
      vertex -37.8991 -18.8991 1.4
    endloop
  endfacet
  facet normal 0 0 1
    outer loop
      vertex -38.5507 -18.05 1.4
      vertex -43 -22 1.4
      vertex -38.2527 -18.4959 1.4
    endloop
  endfacet
  facet normal 0 0 1
    outer loop
      vertex -38.7879 -17.569 1.4
      vertex -43 -22 1.4
      vertex -38.5507 -18.05 1.4
    endloop
  endfacet
  facet normal 0 0 1
    outer loop
      vertex -38.9603 -17.0612 1.4
      vertex -43 -22 1.4
      vertex -38.7879 -17.569 1.4
    endloop
  endfacet
  facet normal 0 0 1
    outer loop
      vertex -46 -19 1.4
      vertex -38.9603 -17.0612 1.4
      vertex -39.0649 -16.5352 1.4
    endloop
  endfacet
  facet normal 0 0 1
    outer loop
      vertex -39.0649 -15.4648 1.4
      vertex -46 -19 1.4
      vertex -39.1 -16 1.4
    endloop
  endfacet
  facet normal 0 0 1
    outer loop
      vertex -46 19 1.4
      vertex -43 22 1.4
      vertex -43.3916 21.9743 1.4
    endloop
  endfacet
  facet normal 0 0 1
    outer loop
      vertex -39.1 -16 1.4
      vertex -46 -19 1.4
      vertex -39.0649 -16.5352 1.4
    endloop
  endfacet
  facet normal 0 0 1
    outer loop
      vertex -46 19 1.4
      vertex -43.3916 21.9743 1.4
      vertex -43.7765 21.8978 1.4
    endloop
  endfacet
  facet normal 0 0 1
    outer loop
      vertex -38.9603 -17.0612 1.4
      vertex -46 -19 1.4
      vertex -43 -22 1.4
    endloop
  endfacet
  facet normal 0 0 1
    outer loop
      vertex -46 19 1.4
      vertex -43.7765 21.8978 1.4
      vertex -44.148 21.7716 1.4
    endloop
  endfacet
  facet normal 0 0 1
    outer loop
      vertex -43 -22 1.4
      vertex -46 -19 1.4
      vertex -43.3916 -21.9743 1.4
    endloop
  endfacet
  facet normal 0 0 1
    outer loop
      vertex -46 19 1.4
      vertex -44.148 21.7716 1.4
      vertex -44.5 21.5981 1.4
    endloop
  endfacet
  facet normal 0 0 1
    outer loop
      vertex -43.3916 -21.9743 1.4
      vertex -46 -19 1.4
      vertex -43.7765 -21.8978 1.4
    endloop
  endfacet
  facet normal 0 0 1
    outer loop
      vertex -46 19 1.4
      vertex -44.5 21.5981 1.4
      vertex -44.8263 21.3801 1.4
    endloop
  endfacet
  facet normal 0 0 1
    outer loop
      vertex -43.7765 -21.8978 1.4
      vertex -46 -19 1.4
      vertex -44.148 -21.7716 1.4
    endloop
  endfacet
  facet normal 0 0 1
    outer loop
      vertex -46 19 1.4
      vertex -44.8263 21.3801 1.4
      vertex -45.1213 21.1213 1.4
    endloop
  endfacet
  facet normal 0 0 1
    outer loop
      vertex -44.148 -21.7716 1.4
      vertex -46 -19 1.4
      vertex -44.5 -21.5981 1.4
    endloop
  endfacet
  facet normal 0 0 1
    outer loop
      vertex -46 19 1.4
      vertex -45.1213 21.1213 1.4
      vertex -45.3801 20.8263 1.4
    endloop
  endfacet
  facet normal 0 0 1
    outer loop
      vertex -44.5 -21.5981 1.4
      vertex -46 -19 1.4
      vertex -44.8263 -21.3801 1.4
    endloop
  endfacet
  facet normal 0 0 1
    outer loop
      vertex -46 19 1.4
      vertex -45.3801 20.8263 1.4
      vertex -45.5981 20.5 1.4
    endloop
  endfacet
  facet normal 0 0 1
    outer loop
      vertex -44.8263 -21.3801 1.4
      vertex -46 -19 1.4
      vertex -45.1213 -21.1213 1.4
    endloop
  endfacet
  facet normal 0 0 1
    outer loop
      vertex -46 19 1.4
      vertex -45.5981 20.5 1.4
      vertex -45.7716 20.148 1.4
    endloop
  endfacet
  facet normal 0 0 1
    outer loop
      vertex -45.1213 -21.1213 1.4
      vertex -46 -19 1.4
      vertex -45.3801 -20.8263 1.4
    endloop
  endfacet
  facet normal 0 0 1
    outer loop
      vertex -46 19 1.4
      vertex -45.7716 20.148 1.4
      vertex -45.8978 19.7765 1.4
    endloop
  endfacet
  facet normal 0 0 1
    outer loop
      vertex -45.3801 -20.8263 1.4
      vertex -46 -19 1.4
      vertex -45.5981 -20.5 1.4
    endloop
  endfacet
  facet normal 0 0 1
    outer loop
      vertex -46 19 1.4
      vertex -45.8978 19.7765 1.4
      vertex -45.9743 19.3916 1.4
    endloop
  endfacet
  facet normal 0 0 1
    outer loop
      vertex -45.5981 -20.5 1.4
      vertex -46 -19 1.4
      vertex -45.7716 -20.148 1.4
    endloop
  endfacet
  facet normal 0 0 1
    outer loop
      vertex -45.7716 -20.148 1.4
      vertex -46 -19 1.4
      vertex -45.8978 -19.7765 1.4
    endloop
  endfacet
  facet normal 0 0 1
    outer loop
      vertex -45.8978 -19.7765 1.4
      vertex -46 -19 1.4
      vertex -45.9743 -19.3916 1.4
    endloop
  endfacet
  facet normal -0 0 1
    outer loop
      vertex 29 -3.4641 1.4
      vertex 33.431 -12.2121 1.4
      vertex 29.435 -3.17341 1.4
    endloop
  endfacet
  facet normal 0 0 1
    outer loop
      vertex 33.431 -12.2121 1.4
      vertex 29 -3.4641 1.4
      vertex 32.95 -12.4493 1.4
    endloop
  endfacet
  facet normal -0 0 1
    outer loop
      vertex 28.5307 -3.69552 1.4
      vertex 32.95 -12.4493 1.4
      vertex 29 -3.4641 1.4
    endloop
  endfacet
  facet normal 0 0 1
    outer loop
      vertex 32.95 -12.4493 1.4
      vertex 28.5307 -3.69552 1.4
      vertex 32.5041 -12.7473 1.4
    endloop
  endfacet
  facet normal -0.0654873 -0.997853 0
    outer loop
      vertex -43.3916 -21.9743 -1.4
      vertex -43 -22 1.4
      vertex -43.3916 -21.9743 1.4
    endloop
  endfacet
  facet normal -0.0654873 -0.997853 -0
    outer loop
      vertex -43 -22 1.4
      vertex -43.3916 -21.9743 -1.4
      vertex -43 -22 -1.4
    endloop
  endfacet
  facet normal -0.997853 0.0654873 1.98835e-19
    outer loop
      vertex -46 19 -1.4
      vertex -45.9743 19.3916 1.4
      vertex -45.9743 19.3916 -1.4
    endloop
  endfacet
  facet normal -0.997853 0.0654873 1.98835e-19
    outer loop
      vertex -45.9743 19.3916 1.4
      vertex -46 19 -1.4
      vertex -46 19 1.4
    endloop
  endfacet
  facet normal -0.896961 0.44211 -2.72034e-18
    outer loop
      vertex -45.7716 20.148 -1.4
      vertex -45.5981 20.5 1.4
      vertex -45.5981 20.5 -1.4
    endloop
  endfacet
  facet normal -0.896961 0.44211 -2.72034e-18
    outer loop
      vertex -45.5981 20.5 1.4
      vertex -45.7716 20.148 -1.4
      vertex -45.7716 20.148 1.4
    endloop
  endfacet
  facet normal -0.831501 0.555523 -4.98415e-19
    outer loop
      vertex -45.5981 20.5 -1.4
      vertex -45.3801 20.8263 1.4
      vertex -45.3801 20.8263 -1.4
    endloop
  endfacet
  facet normal -0.831501 0.555523 -4.98415e-19
    outer loop
      vertex -45.3801 20.8263 1.4
      vertex -45.5981 20.5 -1.4
      vertex -45.5981 20.5 1.4
    endloop
  endfacet
  facet normal -0.946922 0.321463 1.50345e-18
    outer loop
      vertex 17.8478 -7.76537 -1.4
      vertex 17.9319 -7.51764 1.4
      vertex 17.9319 -7.51764 -1.4
    endloop
  endfacet
  facet normal -0.946922 0.321463 1.50345e-18
    outer loop
      vertex 17.9319 -7.51764 1.4
      vertex 17.8478 -7.76537 -1.4
      vertex 17.8478 -7.76537 1.4
    endloop
  endfacet
  facet normal -1 0 0
    outer loop
      vertex 18 -6 -1.4
      vertex 18 -7 -1.4
      vertex 18 -6 -1.05
    endloop
  endfacet
  facet normal -1 0 0
    outer loop
      vertex 18 -6 -1.05
      vertex 18 -4 1.4
      vertex 18 -4 -1.05
    endloop
  endfacet
  facet normal -1 0 0
    outer loop
      vertex 18 -7 1.4
      vertex 18 -6 -1.05
      vertex 18 -7 -1.4
    endloop
  endfacet
  facet normal -1 0 0
    outer loop
      vertex 18 -6 -1.05
      vertex 18 -7 1.4
      vertex 18 -4 1.4
    endloop
  endfacet
  facet normal -1 0 0
    outer loop
      vertex 18 6 -1.05
      vertex 18 7 -1.4
      vertex 18 6 -1.4
    endloop
  endfacet
  facet normal -1 0 0
    outer loop
      vertex 18 7 -1.4
      vertex 18 6 -1.05
      vertex 18 7 1.4
    endloop
  endfacet
  facet normal -1 0 0
    outer loop
      vertex 18 4 1.4
      vertex 18 6 -1.05
      vertex 18 4 -1.05
    endloop
  endfacet
  facet normal -1 0 0
    outer loop
      vertex 18 6 -1.05
      vertex 18 4 1.4
      vertex 18 7 1.4
    endloop
  endfacet
  facet normal 0.946922 -0.321463 1.50345e-18
    outer loop
      vertex -17.9319 7.51764 1.4
      vertex -17.8478 7.76537 -1.4
      vertex -17.8478 7.76537 1.4
    endloop
  endfacet
  facet normal 0.946922 -0.321463 1.50345e-18
    outer loop
      vertex -17.8478 7.76537 -1.4
      vertex -17.9319 7.51764 1.4
      vertex -17.9319 7.51764 -1.4
    endloop
  endfacet
  facet normal 0 -1 0
    outer loop
      vertex -16 9 -1.4
      vertex 16 9 1.4
      vertex -16 9 1.4
    endloop
  endfacet
  facet normal 0 -1 -0
    outer loop
      vertex 16 9 1.4
      vertex -16 9 -1.4
      vertex 16 9 -1.4
    endloop
  endfacet
  facet normal 0.751826 0.659362 3.11124e-19
    outer loop
      vertex -17.4142 -8.41421 1.4
      vertex -17.5867 -8.21752 -1.4
      vertex -17.5867 -8.21752 1.4
    endloop
  endfacet
  facet normal 0.751826 0.659362 3.11124e-19
    outer loop
      vertex -17.5867 -8.21752 -1.4
      vertex -17.4142 -8.41421 1.4
      vertex -17.4142 -8.41421 -1.4
    endloop
  endfacet
  facet normal 1 0 0
    outer loop
      vertex -18 7 1.4
      vertex -18 6 -1.05
      vertex -18 7 -1.4
    endloop
  endfacet
  facet normal 1 0 0
    outer loop
      vertex -18 7 1.4
      vertex -18 -6 -1.05
      vertex -18 6 -1.05
    endloop
  endfacet
  facet normal 1 -0 0
    outer loop
      vertex -18 -7 1.4
      vertex -18 -6 -1.05
      vertex -18 7 1.4
    endloop
  endfacet
  facet normal 1 0 0
    outer loop
      vertex -18 -7 -1.4
      vertex -18 -6 -1.05
      vertex -18 -7 1.4
    endloop
  endfacet
  facet normal 1 0 0
    outer loop
      vertex -18 -6 -1.05
      vertex -18 -7 -1.4
      vertex -18 -6 -1.4
    endloop
  endfacet
  facet normal 1 0 0
    outer loop
      vertex -18 7 -1.4
      vertex -18 6 -1.05
      vertex -18 6 -1.4
    endloop
  endfacet
  facet normal -0.896731 -0.442575 1.01726e-18
    outer loop
      vertex 17.8478 7.76537 -1.4
      vertex 17.732 8 1.4
      vertex 17.732 8 -1.4
    endloop
  endfacet
  facet normal -0.896731 -0.442575 1.01726e-18
    outer loop
      vertex 17.732 8 1.4
      vertex 17.8478 7.76537 -1.4
      vertex 17.8478 7.76537 1.4
    endloop
  endfacet
  facet normal 0.19516 0.980771 -0
    outer loop
      vertex -16.2611 -8.98289 -1.4
      vertex -16.5176 -8.93185 1.4
      vertex -16.2611 -8.98289 1.4
    endloop
  endfacet
  facet normal 0.19516 0.980771 0
    outer loop
      vertex -16.5176 -8.93185 1.4
      vertex -16.2611 -8.98289 -1.4
      vertex -16.5176 -8.93185 -1.4
    endloop
  endfacet
  facet normal 0.321348 0.946961 -0
    outer loop
      vertex -16.5176 -8.93185 -1.4
      vertex -16.7654 -8.84776 1.4
      vertex -16.5176 -8.93185 1.4
    endloop
  endfacet
  facet normal 0.321348 0.946961 0
    outer loop
      vertex -16.7654 -8.84776 1.4
      vertex -16.5176 -8.93185 -1.4
      vertex -16.7654 -8.84776 -1.4
    endloop
  endfacet
  facet normal -0.0653902 0.99786 0
    outer loop
      vertex 16.2611 -8.98289 -1.4
      vertex 16 -9 1.4
      vertex 16.2611 -8.98289 1.4
    endloop
  endfacet
  facet normal -0.0653902 0.99786 0
    outer loop
      vertex 16 -9 1.4
      vertex 16.2611 -8.98289 -1.4
      vertex 16 -9 -1.4
    endloop
  endfacet
  facet normal -0.946922 -0.321463 -1.50345e-18
    outer loop
      vertex 17.9319 7.51764 -1.4
      vertex 17.8478 7.76537 1.4
      vertex 17.8478 7.76537 -1.4
    endloop
  endfacet
  facet normal -0.946922 -0.321463 -1.50345e-18
    outer loop
      vertex 17.8478 7.76537 1.4
      vertex 17.9319 7.51764 -1.4
      vertex 17.9319 7.51764 1.4
    endloop
  endfacet
  facet normal 0 1 -0
    outer loop
      vertex 16 -9 -1.4
      vertex -16 -9 1.4
      vertex 16 -9 1.4
    endloop
  endfacet
  facet normal 0 1 0
    outer loop
      vertex -16 -9 1.4
      vertex 16 -9 -1.4
      vertex -16 -9 -1.4
    endloop
  endfacet
  facet normal -0.442344 0.896845 0
    outer loop
      vertex 17 -8.73205 -1.4
      vertex 16.7654 -8.84776 1.4
      vertex 17 -8.73205 1.4
    endloop
  endfacet
  facet normal -0.442344 0.896845 0
    outer loop
      vertex 16.7654 -8.84776 1.4
      vertex 17 -8.73205 -1.4
      vertex 16.7654 -8.84776 -1.4
    endloop
  endfacet
  facet normal -0.751826 0.659362 -3.11124e-19
    outer loop
      vertex 17.4142 -8.41421 -1.4
      vertex 17.5867 -8.21752 1.4
      vertex 17.5867 -8.21752 -1.4
    endloop
  endfacet
  facet normal -0.751826 0.659362 -3.11124e-19
    outer loop
      vertex 17.5867 -8.21752 1.4
      vertex 17.4142 -8.41421 -1.4
      vertex 17.4142 -8.41421 1.4
    endloop
  endfacet
  facet normal 0.831544 -0.555459 2.51155e-18
    outer loop
      vertex -17.732 8 1.4
      vertex -17.5867 8.21752 -1.4
      vertex -17.5867 8.21752 1.4
    endloop
  endfacet
  facet normal 0.831544 -0.555459 2.51155e-18
    outer loop
      vertex -17.5867 8.21752 -1.4
      vertex -17.732 8 1.4
      vertex -17.732 8 -1.4
    endloop
  endfacet
  facet normal -0.980814 -0.194947 5.7311e-19
    outer loop
      vertex 17.9829 7.26105 -1.4
      vertex 17.9319 7.51764 1.4
      vertex 17.9319 7.51764 -1.4
    endloop
  endfacet
  facet normal -0.980814 -0.194947 5.7311e-19
    outer loop
      vertex 17.9319 7.51764 1.4
      vertex 17.9829 7.26105 -1.4
      vertex 17.9829 7.26105 1.4
    endloop
  endfacet
  facet normal -0.442344 -0.896845 0
    outer loop
      vertex 16.7654 8.84776 -1.4
      vertex 17 8.73205 1.4
      vertex 16.7654 8.84776 1.4
    endloop
  endfacet
  facet normal -0.442344 -0.896845 -0
    outer loop
      vertex 17 8.73205 1.4
      vertex 16.7654 8.84776 -1.4
      vertex 17 8.73205 -1.4
    endloop
  endfacet
  facet normal -0.321348 -0.946961 0
    outer loop
      vertex 16.5176 8.93185 -1.4
      vertex 16.7654 8.84776 1.4
      vertex 16.5176 8.93185 1.4
    endloop
  endfacet
  facet normal -0.321348 -0.946961 -0
    outer loop
      vertex 16.7654 8.84776 1.4
      vertex 16.5176 8.93185 -1.4
      vertex 16.7654 8.84776 -1.4
    endloop
  endfacet
  facet normal -0.997861 -0.0653646 -6.69008e-21
    outer loop
      vertex 18 7 -1.4
      vertex 17.9829 7.26105 1.4
      vertex 17.9829 7.26105 -1.4
    endloop
  endfacet
  facet normal -0.997861 -0.0653646 -6.69008e-21
    outer loop
      vertex 17.9829 7.26105 1.4
      vertex 18 7 -1.4
      vertex 18 7 1.4
    endloop
  endfacet
  facet normal 0.659343 -0.751842 0
    outer loop
      vertex -17.4142 8.41421 -1.4
      vertex -17.2175 8.58671 1.4
      vertex -17.4142 8.41421 1.4
    endloop
  endfacet
  facet normal 0.659343 -0.751842 0
    outer loop
      vertex -17.2175 8.58671 1.4
      vertex -17.4142 8.41421 -1.4
      vertex -17.2175 8.58671 -1.4
    endloop
  endfacet
  facet normal 0.980814 -0.194947 -5.7311e-19
    outer loop
      vertex -17.9829 7.26105 1.4
      vertex -17.9319 7.51764 -1.4
      vertex -17.9319 7.51764 1.4
    endloop
  endfacet
  facet normal 0.980814 -0.194947 -5.7311e-19
    outer loop
      vertex -17.9319 7.51764 -1.4
      vertex -17.9829 7.26105 1.4
      vertex -17.9829 7.26105 -1.4
    endloop
  endfacet
  facet normal 0.442344 0.896845 -0
    outer loop
      vertex -16.7654 -8.84776 -1.4
      vertex -17 -8.73205 1.4
      vertex -16.7654 -8.84776 1.4
    endloop
  endfacet
  facet normal 0.442344 0.896845 0
    outer loop
      vertex -17 -8.73205 1.4
      vertex -16.7654 -8.84776 -1.4
      vertex -17 -8.73205 -1.4
    endloop
  endfacet
  facet normal -0.321348 0.946961 0
    outer loop
      vertex 16.7654 -8.84776 -1.4
      vertex 16.5176 -8.93185 1.4
      vertex 16.7654 -8.84776 1.4
    endloop
  endfacet
  facet normal -0.321348 0.946961 0
    outer loop
      vertex 16.5176 -8.93185 1.4
      vertex 16.7654 -8.84776 -1.4
      vertex 16.5176 -8.93185 -1.4
    endloop
  endfacet
  facet normal -0.751826 -0.659362 3.11124e-19
    outer loop
      vertex 17.5867 8.21752 -1.4
      vertex 17.4142 8.41421 1.4
      vertex 17.4142 8.41421 -1.4
    endloop
  endfacet
  facet normal -0.751826 -0.659362 3.11124e-19
    outer loop
      vertex 17.4142 8.41421 1.4
      vertex 17.5867 8.21752 -1.4
      vertex 17.5867 8.21752 1.4
    endloop
  endfacet
  facet normal -0.19516 -0.980771 0
    outer loop
      vertex 16.2611 8.98289 -1.4
      vertex 16.5176 8.93185 1.4
      vertex 16.2611 8.98289 1.4
    endloop
  endfacet
  facet normal -0.19516 -0.980771 -0
    outer loop
      vertex 16.5176 8.93185 1.4
      vertex 16.2611 8.98289 -1.4
      vertex 16.5176 8.93185 -1.4
    endloop
  endfacet
  facet normal 0.997861 0.0653646 -6.69008e-21
    outer loop
      vertex -17.9829 -7.26105 1.4
      vertex -18 -7 -1.4
      vertex -18 -7 1.4
    endloop
  endfacet
  facet normal 0.997861 0.0653646 -6.69008e-21
    outer loop
      vertex -18 -7 -1.4
      vertex -17.9829 -7.26105 1.4
      vertex -17.9829 -7.26105 -1.4
    endloop
  endfacet
  facet normal -0.0653902 -0.99786 0
    outer loop
      vertex 16 9 -1.4
      vertex 16.2611 8.98289 1.4
      vertex 16 9 1.4
    endloop
  endfacet
  facet normal -0.0653902 -0.99786 -0
    outer loop
      vertex 16.2611 8.98289 1.4
      vertex 16 9 -1.4
      vertex 16.2611 8.98289 -1.4
    endloop
  endfacet
  facet normal -0.19516 0.980771 0
    outer loop
      vertex 16.5176 -8.93185 -1.4
      vertex 16.2611 -8.98289 1.4
      vertex 16.5176 -8.93185 1.4
    endloop
  endfacet
  facet normal -0.19516 0.980771 0
    outer loop
      vertex 16.2611 -8.98289 1.4
      vertex 16.5176 -8.93185 -1.4
      vertex 16.2611 -8.98289 -1.4
    endloop
  endfacet
  facet normal -0.980814 0.194947 -5.7311e-19
    outer loop
      vertex 17.9319 -7.51764 -1.4
      vertex 17.9829 -7.26105 1.4
      vertex 17.9829 -7.26105 -1.4
    endloop
  endfacet
  facet normal -0.980814 0.194947 -5.7311e-19
    outer loop
      vertex 17.9829 -7.26105 1.4
      vertex 17.9319 -7.51764 -1.4
      vertex 17.9319 -7.51764 1.4
    endloop
  endfacet
  facet normal 0.321348 -0.946961 0
    outer loop
      vertex -16.7654 8.84776 -1.4
      vertex -16.5176 8.93185 1.4
      vertex -16.7654 8.84776 1.4
    endloop
  endfacet
  facet normal 0.321348 -0.946961 0
    outer loop
      vertex -16.5176 8.93185 1.4
      vertex -16.7654 8.84776 -1.4
      vertex -16.5176 8.93185 -1.4
    endloop
  endfacet
  facet normal -0.5556 0.83145 0
    outer loop
      vertex 17.2175 -8.58671 -1.4
      vertex 17 -8.73205 1.4
      vertex 17.2175 -8.58671 1.4
    endloop
  endfacet
  facet normal -0.5556 0.83145 0
    outer loop
      vertex 17 -8.73205 1.4
      vertex 17.2175 -8.58671 -1.4
      vertex 17 -8.73205 -1.4
    endloop
  endfacet
  facet normal 0.751826 -0.659362 -3.11124e-19
    outer loop
      vertex -17.5867 8.21752 1.4
      vertex -17.4142 8.41421 -1.4
      vertex -17.4142 8.41421 1.4
    endloop
  endfacet
  facet normal 0.751826 -0.659362 -3.11124e-19
    outer loop
      vertex -17.4142 8.41421 -1.4
      vertex -17.5867 8.21752 1.4
      vertex -17.5867 8.21752 -1.4
    endloop
  endfacet
  facet normal -0.997861 0.0653646 6.69008e-21
    outer loop
      vertex 17.9829 -7.26105 -1.4
      vertex 18 -7 1.4
      vertex 18 -7 -1.4
    endloop
  endfacet
  facet normal -0.997861 0.0653646 6.69008e-21
    outer loop
      vertex 18 -7 1.4
      vertex 17.9829 -7.26105 -1.4
      vertex 17.9829 -7.26105 1.4
    endloop
  endfacet
  facet normal 0.5556 0.83145 -0
    outer loop
      vertex -17 -8.73205 -1.4
      vertex -17.2175 -8.58671 1.4
      vertex -17 -8.73205 1.4
    endloop
  endfacet
  facet normal 0.5556 0.83145 0
    outer loop
      vertex -17.2175 -8.58671 1.4
      vertex -17 -8.73205 -1.4
      vertex -17.2175 -8.58671 -1.4
    endloop
  endfacet
  facet normal -0.659343 0.751842 0
    outer loop
      vertex 17.4142 -8.41421 -1.4
      vertex 17.2175 -8.58671 1.4
      vertex 17.4142 -8.41421 1.4
    endloop
  endfacet
  facet normal -0.659343 0.751842 0
    outer loop
      vertex 17.2175 -8.58671 1.4
      vertex 17.4142 -8.41421 -1.4
      vertex 17.2175 -8.58671 -1.4
    endloop
  endfacet
  facet normal -0.659343 -0.751842 0
    outer loop
      vertex 17.2175 8.58671 -1.4
      vertex 17.4142 8.41421 1.4
      vertex 17.2175 8.58671 1.4
    endloop
  endfacet
  facet normal -0.659343 -0.751842 -0
    outer loop
      vertex 17.4142 8.41421 1.4
      vertex 17.2175 8.58671 -1.4
      vertex 17.4142 8.41421 -1.4
    endloop
  endfacet
  facet normal 0.0653902 0.99786 -0
    outer loop
      vertex -16 -9 -1.4
      vertex -16.2611 -8.98289 1.4
      vertex -16 -9 1.4
    endloop
  endfacet
  facet normal 0.0653902 0.99786 0
    outer loop
      vertex -16.2611 -8.98289 1.4
      vertex -16 -9 -1.4
      vertex -16.2611 -8.98289 -1.4
    endloop
  endfacet
  facet normal 0.896731 0.442575 1.01726e-18
    outer loop
      vertex -17.732 -8 1.4
      vertex -17.8478 -7.76537 -1.4
      vertex -17.8478 -7.76537 1.4
    endloop
  endfacet
  facet normal 0.896731 0.442575 1.01726e-18
    outer loop
      vertex -17.8478 -7.76537 -1.4
      vertex -17.732 -8 1.4
      vertex -17.732 -8 -1.4
    endloop
  endfacet
  facet normal 0.896731 -0.442575 -1.01726e-18
    outer loop
      vertex -17.8478 7.76537 1.4
      vertex -17.732 8 -1.4
      vertex -17.732 8 1.4
    endloop
  endfacet
  facet normal 0.896731 -0.442575 -1.01726e-18
    outer loop
      vertex -17.732 8 -1.4
      vertex -17.8478 7.76537 1.4
      vertex -17.8478 7.76537 -1.4
    endloop
  endfacet
  facet normal 0.980814 0.194947 5.7311e-19
    outer loop
      vertex -17.9319 -7.51764 1.4
      vertex -17.9829 -7.26105 -1.4
      vertex -17.9829 -7.26105 1.4
    endloop
  endfacet
  facet normal 0.980814 0.194947 5.7311e-19
    outer loop
      vertex -17.9829 -7.26105 -1.4
      vertex -17.9319 -7.51764 1.4
      vertex -17.9319 -7.51764 -1.4
    endloop
  endfacet
  facet normal 0.946922 0.321463 -1.50345e-18
    outer loop
      vertex -17.8478 -7.76537 1.4
      vertex -17.9319 -7.51764 -1.4
      vertex -17.9319 -7.51764 1.4
    endloop
  endfacet
  facet normal 0.946922 0.321463 -1.50345e-18
    outer loop
      vertex -17.9319 -7.51764 -1.4
      vertex -17.8478 -7.76537 1.4
      vertex -17.8478 -7.76537 -1.4
    endloop
  endfacet
  facet normal 0.659343 0.751842 -0
    outer loop
      vertex -17.2175 -8.58671 -1.4
      vertex -17.4142 -8.41421 1.4
      vertex -17.2175 -8.58671 1.4
    endloop
  endfacet
  facet normal 0.659343 0.751842 0
    outer loop
      vertex -17.4142 -8.41421 1.4
      vertex -17.2175 -8.58671 -1.4
      vertex -17.4142 -8.41421 -1.4
    endloop
  endfacet
  facet normal -0.831544 0.555459 2.51155e-18
    outer loop
      vertex 17.5867 -8.21752 -1.4
      vertex 17.732 -8 1.4
      vertex 17.732 -8 -1.4
    endloop
  endfacet
  facet normal -0.831544 0.555459 2.51155e-18
    outer loop
      vertex 17.732 -8 1.4
      vertex 17.5867 -8.21752 -1.4
      vertex 17.5867 -8.21752 1.4
    endloop
  endfacet
  facet normal -0.896731 0.442575 -1.01726e-18
    outer loop
      vertex 17.732 -8 -1.4
      vertex 17.8478 -7.76537 1.4
      vertex 17.8478 -7.76537 -1.4
    endloop
  endfacet
  facet normal -0.896731 0.442575 -1.01726e-18
    outer loop
      vertex 17.8478 -7.76537 1.4
      vertex 17.732 -8 -1.4
      vertex 17.732 -8 1.4
    endloop
  endfacet
  facet normal 0.19516 -0.980771 0
    outer loop
      vertex -16.5176 8.93185 -1.4
      vertex -16.2611 8.98289 1.4
      vertex -16.5176 8.93185 1.4
    endloop
  endfacet
  facet normal 0.19516 -0.980771 0
    outer loop
      vertex -16.2611 8.98289 1.4
      vertex -16.5176 8.93185 -1.4
      vertex -16.2611 8.98289 -1.4
    endloop
  endfacet
  facet normal 0.997861 -0.0653646 6.69008e-21
    outer loop
      vertex -18 7 1.4
      vertex -17.9829 7.26105 -1.4
      vertex -17.9829 7.26105 1.4
    endloop
  endfacet
  facet normal 0.997861 -0.0653646 6.69008e-21
    outer loop
      vertex -17.9829 7.26105 -1.4
      vertex -18 7 1.4
      vertex -18 7 -1.4
    endloop
  endfacet
  facet normal 0.831544 0.555459 -2.51155e-18
    outer loop
      vertex -17.5867 -8.21752 1.4
      vertex -17.732 -8 -1.4
      vertex -17.732 -8 1.4
    endloop
  endfacet
  facet normal 0.831544 0.555459 -2.51155e-18
    outer loop
      vertex -17.732 -8 -1.4
      vertex -17.5867 -8.21752 1.4
      vertex -17.5867 -8.21752 -1.4
    endloop
  endfacet
  facet normal 0.5556 -0.83145 0
    outer loop
      vertex -17.2175 8.58671 -1.4
      vertex -17 8.73205 1.4
      vertex -17.2175 8.58671 1.4
    endloop
  endfacet
  facet normal 0.5556 -0.83145 0
    outer loop
      vertex -17 8.73205 1.4
      vertex -17.2175 8.58671 -1.4
      vertex -17 8.73205 -1.4
    endloop
  endfacet
  facet normal -0.831544 -0.555459 -2.51155e-18
    outer loop
      vertex 17.732 8 -1.4
      vertex 17.5867 8.21752 1.4
      vertex 17.5867 8.21752 -1.4
    endloop
  endfacet
  facet normal -0.831544 -0.555459 -2.51155e-18
    outer loop
      vertex 17.5867 8.21752 1.4
      vertex 17.732 8 -1.4
      vertex 17.732 8 1.4
    endloop
  endfacet
  facet normal 0.0653902 -0.99786 0
    outer loop
      vertex -16.2611 8.98289 -1.4
      vertex -16 9 1.4
      vertex -16.2611 8.98289 1.4
    endloop
  endfacet
  facet normal 0.0653902 -0.99786 0
    outer loop
      vertex -16 9 1.4
      vertex -16.2611 8.98289 -1.4
      vertex -16 9 -1.4
    endloop
  endfacet
  facet normal 0.442344 -0.896845 0
    outer loop
      vertex -17 8.73205 -1.4
      vertex -16.7654 8.84776 1.4
      vertex -17 8.73205 1.4
    endloop
  endfacet
  facet normal 0.442344 -0.896845 0
    outer loop
      vertex -16.7654 8.84776 1.4
      vertex -17 8.73205 -1.4
      vertex -16.7654 8.84776 -1.4
    endloop
  endfacet
  facet normal -0.5556 -0.83145 0
    outer loop
      vertex 17 8.73205 -1.4
      vertex 17.2175 8.58671 1.4
      vertex 17 8.73205 1.4
    endloop
  endfacet
  facet normal -0.5556 -0.83145 -0
    outer loop
      vertex 17.2175 8.58671 1.4
      vertex 17 8.73205 -1.4
      vertex 17.2175 8.58671 -1.4
    endloop
  endfacet
  facet normal -0.321464 -0.946922 0
    outer loop
      vertex 28.0353 3.8637 -1.05
      vertex 28.5307 3.69552 1.4
      vertex 28.0353 3.8637 1.4
    endloop
  endfacet
  facet normal -0.321464 -0.946922 -0
    outer loop
      vertex 28.5307 3.69552 1.4
      vertex 28.0353 3.8637 -1.05
      vertex 28.5307 3.69552 -1.05
    endloop
  endfacet
  facet normal -0.321464 0.946922 0
    outer loop
      vertex 28.5307 -3.69552 -1.05
      vertex 28.0353 -3.8637 1.4
      vertex 28.5307 -3.69552 1.4
    endloop
  endfacet
  facet normal -0.321464 0.946922 0
    outer loop
      vertex 28.0353 -3.8637 1.4
      vertex 28.5307 -3.69552 -1.05
      vertex 28.0353 -3.8637 -1.05
    endloop
  endfacet
  facet normal -0.0654027 -0.997859 0
    outer loop
      vertex 27 4 -1.05
      vertex 27.5221 3.96578 1.4
      vertex 27 4 1.4
    endloop
  endfacet
  facet normal -0.0654027 -0.997859 -0
    outer loop
      vertex 27.5221 3.96578 1.4
      vertex 27 4 -1.05
      vertex 27.5221 3.96578 -1.05
    endloop
  endfacet
  facet normal -0.94692 -0.321469 5.72693e-19
    outer loop
      vertex 30.8637 1.03528 -1.05
      vertex 30.6955 1.53073 1.4
      vertex 30.6955 1.53073 -1.05
    endloop
  endfacet
  facet normal -0.94692 -0.321469 5.72693e-19
    outer loop
      vertex 30.6955 1.53073 1.4
      vertex 30.8637 1.03528 -1.05
      vertex 30.8637 1.03528 1.4
    endloop
  endfacet
  facet normal 0 -1 0
    outer loop
      vertex 18 4 -1.05
      vertex 27 4 1.4
      vertex 18 4 1.4
    endloop
  endfacet
  facet normal 0 -1 -0
    outer loop
      vertex 27 4 1.4
      vertex 18 4 -1.05
      vertex 27 4 -1.05
    endloop
  endfacet
  facet normal -0.195087 -0.980786 0
    outer loop
      vertex 27.5221 3.96578 -1.05
      vertex 28.0353 3.8637 1.4
      vertex 27.5221 3.96578 1.4
    endloop
  endfacet
  facet normal -0.195087 -0.980786 -0
    outer loop
      vertex 28.0353 3.8637 1.4
      vertex 27.5221 3.96578 -1.05
      vertex 28.0353 3.8637 -1.05
    endloop
  endfacet
  facet normal -0.94692 0.321469 -5.72693e-19
    outer loop
      vertex 30.6955 -1.53073 -1.05
      vertex 30.8637 -1.03528 1.4
      vertex 30.8637 -1.03528 -1.05
    endloop
  endfacet
  facet normal -0.94692 0.321469 -5.72693e-19
    outer loop
      vertex 30.8637 -1.03528 1.4
      vertex 30.6955 -1.53073 -1.05
      vertex 30.6955 -1.53073 1.4
    endloop
  endfacet
  facet normal -0.997861 0.0653641 -1.08945e-18
    outer loop
      vertex 30.9658 -0.522104 -1.05
      vertex 31 0 1.4
      vertex 31 0 -1.05
    endloop
  endfacet
  facet normal -0.997861 0.0653641 -1.08945e-18
    outer loop
      vertex 31 0 1.4
      vertex 30.9658 -0.522104 -1.05
      vertex 30.9658 -0.522104 1.4
    endloop
  endfacet
  facet normal -0.0654027 0.997859 0
    outer loop
      vertex 27.5221 -3.96578 -1.05
      vertex 27 -4 1.4
      vertex 27.5221 -3.96578 1.4
    endloop
  endfacet
  facet normal -0.0654027 0.997859 0
    outer loop
      vertex 27 -4 1.4
      vertex 27.5221 -3.96578 -1.05
      vertex 27 -4 -1.05
    endloop
  endfacet
  facet normal 0 1 -0
    outer loop
      vertex 27 -4 -1.05
      vertex 18 -4 1.4
      vertex 27 -4 1.4
    endloop
  endfacet
  facet normal 0 1 0
    outer loop
      vertex 18 -4 1.4
      vertex 27 -4 -1.05
      vertex 18 -4 -1.05
    endloop
  endfacet
  facet normal -0.555613 -0.831441 0
    outer loop
      vertex 29 3.4641 -1.05
      vertex 29.435 3.17341 1.4
      vertex 29 3.4641 1.4
    endloop
  endfacet
  facet normal -0.555613 -0.831441 -0
    outer loop
      vertex 29.435 3.17341 1.4
      vertex 29 3.4641 -1.05
      vertex 29.435 3.17341 -1.05
    endloop
  endfacet
  facet normal -0.659321 -0.751861 0
    outer loop
      vertex 29.435 3.17341 -1.05
      vertex 29.8284 2.82843 1.4
      vertex 29.435 3.17341 1.4
    endloop
  endfacet
  facet normal -0.659321 -0.751861 -0
    outer loop
      vertex 29.8284 2.82843 1.4
      vertex 29.435 3.17341 -1.05
      vertex 29.8284 2.82843 -1.05
    endloop
  endfacet
  facet normal -0.555613 0.831441 0
    outer loop
      vertex 29.435 -3.17341 -1.05
      vertex 29 -3.4641 1.4
      vertex 29.435 -3.17341 1.4
    endloop
  endfacet
  facet normal -0.555613 0.831441 0
    outer loop
      vertex 29 -3.4641 1.4
      vertex 29.435 -3.17341 -1.05
      vertex 29 -3.4641 -1.05
    endloop
  endfacet
  facet normal -0.980777 -0.195133 -2.29035e-19
    outer loop
      vertex 30.9658 0.522104 -1.05
      vertex 30.8637 1.03528 1.4
      vertex 30.8637 1.03528 -1.05
    endloop
  endfacet
  facet normal -0.980777 -0.195133 -2.29035e-19
    outer loop
      vertex 30.8637 1.03528 1.4
      vertex 30.9658 0.522104 -1.05
      vertex 30.9658 0.522104 1.4
    endloop
  endfacet
  facet normal -0.195087 0.980786 0
    outer loop
      vertex 28.0353 -3.8637 -1.05
      vertex 27.5221 -3.96578 1.4
      vertex 28.0353 -3.8637 1.4
    endloop
  endfacet
  facet normal -0.195087 0.980786 0
    outer loop
      vertex 27.5221 -3.96578 1.4
      vertex 28.0353 -3.8637 -1.05
      vertex 27.5221 -3.96578 -1.05
    endloop
  endfacet
  facet normal -0.751826 -0.659362 4.33474e-18
    outer loop
      vertex 30.1734 2.43505 -1.05
      vertex 29.8284 2.82843 1.4
      vertex 29.8284 2.82843 -1.05
    endloop
  endfacet
  facet normal -0.751826 -0.659362 4.33474e-18
    outer loop
      vertex 29.8284 2.82843 1.4
      vertex 30.1734 2.43505 -1.05
      vertex 30.1734 2.43505 1.4
    endloop
  endfacet
  facet normal -0.997861 -0.0653641 1.08945e-18
    outer loop
      vertex 31 0 -1.05
      vertex 30.9658 0.522104 1.4
      vertex 30.9658 0.522104 -1.05
    endloop
  endfacet
  facet normal -0.997861 -0.0653641 1.08945e-18
    outer loop
      vertex 30.9658 0.522104 1.4
      vertex 31 0 -1.05
      vertex 31 0 1.4
    endloop
  endfacet
  facet normal -0.831462 0.555582 2.91145e-18
    outer loop
      vertex 30.1734 -2.43505 -1.05
      vertex 30.4641 -2 1.4
      vertex 30.4641 -2 -1.05
    endloop
  endfacet
  facet normal -0.831462 0.555582 2.91145e-18
    outer loop
      vertex 30.4641 -2 1.4
      vertex 30.1734 -2.43505 -1.05
      vertex 30.1734 -2.43505 1.4
    endloop
  endfacet
  facet normal -0.442268 -0.896883 0
    outer loop
      vertex 28.5307 3.69552 -1.05
      vertex 29 3.4641 1.4
      vertex 28.5307 3.69552 1.4
    endloop
  endfacet
  facet normal -0.442268 -0.896883 -0
    outer loop
      vertex 29 3.4641 1.4
      vertex 28.5307 3.69552 -1.05
      vertex 29 3.4641 -1.05
    endloop
  endfacet
  facet normal -0.751826 0.659362 -4.33474e-18
    outer loop
      vertex 29.8284 -2.82843 -1.05
      vertex 30.1734 -2.43505 1.4
      vertex 30.1734 -2.43505 -1.05
    endloop
  endfacet
  facet normal -0.751826 0.659362 -4.33474e-18
    outer loop
      vertex 30.1734 -2.43505 1.4
      vertex 29.8284 -2.82843 -1.05
      vertex 29.8284 -2.82843 1.4
    endloop
  endfacet
  facet normal -0.659321 0.751861 0
    outer loop
      vertex 29.8284 -2.82843 -1.05
      vertex 29.435 -3.17341 1.4
      vertex 29.8284 -2.82843 1.4
    endloop
  endfacet
  facet normal -0.659321 0.751861 0
    outer loop
      vertex 29.435 -3.17341 1.4
      vertex 29.8284 -2.82843 -1.05
      vertex 29.435 -3.17341 -1.05
    endloop
  endfacet
  facet normal -0.896887 -0.44226 -9.31438e-19
    outer loop
      vertex 30.6955 1.53073 -1.05
      vertex 30.4641 2 1.4
      vertex 30.4641 2 -1.05
    endloop
  endfacet
  facet normal -0.896887 -0.44226 -9.31438e-19
    outer loop
      vertex 30.4641 2 1.4
      vertex 30.6955 1.53073 -1.05
      vertex 30.6955 1.53073 1.4
    endloop
  endfacet
  facet normal -0.442268 0.896883 0
    outer loop
      vertex 29 -3.4641 -1.05
      vertex 28.5307 -3.69552 1.4
      vertex 29 -3.4641 1.4
    endloop
  endfacet
  facet normal -0.442268 0.896883 0
    outer loop
      vertex 28.5307 -3.69552 1.4
      vertex 29 -3.4641 -1.05
      vertex 28.5307 -3.69552 -1.05
    endloop
  endfacet
  facet normal -0.896887 0.44226 9.31438e-19
    outer loop
      vertex 30.4641 -2 -1.05
      vertex 30.6955 -1.53073 1.4
      vertex 30.6955 -1.53073 -1.05
    endloop
  endfacet
  facet normal -0.896887 0.44226 9.31438e-19
    outer loop
      vertex 30.6955 -1.53073 1.4
      vertex 30.4641 -2 -1.05
      vertex 30.4641 -2 1.4
    endloop
  endfacet
  facet normal -0.831462 -0.555582 -2.91145e-18
    outer loop
      vertex 30.4641 2 -1.05
      vertex 30.1734 2.43505 1.4
      vertex 30.1734 2.43505 -1.05
    endloop
  endfacet
  facet normal -0.831462 -0.555582 -2.91145e-18
    outer loop
      vertex 30.1734 2.43505 1.4
      vertex 30.4641 2 -1.05
      vertex 30.4641 2 1.4
    endloop
  endfacet
  facet normal -0.980777 0.195133 2.29035e-19
    outer loop
      vertex 30.8637 -1.03528 -1.05
      vertex 30.9658 -0.522104 1.4
      vertex 30.9658 -0.522104 -1.05
    endloop
  endfacet
  facet normal -0.980777 0.195133 2.29035e-19
    outer loop
      vertex 30.9658 -0.522104 1.4
      vertex 30.8637 -1.03528 -1.05
      vertex 30.8637 -1.03528 1.4
    endloop
  endfacet
endsolid OpenSCAD_Model
