solid OpenSCAD_Model
  facet normal 1 -0 0
    outer loop
      vertex -59.9 -6.6 23.6
      vertex -59.9 -3.4 1.1
      vertex -59.9 -3.4 23.6
    endloop
  endfacet
  facet normal 1 0 0
    outer loop
      vertex -59.9 -3.4 1.1
      vertex -59.9 -6.6 23.6
      vertex -59.9 -6.6 1.1
    endloop
  endfacet
  facet normal 0 0 -1
    outer loop
      vertex -64.1 -6.6 0.799999
      vertex -62.9468 -6.10777 0.799999
      vertex -62.8149 -6.6 0.799999
    endloop
  endfacet
  facet normal 0 0 -1
    outer loop
      vertex -64.1 -6.6 0.799999
      vertex -63 -5.5 0.799999
      vertex -62.9468 -6.10777 0.799999
    endloop
  endfacet
  facet normal 0 0 -1
    outer loop
      vertex -64.1 -3.4 0.799999
      vertex -63 -5.5 0.799999
      vertex -64.1 -6.6 0.799999
    endloop
  endfacet
  facet normal 0 0 -1
    outer loop
      vertex -63 -5.5 0.799999
      vertex -64.1 -3.4 0.799999
      vertex -63 -3.4 0.799999
    endloop
  endfacet
  facet normal -1 0 0
    outer loop
      vertex -64.1 -6.6 0.799999
      vertex -64.1 -3.4 23.6
      vertex -64.1 -3.4 0.799999
    endloop
  endfacet
  facet normal -1 -0 0
    outer loop
      vertex -64.1 -3.4 23.6
      vertex -64.1 -6.6 0.799999
      vertex -64.1 -6.6 23.6
    endloop
  endfacet
  facet normal 0 1 0
    outer loop
      vertex -63 -3.4 1.1
      vertex -59.9 -3.4 23.6
      vertex -59.9 -3.4 1.1
    endloop
  endfacet
  facet normal 0 1 0
    outer loop
      vertex -59.9 -3.4 23.6
      vertex -63 -3.4 1.1
      vertex -64.1 -3.4 23.6
    endloop
  endfacet
  facet normal 0 1 0
    outer loop
      vertex -64.1 -3.4 0.799999
      vertex -63 -3.4 1.1
      vertex -63 -3.4 0.799999
    endloop
  endfacet
  facet normal 0 1 0
    outer loop
      vertex -63 -3.4 1.1
      vertex -64.1 -3.4 0.799999
      vertex -64.1 -3.4 23.6
    endloop
  endfacet
  facet normal 0 -1 0
    outer loop
      vertex -64.1 -6.6 23.6
      vertex -62.8149 -6.6 1.1
      vertex -59.9 -6.6 23.6
    endloop
  endfacet
  facet normal 0 -1 0
    outer loop
      vertex -64.1 -6.6 0.799999
      vertex -62.8149 -6.6 1.1
      vertex -64.1 -6.6 23.6
    endloop
  endfacet
  facet normal 0 -1 -0
    outer loop
      vertex -62.8149 -6.6 1.1
      vertex -64.1 -6.6 0.799999
      vertex -62.8149 -6.6 0.799999
    endloop
  endfacet
  facet normal 0 -1 -0
    outer loop
      vertex -59.9 -6.6 23.6
      vertex -62.8149 -6.6 1.1
      vertex -59.9 -6.6 1.1
    endloop
  endfacet
  facet normal 1 -0 0
    outer loop
      vertex -59.9 3.4 23.6
      vertex -59.9 6.6 1.1
      vertex -59.9 6.6 23.6
    endloop
  endfacet
  facet normal 1 0 0
    outer loop
      vertex -59.9 6.6 1.1
      vertex -59.9 3.4 23.6
      vertex -59.9 3.4 1.1
    endloop
  endfacet
  facet normal 0 0 -1
    outer loop
      vertex -63 3.4 0.799999
      vertex -64.1 3.4 0.799999
      vertex -63 5.5 0.799999
    endloop
  endfacet
  facet normal 0 0 -1
    outer loop
      vertex -64.1 6.6 0.799999
      vertex -63 5.5 0.799999
      vertex -64.1 3.4 0.799999
    endloop
  endfacet
  facet normal 0 0 -1
    outer loop
      vertex -63 5.5 0.799999
      vertex -64.1 6.6 0.799999
      vertex -62.9468 6.10777 0.799999
    endloop
  endfacet
  facet normal 0 0 -1
    outer loop
      vertex -62.9468 6.10777 0.799999
      vertex -64.1 6.6 0.799999
      vertex -62.8149 6.6 0.799999
    endloop
  endfacet
  facet normal -1 0 0
    outer loop
      vertex -64.1 3.4 0.799999
      vertex -64.1 6.6 23.6
      vertex -64.1 6.6 0.799999
    endloop
  endfacet
  facet normal -1 -0 0
    outer loop
      vertex -64.1 6.6 23.6
      vertex -64.1 3.4 0.799999
      vertex -64.1 3.4 23.6
    endloop
  endfacet
  facet normal 0 1 0
    outer loop
      vertex -62.8149 6.6 1.1
      vertex -59.9 6.6 23.6
      vertex -59.9 6.6 1.1
    endloop
  endfacet
  facet normal 0 1 0
    outer loop
      vertex -59.9 6.6 23.6
      vertex -62.8149 6.6 1.1
      vertex -64.1 6.6 23.6
    endloop
  endfacet
  facet normal 0 1 0
    outer loop
      vertex -64.1 6.6 0.799999
      vertex -62.8149 6.6 1.1
      vertex -62.8149 6.6 0.799999
    endloop
  endfacet
  facet normal 0 1 0
    outer loop
      vertex -62.8149 6.6 1.1
      vertex -64.1 6.6 0.799999
      vertex -64.1 6.6 23.6
    endloop
  endfacet
  facet normal 0 -1 0
    outer loop
      vertex -64.1 3.4 23.6
      vertex -63 3.4 1.1
      vertex -59.9 3.4 23.6
    endloop
  endfacet
  facet normal 0 -1 0
    outer loop
      vertex -64.1 3.4 0.799999
      vertex -63 3.4 1.1
      vertex -64.1 3.4 23.6
    endloop
  endfacet
  facet normal 0 -1 -0
    outer loop
      vertex -63 3.4 1.1
      vertex -64.1 3.4 0.799999
      vertex -63 3.4 0.799999
    endloop
  endfacet
  facet normal 0 -1 -0
    outer loop
      vertex -59.9 3.4 23.6
      vertex -63 3.4 1.1
      vertex -59.9 3.4 1.1
    endloop
  endfacet
  facet normal -0.42263 0.906302 0
    outer loop
      vertex -60.6971 8.78892 -1.1
      vertex -61.25 8.53109 1.1
      vertex -60.6971 8.78892 1.1
    endloop
  endfacet
  facet normal -0.42263 0.906302 0
    outer loop
      vertex -61.25 8.53109 1.1
      vertex -60.6971 8.78892 -1.1
      vertex -61.25 8.53109 -1.1
    endloop
  endfacet
  facet normal -0.996191 -0.0871997 2.92283e-18
    outer loop
      vertex -62.9468 -6.10777 -1.1
      vertex -63 -5.5 0.799999
      vertex -63 -5.5 -1.1
    endloop
  endfacet
  facet normal -0.996191 -0.0871997 2.92283e-18
    outer loop
      vertex -63 -5.5 0.799999
      vertex -62.9468 -6.10777 -1.1
      vertex -62.9468 -6.10777 0.799999
    endloop
  endfacet
  facet normal -0.90633 -0.42257 4.9293e-18
    outer loop
      vertex -62.5311 -7.25 -1.1
      vertex -62.7889 -6.69707 1.1
      vertex -62.7889 -6.69707 -1.1
    endloop
  endfacet
  facet normal -0.90633 -0.42257 4.9293e-18
    outer loop
      vertex -62.7889 -6.69707 1.1
      vertex -62.5311 -7.25 -1.1
      vertex -62.5311 -7.25 1.1
    endloop
  endfacet
  facet normal -1 0 0
    outer loop
      vertex -63 5.5 -1.1
      vertex -63 3.4 0.799999
      vertex -63 5.5 0.799999
    endloop
  endfacet
  facet normal -1 0 0
    outer loop
      vertex -63 3.4 0.799999
      vertex -63 -3.4 0.799999
      vertex -63 3.4 1.1
    endloop
  endfacet
  facet normal -1 0 0
    outer loop
      vertex -63 5.5 -1.1
      vertex -63 -3.4 0.799999
      vertex -63 3.4 0.799999
    endloop
  endfacet
  facet normal -1 0 0
    outer loop
      vertex -63 -5.5 -1.1
      vertex -63 -3.4 0.799999
      vertex -63 5.5 -1.1
    endloop
  endfacet
  facet normal -1 -0 0
    outer loop
      vertex -63 -3.4 0.799999
      vertex -63 -5.5 -1.1
      vertex -63 -5.5 0.799999
    endloop
  endfacet
  facet normal -1 -0 0
    outer loop
      vertex -63 3.4 1.1
      vertex -63 -3.4 0.799999
      vertex -63 -3.4 1.1
    endloop
  endfacet
  facet normal -0.707107 -0.707107 0
    outer loop
      vertex -62.1812 -7.74976 -1.1
      vertex -61.7498 -8.18116 1.1
      vertex -62.1812 -7.74976 1.1
    endloop
  endfacet
  facet normal -0.707107 -0.707107 -0
    outer loop
      vertex -61.7498 -8.18116 1.1
      vertex -62.1812 -7.74976 -1.1
      vertex -61.7498 -8.18116 -1.1
    endloop
  endfacet
  facet normal -0.573539 0.819178 0
    outer loop
      vertex -61.25 8.53109 -1.1
      vertex -61.7498 8.18116 1.1
      vertex -61.25 8.53109 1.1
    endloop
  endfacet
  facet normal -0.573539 0.819178 0
    outer loop
      vertex -61.7498 8.18116 1.1
      vertex -61.25 8.53109 -1.1
      vertex -61.7498 8.18116 -1.1
    endloop
  endfacet
  facet normal 0 1 -0
    outer loop
      vertex -52 9 -1.1
      vertex -59.5 9 1.1
      vertex -52 9 1.1
    endloop
  endfacet
  facet normal 0 1 0
    outer loop
      vertex -59.5 9 1.1
      vertex -52 9 -1.1
      vertex -59.5 9 -1.1
    endloop
  endfacet
  facet normal -0.707107 0.707107 0
    outer loop
      vertex -61.7498 8.18116 -1.1
      vertex -62.1812 7.74976 1.1
      vertex -61.7498 8.18116 1.1
    endloop
  endfacet
  facet normal -0.707107 0.707107 0
    outer loop
      vertex -62.1812 7.74976 1.1
      vertex -61.7498 8.18116 -1.1
      vertex -62.1812 7.74976 -1.1
    endloop
  endfacet
  facet normal -0.0871466 -0.996195 0
    outer loop
      vertex -60.1078 -8.94683 -1.1
      vertex -59.5 -9 1.1
      vertex -60.1078 -8.94683 1.1
    endloop
  endfacet
  facet normal -0.0871466 -0.996195 -0
    outer loop
      vertex -59.5 -9 1.1
      vertex -60.1078 -8.94683 -1.1
      vertex -59.5 -9 -1.1
    endloop
  endfacet
  facet normal -0.258831 -0.965923 0
    outer loop
      vertex -60.6971 -8.78892 -1.1
      vertex -60.1078 -8.94683 1.1
      vertex -60.6971 -8.78892 1.1
    endloop
  endfacet
  facet normal -0.258831 -0.965923 -0
    outer loop
      vertex -60.1078 -8.94683 1.1
      vertex -60.6971 -8.78892 -1.1
      vertex -60.1078 -8.94683 -1.1
    endloop
  endfacet
  facet normal 0 -1 0
    outer loop
      vertex -59.5 -9 -1.1
      vertex -52 -9 1.1
      vertex -59.5 -9 1.1
    endloop
  endfacet
  facet normal 0 -1 -0
    outer loop
      vertex -52 -9 1.1
      vertex -59.5 -9 -1.1
      vertex -52 -9 -1.1
    endloop
  endfacet
  facet normal -0.0871466 0.996195 0
    outer loop
      vertex -59.5 9 -1.1
      vertex -60.1078 8.94683 1.1
      vertex -59.5 9 1.1
    endloop
  endfacet
  facet normal -0.0871466 0.996195 0
    outer loop
      vertex -60.1078 8.94683 1.1
      vertex -59.5 9 -1.1
      vertex -60.1078 8.94683 -1.1
    endloop
  endfacet
  facet normal -0.96595 0.258728 0
    outer loop
      vertex -62.7889 6.69707 -1.1
      vertex -62.8149 6.6 0.799999
      vertex -62.7889 6.69707 1.1
    endloop
  endfacet
  facet normal -0.965927 0.258815 4.79051e-06
    outer loop
      vertex -62.9468 6.10777 -1.1
      vertex -62.8149 6.6 0.799999
      vertex -62.7889 6.69707 -1.1
    endloop
  endfacet
  facet normal -0.965922 0.258833 3.8578e-18
    outer loop
      vertex -62.8149 6.6 0.799999
      vertex -62.9468 6.10777 -1.1
      vertex -62.9468 6.10777 0.799999
    endloop
  endfacet
  facet normal -0.96595 0.258728 -3.76342e-18
    outer loop
      vertex -62.7889 6.69707 1.1
      vertex -62.8149 6.6 0.799999
      vertex -62.8149 6.6 1.1
    endloop
  endfacet
  facet normal -0.996191 0.0871997 -2.92283e-18
    outer loop
      vertex -63 5.5 -1.1
      vertex -62.9468 6.10777 0.799999
      vertex -62.9468 6.10777 -1.1
    endloop
  endfacet
  facet normal -0.996191 0.0871997 -2.92283e-18
    outer loop
      vertex -62.9468 6.10777 0.799999
      vertex -63 5.5 -1.1
      vertex -63 5.5 0.799999
    endloop
  endfacet
  facet normal -0.965922 -0.258833 0
    outer loop
      vertex -62.9468 -6.10777 -1.1
      vertex -62.8149 -6.6 0.799999
      vertex -62.9468 -6.10777 0.799999
    endloop
  endfacet
  facet normal -0.965927 -0.258815 4.79051e-06
    outer loop
      vertex -62.7889 -6.69707 -1.1
      vertex -62.8149 -6.6 0.799999
      vertex -62.9468 -6.10777 -1.1
    endloop
  endfacet
  facet normal -0.96595 -0.258728 -0
    outer loop
      vertex -62.7889 -6.69707 1.1
      vertex -62.8149 -6.6 0.799999
      vertex -62.7889 -6.69707 -1.1
    endloop
  endfacet
  facet normal -0.96595 -0.258728 0
    outer loop
      vertex -62.8149 -6.6 0.799999
      vertex -62.7889 -6.69707 1.1
      vertex -62.8149 -6.6 1.1
    endloop
  endfacet
  facet normal -0.258831 0.965923 0
    outer loop
      vertex -60.1078 8.94683 -1.1
      vertex -60.6971 8.78892 1.1
      vertex -60.1078 8.94683 1.1
    endloop
  endfacet
  facet normal -0.258831 0.965923 0
    outer loop
      vertex -60.6971 8.78892 1.1
      vertex -60.1078 8.94683 -1.1
      vertex -60.6971 8.78892 -1.1
    endloop
  endfacet
  facet normal -0.573539 -0.819178 0
    outer loop
      vertex -61.7498 -8.18116 -1.1
      vertex -61.25 -8.53109 1.1
      vertex -61.7498 -8.18116 1.1
    endloop
  endfacet
  facet normal -0.573539 -0.819178 -0
    outer loop
      vertex -61.25 -8.53109 1.1
      vertex -61.7498 -8.18116 -1.1
      vertex -61.25 -8.53109 -1.1
    endloop
  endfacet
  facet normal 0 0 -1
    outer loop
      vertex -63 -5.5 -1.1
      vertex -52 -9 -1.1
      vertex -59.5 -9 -1.1
    endloop
  endfacet
  facet normal 0 0 -1
    outer loop
      vertex -52 -9 -1.1
      vertex -63 -5.5 -1.1
      vertex -52 9 -1.1
    endloop
  endfacet
  facet normal 0 0 -1
    outer loop
      vertex -63 -5.5 -1.1
      vertex -59.5 -9 -1.1
      vertex -60.1078 -8.94683 -1.1
    endloop
  endfacet
  facet normal 0 0 -1
    outer loop
      vertex -63 5.5 -1.1
      vertex -52 9 -1.1
      vertex -63 -5.5 -1.1
    endloop
  endfacet
  facet normal 0 0 -1
    outer loop
      vertex -63 -5.5 -1.1
      vertex -60.1078 -8.94683 -1.1
      vertex -60.6971 -8.78892 -1.1
    endloop
  endfacet
  facet normal -0 0 -1
    outer loop
      vertex -52 9 -1.1
      vertex -63 5.5 -1.1
      vertex -59.5 9 -1.1
    endloop
  endfacet
  facet normal 0 0 -1
    outer loop
      vertex -63 -5.5 -1.1
      vertex -60.6971 -8.78892 -1.1
      vertex -61.25 -8.53109 -1.1
    endloop
  endfacet
  facet normal 0 0 -1
    outer loop
      vertex -59.5 9 -1.1
      vertex -63 5.5 -1.1
      vertex -60.1078 8.94683 -1.1
    endloop
  endfacet
  facet normal 0 0 -1
    outer loop
      vertex -63 -5.5 -1.1
      vertex -61.25 -8.53109 -1.1
      vertex -61.7498 -8.18116 -1.1
    endloop
  endfacet
  facet normal 0 0 -1
    outer loop
      vertex -60.1078 8.94683 -1.1
      vertex -63 5.5 -1.1
      vertex -60.6971 8.78892 -1.1
    endloop
  endfacet
  facet normal 0 0 -1
    outer loop
      vertex -63 -5.5 -1.1
      vertex -61.7498 -8.18116 -1.1
      vertex -62.1812 -7.74976 -1.1
    endloop
  endfacet
  facet normal 0 0 -1
    outer loop
      vertex -60.6971 8.78892 -1.1
      vertex -63 5.5 -1.1
      vertex -61.25 8.53109 -1.1
    endloop
  endfacet
  facet normal 0 0 -1
    outer loop
      vertex -63 -5.5 -1.1
      vertex -62.1812 -7.74976 -1.1
      vertex -62.5311 -7.25 -1.1
    endloop
  endfacet
  facet normal 0 0 -1
    outer loop
      vertex -61.25 8.53109 -1.1
      vertex -63 5.5 -1.1
      vertex -61.7498 8.18116 -1.1
    endloop
  endfacet
  facet normal 0 0 -1
    outer loop
      vertex -63 -5.5 -1.1
      vertex -62.5311 -7.25 -1.1
      vertex -62.7889 -6.69707 -1.1
    endloop
  endfacet
  facet normal 0 0 -1
    outer loop
      vertex -61.7498 8.18116 -1.1
      vertex -63 5.5 -1.1
      vertex -62.1812 7.74976 -1.1
    endloop
  endfacet
  facet normal 0 0 -1
    outer loop
      vertex -63 -5.5 -1.1
      vertex -62.7889 -6.69707 -1.1
      vertex -62.9468 -6.10777 -1.1
    endloop
  endfacet
  facet normal 0 0 -1
    outer loop
      vertex -62.1812 7.74976 -1.1
      vertex -63 5.5 -1.1
      vertex -62.5311 7.25 -1.1
    endloop
  endfacet
  facet normal 0 0 -1
    outer loop
      vertex -62.5311 7.25 -1.1
      vertex -63 5.5 -1.1
      vertex -62.7889 6.69707 -1.1
    endloop
  endfacet
  facet normal 0 0 -1
    outer loop
      vertex -62.7889 6.69707 -1.1
      vertex -63 5.5 -1.1
      vertex -62.9468 6.10777 -1.1
    endloop
  endfacet
  facet normal 0 0 -1
    outer loop
      vertex 48.5 -32 -1.1
      vertex 52 -28.5 -1.1
      vertex 51.9468 -29.1078 -1.1
    endloop
  endfacet
  facet normal 0 0 -1
    outer loop
      vertex 52 -28.5 -1.1
      vertex 42.5 -10 -1.1
      vertex 52 28.5 -1.1
    endloop
  endfacet
  facet normal 0 0 -1
    outer loop
      vertex 48.5 -32 -1.1
      vertex 51.9468 -29.1078 -1.1
      vertex 51.7889 -29.6971 -1.1
    endloop
  endfacet
  facet normal 0 0 -1
    outer loop
      vertex 42.5 10 -1.1
      vertex 52 28.5 -1.1
      vertex 42.5 -10 -1.1
    endloop
  endfacet
  facet normal 0 0 -1
    outer loop
      vertex 48.5 -32 -1.1
      vertex 51.7889 -29.6971 -1.1
      vertex 51.5311 -30.25 -1.1
    endloop
  endfacet
  facet normal 0 -0 -1
    outer loop
      vertex 48.5 32 -1.1
      vertex 52 28.5 -1.1
      vertex 42.5 10 -1.1
    endloop
  endfacet
  facet normal 0 0 -1
    outer loop
      vertex 48.5 -32 -1.1
      vertex 51.5311 -30.25 -1.1
      vertex 51.1812 -30.7498 -1.1
    endloop
  endfacet
  facet normal 0 0 -1
    outer loop
      vertex 52 28.5 -1.1
      vertex 48.5 32 -1.1
      vertex 51.9468 29.1078 -1.1
    endloop
  endfacet
  facet normal 0 0 -1
    outer loop
      vertex 48.5 -32 -1.1
      vertex 51.1812 -30.7498 -1.1
      vertex 50.7498 -31.1812 -1.1
    endloop
  endfacet
  facet normal 0 0 -1
    outer loop
      vertex 51.9468 29.1078 -1.1
      vertex 48.5 32 -1.1
      vertex 51.7889 29.6971 -1.1
    endloop
  endfacet
  facet normal 0 0 -1
    outer loop
      vertex 48.5 -32 -1.1
      vertex 50.7498 -31.1812 -1.1
      vertex 50.25 -31.5311 -1.1
    endloop
  endfacet
  facet normal 0 0 -1
    outer loop
      vertex 51.7889 29.6971 -1.1
      vertex 48.5 32 -1.1
      vertex 51.5311 30.25 -1.1
    endloop
  endfacet
  facet normal 0 0 -1
    outer loop
      vertex 48.5 -32 -1.1
      vertex 50.25 -31.5311 -1.1
      vertex 49.6971 -31.7889 -1.1
    endloop
  endfacet
  facet normal 0 0 -1
    outer loop
      vertex 51.5311 30.25 -1.1
      vertex 48.5 32 -1.1
      vertex 51.1812 30.7498 -1.1
    endloop
  endfacet
  facet normal 0 0 -1
    outer loop
      vertex 48.5 -32 -1.1
      vertex 49.6971 -31.7889 -1.1
      vertex 49.1078 -31.9468 -1.1
    endloop
  endfacet
  facet normal 0 0 -1
    outer loop
      vertex 51.1812 30.7498 -1.1
      vertex 48.5 32 -1.1
      vertex 50.7498 31.1812 -1.1
    endloop
  endfacet
  facet normal -0 0 -1
    outer loop
      vertex 52 -28.5 -1.1
      vertex 48.5 -32 -1.1
      vertex 42.5 -10 -1.1
    endloop
  endfacet
  facet normal 0 0 -1
    outer loop
      vertex 50.7498 31.1812 -1.1
      vertex 48.5 32 -1.1
      vertex 50.25 31.5311 -1.1
    endloop
  endfacet
  facet normal 0 0 -1
    outer loop
      vertex 50.25 31.5311 -1.1
      vertex 48.5 32 -1.1
      vertex 49.6971 31.7889 -1.1
    endloop
  endfacet
  facet normal 0 0 -1
    outer loop
      vertex 48.5 -32 -1.1
      vertex 37.5 -10 -1.1
      vertex 42.5 -10 -1.1
    endloop
  endfacet
  facet normal 0 0 -1
    outer loop
      vertex 37.5 -10 -1.1
      vertex 28 0 -1.1
      vertex 37.5 10 -1.1
    endloop
  endfacet
  facet normal 0 0 -1
    outer loop
      vertex 23 -5 -1.1
      vertex 37.5 -10 -1.1
      vertex 48.5 -32 -1.1
    endloop
  endfacet
  facet normal 0 0 -1
    outer loop
      vertex 37.5 -10 -1.1
      vertex 27.924 -0.86824 -1.1
      vertex 28 0 -1.1
    endloop
  endfacet
  facet normal 0 0 -1
    outer loop
      vertex 37.5 -10 -1.1
      vertex 27.6985 -1.7101 -1.1
      vertex 27.924 -0.86824 -1.1
    endloop
  endfacet
  facet normal 0 0 -1
    outer loop
      vertex 37.5 -10 -1.1
      vertex 27.3301 -2.5 -1.1
      vertex 27.6985 -1.7101 -1.1
    endloop
  endfacet
  facet normal 0 0 -1
    outer loop
      vertex 37.5 -10 -1.1
      vertex 26.8302 -3.21394 -1.1
      vertex 27.3301 -2.5 -1.1
    endloop
  endfacet
  facet normal 0 0 -1
    outer loop
      vertex 37.5 -10 -1.1
      vertex 26.2139 -3.83022 -1.1
      vertex 26.8302 -3.21394 -1.1
    endloop
  endfacet
  facet normal 0 0 -1
    outer loop
      vertex 37.5 -10 -1.1
      vertex 25.5 -4.33013 -1.1
      vertex 26.2139 -3.83022 -1.1
    endloop
  endfacet
  facet normal 0 0 -1
    outer loop
      vertex 37.5 -10 -1.1
      vertex 24.7101 -4.69846 -1.1
      vertex 25.5 -4.33013 -1.1
    endloop
  endfacet
  facet normal 0 0 -1
    outer loop
      vertex 37.5 -10 -1.1
      vertex 23.8682 -4.92404 -1.1
      vertex 24.7101 -4.69846 -1.1
    endloop
  endfacet
  facet normal 0 0 -1
    outer loop
      vertex 37.5 -10 -1.1
      vertex 23 -5 -1.1
      vertex 23.8682 -4.92404 -1.1
    endloop
  endfacet
  facet normal 0 0 -1
    outer loop
      vertex -2 -9.73205 -1.1
      vertex 23 -5 -1.1
      vertex 48.5 -32 -1.1
    endloop
  endfacet
  facet normal 0 0 -1
    outer loop
      vertex 23 -5 -1.1
      vertex -1.03039 -8.3473 -1.1
      vertex -1 -8 -1.1
    endloop
  endfacet
  facet normal 0 0 -1
    outer loop
      vertex 23 -5 -1.1
      vertex -1.12062 -8.68404 -1.1
      vertex -1.03039 -8.3473 -1.1
    endloop
  endfacet
  facet normal 0 0 -1
    outer loop
      vertex 23 -5 -1.1
      vertex -1.26795 -9 -1.1
      vertex -1.12062 -8.68404 -1.1
    endloop
  endfacet
  facet normal 0 0 -1
    outer loop
      vertex 23 -5 -1.1
      vertex -1.46791 -9.28557 -1.1
      vertex -1.26795 -9 -1.1
    endloop
  endfacet
  facet normal 0 0 -1
    outer loop
      vertex 23 -5 -1.1
      vertex -1.71443 -9.53209 -1.1
      vertex -1.46791 -9.28557 -1.1
    endloop
  endfacet
  facet normal 0 0 -1
    outer loop
      vertex 23 -5 -1.1
      vertex -2 -9.73205 -1.1
      vertex -1.71443 -9.53209 -1.1
    endloop
  endfacet
  facet normal 0 0 -1
    outer loop
      vertex 48.5 -32 -1.1
      vertex -2.31596 -9.87938 -1.1
      vertex -2 -9.73205 -1.1
    endloop
  endfacet
  facet normal 0 0 -1
    outer loop
      vertex 48.5 -32 -1.1
      vertex -2.6527 -9.96961 -1.1
      vertex -2.31596 -9.87938 -1.1
    endloop
  endfacet
  facet normal 0 0 -1
    outer loop
      vertex 48.5 -32 -1.1
      vertex -3 -10 -1.1
      vertex -2.6527 -9.96961 -1.1
    endloop
  endfacet
  facet normal 0 0 -1
    outer loop
      vertex -48.5 -32 -1.1
      vertex -3 -10 -1.1
      vertex 48.5 -32 -1.1
    endloop
  endfacet
  facet normal -0 0 -1
    outer loop
      vertex -3 -10 -1.1
      vertex -48.5 -32 -1.1
      vertex -33 -10 -1.1
    endloop
  endfacet
  facet normal -0 0 -1
    outer loop
      vertex -33 -10 -1.1
      vertex -48.5 -32 -1.1
      vertex -33.3473 -9.96961 -1.1
    endloop
  endfacet
  facet normal -0 0 -1
    outer loop
      vertex -34.8794 -8.68404 -1.1
      vertex -52 -9 -1.1
      vertex -34.9696 -8.3473 -1.1
    endloop
  endfacet
  facet normal 0 0 -1
    outer loop
      vertex -34.732 -9 -1.1
      vertex -52 -9 -1.1
      vertex -34.8794 -8.68404 -1.1
    endloop
  endfacet
  facet normal 0 0 -1
    outer loop
      vertex -34.5321 -9.28557 -1.1
      vertex -52 -9 -1.1
      vertex -34.732 -9 -1.1
    endloop
  endfacet
  facet normal 0 0 -1
    outer loop
      vertex -34.2856 -9.53209 -1.1
      vertex -52 -9 -1.1
      vertex -34.5321 -9.28557 -1.1
    endloop
  endfacet
  facet normal 0 0 -1
    outer loop
      vertex -52 -9 -1.1
      vertex -34.2856 -9.53209 -1.1
      vertex -52 -28.5 -1.1
    endloop
  endfacet
  facet normal -0 0 -1
    outer loop
      vertex -34 -9.73205 -1.1
      vertex -52 -28.5 -1.1
      vertex -34.2856 -9.53209 -1.1
    endloop
  endfacet
  facet normal 0 0 -1
    outer loop
      vertex -52 -28.5 -1.1
      vertex -34 -9.73205 -1.1
      vertex -48.5 -32 -1.1
    endloop
  endfacet
  facet normal -0 0 -1
    outer loop
      vertex -33.684 -9.87938 -1.1
      vertex -48.5 -32 -1.1
      vertex -34 -9.73205 -1.1
    endloop
  endfacet
  facet normal -0 0 -1
    outer loop
      vertex -33.3473 -9.96961 -1.1
      vertex -48.5 -32 -1.1
      vertex -33.684 -9.87938 -1.1
    endloop
  endfacet
  facet normal 0 0 -1
    outer loop
      vertex 49.6971 31.7889 -1.1
      vertex 48.5 32 -1.1
      vertex 49.1078 31.9468 -1.1
    endloop
  endfacet
  facet normal 0 0 -1
    outer loop
      vertex 37.5 10 -1.1
      vertex 48.5 32 -1.1
      vertex 42.5 10 -1.1
    endloop
  endfacet
  facet normal 0 0 -1
    outer loop
      vertex 27.924 0.86824 -1.1
      vertex 37.5 10 -1.1
      vertex 28 0 -1.1
    endloop
  endfacet
  facet normal 0 0 -1
    outer loop
      vertex 27.6985 1.7101 -1.1
      vertex 37.5 10 -1.1
      vertex 27.924 0.86824 -1.1
    endloop
  endfacet
  facet normal 0 0 -1
    outer loop
      vertex 27.3301 2.5 -1.1
      vertex 37.5 10 -1.1
      vertex 27.6985 1.7101 -1.1
    endloop
  endfacet
  facet normal 0 0 -1
    outer loop
      vertex 26.8302 3.21394 -1.1
      vertex 37.5 10 -1.1
      vertex 27.3301 2.5 -1.1
    endloop
  endfacet
  facet normal 0 0 -1
    outer loop
      vertex 26.2139 3.83022 -1.1
      vertex 37.5 10 -1.1
      vertex 26.8302 3.21394 -1.1
    endloop
  endfacet
  facet normal 0 0 -1
    outer loop
      vertex 25.5 4.33013 -1.1
      vertex 37.5 10 -1.1
      vertex 26.2139 3.83022 -1.1
    endloop
  endfacet
  facet normal 0 0 -1
    outer loop
      vertex 24.7101 4.69846 -1.1
      vertex 37.5 10 -1.1
      vertex 25.5 4.33013 -1.1
    endloop
  endfacet
  facet normal 0 0 -1
    outer loop
      vertex 23.8682 4.92404 -1.1
      vertex 37.5 10 -1.1
      vertex 24.7101 4.69846 -1.1
    endloop
  endfacet
  facet normal 0 0 -1
    outer loop
      vertex 23 5 -1.1
      vertex 37.5 10 -1.1
      vertex 23.8682 4.92404 -1.1
    endloop
  endfacet
  facet normal -0 0 -1
    outer loop
      vertex 37.5 10 -1.1
      vertex 23 5 -1.1
      vertex 48.5 32 -1.1
    endloop
  endfacet
  facet normal 0 0 -1
    outer loop
      vertex -1 8 -1.1
      vertex 23 5 -1.1
      vertex -1 5 -1.1
    endloop
  endfacet
  facet normal 0 0 -1
    outer loop
      vertex -1.03039 8.3473 -1.1
      vertex 23 5 -1.1
      vertex -1 8 -1.1
    endloop
  endfacet
  facet normal 0 0 -1
    outer loop
      vertex -1.12062 8.68404 -1.1
      vertex 23 5 -1.1
      vertex -1.03039 8.3473 -1.1
    endloop
  endfacet
  facet normal 0 0 -1
    outer loop
      vertex -1.26795 9 -1.1
      vertex 23 5 -1.1
      vertex -1.12062 8.68404 -1.1
    endloop
  endfacet
  facet normal 0 0 -1
    outer loop
      vertex -1.46791 9.28557 -1.1
      vertex 23 5 -1.1
      vertex -1.26795 9 -1.1
    endloop
  endfacet
  facet normal 0 0 -1
    outer loop
      vertex -1.71443 9.53209 -1.1
      vertex 23 5 -1.1
      vertex -1.46791 9.28557 -1.1
    endloop
  endfacet
  facet normal 0 0 -1
    outer loop
      vertex -2 9.73205 -1.1
      vertex 23 5 -1.1
      vertex -1.71443 9.53209 -1.1
    endloop
  endfacet
  facet normal 0 0 -1
    outer loop
      vertex 23 5 -1.1
      vertex -2 9.73205 -1.1
      vertex 48.5 32 -1.1
    endloop
  endfacet
  facet normal 0 0 -1
    outer loop
      vertex -2.31596 9.87938 -1.1
      vertex 48.5 32 -1.1
      vertex -2 9.73205 -1.1
    endloop
  endfacet
  facet normal 0 0 -1
    outer loop
      vertex -2.6527 9.96961 -1.1
      vertex 48.5 32 -1.1
      vertex -2.31596 9.87938 -1.1
    endloop
  endfacet
  facet normal 0 0 -1
    outer loop
      vertex -3 10 -1.1
      vertex 48.5 32 -1.1
      vertex -2.6527 9.96961 -1.1
    endloop
  endfacet
  facet normal 0 0 -1
    outer loop
      vertex -48.5 32 -1.1
      vertex -3 10 -1.1
      vertex -33 10 -1.1
    endloop
  endfacet
  facet normal 0 0 -1
    outer loop
      vertex -48.5 32 -1.1
      vertex -33 10 -1.1
      vertex -33.3473 9.96961 -1.1
    endloop
  endfacet
  facet normal 0 0 -1
    outer loop
      vertex -48.5 32 -1.1
      vertex -33.3473 9.96961 -1.1
      vertex -33.684 9.87938 -1.1
    endloop
  endfacet
  facet normal -0 0 -1
    outer loop
      vertex -35 -8 -1.1
      vertex -52 -9 -1.1
      vertex -35 8 -1.1
    endloop
  endfacet
  facet normal 0 0 -1
    outer loop
      vertex -52 9 -1.1
      vertex -35 8 -1.1
      vertex -52 -9 -1.1
    endloop
  endfacet
  facet normal 0 0 -1
    outer loop
      vertex -3 10 -1.1
      vertex -48.5 32 -1.1
      vertex 48.5 32 -1.1
    endloop
  endfacet
  facet normal 0 0 -1
    outer loop
      vertex -34 9.73205 -1.1
      vertex -48.5 32 -1.1
      vertex -33.684 9.87938 -1.1
    endloop
  endfacet
  facet normal 0 0 -1
    outer loop
      vertex -52 28.5 -1.1
      vertex -34 9.73205 -1.1
      vertex -34.2856 9.53209 -1.1
    endloop
  endfacet
  facet normal 0 0 -1
    outer loop
      vertex -52 9 -1.1
      vertex -34.2856 9.53209 -1.1
      vertex -34.5321 9.28557 -1.1
    endloop
  endfacet
  facet normal 0 0 -1
    outer loop
      vertex -52 9 -1.1
      vertex -34.5321 9.28557 -1.1
      vertex -34.732 9 -1.1
    endloop
  endfacet
  facet normal 0 0 -1
    outer loop
      vertex -52 9 -1.1
      vertex -34.732 9 -1.1
      vertex -34.8794 8.68404 -1.1
    endloop
  endfacet
  facet normal 0 0 -1
    outer loop
      vertex -35 8 -1.1
      vertex -52 9 -1.1
      vertex -34.9696 8.3473 -1.1
    endloop
  endfacet
  facet normal 0 0 -1
    outer loop
      vertex -52 -28.5 -1.1
      vertex -48.5 -32 -1.1
      vertex -49.1078 -31.9468 -1.1
    endloop
  endfacet
  facet normal 0 0 -1
    outer loop
      vertex -34.9696 8.3473 -1.1
      vertex -52 9 -1.1
      vertex -34.8794 8.68404 -1.1
    endloop
  endfacet
  facet normal 0 0 -1
    outer loop
      vertex -52 -28.5 -1.1
      vertex -49.1078 -31.9468 -1.1
      vertex -49.6971 -31.7889 -1.1
    endloop
  endfacet
  facet normal -0 0 -1
    outer loop
      vertex -34.2856 9.53209 -1.1
      vertex -52 9 -1.1
      vertex -52 28.5 -1.1
    endloop
  endfacet
  facet normal 0 0 -1
    outer loop
      vertex -52 -28.5 -1.1
      vertex -49.6971 -31.7889 -1.1
      vertex -50.25 -31.5311 -1.1
    endloop
  endfacet
  facet normal 0 0 -1
    outer loop
      vertex -34 9.73205 -1.1
      vertex -52 28.5 -1.1
      vertex -48.5 32 -1.1
    endloop
  endfacet
  facet normal 0 0 -1
    outer loop
      vertex -52 -28.5 -1.1
      vertex -50.25 -31.5311 -1.1
      vertex -50.7498 -31.1812 -1.1
    endloop
  endfacet
  facet normal 0 0 -1
    outer loop
      vertex -48.5 32 -1.1
      vertex -52 28.5 -1.1
      vertex -49.1078 31.9468 -1.1
    endloop
  endfacet
  facet normal 0 0 -1
    outer loop
      vertex -52 -28.5 -1.1
      vertex -50.7498 -31.1812 -1.1
      vertex -51.1812 -30.7498 -1.1
    endloop
  endfacet
  facet normal 0 0 -1
    outer loop
      vertex -49.1078 31.9468 -1.1
      vertex -52 28.5 -1.1
      vertex -49.6971 31.7889 -1.1
    endloop
  endfacet
  facet normal 0 0 -1
    outer loop
      vertex -52 -28.5 -1.1
      vertex -51.1812 -30.7498 -1.1
      vertex -51.5311 -30.25 -1.1
    endloop
  endfacet
  facet normal 0 0 -1
    outer loop
      vertex -49.6971 31.7889 -1.1
      vertex -52 28.5 -1.1
      vertex -50.25 31.5311 -1.1
    endloop
  endfacet
  facet normal 0 0 -1
    outer loop
      vertex -52 -28.5 -1.1
      vertex -51.5311 -30.25 -1.1
      vertex -51.7889 -29.6971 -1.1
    endloop
  endfacet
  facet normal 0 0 -1
    outer loop
      vertex -50.25 31.5311 -1.1
      vertex -52 28.5 -1.1
      vertex -50.7498 31.1812 -1.1
    endloop
  endfacet
  facet normal 0 0 -1
    outer loop
      vertex -52 -28.5 -1.1
      vertex -51.7889 -29.6971 -1.1
      vertex -51.9468 -29.1078 -1.1
    endloop
  endfacet
  facet normal 0 0 -1
    outer loop
      vertex -50.7498 31.1812 -1.1
      vertex -52 28.5 -1.1
      vertex -51.1812 30.7498 -1.1
    endloop
  endfacet
  facet normal -0 0 -1
    outer loop
      vertex -34.9696 -8.3473 -1.1
      vertex -52 -9 -1.1
      vertex -35 -8 -1.1
    endloop
  endfacet
  facet normal 0 0 -1
    outer loop
      vertex -51.1812 30.7498 -1.1
      vertex -52 28.5 -1.1
      vertex -51.5311 30.25 -1.1
    endloop
  endfacet
  facet normal 0 0 -1
    outer loop
      vertex -51.5311 30.25 -1.1
      vertex -52 28.5 -1.1
      vertex -51.7889 29.6971 -1.1
    endloop
  endfacet
  facet normal 0 0 -1
    outer loop
      vertex -51.7889 29.6971 -1.1
      vertex -52 28.5 -1.1
      vertex -51.9468 29.1078 -1.1
    endloop
  endfacet
  facet normal -0 0 -1
    outer loop
      vertex 23 -5 -1.1
      vertex -1 -8 -1.1
      vertex -1 -5 -1.1
    endloop
  endfacet
  facet normal -0.81918 0.573537 1.93909e-19
    outer loop
      vertex -62.5311 7.25 -1.1
      vertex -62.1812 7.74976 1.1
      vertex -62.1812 7.74976 -1.1
    endloop
  endfacet
  facet normal -0.81918 0.573537 1.93909e-19
    outer loop
      vertex -62.1812 7.74976 1.1
      vertex -62.5311 7.25 -1.1
      vertex -62.5311 7.25 1.1
    endloop
  endfacet
  facet normal -0.90633 0.42257 -4.9293e-18
    outer loop
      vertex -62.7889 6.69707 -1.1
      vertex -62.5311 7.25 1.1
      vertex -62.5311 7.25 -1.1
    endloop
  endfacet
  facet normal -0.90633 0.42257 -4.9293e-18
    outer loop
      vertex -62.5311 7.25 1.1
      vertex -62.7889 6.69707 -1.1
      vertex -62.7889 6.69707 1.1
    endloop
  endfacet
  facet normal -0.42263 -0.906302 0
    outer loop
      vertex -61.25 -8.53109 -1.1
      vertex -60.6971 -8.78892 1.1
      vertex -61.25 -8.53109 1.1
    endloop
  endfacet
  facet normal -0.42263 -0.906302 -0
    outer loop
      vertex -60.6971 -8.78892 1.1
      vertex -61.25 -8.53109 -1.1
      vertex -60.6971 -8.78892 -1.1
    endloop
  endfacet
  facet normal -0 0 1
    outer loop
      vertex -63 3.4 1.1
      vertex -59.9 -3.4 1.1
      vertex -59.9 3.4 1.1
    endloop
  endfacet
  facet normal 0 0 1
    outer loop
      vertex -59.9 -3.4 1.1
      vertex -63 3.4 1.1
      vertex -63 -3.4 1.1
    endloop
  endfacet
  facet normal 0 0 1
    outer loop
      vertex -59.9 6.6 1.1
      vertex -52 9 1.1
      vertex -59.5 9 1.1
    endloop
  endfacet
  facet normal 0 0 1
    outer loop
      vertex -52 9 1.1
      vertex -59.9 3.4 1.1
      vertex -52 -9 1.1
    endloop
  endfacet
  facet normal 0 0 1
    outer loop
      vertex -52 9 1.1
      vertex -59.9 6.6 1.1
      vertex -59.9 3.4 1.1
    endloop
  endfacet
  facet normal -0 0 1
    outer loop
      vertex -60.1078 8.94683 1.1
      vertex -59.9 6.6 1.1
      vertex -59.5 9 1.1
    endloop
  endfacet
  facet normal -0 0 1
    outer loop
      vertex -60.6971 8.78892 1.1
      vertex -59.9 6.6 1.1
      vertex -60.1078 8.94683 1.1
    endloop
  endfacet
  facet normal -0 0 1
    outer loop
      vertex -61.25 8.53109 1.1
      vertex -59.9 6.6 1.1
      vertex -60.6971 8.78892 1.1
    endloop
  endfacet
  facet normal -0 0 1
    outer loop
      vertex -61.7498 8.18116 1.1
      vertex -59.9 6.6 1.1
      vertex -61.25 8.53109 1.1
    endloop
  endfacet
  facet normal -0 0 1
    outer loop
      vertex -62.1812 7.74976 1.1
      vertex -59.9 6.6 1.1
      vertex -61.7498 8.18116 1.1
    endloop
  endfacet
  facet normal -0 0 1
    outer loop
      vertex -62.5311 7.25 1.1
      vertex -59.9 6.6 1.1
      vertex -62.1812 7.74976 1.1
    endloop
  endfacet
  facet normal -0 0 1
    outer loop
      vertex -62.7889 6.69707 1.1
      vertex -59.9 6.6 1.1
      vertex -62.5311 7.25 1.1
    endloop
  endfacet
  facet normal 0 0 1
    outer loop
      vertex -59.9 6.6 1.1
      vertex -62.7889 6.69707 1.1
      vertex -62.8149 6.6 1.1
    endloop
  endfacet
  facet normal -0 0 1
    outer loop
      vertex -59.9 -3.4 1.1
      vertex -52 -9 1.1
      vertex -59.9 3.4 1.1
    endloop
  endfacet
  facet normal -0 0 1
    outer loop
      vertex -59.9 -6.6 1.1
      vertex -52 -9 1.1
      vertex -59.9 -3.4 1.1
    endloop
  endfacet
  facet normal 0 0 1
    outer loop
      vertex -52 -9 1.1
      vertex -59.9 -6.6 1.1
      vertex -59.5 -9 1.1
    endloop
  endfacet
  facet normal 0 0 1
    outer loop
      vertex -59.9 -6.6 1.1
      vertex -60.1078 -8.94683 1.1
      vertex -59.5 -9 1.1
    endloop
  endfacet
  facet normal 0 0 1
    outer loop
      vertex -59.9 -6.6 1.1
      vertex -60.6971 -8.78892 1.1
      vertex -60.1078 -8.94683 1.1
    endloop
  endfacet
  facet normal 0 0 1
    outer loop
      vertex -59.9 -6.6 1.1
      vertex -61.25 -8.53109 1.1
      vertex -60.6971 -8.78892 1.1
    endloop
  endfacet
  facet normal 0 0 1
    outer loop
      vertex -59.9 -6.6 1.1
      vertex -61.7498 -8.18116 1.1
      vertex -61.25 -8.53109 1.1
    endloop
  endfacet
  facet normal 0 0 1
    outer loop
      vertex -59.9 -6.6 1.1
      vertex -62.1812 -7.74976 1.1
      vertex -61.7498 -8.18116 1.1
    endloop
  endfacet
  facet normal 0 0 1
    outer loop
      vertex -59.9 -6.6 1.1
      vertex -62.5311 -7.25 1.1
      vertex -62.1812 -7.74976 1.1
    endloop
  endfacet
  facet normal 0 0 1
    outer loop
      vertex -59.9 -6.6 1.1
      vertex -62.7889 -6.69707 1.1
      vertex -62.5311 -7.25 1.1
    endloop
  endfacet
  facet normal 0 -0 1
    outer loop
      vertex -62.7889 -6.69707 1.1
      vertex -59.9 -6.6 1.1
      vertex -62.8149 -6.6 1.1
    endloop
  endfacet
  facet normal -0 0 1
    outer loop
      vertex -38.5 -22.6 1.1
      vertex -36 -27 1.1
      vertex -36 -22.6 1.1
    endloop
  endfacet
  facet normal 0 0 1
    outer loop
      vertex -41.5 -21.9 1.1
      vertex -36 -27 1.1
      vertex -38.5 -22.6 1.1
    endloop
  endfacet
  facet normal 0 0 1
    outer loop
      vertex -36 -27 1.1
      vertex -41.5 -21.9 1.1
      vertex -36 -29 1.1
    endloop
  endfacet
  facet normal 0 0 1
    outer loop
      vertex -34.3473 -28.9696 1.1
      vertex -36 -29 1.1
      vertex -34 -29 1.1
    endloop
  endfacet
  facet normal 0 0 1
    outer loop
      vertex -34.684 -28.8794 1.1
      vertex -36 -29 1.1
      vertex -34.3473 -28.9696 1.1
    endloop
  endfacet
  facet normal 0 0 1
    outer loop
      vertex -35 -28.732 1.1
      vertex -36 -29 1.1
      vertex -34.684 -28.8794 1.1
    endloop
  endfacet
  facet normal 0 0 1
    outer loop
      vertex -35.2856 -28.5321 1.1
      vertex -36 -29 1.1
      vertex -35 -28.732 1.1
    endloop
  endfacet
  facet normal 0 0 1
    outer loop
      vertex -35.5321 -28.2856 1.1
      vertex -36 -29 1.1
      vertex -35.2856 -28.5321 1.1
    endloop
  endfacet
  facet normal 0 0 1
    outer loop
      vertex -35.732 -28 1.1
      vertex -36 -29 1.1
      vertex -35.5321 -28.2856 1.1
    endloop
  endfacet
  facet normal 0 0 1
    outer loop
      vertex -35.8794 -27.684 1.1
      vertex -36 -29 1.1
      vertex -35.732 -28 1.1
    endloop
  endfacet
  facet normal 0 0 1
    outer loop
      vertex -35.9696 -27.3473 1.1
      vertex -36 -29 1.1
      vertex -35.8794 -27.684 1.1
    endloop
  endfacet
  facet normal 0 0 1
    outer loop
      vertex -36 -29 1.1
      vertex -35.9696 -27.3473 1.1
      vertex -36 -27 1.1
    endloop
  endfacet
  facet normal 0 0 1
    outer loop
      vertex 23 5 1.1
      vertex -1.03039 8.3473 1.1
      vertex -1 8 1.1
    endloop
  endfacet
  facet normal 0 0 1
    outer loop
      vertex 22.4679 20.7144 1.1
      vertex -1.12062 8.68404 1.1
      vertex -1.03039 8.3473 1.1
    endloop
  endfacet
  facet normal 0 0 1
    outer loop
      vertex 22.268 21 1.1
      vertex -1.26795 9 1.1
      vertex -1.12062 8.68404 1.1
    endloop
  endfacet
  facet normal 0 0 1
    outer loop
      vertex 22.268 21 1.1
      vertex -1.46791 9.28557 1.1
      vertex -1.26795 9 1.1
    endloop
  endfacet
  facet normal 0 0 1
    outer loop
      vertex 22.268 21 1.1
      vertex -1.71443 9.53209 1.1
      vertex -1.46791 9.28557 1.1
    endloop
  endfacet
  facet normal 0 0 1
    outer loop
      vertex 22.268 21 1.1
      vertex -2 9.73205 1.1
      vertex -1.71443 9.53209 1.1
    endloop
  endfacet
  facet normal 0 0 1
    outer loop
      vertex 22.268 21 1.1
      vertex -2.31596 9.87938 1.1
      vertex -2 9.73205 1.1
    endloop
  endfacet
  facet normal 0 0 1
    outer loop
      vertex 22.268 21 1.1
      vertex -2.6527 9.96961 1.1
      vertex -2.31596 9.87938 1.1
    endloop
  endfacet
  facet normal -0 0 1
    outer loop
      vertex -22.268 21 1.1
      vertex -2.6527 9.96961 1.1
      vertex 22.268 21 1.1
    endloop
  endfacet
  facet normal 0 0 1
    outer loop
      vertex -2.6527 9.96961 1.1
      vertex -22.268 21 1.1
      vertex -3 10 1.1
    endloop
  endfacet
  facet normal -0 0 1
    outer loop
      vertex -22.4679 20.7144 1.1
      vertex -3 10 1.1
      vertex -22.268 21 1.1
    endloop
  endfacet
  facet normal -0 0 1
    outer loop
      vertex -22.7144 20.4679 1.1
      vertex -3 10 1.1
      vertex -22.4679 20.7144 1.1
    endloop
  endfacet
  facet normal -0 0 1
    outer loop
      vertex -23 20.268 1.1
      vertex -3 10 1.1
      vertex -22.7144 20.4679 1.1
    endloop
  endfacet
  facet normal -0 0 1
    outer loop
      vertex -23.316 20.1206 1.1
      vertex -3 10 1.1
      vertex -23 20.268 1.1
    endloop
  endfacet
  facet normal 0 0 1
    outer loop
      vertex -33 10 1.1
      vertex -23.316 20.1206 1.1
      vertex -23.6527 20.0304 1.1
    endloop
  endfacet
  facet normal 0 0 1
    outer loop
      vertex -33 10 1.1
      vertex -23.6527 20.0304 1.1
      vertex -24 20 1.1
    endloop
  endfacet
  facet normal 0 0 1
    outer loop
      vertex -23.316 20.1206 1.1
      vertex -33 10 1.1
      vertex -3 10 1.1
    endloop
  endfacet
  facet normal -0 0 1
    outer loop
      vertex -34 20 1.1
      vertex -33 10 1.1
      vertex -24 20 1.1
    endloop
  endfacet
  facet normal 0 0 1
    outer loop
      vertex -33 10 1.1
      vertex -34 20 1.1
      vertex -33.3473 9.96961 1.1
    endloop
  endfacet
  facet normal -0 0 1
    outer loop
      vertex -38.5555 16.8 1.1
      vertex -33.3473 9.96961 1.1
      vertex -34 20 1.1
    endloop
  endfacet
  facet normal 0 0 1
    outer loop
      vertex -33.3473 9.96961 1.1
      vertex -38.5555 16.8 1.1
      vertex -33.684 9.87938 1.1
    endloop
  endfacet
  facet normal -0 0 1
    outer loop
      vertex -38.8955 16.3145 1.1
      vertex -33.684 9.87938 1.1
      vertex -38.5555 16.8 1.1
    endloop
  endfacet
  facet normal 0 0 1
    outer loop
      vertex -38.305 17.3371 1.1
      vertex -34 20 1.1
      vertex -34.3473 20.0304 1.1
    endloop
  endfacet
  facet normal 0 0 1
    outer loop
      vertex -33.684 9.87938 1.1
      vertex -38.8955 16.3145 1.1
      vertex -34 9.73205 1.1
    endloop
  endfacet
  facet normal 0 0 1
    outer loop
      vertex -38.1517 17.9096 1.1
      vertex -34.3473 20.0304 1.1
      vertex -34.684 20.1206 1.1
    endloop
  endfacet
  facet normal -0 0 1
    outer loop
      vertex -39.3145 15.8954 1.1
      vertex -34 9.73205 1.1
      vertex -38.8955 16.3145 1.1
    endloop
  endfacet
  facet normal 0 0 1
    outer loop
      vertex -34 9.73205 1.1
      vertex -39.3145 15.8954 1.1
      vertex -34.2856 9.53209 1.1
    endloop
  endfacet
  facet normal -0 0 1
    outer loop
      vertex -39.8 15.5555 1.1
      vertex -34.2856 9.53209 1.1
      vertex -39.3145 15.8954 1.1
    endloop
  endfacet
  facet normal 0 0 1
    outer loop
      vertex -38.1 18.5 1.1
      vertex -34.684 20.1206 1.1
      vertex -35 20.268 1.1
    endloop
  endfacet
  facet normal 0 0 1
    outer loop
      vertex -34.2856 9.53209 1.1
      vertex -39.8 15.5555 1.1
      vertex -34.5321 9.28557 1.1
    endloop
  endfacet
  facet normal 0 0 1
    outer loop
      vertex -34.5321 9.28557 1.1
      vertex -39.8 15.5555 1.1
      vertex -34.732 9 1.1
    endloop
  endfacet
  facet normal 0 0 1
    outer loop
      vertex -34.732 9 1.1
      vertex -40.3371 15.305 1.1
      vertex -34.8794 8.68404 1.1
    endloop
  endfacet
  facet normal 0 0 1
    outer loop
      vertex -38.1 18.5 1.1
      vertex -35 20.268 1.1
      vertex -35.2856 20.4679 1.1
    endloop
  endfacet
  facet normal -0 0 1
    outer loop
      vertex -40.9096 15.1517 1.1
      vertex -34.8794 8.68404 1.1
      vertex -40.3371 15.305 1.1
    endloop
  endfacet
  facet normal 0 0 1
    outer loop
      vertex -38.1517 19.0904 1.1
      vertex -35.2856 20.4679 1.1
      vertex -35.5321 20.7144 1.1
    endloop
  endfacet
  facet normal -0 0 1
    outer loop
      vertex -40.3371 15.305 1.1
      vertex -34.732 9 1.1
      vertex -39.8 15.5555 1.1
    endloop
  endfacet
  facet normal 0 0 1
    outer loop
      vertex -38.305 19.6629 1.1
      vertex -35.5321 20.7144 1.1
      vertex -35.732 21 1.1
    endloop
  endfacet
  facet normal 0 -0 1
    outer loop
      vertex -38.5555 -16.8 1.1
      vertex -35 -8 1.1
      vertex -38.8955 -16.3145 1.1
    endloop
  endfacet
  facet normal 0 0 1
    outer loop
      vertex -34.684 20.1206 1.1
      vertex -38.1 18.5 1.1
      vertex -38.1517 17.9096 1.1
    endloop
  endfacet
  facet normal 0 0 1
    outer loop
      vertex -35.2856 20.4679 1.1
      vertex -38.1517 19.0904 1.1
      vertex -38.1 18.5 1.1
    endloop
  endfacet
  facet normal 0 0 1
    outer loop
      vertex -35.5321 20.7144 1.1
      vertex -38.305 19.6629 1.1
      vertex -38.1517 19.0904 1.1
    endloop
  endfacet
  facet normal -0 0 1
    outer loop
      vertex -38.5 21 1.1
      vertex -38.305 19.6629 1.1
      vertex -35.732 21 1.1
    endloop
  endfacet
  facet normal 0 0 1
    outer loop
      vertex -38.305 19.6629 1.1
      vertex -38.5 21 1.1
      vertex -38.5555 20.2 1.1
    endloop
  endfacet
  facet normal 0 0 1
    outer loop
      vertex 41.5 -21.9 1.1
      vertex 35.9696 -27.3473 1.1
      vertex 36 -29 1.1
    endloop
  endfacet
  facet normal -0 0 1
    outer loop
      vertex 35.8794 -27.684 1.1
      vertex 36 -29 1.1
      vertex 35.9696 -27.3473 1.1
    endloop
  endfacet
  facet normal -0 0 1
    outer loop
      vertex 35.732 -28 1.1
      vertex 36 -29 1.1
      vertex 35.8794 -27.684 1.1
    endloop
  endfacet
  facet normal -0 0 1
    outer loop
      vertex 35.5321 -28.2856 1.1
      vertex 36 -29 1.1
      vertex 35.732 -28 1.1
    endloop
  endfacet
  facet normal -0 0 1
    outer loop
      vertex 35.2856 -28.5321 1.1
      vertex 36 -29 1.1
      vertex 35.5321 -28.2856 1.1
    endloop
  endfacet
  facet normal -0 0 1
    outer loop
      vertex 35 -28.732 1.1
      vertex 36 -29 1.1
      vertex 35.2856 -28.5321 1.1
    endloop
  endfacet
  facet normal -0 0 1
    outer loop
      vertex 34.684 -28.8794 1.1
      vertex 36 -29 1.1
      vertex 35 -28.732 1.1
    endloop
  endfacet
  facet normal -0 0 1
    outer loop
      vertex 34.3473 -28.9696 1.1
      vertex 36 -29 1.1
      vertex 34.684 -28.8794 1.1
    endloop
  endfacet
  facet normal 0 0 1
    outer loop
      vertex 36 -29 1.1
      vertex 34.3473 -28.9696 1.1
      vertex 34 -29 1.1
    endloop
  endfacet
  facet normal 0 0 1
    outer loop
      vertex 41.5 21.9 1.1
      vertex 35.9696 27.3473 1.1
      vertex 36 27 1.1
    endloop
  endfacet
  facet normal 0 0 1
    outer loop
      vertex 36 29 1.1
      vertex 35.8794 27.684 1.1
      vertex 35.9696 27.3473 1.1
    endloop
  endfacet
  facet normal 0 0 1
    outer loop
      vertex 36 29 1.1
      vertex 35.732 28 1.1
      vertex 35.8794 27.684 1.1
    endloop
  endfacet
  facet normal 0 0 1
    outer loop
      vertex 36 29 1.1
      vertex 35.5321 28.2856 1.1
      vertex 35.732 28 1.1
    endloop
  endfacet
  facet normal 0 0 1
    outer loop
      vertex 36 29 1.1
      vertex 35.2856 28.5321 1.1
      vertex 35.5321 28.2856 1.1
    endloop
  endfacet
  facet normal 0 0 1
    outer loop
      vertex 36 29 1.1
      vertex 35 28.732 1.1
      vertex 35.2856 28.5321 1.1
    endloop
  endfacet
  facet normal 0 0 1
    outer loop
      vertex 36 29 1.1
      vertex 34.684 28.8794 1.1
      vertex 35 28.732 1.1
    endloop
  endfacet
  facet normal 0 0 1
    outer loop
      vertex 36 29 1.1
      vertex 34.3473 28.9696 1.1
      vertex 34.684 28.8794 1.1
    endloop
  endfacet
  facet normal 0 -0 1
    outer loop
      vertex 34.3473 28.9696 1.1
      vertex 36 29 1.1
      vertex 34 29 1.1
    endloop
  endfacet
  facet normal -0 0 1
    outer loop
      vertex 35.9696 27.3473 1.1
      vertex 41.5 21.9 1.1
      vertex 36 29 1.1
    endloop
  endfacet
  facet normal 0 0 1
    outer loop
      vertex 41.5 21.9 1.1
      vertex 36 27 1.1
      vertex 38.5 22.6 1.1
    endloop
  endfacet
  facet normal 0 0 1
    outer loop
      vertex 38.5 22.6 1.1
      vertex 36 27 1.1
      vertex 36 22.6 1.1
    endloop
  endfacet
  facet normal -0 0 1
    outer loop
      vertex 27.6985 -1.7101 1.1
      vertex 37.5 -10 1.1
      vertex 27.924 -0.86824 1.1
    endloop
  endfacet
  facet normal -0 0 1
    outer loop
      vertex 27.3301 -2.5 1.1
      vertex 37.5 -10 1.1
      vertex 27.6985 -1.7101 1.1
    endloop
  endfacet
  facet normal -0 0 1
    outer loop
      vertex 26.8302 -3.21394 1.1
      vertex 37.5 -10 1.1
      vertex 27.3301 -2.5 1.1
    endloop
  endfacet
  facet normal -0 0 1
    outer loop
      vertex 26.2139 -3.83022 1.1
      vertex 37.5 -10 1.1
      vertex 26.8302 -3.21394 1.1
    endloop
  endfacet
  facet normal -0 0 1
    outer loop
      vertex 25.5 -4.33013 1.1
      vertex 37.5 -10 1.1
      vertex 26.2139 -3.83022 1.1
    endloop
  endfacet
  facet normal 0 0 1
    outer loop
      vertex 37.5 -10 1.1
      vertex 25.5 -4.33013 1.1
      vertex 34 -20 1.1
    endloop
  endfacet
  facet normal 0 0 1
    outer loop
      vertex 24 -20 1.1
      vertex 25.5 -4.33013 1.1
      vertex 24.7101 -4.69846 1.1
    endloop
  endfacet
  facet normal 0 0 1
    outer loop
      vertex 25.5 -4.33013 1.1
      vertex 24 -20 1.1
      vertex 34 -20 1.1
    endloop
  endfacet
  facet normal -0 0 1
    outer loop
      vertex 23.8682 -4.92404 1.1
      vertex 24 -20 1.1
      vertex 24.7101 -4.69846 1.1
    endloop
  endfacet
  facet normal -0 0 1
    outer loop
      vertex 23 -5 1.1
      vertex 24 -20 1.1
      vertex 23.8682 -4.92404 1.1
    endloop
  endfacet
  facet normal 0 0 1
    outer loop
      vertex 24 -20 1.1
      vertex 23 -5 1.1
      vertex 23.6527 -20.0304 1.1
    endloop
  endfacet
  facet normal 0 0 1
    outer loop
      vertex 23.6527 -20.0304 1.1
      vertex 23 -5 1.1
      vertex 23.316 -20.1206 1.1
    endloop
  endfacet
  facet normal 0 0 1
    outer loop
      vertex 23 -5 1.1
      vertex 23 -20.268 1.1
      vertex 23.316 -20.1206 1.1
    endloop
  endfacet
  facet normal 0 0 1
    outer loop
      vertex 23 -5 1.1
      vertex 22.7144 -20.4679 1.1
      vertex 23 -20.268 1.1
    endloop
  endfacet
  facet normal 0 0 1
    outer loop
      vertex 23 -5 1.1
      vertex 22.4679 -20.7144 1.1
      vertex 22.7144 -20.4679 1.1
    endloop
  endfacet
  facet normal -0 0 1
    outer loop
      vertex -1.12062 -8.68404 1.1
      vertex 22.4679 -20.7144 1.1
      vertex 23 -5 1.1
    endloop
  endfacet
  facet normal 0 0 1
    outer loop
      vertex -1 -8 1.1
      vertex 23 -5 1.1
      vertex -1 -5 1.1
    endloop
  endfacet
  facet normal 0 0 1
    outer loop
      vertex -1.03039 -8.3473 1.1
      vertex 23 -5 1.1
      vertex -1 -8 1.1
    endloop
  endfacet
  facet normal 0 0 1
    outer loop
      vertex -1.12062 -8.68404 1.1
      vertex 23 -5 1.1
      vertex -1.03039 -8.3473 1.1
    endloop
  endfacet
  facet normal 0 0 1
    outer loop
      vertex 22.4679 -20.7144 1.1
      vertex -1.12062 -8.68404 1.1
      vertex 22.268 -21 1.1
    endloop
  endfacet
  facet normal -0 0 1
    outer loop
      vertex -1.26795 -9 1.1
      vertex 22.268 -21 1.1
      vertex -1.12062 -8.68404 1.1
    endloop
  endfacet
  facet normal -0 0 1
    outer loop
      vertex -1.46791 -9.28557 1.1
      vertex 22.268 -21 1.1
      vertex -1.26795 -9 1.1
    endloop
  endfacet
  facet normal -0 0 1
    outer loop
      vertex -1.71443 -9.53209 1.1
      vertex 22.268 -21 1.1
      vertex -1.46791 -9.28557 1.1
    endloop
  endfacet
  facet normal -0 0 1
    outer loop
      vertex -2 -9.73205 1.1
      vertex 22.268 -21 1.1
      vertex -1.71443 -9.53209 1.1
    endloop
  endfacet
  facet normal -0 0 1
    outer loop
      vertex -2.31596 -9.87938 1.1
      vertex 22.268 -21 1.1
      vertex -2 -9.73205 1.1
    endloop
  endfacet
  facet normal -0 0 1
    outer loop
      vertex -2.6527 -9.96961 1.1
      vertex 22.268 -21 1.1
      vertex -2.31596 -9.87938 1.1
    endloop
  endfacet
  facet normal 0 0 1
    outer loop
      vertex -22.268 -21 1.1
      vertex -2.6527 -9.96961 1.1
      vertex -3 -10 1.1
    endloop
  endfacet
  facet normal 0 0 1
    outer loop
      vertex -2.6527 -9.96961 1.1
      vertex -22.268 -21 1.1
      vertex 22.268 -21 1.1
    endloop
  endfacet
  facet normal 0 0 1
    outer loop
      vertex -3 -10 1.1
      vertex -22.4679 -20.7144 1.1
      vertex -22.268 -21 1.1
    endloop
  endfacet
  facet normal 0 0 1
    outer loop
      vertex -3 -10 1.1
      vertex -22.7144 -20.4679 1.1
      vertex -22.4679 -20.7144 1.1
    endloop
  endfacet
  facet normal 0 0 1
    outer loop
      vertex -3 -10 1.1
      vertex -23 -20.268 1.1
      vertex -22.7144 -20.4679 1.1
    endloop
  endfacet
  facet normal 0 0 1
    outer loop
      vertex -3 -10 1.1
      vertex -23.316 -20.1206 1.1
      vertex -23 -20.268 1.1
    endloop
  endfacet
  facet normal -0 0 1
    outer loop
      vertex -33 -10 1.1
      vertex -23.316 -20.1206 1.1
      vertex -3 -10 1.1
    endloop
  endfacet
  facet normal 0 0 1
    outer loop
      vertex -23.316 -20.1206 1.1
      vertex -33 -10 1.1
      vertex -23.6527 -20.0304 1.1
    endloop
  endfacet
  facet normal 0 0 1
    outer loop
      vertex -23.6527 -20.0304 1.1
      vertex -33 -10 1.1
      vertex -24 -20 1.1
    endloop
  endfacet
  facet normal 0 0 1
    outer loop
      vertex -34 -20 1.1
      vertex -33 -10 1.1
      vertex -33.3473 -9.96961 1.1
    endloop
  endfacet
  facet normal 0 0 1
    outer loop
      vertex -34.3473 -20.0304 1.1
      vertex -33.3473 -9.96961 1.1
      vertex -33.684 -9.87938 1.1
    endloop
  endfacet
  facet normal 0 0 1
    outer loop
      vertex -34.684 -20.1206 1.1
      vertex -33.684 -9.87938 1.1
      vertex -34 -9.73205 1.1
    endloop
  endfacet
  facet normal 0 0 1
    outer loop
      vertex -33 -10 1.1
      vertex -34 -20 1.1
      vertex -24 -20 1.1
    endloop
  endfacet
  facet normal 0 0 1
    outer loop
      vertex -35 -20.268 1.1
      vertex -34 -9.73205 1.1
      vertex -34.2856 -9.53209 1.1
    endloop
  endfacet
  facet normal 0 0 1
    outer loop
      vertex -33.3473 -9.96961 1.1
      vertex -34.3473 -20.0304 1.1
      vertex -34 -20 1.1
    endloop
  endfacet
  facet normal 0 0 1
    outer loop
      vertex -35 -20.268 1.1
      vertex -34.2856 -9.53209 1.1
      vertex -34.5321 -9.28557 1.1
    endloop
  endfacet
  facet normal 0 0 1
    outer loop
      vertex -33.684 -9.87938 1.1
      vertex -34.684 -20.1206 1.1
      vertex -34.3473 -20.0304 1.1
    endloop
  endfacet
  facet normal 0 0 1
    outer loop
      vertex -35 -20.268 1.1
      vertex -34.5321 -9.28557 1.1
      vertex -34.732 -9 1.1
    endloop
  endfacet
  facet normal 0 0 1
    outer loop
      vertex -35 -20.268 1.1
      vertex -34.732 -9 1.1
      vertex -34.8794 -8.68404 1.1
    endloop
  endfacet
  facet normal 0 0 1
    outer loop
      vertex -35 -20.268 1.1
      vertex -34.8794 -8.68404 1.1
      vertex -34.9696 -8.3473 1.1
    endloop
  endfacet
  facet normal 0 0 1
    outer loop
      vertex -35 -20.268 1.1
      vertex -34.9696 -8.3473 1.1
      vertex -35 -8 1.1
    endloop
  endfacet
  facet normal 0 0 1
    outer loop
      vertex -34 -9.73205 1.1
      vertex -35 -20.268 1.1
      vertex -34.684 -20.1206 1.1
    endloop
  endfacet
  facet normal -0 0 1
    outer loop
      vertex -36 29 1.1
      vertex -34.3473 28.9696 1.1
      vertex -34 29 1.1
    endloop
  endfacet
  facet normal 0 0 1
    outer loop
      vertex -36 29 1.1
      vertex -34.684 28.8794 1.1
      vertex -34.3473 28.9696 1.1
    endloop
  endfacet
  facet normal 0 0 1
    outer loop
      vertex -36 29 1.1
      vertex -35 28.732 1.1
      vertex -34.684 28.8794 1.1
    endloop
  endfacet
  facet normal 0 0 1
    outer loop
      vertex -36 29 1.1
      vertex -35.2856 28.5321 1.1
      vertex -35 28.732 1.1
    endloop
  endfacet
  facet normal 0 0 1
    outer loop
      vertex -36 29 1.1
      vertex -35.5321 28.2856 1.1
      vertex -35.2856 28.5321 1.1
    endloop
  endfacet
  facet normal 0 0 1
    outer loop
      vertex -36 29 1.1
      vertex -35.732 28 1.1
      vertex -35.5321 28.2856 1.1
    endloop
  endfacet
  facet normal 0 0 1
    outer loop
      vertex -36 29 1.1
      vertex -35.8794 27.684 1.1
      vertex -35.732 28 1.1
    endloop
  endfacet
  facet normal 0 0 1
    outer loop
      vertex -36 29 1.1
      vertex -35.9696 27.3473 1.1
      vertex -35.8794 27.684 1.1
    endloop
  endfacet
  facet normal 0 0 1
    outer loop
      vertex -41.5 21.9 1.1
      vertex -35.9696 27.3473 1.1
      vertex -36 29 1.1
    endloop
  endfacet
  facet normal 0 0 1
    outer loop
      vertex -34 20 1.1
      vertex -38.305 17.3371 1.1
      vertex -38.5555 16.8 1.1
    endloop
  endfacet
  facet normal 0 0 1
    outer loop
      vertex -35.2856 -20.4679 1.1
      vertex -38.1517 -19.0904 1.1
      vertex -35.5321 -20.7144 1.1
    endloop
  endfacet
  facet normal -0 -0 1
    outer loop
      vertex -38.1517 -17.9096 1.1
      vertex -35 -20.268 1.1
      vertex -38.305 -17.3371 1.1
    endloop
  endfacet
  facet normal -0 0 1
    outer loop
      vertex -38.1517 -19.0904 1.1
      vertex -35.2856 -20.4679 1.1
      vertex -38.1 -18.5 1.1
    endloop
  endfacet
  facet normal -0 -0 1
    outer loop
      vertex -38.1 -18.5 1.1
      vertex -35 -20.268 1.1
      vertex -38.1517 -17.9096 1.1
    endloop
  endfacet
  facet normal 0 0 1
    outer loop
      vertex -35 -20.268 1.1
      vertex -38.1 -18.5 1.1
      vertex -35.2856 -20.4679 1.1
    endloop
  endfacet
  facet normal 0 0 1
    outer loop
      vertex -35 -8 1.1
      vertex -38.5555 -16.8 1.1
      vertex -35 -20.268 1.1
    endloop
  endfacet
  facet normal -0 -0 1
    outer loop
      vertex -38.305 -17.3371 1.1
      vertex -35 -20.268 1.1
      vertex -38.5555 -16.8 1.1
    endloop
  endfacet
  facet normal 0 0 1
    outer loop
      vertex -34.8794 8.68404 1.1
      vertex -40.9096 15.1517 1.1
      vertex -34.9696 8.3473 1.1
    endloop
  endfacet
  facet normal 0 0 1
    outer loop
      vertex -35 -8 1.1
      vertex -39.3145 -15.8954 1.1
      vertex -38.8955 -16.3145 1.1
    endloop
  endfacet
  facet normal -0 0 1
    outer loop
      vertex -41.5 15.1 1.1
      vertex -34.9696 8.3473 1.1
      vertex -40.9096 15.1517 1.1
    endloop
  endfacet
  facet normal 0 0 1
    outer loop
      vertex -35 -8 1.1
      vertex -39.8 -15.5555 1.1
      vertex -39.3145 -15.8954 1.1
    endloop
  endfacet
  facet normal 0 0 1
    outer loop
      vertex -34.9696 8.3473 1.1
      vertex -41.5 15.1 1.1
      vertex -35 8 1.1
    endloop
  endfacet
  facet normal 0 0 1
    outer loop
      vertex -35 -8 1.1
      vertex -40.3371 -15.305 1.1
      vertex -39.8 -15.5555 1.1
    endloop
  endfacet
  facet normal 0 0 1
    outer loop
      vertex -42.0904 15.1517 1.1
      vertex -35 8 1.1
      vertex -41.5 15.1 1.1
    endloop
  endfacet
  facet normal 0 0 1
    outer loop
      vertex -35 -8 1.1
      vertex -40.9096 -15.1517 1.1
      vertex -40.3371 -15.305 1.1
    endloop
  endfacet
  facet normal 0 0 1
    outer loop
      vertex -35 8 1.1
      vertex -52 9 1.1
      vertex -35 -8 1.1
    endloop
  endfacet
  facet normal 0 0 1
    outer loop
      vertex -35 -8 1.1
      vertex -41.5 -15.1 1.1
      vertex -40.9096 -15.1517 1.1
    endloop
  endfacet
  facet normal 0 0 1
    outer loop
      vertex -35 8 1.1
      vertex -42.0904 15.1517 1.1
      vertex -52 9 1.1
    endloop
  endfacet
  facet normal 0 0 1
    outer loop
      vertex -52 -9 1.1
      vertex -35 -8 1.1
      vertex -52 9 1.1
    endloop
  endfacet
  facet normal 0 0 1
    outer loop
      vertex -52 9 1.1
      vertex -42.0904 15.1517 1.1
      vertex -42.6629 15.305 1.1
    endloop
  endfacet
  facet normal 0 -0 1
    outer loop
      vertex -42.0904 -15.1517 1.1
      vertex -35 -8 1.1
      vertex -52 -9 1.1
    endloop
  endfacet
  facet normal 0 0 1
    outer loop
      vertex -52 9 1.1
      vertex -42.6629 15.305 1.1
      vertex -43.2 15.5555 1.1
    endloop
  endfacet
  facet normal 0 0 1
    outer loop
      vertex -35 -8 1.1
      vertex -42.0904 -15.1517 1.1
      vertex -41.5 -15.1 1.1
    endloop
  endfacet
  facet normal 0 0 1
    outer loop
      vertex -52 9 1.1
      vertex -43.2 15.5555 1.1
      vertex -43.6855 15.8954 1.1
    endloop
  endfacet
  facet normal 0 0 1
    outer loop
      vertex -42.0904 -15.1517 1.1
      vertex -52 -9 1.1
      vertex -42.6629 -15.305 1.1
    endloop
  endfacet
  facet normal 0 0 1
    outer loop
      vertex -52 9 1.1
      vertex -43.6855 15.8954 1.1
      vertex -44.1045 16.3145 1.1
    endloop
  endfacet
  facet normal 0 0 1
    outer loop
      vertex -42.6629 -15.305 1.1
      vertex -52 -9 1.1
      vertex -43.2 -15.5555 1.1
    endloop
  endfacet
  facet normal 0 0 1
    outer loop
      vertex -52 9 1.1
      vertex -44.1045 16.3145 1.1
      vertex -44.4445 16.8 1.1
    endloop
  endfacet
  facet normal 0 0 1
    outer loop
      vertex -43.2 -15.5555 1.1
      vertex -52 -9 1.1
      vertex -43.6855 -15.8954 1.1
    endloop
  endfacet
  facet normal 0 0 1
    outer loop
      vertex -52 9 1.1
      vertex -44.4445 16.8 1.1
      vertex -44.695 17.3371 1.1
    endloop
  endfacet
  facet normal 0 0 1
    outer loop
      vertex -43.6855 -15.8954 1.1
      vertex -52 -9 1.1
      vertex -44.1045 -16.3145 1.1
    endloop
  endfacet
  facet normal 0 0 1
    outer loop
      vertex -52 9 1.1
      vertex -44.695 17.3371 1.1
      vertex -44.8483 17.9096 1.1
    endloop
  endfacet
  facet normal 0 0 1
    outer loop
      vertex -44.1045 -16.3145 1.1
      vertex -52 -9 1.1
      vertex -44.4445 -16.8 1.1
    endloop
  endfacet
  facet normal 0 0 1
    outer loop
      vertex -52 9 1.1
      vertex -44.8483 17.9096 1.1
      vertex -44.9 18.5 1.1
    endloop
  endfacet
  facet normal 0 0 1
    outer loop
      vertex -44.4445 -16.8 1.1
      vertex -52 -9 1.1
      vertex -44.695 -17.3371 1.1
    endloop
  endfacet
  facet normal 0 0 1
    outer loop
      vertex -34.3473 20.0304 1.1
      vertex -38.1517 17.9096 1.1
      vertex -38.305 17.3371 1.1
    endloop
  endfacet
  facet normal -0 0 1
    outer loop
      vertex -38.305 -19.6629 1.1
      vertex -35.5321 -20.7144 1.1
      vertex -38.1517 -19.0904 1.1
    endloop
  endfacet
  facet normal 0 0 1
    outer loop
      vertex -35.5321 -20.7144 1.1
      vertex -38.305 -19.6629 1.1
      vertex -35.732 -21 1.1
    endloop
  endfacet
  facet normal 0 0 1
    outer loop
      vertex -38.305 -19.6629 1.1
      vertex -38.5 -21 1.1
      vertex -35.732 -21 1.1
    endloop
  endfacet
  facet normal -0 0 1
    outer loop
      vertex -38.8955 -20.6855 1.1
      vertex -38.5 -21 1.1
      vertex -38.5555 -20.2 1.1
    endloop
  endfacet
  facet normal -0 0 1
    outer loop
      vertex -38.5555 -20.2 1.1
      vertex -38.5 -21 1.1
      vertex -38.305 -19.6629 1.1
    endloop
  endfacet
  facet normal 0 0 1
    outer loop
      vertex 38.305 -19.6629 1.1
      vertex 38.5 -21 1.1
      vertex 38.5555 -20.2 1.1
    endloop
  endfacet
  facet normal 0 0 1
    outer loop
      vertex 35.732 -21 1.1
      vertex 38.305 -19.6629 1.1
      vertex 38.1517 -19.0904 1.1
    endloop
  endfacet
  facet normal 0 0 1
    outer loop
      vertex 38.305 -19.6629 1.1
      vertex 35.732 -21 1.1
      vertex 38.5 -21 1.1
    endloop
  endfacet
  facet normal 0 0 1
    outer loop
      vertex 38.1 -18.5 1.1
      vertex 35.732 -21 1.1
      vertex 38.1517 -19.0904 1.1
    endloop
  endfacet
  facet normal 0 0 1
    outer loop
      vertex 38.1517 -17.9096 1.1
      vertex 35.732 -21 1.1
      vertex 38.1 -18.5 1.1
    endloop
  endfacet
  facet normal 0 0 1
    outer loop
      vertex 38.1 18.5 1.1
      vertex 34.684 20.1206 1.1
      vertex 38.1517 17.9096 1.1
    endloop
  endfacet
  facet normal -0 0 1
    outer loop
      vertex 34.3473 20.0304 1.1
      vertex 38.1517 17.9096 1.1
      vertex 34.684 20.1206 1.1
    endloop
  endfacet
  facet normal 0 0 1
    outer loop
      vertex 38.305 -17.3371 1.1
      vertex 35.5321 -20.7144 1.1
      vertex 35.732 -21 1.1
    endloop
  endfacet
  facet normal 0 0 1
    outer loop
      vertex 38.1517 17.9096 1.1
      vertex 34.3473 20.0304 1.1
      vertex 38.305 17.3371 1.1
    endloop
  endfacet
  facet normal -0 0 1
    outer loop
      vertex 27.924 -0.86824 1.1
      vertex 37.5 -10 1.1
      vertex 28 0 1.1
    endloop
  endfacet
  facet normal 0 -0 1
    outer loop
      vertex 28 0 1.1
      vertex 37.5 10 1.1
      vertex 27.924 0.86824 1.1
    endloop
  endfacet
  facet normal 0 0 1
    outer loop
      vertex 38.305 -17.3371 1.1
      vertex 35.2856 -20.4679 1.1
      vertex 35.5321 -20.7144 1.1
    endloop
  endfacet
  facet normal -0 0 1
    outer loop
      vertex 34 20 1.1
      vertex 38.305 17.3371 1.1
      vertex 34.3473 20.0304 1.1
    endloop
  endfacet
  facet normal 0 0 1
    outer loop
      vertex 38.305 -17.3371 1.1
      vertex 35 -20.268 1.1
      vertex 35.2856 -20.4679 1.1
    endloop
  endfacet
  facet normal 0 0 1
    outer loop
      vertex 38.305 17.3371 1.1
      vertex 34 20 1.1
      vertex 37.5 10 1.1
    endloop
  endfacet
  facet normal 0 0 1
    outer loop
      vertex 38.305 -17.3371 1.1
      vertex 34.684 -20.1206 1.1
      vertex 35 -20.268 1.1
    endloop
  endfacet
  facet normal 0 0 1
    outer loop
      vertex 25.5 4.33013 1.1
      vertex 37.5 10 1.1
      vertex 34 20 1.1
    endloop
  endfacet
  facet normal 0 0 1
    outer loop
      vertex 38.305 -17.3371 1.1
      vertex 34.3473 -20.0304 1.1
      vertex 34.684 -20.1206 1.1
    endloop
  endfacet
  facet normal 0 0 1
    outer loop
      vertex 38.305 -17.3371 1.1
      vertex 34 -20 1.1
      vertex 34.3473 -20.0304 1.1
    endloop
  endfacet
  facet normal 0 0 1
    outer loop
      vertex 37.5 10 1.1
      vertex 28 0 1.1
      vertex 37.5 -10 1.1
    endloop
  endfacet
  facet normal 0 0 1
    outer loop
      vertex 37.5 10 1.1
      vertex 27.6985 1.7101 1.1
      vertex 27.924 0.86824 1.1
    endloop
  endfacet
  facet normal 0 0 1
    outer loop
      vertex 37.5 10 1.1
      vertex 27.3301 2.5 1.1
      vertex 27.6985 1.7101 1.1
    endloop
  endfacet
  facet normal 0 0 1
    outer loop
      vertex 37.5 10 1.1
      vertex 26.8302 3.21394 1.1
      vertex 27.3301 2.5 1.1
    endloop
  endfacet
  facet normal 0 0 1
    outer loop
      vertex 37.5 10 1.1
      vertex 26.2139 3.83022 1.1
      vertex 26.8302 3.21394 1.1
    endloop
  endfacet
  facet normal 0 0 1
    outer loop
      vertex 37.5 10 1.1
      vertex 25.5 4.33013 1.1
      vertex 26.2139 3.83022 1.1
    endloop
  endfacet
  facet normal -0 0 1
    outer loop
      vertex 24 20 1.1
      vertex 25.5 4.33013 1.1
      vertex 34 20 1.1
    endloop
  endfacet
  facet normal 0 0 1
    outer loop
      vertex 25.5 4.33013 1.1
      vertex 24 20 1.1
      vertex 24.7101 4.69846 1.1
    endloop
  endfacet
  facet normal 0 0 1
    outer loop
      vertex 24 20 1.1
      vertex 23.8682 4.92404 1.1
      vertex 24.7101 4.69846 1.1
    endloop
  endfacet
  facet normal 0 0 1
    outer loop
      vertex 23 5 1.1
      vertex 24 20 1.1
      vertex 23.6527 20.0304 1.1
    endloop
  endfacet
  facet normal 0 0 1
    outer loop
      vertex 23 5 1.1
      vertex 23.6527 20.0304 1.1
      vertex 23.316 20.1206 1.1
    endloop
  endfacet
  facet normal 0 0 1
    outer loop
      vertex 23 5 1.1
      vertex 23.316 20.1206 1.1
      vertex 23 20.268 1.1
    endloop
  endfacet
  facet normal 0 0 1
    outer loop
      vertex 24 20 1.1
      vertex 23 5 1.1
      vertex 23.8682 4.92404 1.1
    endloop
  endfacet
  facet normal 0 0 1
    outer loop
      vertex 22.7144 20.4679 1.1
      vertex 23 5 1.1
      vertex 23 20.268 1.1
    endloop
  endfacet
  facet normal 0 0 1
    outer loop
      vertex 22.4679 20.7144 1.1
      vertex 23 5 1.1
      vertex 22.7144 20.4679 1.1
    endloop
  endfacet
  facet normal 0 0 1
    outer loop
      vertex -1.12062 8.68404 1.1
      vertex 22.4679 20.7144 1.1
      vertex 22.268 21 1.1
    endloop
  endfacet
  facet normal -0 0 1
    outer loop
      vertex -1.03039 8.3473 1.1
      vertex 23 5 1.1
      vertex 22.4679 20.7144 1.1
    endloop
  endfacet
  facet normal 0 0 1
    outer loop
      vertex 23 5 1.1
      vertex -1 8 1.1
      vertex -1 5 1.1
    endloop
  endfacet
  facet normal -0 0 1
    outer loop
      vertex 44.4445 16.8 1.1
      vertex 46.4 14 1.1
      vertex 44.695 17.3371 1.1
    endloop
  endfacet
  facet normal 0 0 1
    outer loop
      vertex 46.4 -14 1.1
      vertex 44.8483 -17.9096 1.1
      vertex 44.9 -18.5 1.1
    endloop
  endfacet
  facet normal 0 0 1
    outer loop
      vertex 46.4 14 1.1
      vertex 42.5 10 1.1
      vertex 46.4 -14 1.1
    endloop
  endfacet
  facet normal 0 0 1
    outer loop
      vertex 46.4 -14 1.1
      vertex 44.695 -17.3371 1.1
      vertex 44.8483 -17.9096 1.1
    endloop
  endfacet
  facet normal -0 0 1
    outer loop
      vertex 44.1045 16.3145 1.1
      vertex 46.4 14 1.1
      vertex 44.4445 16.8 1.1
    endloop
  endfacet
  facet normal -0 0 1
    outer loop
      vertex 42.5 -10 1.1
      vertex 46.4 -14 1.1
      vertex 42.5 10 1.1
    endloop
  endfacet
  facet normal -0 0 1
    outer loop
      vertex 43.6855 15.8954 1.1
      vertex 46.4 14 1.1
      vertex 44.1045 16.3145 1.1
    endloop
  endfacet
  facet normal 0 -0 1
    outer loop
      vertex 42.6629 -15.305 1.1
      vertex 46.4 -14 1.1
      vertex 42.5 -10 1.1
    endloop
  endfacet
  facet normal -0 0 1
    outer loop
      vertex 43.2 15.5555 1.1
      vertex 46.4 14 1.1
      vertex 43.6855 15.8954 1.1
    endloop
  endfacet
  facet normal 0 0 1
    outer loop
      vertex 46.4 -14 1.1
      vertex 44.4445 -16.8 1.1
      vertex 44.695 -17.3371 1.1
    endloop
  endfacet
  facet normal -0 0 1
    outer loop
      vertex 42.6629 15.305 1.1
      vertex 46.4 14 1.1
      vertex 43.2 15.5555 1.1
    endloop
  endfacet
  facet normal 0 0 1
    outer loop
      vertex 46.4 -14 1.1
      vertex 44.1045 -16.3145 1.1
      vertex 44.4445 -16.8 1.1
    endloop
  endfacet
  facet normal 0 0 1
    outer loop
      vertex 46.4 14 1.1
      vertex 42.6629 15.305 1.1
      vertex 42.5 10 1.1
    endloop
  endfacet
  facet normal 0 0 1
    outer loop
      vertex 46.4 -14 1.1
      vertex 43.6855 -15.8954 1.1
      vertex 44.1045 -16.3145 1.1
    endloop
  endfacet
  facet normal 0 0 1
    outer loop
      vertex 46.4 -14 1.1
      vertex 43.2 -15.5555 1.1
      vertex 43.6855 -15.8954 1.1
    endloop
  endfacet
  facet normal -0 0 1
    outer loop
      vertex 42.0904 15.1517 1.1
      vertex 42.5 10 1.1
      vertex 42.6629 15.305 1.1
    endloop
  endfacet
  facet normal -0 0 1
    outer loop
      vertex 41.5 15.1 1.1
      vertex 42.5 10 1.1
      vertex 42.0904 15.1517 1.1
    endloop
  endfacet
  facet normal 0 0 1
    outer loop
      vertex 40.9096 15.1517 1.1
      vertex 42.5 10 1.1
      vertex 41.5 15.1 1.1
    endloop
  endfacet
  facet normal 0 0 1
    outer loop
      vertex 37.5 10 1.1
      vertex 40.9096 15.1517 1.1
      vertex 40.3371 15.305 1.1
    endloop
  endfacet
  facet normal 0 0 1
    outer loop
      vertex 37.5 10 1.1
      vertex 40.3371 15.305 1.1
      vertex 39.8 15.5555 1.1
    endloop
  endfacet
  facet normal 0 0 1
    outer loop
      vertex 37.5 10 1.1
      vertex 39.8 15.5555 1.1
      vertex 39.3145 15.8954 1.1
    endloop
  endfacet
  facet normal 0 0 1
    outer loop
      vertex 37.5 10 1.1
      vertex 39.3145 15.8954 1.1
      vertex 38.8955 16.3145 1.1
    endloop
  endfacet
  facet normal 0 0 1
    outer loop
      vertex 37.5 10 1.1
      vertex 38.8955 16.3145 1.1
      vertex 38.5555 16.8 1.1
    endloop
  endfacet
  facet normal 0 0 1
    outer loop
      vertex 40.9096 15.1517 1.1
      vertex 37.5 10 1.1
      vertex 42.5 10 1.1
    endloop
  endfacet
  facet normal 0 0 1
    outer loop
      vertex 38.305 17.3371 1.1
      vertex 37.5 10 1.1
      vertex 38.5555 16.8 1.1
    endloop
  endfacet
  facet normal 0 0 1
    outer loop
      vertex 38.1517 19.0904 1.1
      vertex 35.2856 20.4679 1.1
      vertex 38.1 18.5 1.1
    endloop
  endfacet
  facet normal -0 0 1
    outer loop
      vertex 35.2856 20.4679 1.1
      vertex 38.1517 19.0904 1.1
      vertex 35.5321 20.7144 1.1
    endloop
  endfacet
  facet normal 0 0 1
    outer loop
      vertex 48.5 32 1.1
      vertex 52 28.5 1.1
      vertex 51.9468 29.1078 1.1
    endloop
  endfacet
  facet normal 0 0 1
    outer loop
      vertex 52 28.5 1.1
      vertex 49.6 14 1.1
      vertex 52 -28.5 1.1
    endloop
  endfacet
  facet normal 0 0 1
    outer loop
      vertex 48.5 32 1.1
      vertex 51.9468 29.1078 1.1
      vertex 51.7889 29.6971 1.1
    endloop
  endfacet
  facet normal -0 0 1
    outer loop
      vertex 49.6 -14 1.1
      vertex 52 -28.5 1.1
      vertex 49.6 14 1.1
    endloop
  endfacet
  facet normal 0 0 1
    outer loop
      vertex 48.5 32 1.1
      vertex 51.7889 29.6971 1.1
      vertex 51.5311 30.25 1.1
    endloop
  endfacet
  facet normal -0 0 1
    outer loop
      vertex 44.8483 -19.0904 1.1
      vertex 52 -28.5 1.1
      vertex 49.6 -14 1.1
    endloop
  endfacet
  facet normal 0 0 1
    outer loop
      vertex 48.5 32 1.1
      vertex 51.5311 30.25 1.1
      vertex 51.1812 30.7498 1.1
    endloop
  endfacet
  facet normal -0 0 1
    outer loop
      vertex 44.695 -19.6629 1.1
      vertex 52 -28.5 1.1
      vertex 44.8483 -19.0904 1.1
    endloop
  endfacet
  facet normal 0 0 1
    outer loop
      vertex 48.5 32 1.1
      vertex 51.1812 30.7498 1.1
      vertex 50.7498 31.1812 1.1
    endloop
  endfacet
  facet normal -0 0 1
    outer loop
      vertex 44.1045 -20.6855 1.1
      vertex 52 -28.5 1.1
      vertex 44.4445 -20.2 1.1
    endloop
  endfacet
  facet normal 0 0 1
    outer loop
      vertex 48.5 32 1.1
      vertex 50.7498 31.1812 1.1
      vertex 50.25 31.5311 1.1
    endloop
  endfacet
  facet normal -0 0 1
    outer loop
      vertex 43.6855 -21.1045 1.1
      vertex 52 -28.5 1.1
      vertex 44.1045 -20.6855 1.1
    endloop
  endfacet
  facet normal 0 0 1
    outer loop
      vertex 48.5 32 1.1
      vertex 50.25 31.5311 1.1
      vertex 49.6971 31.7889 1.1
    endloop
  endfacet
  facet normal -0 0 1
    outer loop
      vertex 43.2 -21.4445 1.1
      vertex 52 -28.5 1.1
      vertex 43.6855 -21.1045 1.1
    endloop
  endfacet
  facet normal 0 -0 1
    outer loop
      vertex 48.5 -32 1.1
      vertex 52 -28.5 1.1
      vertex 43.2 -21.4445 1.1
    endloop
  endfacet
  facet normal 0 0 1
    outer loop
      vertex 48.5 32 1.1
      vertex 49.6971 31.7889 1.1
      vertex 49.1078 31.9468 1.1
    endloop
  endfacet
  facet normal 0 0 1
    outer loop
      vertex 52 28.5 1.1
      vertex 48.5 32 1.1
      vertex 43.2 21.4445 1.1
    endloop
  endfacet
  facet normal 0 0 1
    outer loop
      vertex 52 28.5 1.1
      vertex 44.695 19.6629 1.1
      vertex 44.8483 19.0904 1.1
    endloop
  endfacet
  facet normal 0 0 1
    outer loop
      vertex 49.6 14 1.1
      vertex 44.8483 17.9096 1.1
      vertex 46.4 14 1.1
    endloop
  endfacet
  facet normal -0 -0 1
    outer loop
      vertex 44.9 18.5 1.1
      vertex 49.6 14 1.1
      vertex 44.8483 19.0904 1.1
    endloop
  endfacet
  facet normal -0 0 1
    outer loop
      vertex 44.8483 17.9096 1.1
      vertex 49.6 14 1.1
      vertex 44.9 18.5 1.1
    endloop
  endfacet
  facet normal 0 0 1
    outer loop
      vertex 52 28.5 1.1
      vertex 44.8483 19.0904 1.1
      vertex 49.6 14 1.1
    endloop
  endfacet
  facet normal 0 0 1
    outer loop
      vertex 52 28.5 1.1
      vertex 44.4445 20.2 1.1
      vertex 44.695 19.6629 1.1
    endloop
  endfacet
  facet normal 0 0 1
    outer loop
      vertex 52 28.5 1.1
      vertex 44.1045 20.6855 1.1
      vertex 44.4445 20.2 1.1
    endloop
  endfacet
  facet normal 0 0 1
    outer loop
      vertex 52 28.5 1.1
      vertex 43.6855 21.1045 1.1
      vertex 44.1045 20.6855 1.1
    endloop
  endfacet
  facet normal 0 0 1
    outer loop
      vertex 52 28.5 1.1
      vertex 43.2 21.4445 1.1
      vertex 43.6855 21.1045 1.1
    endloop
  endfacet
  facet normal 0 0 1
    outer loop
      vertex 48.5 32 1.1
      vertex 42.6629 21.695 1.1
      vertex 43.2 21.4445 1.1
    endloop
  endfacet
  facet normal 0 0 1
    outer loop
      vertex 48.5 32 1.1
      vertex 42.0904 21.8483 1.1
      vertex 42.6629 21.695 1.1
    endloop
  endfacet
  facet normal 0 0 1
    outer loop
      vertex 36 29 1.1
      vertex 48.5 32 1.1
      vertex 36 31 1.1
    endloop
  endfacet
  facet normal 0 0 1
    outer loop
      vertex 48.5 32 1.1
      vertex 36 29 1.1
      vertex 42.0904 21.8483 1.1
    endloop
  endfacet
  facet normal 0 0 1
    outer loop
      vertex 42.0904 21.8483 1.1
      vertex 36 29 1.1
      vertex 41.5 21.9 1.1
    endloop
  endfacet
  facet normal 0 0 1
    outer loop
      vertex 40.9096 21.8483 1.1
      vertex 38.5 22.6 1.1
      vertex 40.3371 21.695 1.1
    endloop
  endfacet
  facet normal 0 0 1
    outer loop
      vertex 40.3371 21.695 1.1
      vertex 38.5 22.6 1.1
      vertex 39.8 21.4445 1.1
    endloop
  endfacet
  facet normal 0 0 1
    outer loop
      vertex 39.8 21.4445 1.1
      vertex 38.5 22.6 1.1
      vertex 39.3145 21.1045 1.1
    endloop
  endfacet
  facet normal 0 0 1
    outer loop
      vertex 39.3145 21.1045 1.1
      vertex 38.5 21 1.1
      vertex 38.8955 20.6855 1.1
    endloop
  endfacet
  facet normal 0 0 1
    outer loop
      vertex 38.5 21 1.1
      vertex 39.3145 21.1045 1.1
      vertex 38.5 22.6 1.1
    endloop
  endfacet
  facet normal 0 0 1
    outer loop
      vertex 41.5 21.9 1.1
      vertex 38.5 22.6 1.1
      vertex 40.9096 21.8483 1.1
    endloop
  endfacet
  facet normal 0 0 1
    outer loop
      vertex 48.5 32 1.1
      vertex -36 31 1.1
      vertex 36 31 1.1
    endloop
  endfacet
  facet normal 0 0 1
    outer loop
      vertex -48.5 32 1.1
      vertex -36 29 1.1
      vertex -36 31 1.1
    endloop
  endfacet
  facet normal 0 -0 1
    outer loop
      vertex -42.0904 21.8483 1.1
      vertex -36 29 1.1
      vertex -48.5 32 1.1
    endloop
  endfacet
  facet normal 0 0 1
    outer loop
      vertex -36 27 1.1
      vertex -38.5 22.6 1.1
      vertex -36 22.6 1.1
    endloop
  endfacet
  facet normal -0 0 1
    outer loop
      vertex -39.3145 21.1045 1.1
      vertex -38.5 21 1.1
      vertex -38.5 22.6 1.1
    endloop
  endfacet
  facet normal 0 0 1
    outer loop
      vertex -38.5 21 1.1
      vertex -38.8955 20.6855 1.1
      vertex -38.5555 20.2 1.1
    endloop
  endfacet
  facet normal 0 0 1
    outer loop
      vertex -38.5 21 1.1
      vertex -39.3145 21.1045 1.1
      vertex -38.8955 20.6855 1.1
    endloop
  endfacet
  facet normal 0 0 1
    outer loop
      vertex -36 27 1.1
      vertex -41.5 21.9 1.1
      vertex -38.5 22.6 1.1
    endloop
  endfacet
  facet normal 0 0 1
    outer loop
      vertex -38.5 22.6 1.1
      vertex -39.8 21.4445 1.1
      vertex -39.3145 21.1045 1.1
    endloop
  endfacet
  facet normal 0 0 1
    outer loop
      vertex -38.5 22.6 1.1
      vertex -40.3371 21.695 1.1
      vertex -39.8 21.4445 1.1
    endloop
  endfacet
  facet normal 0 0 1
    outer loop
      vertex -38.5 22.6 1.1
      vertex -40.9096 21.8483 1.1
      vertex -40.3371 21.695 1.1
    endloop
  endfacet
  facet normal 0 0 1
    outer loop
      vertex -38.5 22.6 1.1
      vertex -41.5 21.9 1.1
      vertex -40.9096 21.8483 1.1
    endloop
  endfacet
  facet normal 0 0 1
    outer loop
      vertex -35.9696 27.3473 1.1
      vertex -41.5 21.9 1.1
      vertex -36 27 1.1
    endloop
  endfacet
  facet normal 0 -0 1
    outer loop
      vertex -41.5 21.9 1.1
      vertex -36 29 1.1
      vertex -42.0904 21.8483 1.1
    endloop
  endfacet
  facet normal 0 0 1
    outer loop
      vertex -42.0904 21.8483 1.1
      vertex -48.5 32 1.1
      vertex -42.6629 21.695 1.1
    endloop
  endfacet
  facet normal 0 0 1
    outer loop
      vertex -42.6629 21.695 1.1
      vertex -48.5 32 1.1
      vertex -43.2 21.4445 1.1
    endloop
  endfacet
  facet normal -0 0 1
    outer loop
      vertex -52 28.5 1.1
      vertex -43.2 21.4445 1.1
      vertex -48.5 32 1.1
    endloop
  endfacet
  facet normal 0 0 1
    outer loop
      vertex -44.8483 19.0904 1.1
      vertex -52 28.5 1.1
      vertex -44.9 18.5 1.1
    endloop
  endfacet
  facet normal 0 0 1
    outer loop
      vertex -44.695 19.6629 1.1
      vertex -52 28.5 1.1
      vertex -44.8483 19.0904 1.1
    endloop
  endfacet
  facet normal 0 0 1
    outer loop
      vertex -44.4445 20.2 1.1
      vertex -52 28.5 1.1
      vertex -44.695 19.6629 1.1
    endloop
  endfacet
  facet normal 0 0 1
    outer loop
      vertex -44.1045 20.6855 1.1
      vertex -52 28.5 1.1
      vertex -44.4445 20.2 1.1
    endloop
  endfacet
  facet normal 0 0 1
    outer loop
      vertex -43.6855 21.1045 1.1
      vertex -52 28.5 1.1
      vertex -44.1045 20.6855 1.1
    endloop
  endfacet
  facet normal 0 0 1
    outer loop
      vertex -43.2 21.4445 1.1
      vertex -52 28.5 1.1
      vertex -43.6855 21.1045 1.1
    endloop
  endfacet
  facet normal -0 0 1
    outer loop
      vertex -48.5 32 1.1
      vertex -36 31 1.1
      vertex 48.5 32 1.1
    endloop
  endfacet
  facet normal 0 0 1
    outer loop
      vertex 51.9468 -29.1078 1.1
      vertex 48.5 -32 1.1
      vertex 51.7889 -29.6971 1.1
    endloop
  endfacet
  facet normal 0 0 1
    outer loop
      vertex 51.7889 -29.6971 1.1
      vertex 48.5 -32 1.1
      vertex 51.5311 -30.25 1.1
    endloop
  endfacet
  facet normal 0 0 1
    outer loop
      vertex 51.5311 -30.25 1.1
      vertex 48.5 -32 1.1
      vertex 51.1812 -30.7498 1.1
    endloop
  endfacet
  facet normal 0 0 1
    outer loop
      vertex 44.9 -18.5 1.1
      vertex 49.6 -14 1.1
      vertex 46.4 -14 1.1
    endloop
  endfacet
  facet normal -0 0 1
    outer loop
      vertex 44.695 17.3371 1.1
      vertex 46.4 14 1.1
      vertex 44.8483 17.9096 1.1
    endloop
  endfacet
  facet normal 0 0 1
    outer loop
      vertex 49.6 -14 1.1
      vertex 44.9 -18.5 1.1
      vertex 44.8483 -19.0904 1.1
    endloop
  endfacet
  facet normal -0 0 1
    outer loop
      vertex 44.4445 -20.2 1.1
      vertex 52 -28.5 1.1
      vertex 44.695 -19.6629 1.1
    endloop
  endfacet
  facet normal 0 0 1
    outer loop
      vertex 51.1812 -30.7498 1.1
      vertex 48.5 -32 1.1
      vertex 50.7498 -31.1812 1.1
    endloop
  endfacet
  facet normal 0 0 1
    outer loop
      vertex 50.7498 -31.1812 1.1
      vertex 48.5 -32 1.1
      vertex 50.25 -31.5311 1.1
    endloop
  endfacet
  facet normal 0 0 1
    outer loop
      vertex 50.25 -31.5311 1.1
      vertex 48.5 -32 1.1
      vertex 49.6971 -31.7889 1.1
    endloop
  endfacet
  facet normal 0 0 1
    outer loop
      vertex 49.6971 -31.7889 1.1
      vertex 48.5 -32 1.1
      vertex 49.1078 -31.9468 1.1
    endloop
  endfacet
  facet normal 0 0 1
    outer loop
      vertex 52 -28.5 1.1
      vertex 48.5 -32 1.1
      vertex 51.9468 -29.1078 1.1
    endloop
  endfacet
  facet normal -0 0 1
    outer loop
      vertex 42.6629 -21.695 1.1
      vertex 48.5 -32 1.1
      vertex 43.2 -21.4445 1.1
    endloop
  endfacet
  facet normal -0 0 1
    outer loop
      vertex 42.0904 -21.8483 1.1
      vertex 48.5 -32 1.1
      vertex 42.6629 -21.695 1.1
    endloop
  endfacet
  facet normal 0 0 1
    outer loop
      vertex 36 -29 1.1
      vertex 42.0904 -21.8483 1.1
      vertex 41.5 -21.9 1.1
    endloop
  endfacet
  facet normal 0 0 1
    outer loop
      vertex 38.5 -22.6 1.1
      vertex 41.5 -21.9 1.1
      vertex 40.9096 -21.8483 1.1
    endloop
  endfacet
  facet normal 0 0 1
    outer loop
      vertex 38.5 -22.6 1.1
      vertex 40.9096 -21.8483 1.1
      vertex 40.3371 -21.695 1.1
    endloop
  endfacet
  facet normal 0 0 1
    outer loop
      vertex 38.5 -22.6 1.1
      vertex 40.3371 -21.695 1.1
      vertex 39.8 -21.4445 1.1
    endloop
  endfacet
  facet normal 0 0 1
    outer loop
      vertex 38.5 -22.6 1.1
      vertex 39.8 -21.4445 1.1
      vertex 39.3145 -21.1045 1.1
    endloop
  endfacet
  facet normal -0 0 1
    outer loop
      vertex 38.5 -21 1.1
      vertex 39.3145 -21.1045 1.1
      vertex 38.8955 -20.6855 1.1
    endloop
  endfacet
  facet normal 0 0 1
    outer loop
      vertex 38.5 -21 1.1
      vertex 38.8955 -20.6855 1.1
      vertex 38.5555 -20.2 1.1
    endloop
  endfacet
  facet normal 0 0 1
    outer loop
      vertex 39.3145 -21.1045 1.1
      vertex 38.5 -21 1.1
      vertex 38.5 -22.6 1.1
    endloop
  endfacet
  facet normal 0 0 1
    outer loop
      vertex 41.5 -21.9 1.1
      vertex 38.5 -22.6 1.1
      vertex 36 -27 1.1
    endloop
  endfacet
  facet normal 0 0 1
    outer loop
      vertex 36 -27 1.1
      vertex 38.5 -22.6 1.1
      vertex 36 -22.6 1.1
    endloop
  endfacet
  facet normal 0 0 1
    outer loop
      vertex 35.9696 -27.3473 1.1
      vertex 41.5 -21.9 1.1
      vertex 36 -27 1.1
    endloop
  endfacet
  facet normal 0 0 1
    outer loop
      vertex 42.0904 -21.8483 1.1
      vertex 36 -29 1.1
      vertex 48.5 -32 1.1
    endloop
  endfacet
  facet normal -0 0 1
    outer loop
      vertex 36 -31 1.1
      vertex 48.5 -32 1.1
      vertex 36 -29 1.1
    endloop
  endfacet
  facet normal -0 0 1
    outer loop
      vertex -36 -31 1.1
      vertex 48.5 -32 1.1
      vertex 36 -31 1.1
    endloop
  endfacet
  facet normal 0 0 1
    outer loop
      vertex -39.3145 -21.1045 1.1
      vertex -38.5 -21 1.1
      vertex -38.8955 -20.6855 1.1
    endloop
  endfacet
  facet normal 0 0 1
    outer loop
      vertex -38.5 -21 1.1
      vertex -39.3145 -21.1045 1.1
      vertex -38.5 -22.6 1.1
    endloop
  endfacet
  facet normal -0 0 1
    outer loop
      vertex -39.8 -21.4445 1.1
      vertex -38.5 -22.6 1.1
      vertex -39.3145 -21.1045 1.1
    endloop
  endfacet
  facet normal -0 0 1
    outer loop
      vertex -40.3371 -21.695 1.1
      vertex -38.5 -22.6 1.1
      vertex -39.8 -21.4445 1.1
    endloop
  endfacet
  facet normal -0 0 1
    outer loop
      vertex -40.9096 -21.8483 1.1
      vertex -38.5 -22.6 1.1
      vertex -40.3371 -21.695 1.1
    endloop
  endfacet
  facet normal -0 0 1
    outer loop
      vertex -41.5 -21.9 1.1
      vertex -38.5 -22.6 1.1
      vertex -40.9096 -21.8483 1.1
    endloop
  endfacet
  facet normal 0 0 1
    outer loop
      vertex -42.0904 -21.8483 1.1
      vertex -36 -29 1.1
      vertex -41.5 -21.9 1.1
    endloop
  endfacet
  facet normal 0 0 1
    outer loop
      vertex -48.5 -32 1.1
      vertex -36 -29 1.1
      vertex -42.0904 -21.8483 1.1
    endloop
  endfacet
  facet normal 0 0 1
    outer loop
      vertex -48.5 -32 1.1
      vertex -42.0904 -21.8483 1.1
      vertex -42.6629 -21.695 1.1
    endloop
  endfacet
  facet normal 0 0 1
    outer loop
      vertex -48.5 -32 1.1
      vertex -42.6629 -21.695 1.1
      vertex -43.2 -21.4445 1.1
    endloop
  endfacet
  facet normal 0 0 1
    outer loop
      vertex -52 -28.5 1.1
      vertex -43.2 -21.4445 1.1
      vertex -43.6855 -21.1045 1.1
    endloop
  endfacet
  facet normal 0 0 1
    outer loop
      vertex -52 -28.5 1.1
      vertex -43.6855 -21.1045 1.1
      vertex -44.1045 -20.6855 1.1
    endloop
  endfacet
  facet normal 0 0 1
    outer loop
      vertex -36 -31 1.1
      vertex -48.5 -32 1.1
      vertex 48.5 -32 1.1
    endloop
  endfacet
  facet normal 0 0 1
    outer loop
      vertex -36 -29 1.1
      vertex -48.5 -32 1.1
      vertex -36 -31 1.1
    endloop
  endfacet
  facet normal 0 0 1
    outer loop
      vertex -52 -28.5 1.1
      vertex -44.1045 -20.6855 1.1
      vertex -44.4445 -20.2 1.1
    endloop
  endfacet
  facet normal 0 0 1
    outer loop
      vertex -52 -28.5 1.1
      vertex -44.4445 -20.2 1.1
      vertex -44.695 -19.6629 1.1
    endloop
  endfacet
  facet normal 0 0 1
    outer loop
      vertex -52 -28.5 1.1
      vertex -44.695 -19.6629 1.1
      vertex -44.8483 -19.0904 1.1
    endloop
  endfacet
  facet normal 0 0 1
    outer loop
      vertex -52 -28.5 1.1
      vertex -44.8483 -19.0904 1.1
      vertex -44.9 -18.5 1.1
    endloop
  endfacet
  facet normal 0 0 1
    outer loop
      vertex -44.695 -17.3371 1.1
      vertex -52 -9 1.1
      vertex -44.8483 -17.9096 1.1
    endloop
  endfacet
  facet normal 0 0 1
    outer loop
      vertex -52 28.5 1.1
      vertex -48.5 32 1.1
      vertex -49.1078 31.9468 1.1
    endloop
  endfacet
  facet normal 0 0 1
    outer loop
      vertex -44.8483 -17.9096 1.1
      vertex -52 -9 1.1
      vertex -44.9 -18.5 1.1
    endloop
  endfacet
  facet normal 0 0 1
    outer loop
      vertex -52 28.5 1.1
      vertex -49.1078 31.9468 1.1
      vertex -49.6971 31.7889 1.1
    endloop
  endfacet
  facet normal 0 0 1
    outer loop
      vertex -52 -28.5 1.1
      vertex -44.9 -18.5 1.1
      vertex -52 -9 1.1
    endloop
  endfacet
  facet normal 0 0 1
    outer loop
      vertex -52 28.5 1.1
      vertex -49.6971 31.7889 1.1
      vertex -50.25 31.5311 1.1
    endloop
  endfacet
  facet normal 0 0 1
    outer loop
      vertex -43.2 -21.4445 1.1
      vertex -52 -28.5 1.1
      vertex -48.5 -32 1.1
    endloop
  endfacet
  facet normal 0 0 1
    outer loop
      vertex -52 28.5 1.1
      vertex -50.25 31.5311 1.1
      vertex -50.7498 31.1812 1.1
    endloop
  endfacet
  facet normal 0 0 1
    outer loop
      vertex -48.5 -32 1.1
      vertex -52 -28.5 1.1
      vertex -49.1078 -31.9468 1.1
    endloop
  endfacet
  facet normal 0 0 1
    outer loop
      vertex -52 28.5 1.1
      vertex -50.7498 31.1812 1.1
      vertex -51.1812 30.7498 1.1
    endloop
  endfacet
  facet normal 0 0 1
    outer loop
      vertex -49.1078 -31.9468 1.1
      vertex -52 -28.5 1.1
      vertex -49.6971 -31.7889 1.1
    endloop
  endfacet
  facet normal 0 0 1
    outer loop
      vertex -52 28.5 1.1
      vertex -51.1812 30.7498 1.1
      vertex -51.5311 30.25 1.1
    endloop
  endfacet
  facet normal 0 0 1
    outer loop
      vertex -49.6971 -31.7889 1.1
      vertex -52 -28.5 1.1
      vertex -50.25 -31.5311 1.1
    endloop
  endfacet
  facet normal 0 0 1
    outer loop
      vertex -52 28.5 1.1
      vertex -51.5311 30.25 1.1
      vertex -51.7889 29.6971 1.1
    endloop
  endfacet
  facet normal 0 0 1
    outer loop
      vertex -50.25 -31.5311 1.1
      vertex -52 -28.5 1.1
      vertex -50.7498 -31.1812 1.1
    endloop
  endfacet
  facet normal 0 0 1
    outer loop
      vertex -52 28.5 1.1
      vertex -51.7889 29.6971 1.1
      vertex -51.9468 29.1078 1.1
    endloop
  endfacet
  facet normal 0 0 1
    outer loop
      vertex -50.7498 -31.1812 1.1
      vertex -52 -28.5 1.1
      vertex -51.1812 -30.7498 1.1
    endloop
  endfacet
  facet normal 0 0 1
    outer loop
      vertex -44.9 18.5 1.1
      vertex -52 28.5 1.1
      vertex -52 9 1.1
    endloop
  endfacet
  facet normal 0 0 1
    outer loop
      vertex -51.1812 -30.7498 1.1
      vertex -52 -28.5 1.1
      vertex -51.5311 -30.25 1.1
    endloop
  endfacet
  facet normal 0 0 1
    outer loop
      vertex -51.5311 -30.25 1.1
      vertex -52 -28.5 1.1
      vertex -51.7889 -29.6971 1.1
    endloop
  endfacet
  facet normal 0 0 1
    outer loop
      vertex -51.7889 -29.6971 1.1
      vertex -52 -28.5 1.1
      vertex -51.9468 -29.1078 1.1
    endloop
  endfacet
  facet normal 0 0 1
    outer loop
      vertex 46.4 -14 1.1
      vertex 42.6629 -15.305 1.1
      vertex 43.2 -15.5555 1.1
    endloop
  endfacet
  facet normal 0 0 1
    outer loop
      vertex 42.5 -10 1.1
      vertex 42.0904 -15.1517 1.1
      vertex 42.6629 -15.305 1.1
    endloop
  endfacet
  facet normal 0 0 1
    outer loop
      vertex 42.5 -10 1.1
      vertex 41.5 -15.1 1.1
      vertex 42.0904 -15.1517 1.1
    endloop
  endfacet
  facet normal 0 0 1
    outer loop
      vertex 42.5 -10 1.1
      vertex 40.9096 -15.1517 1.1
      vertex 41.5 -15.1 1.1
    endloop
  endfacet
  facet normal -0 0 1
    outer loop
      vertex 37.5 -10 1.1
      vertex 40.9096 -15.1517 1.1
      vertex 42.5 -10 1.1
    endloop
  endfacet
  facet normal 0 0 1
    outer loop
      vertex 40.9096 -15.1517 1.1
      vertex 37.5 -10 1.1
      vertex 40.3371 -15.305 1.1
    endloop
  endfacet
  facet normal 0 0 1
    outer loop
      vertex 40.3371 -15.305 1.1
      vertex 37.5 -10 1.1
      vertex 39.8 -15.5555 1.1
    endloop
  endfacet
  facet normal 0 0 1
    outer loop
      vertex 39.8 -15.5555 1.1
      vertex 37.5 -10 1.1
      vertex 39.3145 -15.8954 1.1
    endloop
  endfacet
  facet normal 0 0 1
    outer loop
      vertex 39.3145 -15.8954 1.1
      vertex 37.5 -10 1.1
      vertex 38.8955 -16.3145 1.1
    endloop
  endfacet
  facet normal 0 0 1
    outer loop
      vertex 38.305 -17.3371 1.1
      vertex 35.732 -21 1.1
      vertex 38.1517 -17.9096 1.1
    endloop
  endfacet
  facet normal 0 0 1
    outer loop
      vertex 38.5555 -16.8 1.1
      vertex 34 -20 1.1
      vertex 38.305 -17.3371 1.1
    endloop
  endfacet
  facet normal 0 0 1
    outer loop
      vertex 34 -20 1.1
      vertex 38.5555 -16.8 1.1
      vertex 37.5 -10 1.1
    endloop
  endfacet
  facet normal 0 0 1
    outer loop
      vertex 38.8955 -16.3145 1.1
      vertex 37.5 -10 1.1
      vertex 38.5555 -16.8 1.1
    endloop
  endfacet
  facet normal 0 0 1
    outer loop
      vertex 38.8955 20.6855 1.1
      vertex 38.5 21 1.1
      vertex 38.5555 20.2 1.1
    endloop
  endfacet
  facet normal 0 0 1
    outer loop
      vertex 38.5 21 1.1
      vertex 38.305 19.6629 1.1
      vertex 38.5555 20.2 1.1
    endloop
  endfacet
  facet normal -0 0 1
    outer loop
      vertex 35.732 21 1.1
      vertex 38.305 19.6629 1.1
      vertex 38.5 21 1.1
    endloop
  endfacet
  facet normal -0 0 1
    outer loop
      vertex 34.684 20.1206 1.1
      vertex 38.1 18.5 1.1
      vertex 35 20.268 1.1
    endloop
  endfacet
  facet normal -0 0 1
    outer loop
      vertex 35 20.268 1.1
      vertex 38.1 18.5 1.1
      vertex 35.2856 20.4679 1.1
    endloop
  endfacet
  facet normal 0 0 1
    outer loop
      vertex 38.305 19.6629 1.1
      vertex 35.5321 20.7144 1.1
      vertex 38.1517 19.0904 1.1
    endloop
  endfacet
  facet normal -0 0 1
    outer loop
      vertex 35.5321 20.7144 1.1
      vertex 38.305 19.6629 1.1
      vertex 35.732 21 1.1
    endloop
  endfacet
  facet normal 0 0 1
    outer loop
      vertex -39.9243 -18.2222 1.1
      vertex -39.9243 -18.7778 1.1
      vertex -39.9 -18.5 1.1
    endloop
  endfacet
  facet normal 0 0 1
    outer loop
      vertex -39.9965 -17.9528 1.1
      vertex -39.9243 -18.7778 1.1
      vertex -39.9243 -18.2222 1.1
    endloop
  endfacet
  facet normal 0 0 1
    outer loop
      vertex -39.9965 -17.9528 1.1
      vertex -39.9965 -19.0472 1.1
      vertex -39.9243 -18.7778 1.1
    endloop
  endfacet
  facet normal 0 0 1
    outer loop
      vertex -40.1144 -17.7 1.1
      vertex -39.9965 -19.0472 1.1
      vertex -39.9965 -17.9528 1.1
    endloop
  endfacet
  facet normal 0 0 1
    outer loop
      vertex -40.1144 -17.7 1.1
      vertex -40.1144 -19.3 1.1
      vertex -39.9965 -19.0472 1.1
    endloop
  endfacet
  facet normal 0 0 1
    outer loop
      vertex -40.2743 -17.4715 1.1
      vertex -40.1144 -19.3 1.1
      vertex -40.1144 -17.7 1.1
    endloop
  endfacet
  facet normal 0 0 1
    outer loop
      vertex -40.2743 -17.4715 1.1
      vertex -40.2743 -19.5285 1.1
      vertex -40.1144 -19.3 1.1
    endloop
  endfacet
  facet normal 0 0 1
    outer loop
      vertex -40.4715 -17.2743 1.1
      vertex -40.2743 -19.5285 1.1
      vertex -40.2743 -17.4715 1.1
    endloop
  endfacet
  facet normal 0 0 1
    outer loop
      vertex -40.4715 -17.2743 1.1
      vertex -40.4715 -19.7257 1.1
      vertex -40.2743 -19.5285 1.1
    endloop
  endfacet
  facet normal 0 0 1
    outer loop
      vertex -40.7 -17.1144 1.1
      vertex -40.4715 -19.7257 1.1
      vertex -40.4715 -17.2743 1.1
    endloop
  endfacet
  facet normal 0 0 1
    outer loop
      vertex -40.7 -17.1144 1.1
      vertex -40.7 -19.8856 1.1
      vertex -40.4715 -19.7257 1.1
    endloop
  endfacet
  facet normal 0 0 1
    outer loop
      vertex -40.9528 -16.9965 1.1
      vertex -40.7 -19.8856 1.1
      vertex -40.7 -17.1144 1.1
    endloop
  endfacet
  facet normal 0 0 1
    outer loop
      vertex -40.9528 -16.9965 1.1
      vertex -40.9528 -20.0035 1.1
      vertex -40.7 -19.8856 1.1
    endloop
  endfacet
  facet normal 0 0 1
    outer loop
      vertex -41.2222 -16.9243 1.1
      vertex -40.9528 -20.0035 1.1
      vertex -40.9528 -16.9965 1.1
    endloop
  endfacet
  facet normal 0 0 1
    outer loop
      vertex -41.2222 -16.9243 1.1
      vertex -41.2222 -20.0757 1.1
      vertex -40.9528 -20.0035 1.1
    endloop
  endfacet
  facet normal 0 0 1
    outer loop
      vertex -41.5 -16.9 1.1
      vertex -41.2222 -20.0757 1.1
      vertex -41.2222 -16.9243 1.1
    endloop
  endfacet
  facet normal 0 0 1
    outer loop
      vertex -41.5 -16.9 1.1
      vertex -41.5 -20.1 1.1
      vertex -41.2222 -20.0757 1.1
    endloop
  endfacet
  facet normal -0 0 1
    outer loop
      vertex -41.7778 -16.9243 1.1
      vertex -41.5 -20.1 1.1
      vertex -41.5 -16.9 1.1
    endloop
  endfacet
  facet normal 0 0 1
    outer loop
      vertex -41.7778 -16.9243 1.1
      vertex -41.7778 -20.0757 1.1
      vertex -41.5 -20.1 1.1
    endloop
  endfacet
  facet normal -0 0 1
    outer loop
      vertex -42.0472 -16.9965 1.1
      vertex -41.7778 -20.0757 1.1
      vertex -41.7778 -16.9243 1.1
    endloop
  endfacet
  facet normal 0 0 1
    outer loop
      vertex -42.0472 -16.9965 1.1
      vertex -42.0472 -20.0035 1.1
      vertex -41.7778 -20.0757 1.1
    endloop
  endfacet
  facet normal -0 0 1
    outer loop
      vertex -42.3 -17.1144 1.1
      vertex -42.0472 -20.0035 1.1
      vertex -42.0472 -16.9965 1.1
    endloop
  endfacet
  facet normal 0 0 1
    outer loop
      vertex -42.3 -17.1144 1.1
      vertex -42.3 -19.8856 1.1
      vertex -42.0472 -20.0035 1.1
    endloop
  endfacet
  facet normal -0 0 1
    outer loop
      vertex -42.5285 -17.2743 1.1
      vertex -42.3 -19.8856 1.1
      vertex -42.3 -17.1144 1.1
    endloop
  endfacet
  facet normal 0 0 1
    outer loop
      vertex -42.5285 -17.2743 1.1
      vertex -42.5285 -19.7257 1.1
      vertex -42.3 -19.8856 1.1
    endloop
  endfacet
  facet normal -0 0 1
    outer loop
      vertex -42.7257 -17.4715 1.1
      vertex -42.5285 -19.7257 1.1
      vertex -42.5285 -17.2743 1.1
    endloop
  endfacet
  facet normal 0 0 1
    outer loop
      vertex -42.7257 -17.4715 1.1
      vertex -42.7257 -19.5285 1.1
      vertex -42.5285 -19.7257 1.1
    endloop
  endfacet
  facet normal -0 0 1
    outer loop
      vertex -42.8856 -17.7 1.1
      vertex -42.7257 -19.5285 1.1
      vertex -42.7257 -17.4715 1.1
    endloop
  endfacet
  facet normal 0 0 1
    outer loop
      vertex -42.8856 -17.7 1.1
      vertex -42.8856 -19.3 1.1
      vertex -42.7257 -19.5285 1.1
    endloop
  endfacet
  facet normal -0 0 1
    outer loop
      vertex -43.0035 -17.9528 1.1
      vertex -42.8856 -19.3 1.1
      vertex -42.8856 -17.7 1.1
    endloop
  endfacet
  facet normal 0 0 1
    outer loop
      vertex -43.0035 -17.9528 1.1
      vertex -43.0035 -19.0472 1.1
      vertex -42.8856 -19.3 1.1
    endloop
  endfacet
  facet normal -0 0 1
    outer loop
      vertex -43.0757 -18.2222 1.1
      vertex -43.0035 -19.0472 1.1
      vertex -43.0035 -17.9528 1.1
    endloop
  endfacet
  facet normal 0 0 1
    outer loop
      vertex -43.0757 -18.2222 1.1
      vertex -43.0757 -18.7778 1.1
      vertex -43.0035 -19.0472 1.1
    endloop
  endfacet
  facet normal 0 -0 1
    outer loop
      vertex -43.0757 -18.7778 1.1
      vertex -43.0757 -18.2222 1.1
      vertex -43.1 -18.5 1.1
    endloop
  endfacet
  facet normal 0 0 1
    outer loop
      vertex -39.9243 18.7778 1.1
      vertex -39.9243 18.2222 1.1
      vertex -39.9 18.5 1.1
    endloop
  endfacet
  facet normal 0 0 1
    outer loop
      vertex -39.9965 19.0472 1.1
      vertex -39.9243 18.2222 1.1
      vertex -39.9243 18.7778 1.1
    endloop
  endfacet
  facet normal 0 0 1
    outer loop
      vertex -39.9965 19.0472 1.1
      vertex -39.9965 17.9528 1.1
      vertex -39.9243 18.2222 1.1
    endloop
  endfacet
  facet normal 0 0 1
    outer loop
      vertex -40.1144 19.3 1.1
      vertex -39.9965 17.9528 1.1
      vertex -39.9965 19.0472 1.1
    endloop
  endfacet
  facet normal 0 0 1
    outer loop
      vertex -40.1144 19.3 1.1
      vertex -40.1144 17.7 1.1
      vertex -39.9965 17.9528 1.1
    endloop
  endfacet
  facet normal 0 0 1
    outer loop
      vertex -40.2743 19.5285 1.1
      vertex -40.1144 17.7 1.1
      vertex -40.1144 19.3 1.1
    endloop
  endfacet
  facet normal 0 0 1
    outer loop
      vertex -40.2743 19.5285 1.1
      vertex -40.2743 17.4715 1.1
      vertex -40.1144 17.7 1.1
    endloop
  endfacet
  facet normal 0 0 1
    outer loop
      vertex -40.4715 19.7257 1.1
      vertex -40.2743 17.4715 1.1
      vertex -40.2743 19.5285 1.1
    endloop
  endfacet
  facet normal 0 0 1
    outer loop
      vertex -40.4715 19.7257 1.1
      vertex -40.4715 17.2743 1.1
      vertex -40.2743 17.4715 1.1
    endloop
  endfacet
  facet normal 0 0 1
    outer loop
      vertex -40.7 19.8856 1.1
      vertex -40.4715 17.2743 1.1
      vertex -40.4715 19.7257 1.1
    endloop
  endfacet
  facet normal 0 0 1
    outer loop
      vertex -40.7 19.8856 1.1
      vertex -40.7 17.1144 1.1
      vertex -40.4715 17.2743 1.1
    endloop
  endfacet
  facet normal 0 0 1
    outer loop
      vertex -40.9528 20.0035 1.1
      vertex -40.7 17.1144 1.1
      vertex -40.7 19.8856 1.1
    endloop
  endfacet
  facet normal 0 0 1
    outer loop
      vertex -40.9528 20.0035 1.1
      vertex -40.9528 16.9965 1.1
      vertex -40.7 17.1144 1.1
    endloop
  endfacet
  facet normal 0 0 1
    outer loop
      vertex -41.2222 20.0757 1.1
      vertex -40.9528 16.9965 1.1
      vertex -40.9528 20.0035 1.1
    endloop
  endfacet
  facet normal 0 0 1
    outer loop
      vertex -41.2222 20.0757 1.1
      vertex -41.2222 16.9243 1.1
      vertex -40.9528 16.9965 1.1
    endloop
  endfacet
  facet normal 0 0 1
    outer loop
      vertex -41.5 20.1 1.1
      vertex -41.2222 16.9243 1.1
      vertex -41.2222 20.0757 1.1
    endloop
  endfacet
  facet normal 0 0 1
    outer loop
      vertex -41.5 20.1 1.1
      vertex -41.5 16.9 1.1
      vertex -41.2222 16.9243 1.1
    endloop
  endfacet
  facet normal -0 0 1
    outer loop
      vertex -41.7778 20.0757 1.1
      vertex -41.5 16.9 1.1
      vertex -41.5 20.1 1.1
    endloop
  endfacet
  facet normal 0 0 1
    outer loop
      vertex -41.7778 20.0757 1.1
      vertex -41.7778 16.9243 1.1
      vertex -41.5 16.9 1.1
    endloop
  endfacet
  facet normal -0 0 1
    outer loop
      vertex -42.0472 20.0035 1.1
      vertex -41.7778 16.9243 1.1
      vertex -41.7778 20.0757 1.1
    endloop
  endfacet
  facet normal 0 0 1
    outer loop
      vertex -42.0472 20.0035 1.1
      vertex -42.0472 16.9965 1.1
      vertex -41.7778 16.9243 1.1
    endloop
  endfacet
  facet normal -0 0 1
    outer loop
      vertex -42.3 19.8856 1.1
      vertex -42.0472 16.9965 1.1
      vertex -42.0472 20.0035 1.1
    endloop
  endfacet
  facet normal 0 0 1
    outer loop
      vertex -42.3 19.8856 1.1
      vertex -42.3 17.1144 1.1
      vertex -42.0472 16.9965 1.1
    endloop
  endfacet
  facet normal -0 0 1
    outer loop
      vertex -42.5285 19.7257 1.1
      vertex -42.3 17.1144 1.1
      vertex -42.3 19.8856 1.1
    endloop
  endfacet
  facet normal 0 0 1
    outer loop
      vertex -42.5285 19.7257 1.1
      vertex -42.5285 17.2743 1.1
      vertex -42.3 17.1144 1.1
    endloop
  endfacet
  facet normal -0 0 1
    outer loop
      vertex -42.7257 19.5285 1.1
      vertex -42.5285 17.2743 1.1
      vertex -42.5285 19.7257 1.1
    endloop
  endfacet
  facet normal 0 0 1
    outer loop
      vertex -42.7257 19.5285 1.1
      vertex -42.7257 17.4715 1.1
      vertex -42.5285 17.2743 1.1
    endloop
  endfacet
  facet normal -0 0 1
    outer loop
      vertex -42.8856 19.3 1.1
      vertex -42.7257 17.4715 1.1
      vertex -42.7257 19.5285 1.1
    endloop
  endfacet
  facet normal 0 0 1
    outer loop
      vertex -42.8856 19.3 1.1
      vertex -42.8856 17.7 1.1
      vertex -42.7257 17.4715 1.1
    endloop
  endfacet
  facet normal -0 0 1
    outer loop
      vertex -43.0035 19.0472 1.1
      vertex -42.8856 17.7 1.1
      vertex -42.8856 19.3 1.1
    endloop
  endfacet
  facet normal 0 0 1
    outer loop
      vertex -43.0035 19.0472 1.1
      vertex -43.0035 17.9528 1.1
      vertex -42.8856 17.7 1.1
    endloop
  endfacet
  facet normal -0 0 1
    outer loop
      vertex -43.0757 18.7778 1.1
      vertex -43.0035 17.9528 1.1
      vertex -43.0035 19.0472 1.1
    endloop
  endfacet
  facet normal 0 0 1
    outer loop
      vertex -43.0757 18.7778 1.1
      vertex -43.0757 18.2222 1.1
      vertex -43.0035 17.9528 1.1
    endloop
  endfacet
  facet normal 0 -0 1
    outer loop
      vertex -43.0757 18.2222 1.1
      vertex -43.0757 18.7778 1.1
      vertex -43.1 18.5 1.1
    endloop
  endfacet
  facet normal 0 0 1
    outer loop
      vertex 43.0757 -18.2222 1.1
      vertex 43.0757 -18.7778 1.1
      vertex 43.1 -18.5 1.1
    endloop
  endfacet
  facet normal 0 0 1
    outer loop
      vertex 43.0035 -17.9528 1.1
      vertex 43.0757 -18.7778 1.1
      vertex 43.0757 -18.2222 1.1
    endloop
  endfacet
  facet normal 0 0 1
    outer loop
      vertex 43.0035 -17.9528 1.1
      vertex 43.0035 -19.0472 1.1
      vertex 43.0757 -18.7778 1.1
    endloop
  endfacet
  facet normal 0 0 1
    outer loop
      vertex 42.8856 -17.7 1.1
      vertex 43.0035 -19.0472 1.1
      vertex 43.0035 -17.9528 1.1
    endloop
  endfacet
  facet normal 0 0 1
    outer loop
      vertex 42.8856 -17.7 1.1
      vertex 42.8856 -19.3 1.1
      vertex 43.0035 -19.0472 1.1
    endloop
  endfacet
  facet normal 0 0 1
    outer loop
      vertex 42.7257 -17.4715 1.1
      vertex 42.8856 -19.3 1.1
      vertex 42.8856 -17.7 1.1
    endloop
  endfacet
  facet normal 0 0 1
    outer loop
      vertex 42.7257 -17.4715 1.1
      vertex 42.7257 -19.5285 1.1
      vertex 42.8856 -19.3 1.1
    endloop
  endfacet
  facet normal 0 0 1
    outer loop
      vertex 42.5285 -17.2743 1.1
      vertex 42.7257 -19.5285 1.1
      vertex 42.7257 -17.4715 1.1
    endloop
  endfacet
  facet normal 0 0 1
    outer loop
      vertex 42.5285 -17.2743 1.1
      vertex 42.5285 -19.7257 1.1
      vertex 42.7257 -19.5285 1.1
    endloop
  endfacet
  facet normal 0 0 1
    outer loop
      vertex 42.3 -17.1144 1.1
      vertex 42.5285 -19.7257 1.1
      vertex 42.5285 -17.2743 1.1
    endloop
  endfacet
  facet normal 0 0 1
    outer loop
      vertex 42.3 -17.1144 1.1
      vertex 42.3 -19.8856 1.1
      vertex 42.5285 -19.7257 1.1
    endloop
  endfacet
  facet normal 0 0 1
    outer loop
      vertex 42.0472 -16.9965 1.1
      vertex 42.3 -19.8856 1.1
      vertex 42.3 -17.1144 1.1
    endloop
  endfacet
  facet normal 0 0 1
    outer loop
      vertex 42.0472 -16.9965 1.1
      vertex 42.0472 -20.0035 1.1
      vertex 42.3 -19.8856 1.1
    endloop
  endfacet
  facet normal 0 0 1
    outer loop
      vertex 41.7778 -16.9243 1.1
      vertex 42.0472 -20.0035 1.1
      vertex 42.0472 -16.9965 1.1
    endloop
  endfacet
  facet normal 0 0 1
    outer loop
      vertex 41.7778 -16.9243 1.1
      vertex 41.7778 -20.0757 1.1
      vertex 42.0472 -20.0035 1.1
    endloop
  endfacet
  facet normal 0 0 1
    outer loop
      vertex 41.5 -16.9 1.1
      vertex 41.7778 -20.0757 1.1
      vertex 41.7778 -16.9243 1.1
    endloop
  endfacet
  facet normal 0 0 1
    outer loop
      vertex 41.5 -16.9 1.1
      vertex 41.5 -20.1 1.1
      vertex 41.7778 -20.0757 1.1
    endloop
  endfacet
  facet normal -0 0 1
    outer loop
      vertex 41.2222 -16.9243 1.1
      vertex 41.5 -20.1 1.1
      vertex 41.5 -16.9 1.1
    endloop
  endfacet
  facet normal 0 0 1
    outer loop
      vertex 41.2222 -16.9243 1.1
      vertex 41.2222 -20.0757 1.1
      vertex 41.5 -20.1 1.1
    endloop
  endfacet
  facet normal -0 0 1
    outer loop
      vertex 40.9528 -16.9965 1.1
      vertex 41.2222 -20.0757 1.1
      vertex 41.2222 -16.9243 1.1
    endloop
  endfacet
  facet normal 0 0 1
    outer loop
      vertex 40.9528 -16.9965 1.1
      vertex 40.9528 -20.0035 1.1
      vertex 41.2222 -20.0757 1.1
    endloop
  endfacet
  facet normal -0 0 1
    outer loop
      vertex 40.7 -17.1144 1.1
      vertex 40.9528 -20.0035 1.1
      vertex 40.9528 -16.9965 1.1
    endloop
  endfacet
  facet normal 0 0 1
    outer loop
      vertex 40.7 -17.1144 1.1
      vertex 40.7 -19.8856 1.1
      vertex 40.9528 -20.0035 1.1
    endloop
  endfacet
  facet normal -0 0 1
    outer loop
      vertex 40.4715 -17.2743 1.1
      vertex 40.7 -19.8856 1.1
      vertex 40.7 -17.1144 1.1
    endloop
  endfacet
  facet normal 0 0 1
    outer loop
      vertex 40.4715 -17.2743 1.1
      vertex 40.4715 -19.7257 1.1
      vertex 40.7 -19.8856 1.1
    endloop
  endfacet
  facet normal -0 0 1
    outer loop
      vertex 40.2743 -17.4715 1.1
      vertex 40.4715 -19.7257 1.1
      vertex 40.4715 -17.2743 1.1
    endloop
  endfacet
  facet normal 0 0 1
    outer loop
      vertex 40.2743 -17.4715 1.1
      vertex 40.2743 -19.5285 1.1
      vertex 40.4715 -19.7257 1.1
    endloop
  endfacet
  facet normal -0 0 1
    outer loop
      vertex 40.1144 -17.7 1.1
      vertex 40.2743 -19.5285 1.1
      vertex 40.2743 -17.4715 1.1
    endloop
  endfacet
  facet normal 0 0 1
    outer loop
      vertex 40.1144 -17.7 1.1
      vertex 40.1144 -19.3 1.1
      vertex 40.2743 -19.5285 1.1
    endloop
  endfacet
  facet normal -0 0 1
    outer loop
      vertex 39.9965 -17.9528 1.1
      vertex 40.1144 -19.3 1.1
      vertex 40.1144 -17.7 1.1
    endloop
  endfacet
  facet normal 0 0 1
    outer loop
      vertex 39.9965 -17.9528 1.1
      vertex 39.9965 -19.0472 1.1
      vertex 40.1144 -19.3 1.1
    endloop
  endfacet
  facet normal -0 0 1
    outer loop
      vertex 39.9243 -18.2222 1.1
      vertex 39.9965 -19.0472 1.1
      vertex 39.9965 -17.9528 1.1
    endloop
  endfacet
  facet normal 0 0 1
    outer loop
      vertex 39.9243 -18.2222 1.1
      vertex 39.9243 -18.7778 1.1
      vertex 39.9965 -19.0472 1.1
    endloop
  endfacet
  facet normal 0 -0 1
    outer loop
      vertex 39.9243 -18.7778 1.1
      vertex 39.9243 -18.2222 1.1
      vertex 39.9 -18.5 1.1
    endloop
  endfacet
  facet normal 0 0 1
    outer loop
      vertex 43.0757 18.7778 1.1
      vertex 43.0757 18.2222 1.1
      vertex 43.1 18.5 1.1
    endloop
  endfacet
  facet normal 0 0 1
    outer loop
      vertex 43.0035 19.0472 1.1
      vertex 43.0757 18.2222 1.1
      vertex 43.0757 18.7778 1.1
    endloop
  endfacet
  facet normal 0 0 1
    outer loop
      vertex 43.0035 19.0472 1.1
      vertex 43.0035 17.9528 1.1
      vertex 43.0757 18.2222 1.1
    endloop
  endfacet
  facet normal 0 0 1
    outer loop
      vertex 42.8856 19.3 1.1
      vertex 43.0035 17.9528 1.1
      vertex 43.0035 19.0472 1.1
    endloop
  endfacet
  facet normal 0 0 1
    outer loop
      vertex 42.8856 19.3 1.1
      vertex 42.8856 17.7 1.1
      vertex 43.0035 17.9528 1.1
    endloop
  endfacet
  facet normal 0 0 1
    outer loop
      vertex 42.7257 19.5285 1.1
      vertex 42.8856 17.7 1.1
      vertex 42.8856 19.3 1.1
    endloop
  endfacet
  facet normal 0 0 1
    outer loop
      vertex 42.7257 19.5285 1.1
      vertex 42.7257 17.4715 1.1
      vertex 42.8856 17.7 1.1
    endloop
  endfacet
  facet normal 0 0 1
    outer loop
      vertex 42.5285 19.7257 1.1
      vertex 42.7257 17.4715 1.1
      vertex 42.7257 19.5285 1.1
    endloop
  endfacet
  facet normal 0 0 1
    outer loop
      vertex 42.5285 19.7257 1.1
      vertex 42.5285 17.2743 1.1
      vertex 42.7257 17.4715 1.1
    endloop
  endfacet
  facet normal 0 0 1
    outer loop
      vertex 42.3 19.8856 1.1
      vertex 42.5285 17.2743 1.1
      vertex 42.5285 19.7257 1.1
    endloop
  endfacet
  facet normal 0 0 1
    outer loop
      vertex 42.3 19.8856 1.1
      vertex 42.3 17.1144 1.1
      vertex 42.5285 17.2743 1.1
    endloop
  endfacet
  facet normal 0 0 1
    outer loop
      vertex 42.0472 20.0035 1.1
      vertex 42.3 17.1144 1.1
      vertex 42.3 19.8856 1.1
    endloop
  endfacet
  facet normal 0 0 1
    outer loop
      vertex 42.0472 20.0035 1.1
      vertex 42.0472 16.9965 1.1
      vertex 42.3 17.1144 1.1
    endloop
  endfacet
  facet normal 0 0 1
    outer loop
      vertex 41.7778 20.0757 1.1
      vertex 42.0472 16.9965 1.1
      vertex 42.0472 20.0035 1.1
    endloop
  endfacet
  facet normal 0 0 1
    outer loop
      vertex 41.7778 20.0757 1.1
      vertex 41.7778 16.9243 1.1
      vertex 42.0472 16.9965 1.1
    endloop
  endfacet
  facet normal 0 0 1
    outer loop
      vertex 41.5 20.1 1.1
      vertex 41.7778 16.9243 1.1
      vertex 41.7778 20.0757 1.1
    endloop
  endfacet
  facet normal 0 0 1
    outer loop
      vertex 41.5 20.1 1.1
      vertex 41.5 16.9 1.1
      vertex 41.7778 16.9243 1.1
    endloop
  endfacet
  facet normal -0 0 1
    outer loop
      vertex 41.2222 20.0757 1.1
      vertex 41.5 16.9 1.1
      vertex 41.5 20.1 1.1
    endloop
  endfacet
  facet normal 0 0 1
    outer loop
      vertex 41.2222 20.0757 1.1
      vertex 41.2222 16.9243 1.1
      vertex 41.5 16.9 1.1
    endloop
  endfacet
  facet normal -0 0 1
    outer loop
      vertex 40.9528 20.0035 1.1
      vertex 41.2222 16.9243 1.1
      vertex 41.2222 20.0757 1.1
    endloop
  endfacet
  facet normal 0 0 1
    outer loop
      vertex 40.9528 20.0035 1.1
      vertex 40.9528 16.9965 1.1
      vertex 41.2222 16.9243 1.1
    endloop
  endfacet
  facet normal -0 0 1
    outer loop
      vertex 40.7 19.8856 1.1
      vertex 40.9528 16.9965 1.1
      vertex 40.9528 20.0035 1.1
    endloop
  endfacet
  facet normal 0 0 1
    outer loop
      vertex 40.7 19.8856 1.1
      vertex 40.7 17.1144 1.1
      vertex 40.9528 16.9965 1.1
    endloop
  endfacet
  facet normal -0 0 1
    outer loop
      vertex 40.4715 19.7257 1.1
      vertex 40.7 17.1144 1.1
      vertex 40.7 19.8856 1.1
    endloop
  endfacet
  facet normal 0 0 1
    outer loop
      vertex 40.4715 19.7257 1.1
      vertex 40.4715 17.2743 1.1
      vertex 40.7 17.1144 1.1
    endloop
  endfacet
  facet normal -0 0 1
    outer loop
      vertex 40.2743 19.5285 1.1
      vertex 40.4715 17.2743 1.1
      vertex 40.4715 19.7257 1.1
    endloop
  endfacet
  facet normal 0 0 1
    outer loop
      vertex 40.2743 19.5285 1.1
      vertex 40.2743 17.4715 1.1
      vertex 40.4715 17.2743 1.1
    endloop
  endfacet
  facet normal -0 0 1
    outer loop
      vertex 40.1144 19.3 1.1
      vertex 40.2743 17.4715 1.1
      vertex 40.2743 19.5285 1.1
    endloop
  endfacet
  facet normal 0 0 1
    outer loop
      vertex 40.1144 19.3 1.1
      vertex 40.1144 17.7 1.1
      vertex 40.2743 17.4715 1.1
    endloop
  endfacet
  facet normal -0 0 1
    outer loop
      vertex 39.9965 19.0472 1.1
      vertex 40.1144 17.7 1.1
      vertex 40.1144 19.3 1.1
    endloop
  endfacet
  facet normal 0 0 1
    outer loop
      vertex 39.9965 19.0472 1.1
      vertex 39.9965 17.9528 1.1
      vertex 40.1144 17.7 1.1
    endloop
  endfacet
  facet normal -0 0 1
    outer loop
      vertex 39.9243 18.7778 1.1
      vertex 39.9965 17.9528 1.1
      vertex 39.9965 19.0472 1.1
    endloop
  endfacet
  facet normal 0 0 1
    outer loop
      vertex 39.9243 18.7778 1.1
      vertex 39.9243 18.2222 1.1
      vertex 39.9965 17.9528 1.1
    endloop
  endfacet
  facet normal 0 -0 1
    outer loop
      vertex 39.9243 18.2222 1.1
      vertex 39.9243 18.7778 1.1
      vertex 39.9 18.5 1.1
    endloop
  endfacet
  facet normal 0 0 1
    outer loop
      vertex 22 27 1.1
      vertex -22 27 1.1
      vertex 22 22.6 1.1
    endloop
  endfacet
  facet normal 0 0 1
    outer loop
      vertex 22.0304 27.3473 1.1
      vertex -22 27 1.1
      vertex 22 27 1.1
    endloop
  endfacet
  facet normal 0 0 1
    outer loop
      vertex -22.0304 27.3473 1.1
      vertex 22.0304 27.3473 1.1
      vertex 22.1206 27.684 1.1
    endloop
  endfacet
  facet normal 0 0 1
    outer loop
      vertex -22.1206 27.684 1.1
      vertex 22.1206 27.684 1.1
      vertex 22.268 28 1.1
    endloop
  endfacet
  facet normal 0 0 1
    outer loop
      vertex -22.268 28 1.1
      vertex 22.268 28 1.1
      vertex 22.4679 28.2856 1.1
    endloop
  endfacet
  facet normal 0 0 1
    outer loop
      vertex -22.4679 28.2856 1.1
      vertex 22.4679 28.2856 1.1
      vertex 22.7144 28.5321 1.1
    endloop
  endfacet
  facet normal 0 0 1
    outer loop
      vertex -22.7144 28.5321 1.1
      vertex 22.7144 28.5321 1.1
      vertex 23 28.732 1.1
    endloop
  endfacet
  facet normal 0 0 1
    outer loop
      vertex -23 28.732 1.1
      vertex 23 28.732 1.1
      vertex 23.316 28.8794 1.1
    endloop
  endfacet
  facet normal 0 0 1
    outer loop
      vertex -23.316 28.8794 1.1
      vertex 23.316 28.8794 1.1
      vertex 23.6527 28.9696 1.1
    endloop
  endfacet
  facet normal 0 0 1
    outer loop
      vertex -23.6527 28.9696 1.1
      vertex 23.6527 28.9696 1.1
      vertex 24 29 1.1
    endloop
  endfacet
  facet normal 0 0 1
    outer loop
      vertex 22.0304 27.3473 1.1
      vertex -22.0304 27.3473 1.1
      vertex -22 27 1.1
    endloop
  endfacet
  facet normal 0 0 1
    outer loop
      vertex 22.1206 27.684 1.1
      vertex -22.1206 27.684 1.1
      vertex -22.0304 27.3473 1.1
    endloop
  endfacet
  facet normal 0 0 1
    outer loop
      vertex 22.268 28 1.1
      vertex -22.268 28 1.1
      vertex -22.1206 27.684 1.1
    endloop
  endfacet
  facet normal 0 0 1
    outer loop
      vertex 22.4679 28.2856 1.1
      vertex -22.4679 28.2856 1.1
      vertex -22.268 28 1.1
    endloop
  endfacet
  facet normal 0 0 1
    outer loop
      vertex 22.7144 28.5321 1.1
      vertex -22.7144 28.5321 1.1
      vertex -22.4679 28.2856 1.1
    endloop
  endfacet
  facet normal 0 0 1
    outer loop
      vertex 23 28.732 1.1
      vertex -23 28.732 1.1
      vertex -22.7144 28.5321 1.1
    endloop
  endfacet
  facet normal 0 0 1
    outer loop
      vertex 23.316 28.8794 1.1
      vertex -23.316 28.8794 1.1
      vertex -23 28.732 1.1
    endloop
  endfacet
  facet normal 0 0 1
    outer loop
      vertex 23.6527 28.9696 1.1
      vertex -23.6527 28.9696 1.1
      vertex -23.316 28.8794 1.1
    endloop
  endfacet
  facet normal 0 -0 1
    outer loop
      vertex -23.6527 28.9696 1.1
      vertex 24 29 1.1
      vertex -24 29 1.1
    endloop
  endfacet
  facet normal 0 0 1
    outer loop
      vertex 22 22.6 1.1
      vertex -22 27 1.1
      vertex -22 22.6 1.1
    endloop
  endfacet
  facet normal 0 0 1
    outer loop
      vertex 22 -22.6 1.1
      vertex -22 -22.6 1.1
      vertex 22 -27 1.1
    endloop
  endfacet
  facet normal 0 0 1
    outer loop
      vertex -22 -27 1.1
      vertex 22 -27 1.1
      vertex -22 -22.6 1.1
    endloop
  endfacet
  facet normal 0 0 1
    outer loop
      vertex 22 -27 1.1
      vertex -22 -27 1.1
      vertex 22.0304 -27.3473 1.1
    endloop
  endfacet
  facet normal 0 0 1
    outer loop
      vertex -22.0304 -27.3473 1.1
      vertex 22.0304 -27.3473 1.1
      vertex -22 -27 1.1
    endloop
  endfacet
  facet normal 0 0 1
    outer loop
      vertex 22.0304 -27.3473 1.1
      vertex -22.0304 -27.3473 1.1
      vertex 22.1206 -27.684 1.1
    endloop
  endfacet
  facet normal 0 0 1
    outer loop
      vertex -22.1206 -27.684 1.1
      vertex 22.1206 -27.684 1.1
      vertex -22.0304 -27.3473 1.1
    endloop
  endfacet
  facet normal 0 0 1
    outer loop
      vertex 22.1206 -27.684 1.1
      vertex -22.1206 -27.684 1.1
      vertex 22.268 -28 1.1
    endloop
  endfacet
  facet normal 0 0 1
    outer loop
      vertex -22.268 -28 1.1
      vertex 22.268 -28 1.1
      vertex -22.1206 -27.684 1.1
    endloop
  endfacet
  facet normal 0 0 1
    outer loop
      vertex 22.268 -28 1.1
      vertex -22.268 -28 1.1
      vertex 22.4679 -28.2856 1.1
    endloop
  endfacet
  facet normal 0 0 1
    outer loop
      vertex -22.4679 -28.2856 1.1
      vertex 22.4679 -28.2856 1.1
      vertex -22.268 -28 1.1
    endloop
  endfacet
  facet normal 0 0 1
    outer loop
      vertex 22.4679 -28.2856 1.1
      vertex -22.4679 -28.2856 1.1
      vertex 22.7144 -28.5321 1.1
    endloop
  endfacet
  facet normal 0 0 1
    outer loop
      vertex -22.7144 -28.5321 1.1
      vertex 22.7144 -28.5321 1.1
      vertex -22.4679 -28.2856 1.1
    endloop
  endfacet
  facet normal 0 0 1
    outer loop
      vertex 22.7144 -28.5321 1.1
      vertex -22.7144 -28.5321 1.1
      vertex 23 -28.732 1.1
    endloop
  endfacet
  facet normal 0 0 1
    outer loop
      vertex -23 -28.732 1.1
      vertex 23 -28.732 1.1
      vertex -22.7144 -28.5321 1.1
    endloop
  endfacet
  facet normal 0 0 1
    outer loop
      vertex 23 -28.732 1.1
      vertex -23 -28.732 1.1
      vertex 23.316 -28.8794 1.1
    endloop
  endfacet
  facet normal 0 0 1
    outer loop
      vertex -23.316 -28.8794 1.1
      vertex 23.316 -28.8794 1.1
      vertex -23 -28.732 1.1
    endloop
  endfacet
  facet normal 0 0 1
    outer loop
      vertex 23.316 -28.8794 1.1
      vertex -23.316 -28.8794 1.1
      vertex 23.6527 -28.9696 1.1
    endloop
  endfacet
  facet normal 0 0 1
    outer loop
      vertex -23.6527 -28.9696 1.1
      vertex 23.6527 -28.9696 1.1
      vertex -23.316 -28.8794 1.1
    endloop
  endfacet
  facet normal 0 0 1
    outer loop
      vertex 23.6527 -28.9696 1.1
      vertex -23.6527 -28.9696 1.1
      vertex 24 -29 1.1
    endloop
  endfacet
  facet normal 0 0 1
    outer loop
      vertex 24 -29 1.1
      vertex -23.6527 -28.9696 1.1
      vertex -24 -29 1.1
    endloop
  endfacet
  facet normal -0.81918 -0.573537 -1.93909e-19
    outer loop
      vertex -62.1812 -7.74976 -1.1
      vertex -62.5311 -7.25 1.1
      vertex -62.5311 -7.25 -1.1
    endloop
  endfacet
  facet normal -0.81918 -0.573537 -1.93909e-19
    outer loop
      vertex -62.5311 -7.25 1.1
      vertex -62.1812 -7.74976 -1.1
      vertex -62.1812 -7.74976 1.1
    endloop
  endfacet
  facet normal -0.965927 0.258815 1.08785e-18
    outer loop
      vertex -68.9468 5.10777 23.6
      vertex -68.7889 5.69707 26.6
      vertex -68.7889 5.69707 23.6
    endloop
  endfacet
  facet normal -0.965927 0.258815 1.08785e-18
    outer loop
      vertex -68.7889 5.69707 26.6
      vertex -68.9468 5.10777 23.6
      vertex -68.9468 5.10777 26.6
    endloop
  endfacet
  facet normal -0.707107 0.707107 4.61539e-18
    outer loop
      vertex -68.1812 6.74976 23.6
      vertex -67.7498 7.18116 26.6
      vertex -67.7498 7.18116 23.6
    endloop
  endfacet
  facet normal -0.707107 0.707107 4.61539e-18
    outer loop
      vertex -67.7498 7.18116 26.6
      vertex -68.1812 6.74976 23.6
      vertex -68.1812 6.74976 26.6
    endloop
  endfacet
  facet normal 0.81918 -0.573537 1.422e-19
    outer loop
      vertex -55.8188 -6.74976 26.6
      vertex -55.4689 -6.25 23.6
      vertex -55.4689 -6.25 26.6
    endloop
  endfacet
  facet normal 0.81918 -0.573537 1.422e-19
    outer loop
      vertex -55.4689 -6.25 23.6
      vertex -55.8188 -6.74976 26.6
      vertex -55.8188 -6.74976 23.6
    endloop
  endfacet
  facet normal 0.573539 -0.819178 0
    outer loop
      vertex -56.75 -7.53109 23.6
      vertex -56.2502 -7.18116 26.6
      vertex -56.75 -7.53109 26.6
    endloop
  endfacet
  facet normal 0.573539 -0.819178 0
    outer loop
      vertex -56.2502 -7.18116 26.6
      vertex -56.75 -7.53109 23.6
      vertex -56.2502 -7.18116 23.6
    endloop
  endfacet
  facet normal -0.90633 -0.42257 -4.72719e-18
    outer loop
      vertex -68.5311 -6.25 23.6
      vertex -68.7889 -5.69707 26.6
      vertex -68.7889 -5.69707 23.6
    endloop
  endfacet
  facet normal -0.90633 -0.42257 -4.72719e-18
    outer loop
      vertex -68.7889 -5.69707 26.6
      vertex -68.5311 -6.25 23.6
      vertex -68.5311 -6.25 26.6
    endloop
  endfacet
  facet normal -0.965927 -0.258815 -1.08785e-18
    outer loop
      vertex -68.7889 -5.69707 23.6
      vertex -68.9468 -5.10777 26.6
      vertex -68.9468 -5.10777 23.6
    endloop
  endfacet
  facet normal -0.965927 -0.258815 -1.08785e-18
    outer loop
      vertex -68.9468 -5.10777 26.6
      vertex -68.7889 -5.69707 23.6
      vertex -68.7889 -5.69707 26.6
    endloop
  endfacet
  facet normal 0 1 -0
    outer loop
      vertex -58.5 8 23.6
      vertex -65.5 8 26.6
      vertex -58.5 8 26.6
    endloop
  endfacet
  facet normal 0 1 0
    outer loop
      vertex -65.5 8 26.6
      vertex -58.5 8 23.6
      vertex -65.5 8 23.6
    endloop
  endfacet
  facet normal -0.81918 -0.573537 -2.00569e-18
    outer loop
      vertex -68.1812 -6.74976 23.6
      vertex -68.5311 -6.25 26.6
      vertex -68.5311 -6.25 23.6
    endloop
  endfacet
  facet normal -0.81918 -0.573537 -2.00569e-18
    outer loop
      vertex -68.5311 -6.25 26.6
      vertex -68.1812 -6.74976 23.6
      vertex -68.1812 -6.74976 26.6
    endloop
  endfacet
  facet normal -0.996191 0.0871997 -4.9965e-19
    outer loop
      vertex -69 4.5 23.6
      vertex -68.9468 5.10777 26.6
      vertex -68.9468 5.10777 23.6
    endloop
  endfacet
  facet normal -0.996191 0.0871997 -4.9965e-19
    outer loop
      vertex -68.9468 5.10777 26.6
      vertex -69 4.5 23.6
      vertex -69 4.5 26.6
    endloop
  endfacet
  facet normal -1 0 0
    outer loop
      vertex -69 -4.5 23.6
      vertex -69 4.5 26.6
      vertex -69 4.5 23.6
    endloop
  endfacet
  facet normal -1 -0 0
    outer loop
      vertex -69 4.5 26.6
      vertex -69 -4.5 23.6
      vertex -69 -4.5 26.6
    endloop
  endfacet
  facet normal 0.42263 -0.906302 0
    outer loop
      vertex -57.3029 -7.78892 23.6
      vertex -56.75 -7.53109 26.6
      vertex -57.3029 -7.78892 26.6
    endloop
  endfacet
  facet normal 0.42263 -0.906302 0
    outer loop
      vertex -56.75 -7.53109 26.6
      vertex -57.3029 -7.78892 23.6
      vertex -56.75 -7.53109 23.6
    endloop
  endfacet
  facet normal -0.707107 -0.707107 -4.61539e-18
    outer loop
      vertex -67.7498 -7.18116 23.6
      vertex -68.1812 -6.74976 26.6
      vertex -68.1812 -6.74976 23.6
    endloop
  endfacet
  facet normal -0.707107 -0.707107 -4.61539e-18
    outer loop
      vertex -68.1812 -6.74976 26.6
      vertex -67.7498 -7.18116 23.6
      vertex -67.7498 -7.18116 26.6
    endloop
  endfacet
  facet normal 1 -0 0
    outer loop
      vertex -55 -4.5 26.6
      vertex -55 4.5 23.6
      vertex -55 4.5 26.6
    endloop
  endfacet
  facet normal 1 0 0
    outer loop
      vertex -55 4.5 23.6
      vertex -55 -4.5 26.6
      vertex -55 -4.5 23.6
    endloop
  endfacet
  facet normal 0.258831 -0.965923 0
    outer loop
      vertex -57.8922 -7.94683 23.6
      vertex -57.3029 -7.78892 26.6
      vertex -57.8922 -7.94683 26.6
    endloop
  endfacet
  facet normal 0.258831 -0.965923 0
    outer loop
      vertex -57.3029 -7.78892 26.6
      vertex -57.8922 -7.94683 23.6
      vertex -57.3029 -7.78892 23.6
    endloop
  endfacet
  facet normal -0.0871466 0.996195 0
    outer loop
      vertex -65.5 8 23.6
      vertex -66.1078 7.94683 26.6
      vertex -65.5 8 26.6
    endloop
  endfacet
  facet normal -0.0871466 0.996195 0
    outer loop
      vertex -66.1078 7.94683 26.6
      vertex -65.5 8 23.6
      vertex -66.1078 7.94683 23.6
    endloop
  endfacet
  facet normal -0.258831 -0.965923 0
    outer loop
      vertex -66.6971 -7.78892 23.6
      vertex -66.1078 -7.94683 26.6
      vertex -66.6971 -7.78892 26.6
    endloop
  endfacet
  facet normal -0.258831 -0.965923 -0
    outer loop
      vertex -66.1078 -7.94683 26.6
      vertex -66.6971 -7.78892 23.6
      vertex -66.1078 -7.94683 23.6
    endloop
  endfacet
  facet normal -0.42263 0.906302 0
    outer loop
      vertex -66.6971 7.78892 23.6
      vertex -67.25 7.53109 26.6
      vertex -66.6971 7.78892 26.6
    endloop
  endfacet
  facet normal -0.42263 0.906302 0
    outer loop
      vertex -67.25 7.53109 26.6
      vertex -66.6971 7.78892 23.6
      vertex -67.25 7.53109 23.6
    endloop
  endfacet
  facet normal 0.573539 0.819178 -0
    outer loop
      vertex -56.2502 7.18116 23.6
      vertex -56.75 7.53109 26.6
      vertex -56.2502 7.18116 26.6
    endloop
  endfacet
  facet normal 0.573539 0.819178 0
    outer loop
      vertex -56.75 7.53109 26.6
      vertex -56.2502 7.18116 23.6
      vertex -56.75 7.53109 23.6
    endloop
  endfacet
  facet normal -0.90633 0.42257 4.72719e-18
    outer loop
      vertex -68.7889 5.69707 23.6
      vertex -68.5311 6.25 26.6
      vertex -68.5311 6.25 23.6
    endloop
  endfacet
  facet normal -0.90633 0.42257 4.72719e-18
    outer loop
      vertex -68.5311 6.25 26.6
      vertex -68.7889 5.69707 23.6
      vertex -68.7889 5.69707 26.6
    endloop
  endfacet
  facet normal 0.707107 0.707107 -0
    outer loop
      vertex -55.8188 6.74976 23.6
      vertex -56.2502 7.18116 26.6
      vertex -55.8188 6.74976 26.6
    endloop
  endfacet
  facet normal 0.707107 0.707107 0
    outer loop
      vertex -56.2502 7.18116 26.6
      vertex -55.8188 6.74976 23.6
      vertex -56.2502 7.18116 23.6
    endloop
  endfacet
  facet normal -0.573539 -0.819178 0
    outer loop
      vertex -67.7498 -7.18116 23.6
      vertex -67.25 -7.53109 26.6
      vertex -67.7498 -7.18116 26.6
    endloop
  endfacet
  facet normal -0.573539 -0.819178 -0
    outer loop
      vertex -67.25 -7.53109 26.6
      vertex -67.7498 -7.18116 23.6
      vertex -67.25 -7.53109 23.6
    endloop
  endfacet
  facet normal -0.0871466 -0.996195 0
    outer loop
      vertex -66.1078 -7.94683 23.6
      vertex -65.5 -8 26.6
      vertex -66.1078 -7.94683 26.6
    endloop
  endfacet
  facet normal -0.0871466 -0.996195 -0
    outer loop
      vertex -65.5 -8 26.6
      vertex -66.1078 -7.94683 23.6
      vertex -65.5 -8 23.6
    endloop
  endfacet
  facet normal 0 0 1
    outer loop
      vertex -59.9109 2.48964 26.6
      vertex -55 4.5 26.6
      vertex -55.0532 5.10777 26.6
    endloop
  endfacet
  facet normal 0 0 1
    outer loop
      vertex -55 4.5 26.6
      vertex -58.75 0 26.6
      vertex -55 -4.5 26.6
    endloop
  endfacet
  facet normal 0 0 1
    outer loop
      vertex -59.9109 2.48964 26.6
      vertex -55.0532 5.10777 26.6
      vertex -55.2111 5.69707 26.6
    endloop
  endfacet
  facet normal -0 0 1
    outer loop
      vertex -58.7994 -0.564356 26.6
      vertex -55 -4.5 26.6
      vertex -58.75 0 26.6
    endloop
  endfacet
  facet normal 0 0 1
    outer loop
      vertex -59.9109 2.48964 26.6
      vertex -55.2111 5.69707 26.6
      vertex -55.4689 6.25 26.6
    endloop
  endfacet
  facet normal -0 0 1
    outer loop
      vertex -58.946 -1.11156 26.6
      vertex -55 -4.5 26.6
      vertex -58.7994 -0.564356 26.6
    endloop
  endfacet
  facet normal 0 0 1
    outer loop
      vertex -59.9109 2.48964 26.6
      vertex -55.4689 6.25 26.6
      vertex -55.8188 6.74976 26.6
    endloop
  endfacet
  facet normal -0 0 1
    outer loop
      vertex -59.1854 -1.625 26.6
      vertex -55 -4.5 26.6
      vertex -58.946 -1.11156 26.6
    endloop
  endfacet
  facet normal 0 0 1
    outer loop
      vertex -59.9109 2.48964 26.6
      vertex -55.8188 6.74976 26.6
      vertex -56.2502 7.18116 26.6
    endloop
  endfacet
  facet normal -0 0 1
    outer loop
      vertex -59.5104 -2.08906 26.6
      vertex -55 -4.5 26.6
      vertex -59.1854 -1.625 26.6
    endloop
  endfacet
  facet normal 0 0 1
    outer loop
      vertex -59.9109 2.48964 26.6
      vertex -56.2502 7.18116 26.6
      vertex -56.75 7.53109 26.6
    endloop
  endfacet
  facet normal -0 0 1
    outer loop
      vertex -59.9109 -2.48964 26.6
      vertex -55 -4.5 26.6
      vertex -59.5104 -2.08906 26.6
    endloop
  endfacet
  facet normal 0 0 1
    outer loop
      vertex -59.9109 2.48964 26.6
      vertex -56.75 7.53109 26.6
      vertex -57.3029 7.78892 26.6
    endloop
  endfacet
  facet normal 0 0 1
    outer loop
      vertex -55 -4.5 26.6
      vertex -59.9109 -2.48964 26.6
      vertex -55.0532 -5.10777 26.6
    endloop
  endfacet
  facet normal 0 0 1
    outer loop
      vertex -59.9109 2.48964 26.6
      vertex -57.3029 7.78892 26.6
      vertex -57.8922 7.94683 26.6
    endloop
  endfacet
  facet normal 0 0 1
    outer loop
      vertex -55.0532 -5.10777 26.6
      vertex -59.9109 -2.48964 26.6
      vertex -55.2111 -5.69707 26.6
    endloop
  endfacet
  facet normal 0 0 1
    outer loop
      vertex -59.9109 2.48964 26.6
      vertex -57.8922 7.94683 26.6
      vertex -58.5 8 26.6
    endloop
  endfacet
  facet normal 0 0 1
    outer loop
      vertex -55.2111 -5.69707 26.6
      vertex -59.9109 -2.48964 26.6
      vertex -55.4689 -6.25 26.6
    endloop
  endfacet
  facet normal 0 0 1
    outer loop
      vertex -55.4689 -6.25 26.6
      vertex -59.9109 -2.48964 26.6
      vertex -55.8188 -6.74976 26.6
    endloop
  endfacet
  facet normal 0 0 1
    outer loop
      vertex -55 4.5 26.6
      vertex -58.7994 0.564356 26.6
      vertex -58.75 0 26.6
    endloop
  endfacet
  facet normal 0 0 1
    outer loop
      vertex -55 4.5 26.6
      vertex -58.946 1.11156 26.6
      vertex -58.7994 0.564356 26.6
    endloop
  endfacet
  facet normal 0 0 1
    outer loop
      vertex -55 4.5 26.6
      vertex -59.1854 1.625 26.6
      vertex -58.946 1.11156 26.6
    endloop
  endfacet
  facet normal 0 0 1
    outer loop
      vertex -55 4.5 26.6
      vertex -59.5104 2.08906 26.6
      vertex -59.1854 1.625 26.6
    endloop
  endfacet
  facet normal 0 0 1
    outer loop
      vertex -55 4.5 26.6
      vertex -59.9109 2.48964 26.6
      vertex -59.5104 2.08906 26.6
    endloop
  endfacet
  facet normal 0 0 1
    outer loop
      vertex -58.5 8 26.6
      vertex -60.375 2.81458 26.6
      vertex -59.9109 2.48964 26.6
    endloop
  endfacet
  facet normal 0 0 1
    outer loop
      vertex -58.5 8 26.6
      vertex -60.8884 3.054 26.6
      vertex -60.375 2.81458 26.6
    endloop
  endfacet
  facet normal 0 0 1
    outer loop
      vertex -58.5 8 26.6
      vertex -61.4356 3.20062 26.6
      vertex -60.8884 3.054 26.6
    endloop
  endfacet
  facet normal 0 0 1
    outer loop
      vertex -58.5 8 26.6
      vertex -62 3.25 26.6
      vertex -61.4356 3.20062 26.6
    endloop
  endfacet
  facet normal -0 0 1
    outer loop
      vertex -65.5 8 26.6
      vertex -62 3.25 26.6
      vertex -58.5 8 26.6
    endloop
  endfacet
  facet normal 0 0 1
    outer loop
      vertex -62 3.25 26.6
      vertex -65.5 8 26.6
      vertex -62.5644 3.20062 26.6
    endloop
  endfacet
  facet normal 0 0 1
    outer loop
      vertex -62.5644 3.20062 26.6
      vertex -65.5 8 26.6
      vertex -63.1116 3.054 26.6
    endloop
  endfacet
  facet normal 0 0 1
    outer loop
      vertex -63.1116 3.054 26.6
      vertex -65.5 8 26.6
      vertex -63.625 2.81458 26.6
    endloop
  endfacet
  facet normal 0 0 1
    outer loop
      vertex -65.054 1.11156 26.6
      vertex -69 4.5 26.6
      vertex -65.2006 0.564356 26.6
    endloop
  endfacet
  facet normal 0 0 1
    outer loop
      vertex -64.8146 1.625 26.6
      vertex -69 4.5 26.6
      vertex -65.054 1.11156 26.6
    endloop
  endfacet
  facet normal 0 0 1
    outer loop
      vertex -64.4896 2.08906 26.6
      vertex -69 4.5 26.6
      vertex -64.8146 1.625 26.6
    endloop
  endfacet
  facet normal 0 0 1
    outer loop
      vertex -64.0891 2.48964 26.6
      vertex -69 4.5 26.6
      vertex -64.4896 2.08906 26.6
    endloop
  endfacet
  facet normal -0 0 1
    outer loop
      vertex -69 4.5 26.6
      vertex -64.0891 2.48964 26.6
      vertex -65.5 8 26.6
    endloop
  endfacet
  facet normal 0 0 1
    outer loop
      vertex -63.625 2.81458 26.6
      vertex -65.5 8 26.6
      vertex -64.0891 2.48964 26.6
    endloop
  endfacet
  facet normal 0 0 1
    outer loop
      vertex -55.8188 -6.74976 26.6
      vertex -59.9109 -2.48964 26.6
      vertex -56.2502 -7.18116 26.6
    endloop
  endfacet
  facet normal 0 0 1
    outer loop
      vertex -56.2502 -7.18116 26.6
      vertex -59.9109 -2.48964 26.6
      vertex -56.75 -7.53109 26.6
    endloop
  endfacet
  facet normal 0 0 1
    outer loop
      vertex -56.75 -7.53109 26.6
      vertex -59.9109 -2.48964 26.6
      vertex -57.3029 -7.78892 26.6
    endloop
  endfacet
  facet normal 0 0 1
    outer loop
      vertex -57.3029 -7.78892 26.6
      vertex -59.9109 -2.48964 26.6
      vertex -57.8922 -7.94683 26.6
    endloop
  endfacet
  facet normal 0 0 1
    outer loop
      vertex -57.8922 -7.94683 26.6
      vertex -59.9109 -2.48964 26.6
      vertex -58.5 -8 26.6
    endloop
  endfacet
  facet normal -0 0 1
    outer loop
      vertex -60.375 -2.81458 26.6
      vertex -58.5 -8 26.6
      vertex -59.9109 -2.48964 26.6
    endloop
  endfacet
  facet normal -0 0 1
    outer loop
      vertex -60.8884 -3.054 26.6
      vertex -58.5 -8 26.6
      vertex -60.375 -2.81458 26.6
    endloop
  endfacet
  facet normal -0 0 1
    outer loop
      vertex -61.4356 -3.20062 26.6
      vertex -58.5 -8 26.6
      vertex -60.8884 -3.054 26.6
    endloop
  endfacet
  facet normal -0 0 1
    outer loop
      vertex -62 -3.25 26.6
      vertex -58.5 -8 26.6
      vertex -61.4356 -3.20062 26.6
    endloop
  endfacet
  facet normal 0 0 1
    outer loop
      vertex -65.5 -8 26.6
      vertex -62 -3.25 26.6
      vertex -62.5644 -3.20062 26.6
    endloop
  endfacet
  facet normal 0 0 1
    outer loop
      vertex -65.5 -8 26.6
      vertex -62.5644 -3.20062 26.6
      vertex -63.1116 -3.054 26.6
    endloop
  endfacet
  facet normal 0 0 1
    outer loop
      vertex -65.5 -8 26.6
      vertex -63.1116 -3.054 26.6
      vertex -63.625 -2.81458 26.6
    endloop
  endfacet
  facet normal 0 0 1
    outer loop
      vertex -65.5 -8 26.6
      vertex -63.625 -2.81458 26.6
      vertex -64.0891 -2.48964 26.6
    endloop
  endfacet
  facet normal 0 0 1
    outer loop
      vertex -62 -3.25 26.6
      vertex -65.5 -8 26.6
      vertex -58.5 -8 26.6
    endloop
  endfacet
  facet normal 0 0 1
    outer loop
      vertex -69 -4.5 26.6
      vertex -64.0891 -2.48964 26.6
      vertex -64.4896 -2.08906 26.6
    endloop
  endfacet
  facet normal 0 0 1
    outer loop
      vertex -69 -4.5 26.6
      vertex -64.4896 -2.08906 26.6
      vertex -64.8146 -1.625 26.6
    endloop
  endfacet
  facet normal 0 0 1
    outer loop
      vertex -69 -4.5 26.6
      vertex -64.8146 -1.625 26.6
      vertex -65.054 -1.11156 26.6
    endloop
  endfacet
  facet normal 0 0 1
    outer loop
      vertex -69 -4.5 26.6
      vertex -65.054 -1.11156 26.6
      vertex -65.2006 -0.564356 26.6
    endloop
  endfacet
  facet normal 0 0 1
    outer loop
      vertex -69 -4.5 26.6
      vertex -65.2006 -0.564356 26.6
      vertex -65.25 0 26.6
    endloop
  endfacet
  facet normal 0 0 1
    outer loop
      vertex -65.2006 0.564356 26.6
      vertex -69 4.5 26.6
      vertex -65.25 0 26.6
    endloop
  endfacet
  facet normal 0 0 1
    outer loop
      vertex -69 4.5 26.6
      vertex -65.5 8 26.6
      vertex -66.1078 7.94683 26.6
    endloop
  endfacet
  facet normal 0 0 1
    outer loop
      vertex -69 -4.5 26.6
      vertex -65.25 0 26.6
      vertex -69 4.5 26.6
    endloop
  endfacet
  facet normal 0 0 1
    outer loop
      vertex -69 4.5 26.6
      vertex -66.1078 7.94683 26.6
      vertex -66.6971 7.78892 26.6
    endloop
  endfacet
  facet normal 0 0 1
    outer loop
      vertex -64.0891 -2.48964 26.6
      vertex -69 -4.5 26.6
      vertex -68.9468 -5.10777 26.6
    endloop
  endfacet
  facet normal 0 0 1
    outer loop
      vertex -69 4.5 26.6
      vertex -66.6971 7.78892 26.6
      vertex -67.25 7.53109 26.6
    endloop
  endfacet
  facet normal 0 0 1
    outer loop
      vertex -64.0891 -2.48964 26.6
      vertex -66.1078 -7.94683 26.6
      vertex -65.5 -8 26.6
    endloop
  endfacet
  facet normal 0 0 1
    outer loop
      vertex -69 4.5 26.6
      vertex -67.25 7.53109 26.6
      vertex -67.7498 7.18116 26.6
    endloop
  endfacet
  facet normal 0 0 1
    outer loop
      vertex -64.0891 -2.48964 26.6
      vertex -66.6971 -7.78892 26.6
      vertex -66.1078 -7.94683 26.6
    endloop
  endfacet
  facet normal 0 0 1
    outer loop
      vertex -69 4.5 26.6
      vertex -67.7498 7.18116 26.6
      vertex -68.1812 6.74976 26.6
    endloop
  endfacet
  facet normal 0 0 1
    outer loop
      vertex -64.0891 -2.48964 26.6
      vertex -67.25 -7.53109 26.6
      vertex -66.6971 -7.78892 26.6
    endloop
  endfacet
  facet normal 0 0 1
    outer loop
      vertex -69 4.5 26.6
      vertex -68.1812 6.74976 26.6
      vertex -68.5311 6.25 26.6
    endloop
  endfacet
  facet normal 0 0 1
    outer loop
      vertex -64.0891 -2.48964 26.6
      vertex -67.7498 -7.18116 26.6
      vertex -67.25 -7.53109 26.6
    endloop
  endfacet
  facet normal 0 0 1
    outer loop
      vertex -69 4.5 26.6
      vertex -68.5311 6.25 26.6
      vertex -68.7889 5.69707 26.6
    endloop
  endfacet
  facet normal 0 0 1
    outer loop
      vertex -64.0891 -2.48964 26.6
      vertex -68.1812 -6.74976 26.6
      vertex -67.7498 -7.18116 26.6
    endloop
  endfacet
  facet normal 0 0 1
    outer loop
      vertex -69 4.5 26.6
      vertex -68.7889 5.69707 26.6
      vertex -68.9468 5.10777 26.6
    endloop
  endfacet
  facet normal 0 0 1
    outer loop
      vertex -64.0891 -2.48964 26.6
      vertex -68.5311 -6.25 26.6
      vertex -68.1812 -6.74976 26.6
    endloop
  endfacet
  facet normal 0 0 1
    outer loop
      vertex -64.0891 -2.48964 26.6
      vertex -68.7889 -5.69707 26.6
      vertex -68.5311 -6.25 26.6
    endloop
  endfacet
  facet normal 0 0 1
    outer loop
      vertex -64.0891 -2.48964 26.6
      vertex -68.9468 -5.10777 26.6
      vertex -68.7889 -5.69707 26.6
    endloop
  endfacet
  facet normal 0 -1 0
    outer loop
      vertex -65.5 -8 23.6
      vertex -58.5 -8 26.6
      vertex -65.5 -8 26.6
    endloop
  endfacet
  facet normal 0 -1 -0
    outer loop
      vertex -58.5 -8 26.6
      vertex -65.5 -8 23.6
      vertex -58.5 -8 23.6
    endloop
  endfacet
  facet normal -0.573539 0.819178 0
    outer loop
      vertex -67.25 7.53109 23.6
      vertex -67.7498 7.18116 26.6
      vertex -67.25 7.53109 26.6
    endloop
  endfacet
  facet normal -0.573539 0.819178 0
    outer loop
      vertex -67.7498 7.18116 26.6
      vertex -67.25 7.53109 23.6
      vertex -67.7498 7.18116 23.6
    endloop
  endfacet
  facet normal -0.42263 -0.906302 0
    outer loop
      vertex -67.25 -7.53109 23.6
      vertex -66.6971 -7.78892 26.6
      vertex -67.25 -7.53109 26.6
    endloop
  endfacet
  facet normal -0.42263 -0.906302 -0
    outer loop
      vertex -66.6971 -7.78892 26.6
      vertex -67.25 -7.53109 23.6
      vertex -66.6971 -7.78892 23.6
    endloop
  endfacet
  facet normal -0.258831 0.965923 0
    outer loop
      vertex -66.1078 7.94683 23.6
      vertex -66.6971 7.78892 26.6
      vertex -66.1078 7.94683 26.6
    endloop
  endfacet
  facet normal -0.258831 0.965923 0
    outer loop
      vertex -66.6971 7.78892 26.6
      vertex -66.1078 7.94683 23.6
      vertex -66.6971 7.78892 23.6
    endloop
  endfacet
  facet normal 0.996191 -0.0871997 -1.85112e-18
    outer loop
      vertex -55.0532 -5.10777 26.6
      vertex -55 -4.5 23.6
      vertex -55 -4.5 26.6
    endloop
  endfacet
  facet normal 0.996191 -0.0871997 -1.85112e-18
    outer loop
      vertex -55 -4.5 23.6
      vertex -55.0532 -5.10777 26.6
      vertex -55.0532 -5.10777 23.6
    endloop
  endfacet
  facet normal 0.996191 0.0871997 1.85112e-18
    outer loop
      vertex -55 4.5 26.6
      vertex -55.0532 5.10777 23.6
      vertex -55.0532 5.10777 26.6
    endloop
  endfacet
  facet normal 0.996191 0.0871997 1.85112e-18
    outer loop
      vertex -55.0532 5.10777 23.6
      vertex -55 4.5 26.6
      vertex -55 4.5 23.6
    endloop
  endfacet
  facet normal 0.90633 0.42257 3.61482e-18
    outer loop
      vertex -55.2111 5.69707 26.6
      vertex -55.4689 6.25 23.6
      vertex -55.4689 6.25 26.6
    endloop
  endfacet
  facet normal 0.90633 0.42257 3.61482e-18
    outer loop
      vertex -55.4689 6.25 23.6
      vertex -55.2111 5.69707 26.6
      vertex -55.2111 5.69707 23.6
    endloop
  endfacet
  facet normal -0.996191 -0.0871997 4.9965e-19
    outer loop
      vertex -68.9468 -5.10777 23.6
      vertex -69 -4.5 26.6
      vertex -69 -4.5 23.6
    endloop
  endfacet
  facet normal -0.996191 -0.0871997 4.9965e-19
    outer loop
      vertex -69 -4.5 26.6
      vertex -68.9468 -5.10777 23.6
      vertex -68.9468 -5.10777 26.6
    endloop
  endfacet
  facet normal 0.0871466 0.996195 -0
    outer loop
      vertex -57.8922 7.94683 23.6
      vertex -58.5 8 26.6
      vertex -57.8922 7.94683 26.6
    endloop
  endfacet
  facet normal 0.0871466 0.996195 0
    outer loop
      vertex -58.5 8 26.6
      vertex -57.8922 7.94683 23.6
      vertex -58.5 8 23.6
    endloop
  endfacet
  facet normal -0.81918 0.573537 2.00569e-18
    outer loop
      vertex -68.5311 6.25 23.6
      vertex -68.1812 6.74976 26.6
      vertex -68.1812 6.74976 23.6
    endloop
  endfacet
  facet normal -0.81918 0.573537 2.00569e-18
    outer loop
      vertex -68.1812 6.74976 26.6
      vertex -68.5311 6.25 23.6
      vertex -68.5311 6.25 26.6
    endloop
  endfacet
  facet normal 0.965927 -0.258815 -1.02309e-18
    outer loop
      vertex -55.2111 -5.69707 26.6
      vertex -55.0532 -5.10777 23.6
      vertex -55.0532 -5.10777 26.6
    endloop
  endfacet
  facet normal 0.965927 -0.258815 -1.02309e-18
    outer loop
      vertex -55.0532 -5.10777 23.6
      vertex -55.2111 -5.69707 26.6
      vertex -55.2111 -5.69707 23.6
    endloop
  endfacet
  facet normal 0.81918 0.573537 -1.422e-19
    outer loop
      vertex -55.4689 6.25 26.6
      vertex -55.8188 6.74976 23.6
      vertex -55.8188 6.74976 26.6
    endloop
  endfacet
  facet normal 0.81918 0.573537 -1.422e-19
    outer loop
      vertex -55.8188 6.74976 23.6
      vertex -55.4689 6.25 26.6
      vertex -55.4689 6.25 23.6
    endloop
  endfacet
  facet normal 0.0871466 -0.996195 0
    outer loop
      vertex -58.5 -8 23.6
      vertex -57.8922 -7.94683 26.6
      vertex -58.5 -8 26.6
    endloop
  endfacet
  facet normal 0.0871466 -0.996195 0
    outer loop
      vertex -57.8922 -7.94683 26.6
      vertex -58.5 -8 23.6
      vertex -57.8922 -7.94683 23.6
    endloop
  endfacet
  facet normal 0.707107 -0.707107 0
    outer loop
      vertex -56.2502 -7.18116 23.6
      vertex -55.8188 -6.74976 26.6
      vertex -56.2502 -7.18116 26.6
    endloop
  endfacet
  facet normal 0.707107 -0.707107 0
    outer loop
      vertex -55.8188 -6.74976 26.6
      vertex -56.2502 -7.18116 23.6
      vertex -55.8188 -6.74976 23.6
    endloop
  endfacet
  facet normal 0.42263 0.906302 -0
    outer loop
      vertex -56.75 7.53109 23.6
      vertex -57.3029 7.78892 26.6
      vertex -56.75 7.53109 26.6
    endloop
  endfacet
  facet normal 0.42263 0.906302 0
    outer loop
      vertex -57.3029 7.78892 26.6
      vertex -56.75 7.53109 23.6
      vertex -57.3029 7.78892 23.6
    endloop
  endfacet
  facet normal 0.258831 0.965923 -0
    outer loop
      vertex -57.3029 7.78892 23.6
      vertex -57.8922 7.94683 26.6
      vertex -57.3029 7.78892 26.6
    endloop
  endfacet
  facet normal 0.258831 0.965923 0
    outer loop
      vertex -57.8922 7.94683 26.6
      vertex -57.3029 7.78892 23.6
      vertex -57.8922 7.94683 23.6
    endloop
  endfacet
  facet normal 0.90633 -0.42257 -3.61482e-18
    outer loop
      vertex -55.4689 -6.25 26.6
      vertex -55.2111 -5.69707 23.6
      vertex -55.2111 -5.69707 26.6
    endloop
  endfacet
  facet normal 0.90633 -0.42257 -3.61482e-18
    outer loop
      vertex -55.2111 -5.69707 23.6
      vertex -55.4689 -6.25 26.6
      vertex -55.4689 -6.25 23.6
    endloop
  endfacet
  facet normal 0 0 -1
    outer loop
      vertex -59.9109 2.48964 23.6
      vertex -59.9 3.4 23.6
      vertex -59.5104 2.08906 23.6
    endloop
  endfacet
  facet normal 0 0 -1
    outer loop
      vertex -60.375 2.81458 23.6
      vertex -59.9 3.4 23.6
      vertex -59.9109 2.48964 23.6
    endloop
  endfacet
  facet normal 0 0 -1
    outer loop
      vertex -60.8884 3.054 23.6
      vertex -59.9 3.4 23.6
      vertex -60.375 2.81458 23.6
    endloop
  endfacet
  facet normal 0 0 -1
    outer loop
      vertex -61.4356 3.20062 23.6
      vertex -59.9 3.4 23.6
      vertex -60.8884 3.054 23.6
    endloop
  endfacet
  facet normal 0 0 -1
    outer loop
      vertex -62 3.25 23.6
      vertex -59.9 3.4 23.6
      vertex -61.4356 3.20062 23.6
    endloop
  endfacet
  facet normal 0 0 -1
    outer loop
      vertex -62 3.25 23.6
      vertex -64.1 3.4 23.6
      vertex -59.9 3.4 23.6
    endloop
  endfacet
  facet normal 0 0 -1
    outer loop
      vertex -62.5644 3.20062 23.6
      vertex -64.1 3.4 23.6
      vertex -62 3.25 23.6
    endloop
  endfacet
  facet normal 0 0 -1
    outer loop
      vertex -63.1116 3.054 23.6
      vertex -64.1 3.4 23.6
      vertex -62.5644 3.20062 23.6
    endloop
  endfacet
  facet normal 0 0 -1
    outer loop
      vertex -63.625 2.81458 23.6
      vertex -64.1 3.4 23.6
      vertex -63.1116 3.054 23.6
    endloop
  endfacet
  facet normal 0 0 -1
    outer loop
      vertex -64.0891 2.48964 23.6
      vertex -64.1 3.4 23.6
      vertex -63.625 2.81458 23.6
    endloop
  endfacet
  facet normal 0 0 -1
    outer loop
      vertex -69 4.5 23.6
      vertex -64.1 3.4 23.6
      vertex -64.4896 2.08906 23.6
    endloop
  endfacet
  facet normal 0 0 -1
    outer loop
      vertex -64.4896 2.08906 23.6
      vertex -64.1 3.4 23.6
      vertex -64.0891 2.48964 23.6
    endloop
  endfacet
  facet normal 0 0 -1
    outer loop
      vertex -59.9 -3.4 23.6
      vertex -55 -4.5 23.6
      vertex -55.0532 -5.10777 23.6
    endloop
  endfacet
  facet normal 0 0 -1
    outer loop
      vertex -55 -4.5 23.6
      vertex -58.75 0 23.6
      vertex -55 4.5 23.6
    endloop
  endfacet
  facet normal 0 0 -1
    outer loop
      vertex -59.9 -3.4 23.6
      vertex -55.0532 -5.10777 23.6
      vertex -55.2111 -5.69707 23.6
    endloop
  endfacet
  facet normal 0 0 -1
    outer loop
      vertex -58.7994 0.564356 23.6
      vertex -55 4.5 23.6
      vertex -58.75 0 23.6
    endloop
  endfacet
  facet normal 0 0 -1
    outer loop
      vertex -59.9 -3.4 23.6
      vertex -55.2111 -5.69707 23.6
      vertex -55.4689 -6.25 23.6
    endloop
  endfacet
  facet normal 0 0 -1
    outer loop
      vertex -58.946 1.11156 23.6
      vertex -55 4.5 23.6
      vertex -58.7994 0.564356 23.6
    endloop
  endfacet
  facet normal 0 0 -1
    outer loop
      vertex -59.9 -3.4 23.6
      vertex -55.4689 -6.25 23.6
      vertex -55.8188 -6.74976 23.6
    endloop
  endfacet
  facet normal 0 0 -1
    outer loop
      vertex -59.1854 1.625 23.6
      vertex -55 4.5 23.6
      vertex -58.946 1.11156 23.6
    endloop
  endfacet
  facet normal 0 0 -1
    outer loop
      vertex -59.9 -6.6 23.6
      vertex -55.8188 -6.74976 23.6
      vertex -56.2502 -7.18116 23.6
    endloop
  endfacet
  facet normal 0 0 -1
    outer loop
      vertex -59.5104 2.08906 23.6
      vertex -55 4.5 23.6
      vertex -59.1854 1.625 23.6
    endloop
  endfacet
  facet normal 0 0 -1
    outer loop
      vertex -59.9 -6.6 23.6
      vertex -56.2502 -7.18116 23.6
      vertex -56.75 -7.53109 23.6
    endloop
  endfacet
  facet normal 0 0 -1
    outer loop
      vertex -59.9 3.4 23.6
      vertex -55 4.5 23.6
      vertex -59.5104 2.08906 23.6
    endloop
  endfacet
  facet normal 0 0 -1
    outer loop
      vertex -59.9 -6.6 23.6
      vertex -56.75 -7.53109 23.6
      vertex -57.3029 -7.78892 23.6
    endloop
  endfacet
  facet normal -0 0 -1
    outer loop
      vertex -55 4.5 23.6
      vertex -59.9 3.4 23.6
      vertex -55.0532 5.10777 23.6
    endloop
  endfacet
  facet normal 0 0 -1
    outer loop
      vertex -59.9 -6.6 23.6
      vertex -57.3029 -7.78892 23.6
      vertex -57.8922 -7.94683 23.6
    endloop
  endfacet
  facet normal -0 0 -1
    outer loop
      vertex -55.2111 5.69707 23.6
      vertex -59.9 3.4 23.6
      vertex -55.4689 6.25 23.6
    endloop
  endfacet
  facet normal 0 0 -1
    outer loop
      vertex -59.9 -6.6 23.6
      vertex -57.8922 -7.94683 23.6
      vertex -58.5 -8 23.6
    endloop
  endfacet
  facet normal -0 0 -1
    outer loop
      vertex -55.4689 6.25 23.6
      vertex -59.9 3.4 23.6
      vertex -55.8188 6.74976 23.6
    endloop
  endfacet
  facet normal 0 0 -1
    outer loop
      vertex -59.9 6.6 23.6
      vertex -55.8188 6.74976 23.6
      vertex -59.9 3.4 23.6
    endloop
  endfacet
  facet normal 0 0 -1
    outer loop
      vertex -55 -4.5 23.6
      vertex -58.7994 -0.564356 23.6
      vertex -58.75 0 23.6
    endloop
  endfacet
  facet normal 0 0 -1
    outer loop
      vertex -55 -4.5 23.6
      vertex -58.946 -1.11156 23.6
      vertex -58.7994 -0.564356 23.6
    endloop
  endfacet
  facet normal 0 0 -1
    outer loop
      vertex -55 -4.5 23.6
      vertex -59.1854 -1.625 23.6
      vertex -58.946 -1.11156 23.6
    endloop
  endfacet
  facet normal 0 0 -1
    outer loop
      vertex -55 -4.5 23.6
      vertex -59.9 -3.4 23.6
      vertex -59.5104 -2.08906 23.6
    endloop
  endfacet
  facet normal 0 0 -1
    outer loop
      vertex -55.8188 -6.74976 23.6
      vertex -59.9 -6.6 23.6
      vertex -59.9 -3.4 23.6
    endloop
  endfacet
  facet normal 0 0 -1
    outer loop
      vertex -58.5 -8 23.6
      vertex -64.1 -6.6 23.6
      vertex -59.9 -6.6 23.6
    endloop
  endfacet
  facet normal 0 0 -1
    outer loop
      vertex -69 -4.5 23.6
      vertex -64.1 -3.4 23.6
      vertex -64.1 -6.6 23.6
    endloop
  endfacet
  facet normal -0 0 -1
    outer loop
      vertex -64.1 -3.4 23.6
      vertex -69 -4.5 23.6
      vertex -64.4896 -2.08906 23.6
    endloop
  endfacet
  facet normal -0 0 -1
    outer loop
      vertex -64.4896 -2.08906 23.6
      vertex -69 -4.5 23.6
      vertex -64.8146 -1.625 23.6
    endloop
  endfacet
  facet normal -0 0 -1
    outer loop
      vertex -64.8146 -1.625 23.6
      vertex -69 -4.5 23.6
      vertex -65.054 -1.11156 23.6
    endloop
  endfacet
  facet normal -0 0 -1
    outer loop
      vertex -65.054 -1.11156 23.6
      vertex -69 -4.5 23.6
      vertex -65.2006 -0.564356 23.6
    endloop
  endfacet
  facet normal 0 0 -1
    outer loop
      vertex -69 -4.5 23.6
      vertex -64.1 -6.6 23.6
      vertex -65.5 -8 23.6
    endloop
  endfacet
  facet normal 0 0 -1
    outer loop
      vertex -65.5 -8 23.6
      vertex -64.1 -6.6 23.6
      vertex -58.5 -8 23.6
    endloop
  endfacet
  facet normal -0 0 -1
    outer loop
      vertex -55.8188 6.74976 23.6
      vertex -59.9 6.6 23.6
      vertex -56.2502 7.18116 23.6
    endloop
  endfacet
  facet normal -0 0 -1
    outer loop
      vertex -56.2502 7.18116 23.6
      vertex -59.9 6.6 23.6
      vertex -56.75 7.53109 23.6
    endloop
  endfacet
  facet normal -0 0 -1
    outer loop
      vertex -56.75 7.53109 23.6
      vertex -59.9 6.6 23.6
      vertex -57.3029 7.78892 23.6
    endloop
  endfacet
  facet normal -0 0 -1
    outer loop
      vertex -55.0532 5.10777 23.6
      vertex -59.9 3.4 23.6
      vertex -55.2111 5.69707 23.6
    endloop
  endfacet
  facet normal -0 0 -1
    outer loop
      vertex -57.3029 7.78892 23.6
      vertex -59.9 6.6 23.6
      vertex -57.8922 7.94683 23.6
    endloop
  endfacet
  facet normal -0 0 -1
    outer loop
      vertex -57.8922 7.94683 23.6
      vertex -59.9 6.6 23.6
      vertex -58.5 8 23.6
    endloop
  endfacet
  facet normal 0 0 -1
    outer loop
      vertex -64.1 6.6 23.6
      vertex -58.5 8 23.6
      vertex -59.9 6.6 23.6
    endloop
  endfacet
  facet normal 0 0 -1
    outer loop
      vertex -69 4.5 23.6
      vertex -64.4896 2.08906 23.6
      vertex -64.8146 1.625 23.6
    endloop
  endfacet
  facet normal 0 0 -1
    outer loop
      vertex -69 4.5 23.6
      vertex -64.8146 1.625 23.6
      vertex -65.054 1.11156 23.6
    endloop
  endfacet
  facet normal 0 0 -1
    outer loop
      vertex -69 4.5 23.6
      vertex -65.054 1.11156 23.6
      vertex -65.2006 0.564356 23.6
    endloop
  endfacet
  facet normal 0 0 -1
    outer loop
      vertex -64.1 6.6 23.6
      vertex -65.5 8 23.6
      vertex -58.5 8 23.6
    endloop
  endfacet
  facet normal 0 -0 -1
    outer loop
      vertex -68.9468 5.10777 23.6
      vertex -64.1 3.4 23.6
      vertex -69 4.5 23.6
    endloop
  endfacet
  facet normal 0 0 -1
    outer loop
      vertex -69 4.5 23.6
      vertex -65.2006 0.564356 23.6
      vertex -65.25 0 23.6
    endloop
  endfacet
  facet normal -0 0 -1
    outer loop
      vertex -65.2006 -0.564356 23.6
      vertex -69 -4.5 23.6
      vertex -65.25 0 23.6
    endloop
  endfacet
  facet normal 0 0 -1
    outer loop
      vertex -69 -4.5 23.6
      vertex -65.5 -8 23.6
      vertex -66.1078 -7.94683 23.6
    endloop
  endfacet
  facet normal 0 0 -1
    outer loop
      vertex -69 4.5 23.6
      vertex -65.25 0 23.6
      vertex -69 -4.5 23.6
    endloop
  endfacet
  facet normal 0 0 -1
    outer loop
      vertex -69 -4.5 23.6
      vertex -66.1078 -7.94683 23.6
      vertex -66.6971 -7.78892 23.6
    endloop
  endfacet
  facet normal 0 -0 -1
    outer loop
      vertex -68.7889 5.69707 23.6
      vertex -64.1 3.4 23.6
      vertex -68.9468 5.10777 23.6
    endloop
  endfacet
  facet normal 0 0 -1
    outer loop
      vertex -69 -4.5 23.6
      vertex -66.6971 -7.78892 23.6
      vertex -67.25 -7.53109 23.6
    endloop
  endfacet
  facet normal 0 0 -1
    outer loop
      vertex -64.1 6.6 23.6
      vertex -66.1078 7.94683 23.6
      vertex -65.5 8 23.6
    endloop
  endfacet
  facet normal 0 0 -1
    outer loop
      vertex -69 -4.5 23.6
      vertex -67.25 -7.53109 23.6
      vertex -67.7498 -7.18116 23.6
    endloop
  endfacet
  facet normal 0 0 -1
    outer loop
      vertex -64.1 6.6 23.6
      vertex -66.6971 7.78892 23.6
      vertex -66.1078 7.94683 23.6
    endloop
  endfacet
  facet normal 0 0 -1
    outer loop
      vertex -69 -4.5 23.6
      vertex -67.7498 -7.18116 23.6
      vertex -68.1812 -6.74976 23.6
    endloop
  endfacet
  facet normal 0 0 -1
    outer loop
      vertex -64.1 6.6 23.6
      vertex -67.25 7.53109 23.6
      vertex -66.6971 7.78892 23.6
    endloop
  endfacet
  facet normal 0 0 -1
    outer loop
      vertex -69 -4.5 23.6
      vertex -68.1812 -6.74976 23.6
      vertex -68.5311 -6.25 23.6
    endloop
  endfacet
  facet normal 0 0 -1
    outer loop
      vertex -64.1 6.6 23.6
      vertex -67.7498 7.18116 23.6
      vertex -67.25 7.53109 23.6
    endloop
  endfacet
  facet normal 0 0 -1
    outer loop
      vertex -69 -4.5 23.6
      vertex -68.5311 -6.25 23.6
      vertex -68.7889 -5.69707 23.6
    endloop
  endfacet
  facet normal 0 0 -1
    outer loop
      vertex -64.1 6.6 23.6
      vertex -68.1812 6.74976 23.6
      vertex -67.7498 7.18116 23.6
    endloop
  endfacet
  facet normal 0 0 -1
    outer loop
      vertex -69 -4.5 23.6
      vertex -68.7889 -5.69707 23.6
      vertex -68.9468 -5.10777 23.6
    endloop
  endfacet
  facet normal -0 0 -1
    outer loop
      vertex -64.1 6.6 23.6
      vertex -68.5311 6.25 23.6
      vertex -68.1812 6.74976 23.6
    endloop
  endfacet
  facet normal 0 0 -1
    outer loop
      vertex -64.1 3.4 23.6
      vertex -68.5311 6.25 23.6
      vertex -64.1 6.6 23.6
    endloop
  endfacet
  facet normal 0 -0 -1
    outer loop
      vertex -68.5311 6.25 23.6
      vertex -64.1 3.4 23.6
      vertex -68.7889 5.69707 23.6
    endloop
  endfacet
  facet normal 0 0 -1
    outer loop
      vertex -55 -4.5 23.6
      vertex -59.5104 -2.08906 23.6
      vertex -59.1854 -1.625 23.6
    endloop
  endfacet
  facet normal 0 0 -1
    outer loop
      vertex -59.9 -3.4 23.6
      vertex -59.9109 -2.48964 23.6
      vertex -59.5104 -2.08906 23.6
    endloop
  endfacet
  facet normal 0 0 -1
    outer loop
      vertex -59.9 -3.4 23.6
      vertex -60.375 -2.81458 23.6
      vertex -59.9109 -2.48964 23.6
    endloop
  endfacet
  facet normal 0 0 -1
    outer loop
      vertex -59.9 -3.4 23.6
      vertex -60.8884 -3.054 23.6
      vertex -60.375 -2.81458 23.6
    endloop
  endfacet
  facet normal 0 0 -1
    outer loop
      vertex -59.9 -3.4 23.6
      vertex -61.4356 -3.20062 23.6
      vertex -60.8884 -3.054 23.6
    endloop
  endfacet
  facet normal 0 0 -1
    outer loop
      vertex -59.9 -3.4 23.6
      vertex -62 -3.25 23.6
      vertex -61.4356 -3.20062 23.6
    endloop
  endfacet
  facet normal 0 0 -1
    outer loop
      vertex -64.1 -3.4 23.6
      vertex -62 -3.25 23.6
      vertex -59.9 -3.4 23.6
    endloop
  endfacet
  facet normal 0 0 -1
    outer loop
      vertex -64.1 -3.4 23.6
      vertex -62.5644 -3.20062 23.6
      vertex -62 -3.25 23.6
    endloop
  endfacet
  facet normal 0 0 -1
    outer loop
      vertex -64.1 -3.4 23.6
      vertex -63.1116 -3.054 23.6
      vertex -62.5644 -3.20062 23.6
    endloop
  endfacet
  facet normal 0 0 -1
    outer loop
      vertex -64.1 -3.4 23.6
      vertex -63.625 -2.81458 23.6
      vertex -63.1116 -3.054 23.6
    endloop
  endfacet
  facet normal 0 0 -1
    outer loop
      vertex -64.1 -3.4 23.6
      vertex -64.0891 -2.48964 23.6
      vertex -63.625 -2.81458 23.6
    endloop
  endfacet
  facet normal -0 0 -1
    outer loop
      vertex -64.0891 -2.48964 23.6
      vertex -64.1 -3.4 23.6
      vertex -64.4896 -2.08906 23.6
    endloop
  endfacet
  facet normal 0.965927 0.258815 1.02309e-18
    outer loop
      vertex -55.0532 5.10777 26.6
      vertex -55.2111 5.69707 23.6
      vertex -55.2111 5.69707 26.6
    endloop
  endfacet
  facet normal 0.965927 0.258815 1.02309e-18
    outer loop
      vertex -55.2111 5.69707 23.6
      vertex -55.0532 5.10777 26.6
      vertex -55.0532 5.10777 23.6
    endloop
  endfacet
  facet normal 0.573506 -0.819201 0
    outer loop
      vertex 50.25 -31.5311 -1.1
      vertex 50.7498 -31.1812 1.1
      vertex 50.25 -31.5311 1.1
    endloop
  endfacet
  facet normal 0.573506 -0.819201 0
    outer loop
      vertex 50.7498 -31.1812 1.1
      vertex 50.25 -31.5311 -1.1
      vertex 50.7498 -31.1812 -1.1
    endloop
  endfacet
  facet normal -0.819201 -0.573506 5.37478e-18
    outer loop
      vertex -51.1812 -30.7498 -1.1
      vertex -51.5311 -30.25 1.1
      vertex -51.5311 -30.25 -1.1
    endloop
  endfacet
  facet normal -0.819201 -0.573506 5.37478e-18
    outer loop
      vertex -51.5311 -30.25 1.1
      vertex -51.1812 -30.7498 -1.1
      vertex -51.1812 -30.7498 1.1
    endloop
  endfacet
  facet normal 0.422589 -0.906321 0
    outer loop
      vertex 49.6971 -31.7889 -1.1
      vertex 50.25 -31.5311 1.1
      vertex 49.6971 -31.7889 1.1
    endloop
  endfacet
  facet normal 0.422589 -0.906321 0
    outer loop
      vertex 50.25 -31.5311 1.1
      vertex 49.6971 -31.7889 -1.1
      vertex 50.25 -31.5311 -1.1
    endloop
  endfacet
  facet normal -0.0871954 -0.996191 0
    outer loop
      vertex -49.1078 -31.9468 -1.1
      vertex -48.5 -32 1.1
      vertex -49.1078 -31.9468 1.1
    endloop
  endfacet
  facet normal -0.0871954 -0.996191 -0
    outer loop
      vertex -48.5 -32 1.1
      vertex -49.1078 -31.9468 -1.1
      vertex -48.5 -32 -1.1
    endloop
  endfacet
  facet normal 0.258815 -0.965927 0
    outer loop
      vertex 49.1078 -31.9468 -1.1
      vertex 49.6971 -31.7889 1.1
      vertex 49.1078 -31.9468 1.1
    endloop
  endfacet
  facet normal 0.258815 -0.965927 0
    outer loop
      vertex 49.6971 -31.7889 1.1
      vertex 49.1078 -31.9468 -1.1
      vertex 49.6971 -31.7889 -1.1
    endloop
  endfacet
  facet normal -0.906321 -0.422589 7.28942e-18
    outer loop
      vertex -51.5311 -30.25 -1.1
      vertex -51.7889 -29.6971 1.1
      vertex -51.7889 -29.6971 -1.1
    endloop
  endfacet
  facet normal -0.906321 -0.422589 7.28942e-18
    outer loop
      vertex -51.7889 -29.6971 1.1
      vertex -51.5311 -30.25 -1.1
      vertex -51.5311 -30.25 1.1
    endloop
  endfacet
  facet normal 0 1 -0
    outer loop
      vertex 48.5 32 -1.1
      vertex -48.5 32 1.1
      vertex 48.5 32 1.1
    endloop
  endfacet
  facet normal 0 1 0
    outer loop
      vertex -48.5 32 1.1
      vertex 48.5 32 -1.1
      vertex -48.5 32 -1.1
    endloop
  endfacet
  facet normal -0.0871954 0.996191 0
    outer loop
      vertex -48.5 32 -1.1
      vertex -49.1078 31.9468 1.1
      vertex -48.5 32 1.1
    endloop
  endfacet
  facet normal -0.0871954 0.996191 0
    outer loop
      vertex -49.1078 31.9468 1.1
      vertex -48.5 32 -1.1
      vertex -49.1078 31.9468 -1.1
    endloop
  endfacet
  facet normal 0.0871954 -0.996191 0
    outer loop
      vertex 48.5 -32 -1.1
      vertex 49.1078 -31.9468 1.1
      vertex 48.5 -32 1.1
    endloop
  endfacet
  facet normal 0.0871954 -0.996191 0
    outer loop
      vertex 49.1078 -31.9468 1.1
      vertex 48.5 -32 -1.1
      vertex 49.1078 -31.9468 -1.1
    endloop
  endfacet
  facet normal 0.996191 -0.0871954 2.45818e-18
    outer loop
      vertex 51.9468 -29.1078 1.1
      vertex 52 -28.5 -1.1
      vertex 52 -28.5 1.1
    endloop
  endfacet
  facet normal 0.996191 -0.0871954 2.45818e-18
    outer loop
      vertex 52 -28.5 -1.1
      vertex 51.9468 -29.1078 1.1
      vertex 51.9468 -29.1078 -1.1
    endloop
  endfacet
  facet normal -0.573506 0.819201 0
    outer loop
      vertex -50.25 31.5311 -1.1
      vertex -50.7498 31.1812 1.1
      vertex -50.25 31.5311 1.1
    endloop
  endfacet
  facet normal -0.573506 0.819201 0
    outer loop
      vertex -50.7498 31.1812 1.1
      vertex -50.25 31.5311 -1.1
      vertex -50.7498 31.1812 -1.1
    endloop
  endfacet
  facet normal -0.996191 -0.0871954 -2.45818e-18
    outer loop
      vertex -51.9468 -29.1078 -1.1
      vertex -52 -28.5 1.1
      vertex -52 -28.5 -1.1
    endloop
  endfacet
  facet normal -0.996191 -0.0871954 -2.45818e-18
    outer loop
      vertex -52 -28.5 1.1
      vertex -51.9468 -29.1078 -1.1
      vertex -51.9468 -29.1078 1.1
    endloop
  endfacet
  facet normal 0.0871954 0.996191 -0
    outer loop
      vertex 49.1078 31.9468 -1.1
      vertex 48.5 32 1.1
      vertex 49.1078 31.9468 1.1
    endloop
  endfacet
  facet normal 0.0871954 0.996191 0
    outer loop
      vertex 48.5 32 1.1
      vertex 49.1078 31.9468 -1.1
      vertex 48.5 32 -1.1
    endloop
  endfacet
  facet normal 0.258815 0.965927 -0
    outer loop
      vertex 49.6971 31.7889 -1.1
      vertex 49.1078 31.9468 1.1
      vertex 49.6971 31.7889 1.1
    endloop
  endfacet
  facet normal 0.258815 0.965927 0
    outer loop
      vertex 49.1078 31.9468 1.1
      vertex 49.6971 31.7889 -1.1
      vertex 49.1078 31.9468 -1.1
    endloop
  endfacet
  facet normal -1 0 0
    outer loop
      vertex -52 -28.5 -1.1
      vertex -52 -9 1.1
      vertex -52 -9 -1.1
    endloop
  endfacet
  facet normal -1 -0 0
    outer loop
      vertex -52 -9 1.1
      vertex -52 -28.5 -1.1
      vertex -52 -28.5 1.1
    endloop
  endfacet
  facet normal -1 0 0
    outer loop
      vertex -52 9 -1.1
      vertex -52 28.5 1.1
      vertex -52 28.5 -1.1
    endloop
  endfacet
  facet normal -1 -0 0
    outer loop
      vertex -52 28.5 1.1
      vertex -52 9 -1.1
      vertex -52 9 1.1
    endloop
  endfacet
  facet normal 0.573506 0.819201 -0
    outer loop
      vertex 50.7498 31.1812 -1.1
      vertex 50.25 31.5311 1.1
      vertex 50.7498 31.1812 1.1
    endloop
  endfacet
  facet normal 0.573506 0.819201 0
    outer loop
      vertex 50.25 31.5311 1.1
      vertex 50.7498 31.1812 -1.1
      vertex 50.25 31.5311 -1.1
    endloop
  endfacet
  facet normal -0.422589 -0.906321 0
    outer loop
      vertex -50.25 -31.5311 -1.1
      vertex -49.6971 -31.7889 1.1
      vertex -50.25 -31.5311 1.1
    endloop
  endfacet
  facet normal -0.422589 -0.906321 -0
    outer loop
      vertex -49.6971 -31.7889 1.1
      vertex -50.25 -31.5311 -1.1
      vertex -49.6971 -31.7889 -1.1
    endloop
  endfacet
  facet normal 0.965927 -0.258815 -3.57886e-18
    outer loop
      vertex 51.7889 -29.6971 1.1
      vertex 51.9468 -29.1078 -1.1
      vertex 51.9468 -29.1078 1.1
    endloop
  endfacet
  facet normal 0.965927 -0.258815 -3.57886e-18
    outer loop
      vertex 51.9468 -29.1078 -1.1
      vertex 51.7889 -29.6971 1.1
      vertex 51.7889 -29.6971 -1.1
    endloop
  endfacet
  facet normal -0.707107 -0.707107 -8.84138e-18
    outer loop
      vertex -50.7498 -31.1812 -1.1
      vertex -51.1812 -30.7498 1.1
      vertex -51.1812 -30.7498 -1.1
    endloop
  endfacet
  facet normal -0.707107 -0.707107 -8.84138e-18
    outer loop
      vertex -51.1812 -30.7498 1.1
      vertex -50.7498 -31.1812 -1.1
      vertex -50.7498 -31.1812 1.1
    endloop
  endfacet
  facet normal -0.906321 0.422589 -7.28942e-18
    outer loop
      vertex -51.7889 29.6971 -1.1
      vertex -51.5311 30.25 1.1
      vertex -51.5311 30.25 -1.1
    endloop
  endfacet
  facet normal -0.906321 0.422589 -7.28942e-18
    outer loop
      vertex -51.5311 30.25 1.1
      vertex -51.7889 29.6971 -1.1
      vertex -51.7889 29.6971 1.1
    endloop
  endfacet
  facet normal 0 -1 0
    outer loop
      vertex -48.5 -32 -1.1
      vertex 48.5 -32 1.1
      vertex -48.5 -32 1.1
    endloop
  endfacet
  facet normal 0 -1 -0
    outer loop
      vertex 48.5 -32 1.1
      vertex -48.5 -32 -1.1
      vertex 48.5 -32 -1.1
    endloop
  endfacet
  facet normal -0.258815 0.965927 0
    outer loop
      vertex -49.1078 31.9468 -1.1
      vertex -49.6971 31.7889 1.1
      vertex -49.1078 31.9468 1.1
    endloop
  endfacet
  facet normal -0.258815 0.965927 0
    outer loop
      vertex -49.6971 31.7889 1.1
      vertex -49.1078 31.9468 -1.1
      vertex -49.6971 31.7889 -1.1
    endloop
  endfacet
  facet normal -0.707107 0.707107 8.84138e-18
    outer loop
      vertex -51.1812 30.7498 -1.1
      vertex -50.7498 31.1812 1.1
      vertex -50.7498 31.1812 -1.1
    endloop
  endfacet
  facet normal -0.707107 0.707107 8.84138e-18
    outer loop
      vertex -50.7498 31.1812 1.1
      vertex -51.1812 30.7498 -1.1
      vertex -51.1812 30.7498 1.1
    endloop
  endfacet
  facet normal -0.422589 0.906321 0
    outer loop
      vertex -49.6971 31.7889 -1.1
      vertex -50.25 31.5311 1.1
      vertex -49.6971 31.7889 1.1
    endloop
  endfacet
  facet normal -0.422589 0.906321 0
    outer loop
      vertex -50.25 31.5311 1.1
      vertex -49.6971 31.7889 -1.1
      vertex -50.25 31.5311 -1.1
    endloop
  endfacet
  facet normal 0.819201 -0.573506 -5.37478e-18
    outer loop
      vertex 51.1812 -30.7498 1.1
      vertex 51.5311 -30.25 -1.1
      vertex 51.5311 -30.25 1.1
    endloop
  endfacet
  facet normal 0.819201 -0.573506 -5.37478e-18
    outer loop
      vertex 51.5311 -30.25 -1.1
      vertex 51.1812 -30.7498 1.1
      vertex 51.1812 -30.7498 -1.1
    endloop
  endfacet
  facet normal 0.707107 -0.707107 8.84138e-18
    outer loop
      vertex 50.7498 -31.1812 1.1
      vertex 51.1812 -30.7498 -1.1
      vertex 51.1812 -30.7498 1.1
    endloop
  endfacet
  facet normal 0.707107 -0.707107 8.84138e-18
    outer loop
      vertex 51.1812 -30.7498 -1.1
      vertex 50.7498 -31.1812 1.1
      vertex 50.7498 -31.1812 -1.1
    endloop
  endfacet
  facet normal 0.707107 0.707107 -8.84138e-18
    outer loop
      vertex 51.1812 30.7498 1.1
      vertex 50.7498 31.1812 -1.1
      vertex 50.7498 31.1812 1.1
    endloop
  endfacet
  facet normal 0.707107 0.707107 -8.84138e-18
    outer loop
      vertex 50.7498 31.1812 -1.1
      vertex 51.1812 30.7498 1.1
      vertex 51.1812 30.7498 -1.1
    endloop
  endfacet
  facet normal -0.258815 -0.965927 0
    outer loop
      vertex -49.6971 -31.7889 -1.1
      vertex -49.1078 -31.9468 1.1
      vertex -49.6971 -31.7889 1.1
    endloop
  endfacet
  facet normal -0.258815 -0.965927 -0
    outer loop
      vertex -49.1078 -31.9468 1.1
      vertex -49.6971 -31.7889 -1.1
      vertex -49.1078 -31.9468 -1.1
    endloop
  endfacet
  facet normal 1 -0 0
    outer loop
      vertex 52 -28.5 1.1
      vertex 52 28.5 -1.1
      vertex 52 28.5 1.1
    endloop
  endfacet
  facet normal 1 0 0
    outer loop
      vertex 52 28.5 -1.1
      vertex 52 -28.5 1.1
      vertex 52 -28.5 -1.1
    endloop
  endfacet
  facet normal 0.819201 0.573506 5.37478e-18
    outer loop
      vertex 51.5311 30.25 1.1
      vertex 51.1812 30.7498 -1.1
      vertex 51.1812 30.7498 1.1
    endloop
  endfacet
  facet normal 0.819201 0.573506 5.37478e-18
    outer loop
      vertex 51.1812 30.7498 -1.1
      vertex 51.5311 30.25 1.1
      vertex 51.5311 30.25 -1.1
    endloop
  endfacet
  facet normal 0.996191 0.0871954 -2.45818e-18
    outer loop
      vertex 52 28.5 1.1
      vertex 51.9468 29.1078 -1.1
      vertex 51.9468 29.1078 1.1
    endloop
  endfacet
  facet normal 0.996191 0.0871954 -2.45818e-18
    outer loop
      vertex 51.9468 29.1078 -1.1
      vertex 52 28.5 1.1
      vertex 52 28.5 -1.1
    endloop
  endfacet
  facet normal 0.422589 0.906321 -0
    outer loop
      vertex 50.25 31.5311 -1.1
      vertex 49.6971 31.7889 1.1
      vertex 50.25 31.5311 1.1
    endloop
  endfacet
  facet normal 0.422589 0.906321 0
    outer loop
      vertex 49.6971 31.7889 1.1
      vertex 50.25 31.5311 -1.1
      vertex 49.6971 31.7889 -1.1
    endloop
  endfacet
  facet normal -0.965927 0.258815 -3.57886e-18
    outer loop
      vertex -51.9468 29.1078 -1.1
      vertex -51.7889 29.6971 1.1
      vertex -51.7889 29.6971 -1.1
    endloop
  endfacet
  facet normal -0.965927 0.258815 -3.57886e-18
    outer loop
      vertex -51.7889 29.6971 1.1
      vertex -51.9468 29.1078 -1.1
      vertex -51.9468 29.1078 1.1
    endloop
  endfacet
  facet normal -0.996191 0.0871954 2.45818e-18
    outer loop
      vertex -52 28.5 -1.1
      vertex -51.9468 29.1078 1.1
      vertex -51.9468 29.1078 -1.1
    endloop
  endfacet
  facet normal -0.996191 0.0871954 2.45818e-18
    outer loop
      vertex -51.9468 29.1078 1.1
      vertex -52 28.5 -1.1
      vertex -52 28.5 1.1
    endloop
  endfacet
  facet normal -0.573506 -0.819201 0
    outer loop
      vertex -50.7498 -31.1812 -1.1
      vertex -50.25 -31.5311 1.1
      vertex -50.7498 -31.1812 1.1
    endloop
  endfacet
  facet normal -0.573506 -0.819201 -0
    outer loop
      vertex -50.25 -31.5311 1.1
      vertex -50.7498 -31.1812 -1.1
      vertex -50.25 -31.5311 -1.1
    endloop
  endfacet
  facet normal -0.965927 -0.258815 3.57886e-18
    outer loop
      vertex -51.7889 -29.6971 -1.1
      vertex -51.9468 -29.1078 1.1
      vertex -51.9468 -29.1078 -1.1
    endloop
  endfacet
  facet normal -0.965927 -0.258815 3.57886e-18
    outer loop
      vertex -51.9468 -29.1078 1.1
      vertex -51.7889 -29.6971 -1.1
      vertex -51.7889 -29.6971 1.1
    endloop
  endfacet
  facet normal -0.819201 0.573506 -5.37478e-18
    outer loop
      vertex -51.5311 30.25 -1.1
      vertex -51.1812 30.7498 1.1
      vertex -51.1812 30.7498 -1.1
    endloop
  endfacet
  facet normal -0.819201 0.573506 -5.37478e-18
    outer loop
      vertex -51.1812 30.7498 1.1
      vertex -51.5311 30.25 -1.1
      vertex -51.5311 30.25 1.1
    endloop
  endfacet
  facet normal 0.906321 -0.422589 -7.28942e-18
    outer loop
      vertex 51.5311 -30.25 1.1
      vertex 51.7889 -29.6971 -1.1
      vertex 51.7889 -29.6971 1.1
    endloop
  endfacet
  facet normal 0.906321 -0.422589 -7.28942e-18
    outer loop
      vertex 51.7889 -29.6971 -1.1
      vertex 51.5311 -30.25 1.1
      vertex 51.5311 -30.25 -1.1
    endloop
  endfacet
  facet normal 0.906321 0.422589 7.28942e-18
    outer loop
      vertex 51.7889 29.6971 1.1
      vertex 51.5311 30.25 -1.1
      vertex 51.5311 30.25 1.1
    endloop
  endfacet
  facet normal 0.906321 0.422589 7.28942e-18
    outer loop
      vertex 51.5311 30.25 -1.1
      vertex 51.7889 29.6971 1.1
      vertex 51.7889 29.6971 -1.1
    endloop
  endfacet
  facet normal 0.965927 0.258815 3.57886e-18
    outer loop
      vertex 51.9468 29.1078 1.1
      vertex 51.7889 29.6971 -1.1
      vertex 51.7889 29.6971 1.1
    endloop
  endfacet
  facet normal 0.965927 0.258815 3.57886e-18
    outer loop
      vertex 51.7889 29.6971 -1.1
      vertex 51.9468 29.1078 1.1
      vertex 51.9468 29.1078 -1.1
    endloop
  endfacet
  facet normal 0.707135 -0.707078 2.74667e-19
    outer loop
      vertex -34.5321 9.28557 1.1
      vertex -34.2856 9.53209 -1.1
      vertex -34.2856 9.53209 1.1
    endloop
  endfacet
  facet normal 0.707135 -0.707078 2.74667e-19
    outer loop
      vertex -34.2856 9.53209 -1.1
      vertex -34.5321 9.28557 1.1
      vertex -34.5321 9.28557 -1.1
    endloop
  endfacet
  facet normal 0.422564 -0.906333 0
    outer loop
      vertex -34 9.73205 -1.1
      vertex -33.684 9.87938 1.1
      vertex -34 9.73205 1.1
    endloop
  endfacet
  facet normal 0.422564 -0.906333 0
    outer loop
      vertex -33.684 9.87938 1.1
      vertex -34 9.73205 -1.1
      vertex -33.684 9.87938 -1.1
    endloop
  endfacet
  facet normal 0.906236 -0.422772 3.59194e-18
    outer loop
      vertex -34.8794 8.68404 1.1
      vertex -34.732 9 -1.1
      vertex -34.732 9 1.1
    endloop
  endfacet
  facet normal 0.906236 -0.422772 3.59194e-18
    outer loop
      vertex -34.732 9 -1.1
      vertex -34.8794 8.68404 1.1
      vertex -34.8794 8.68404 -1.1
    endloop
  endfacet
  facet normal -0.0871705 0.996193 0
    outer loop
      vertex -2.6527 -9.96961 -1.1
      vertex -3 -10 1.1
      vertex -2.6527 -9.96961 1.1
    endloop
  endfacet
  facet normal -0.0871705 0.996193 0
    outer loop
      vertex -3 -10 1.1
      vertex -2.6527 -9.96961 -1.1
      vertex -3 -10 -1.1
    endloop
  endfacet
  facet normal -0.996193 -0.0871705 -4.00035e-19
    outer loop
      vertex -1 8 -1.1
      vertex -1.03039 8.3473 1.1
      vertex -1.03039 8.3473 -1.1
    endloop
  endfacet
  facet normal -0.996193 -0.0871705 -4.00035e-19
    outer loop
      vertex -1.03039 8.3473 1.1
      vertex -1 8 -1.1
      vertex -1 8 1.1
    endloop
  endfacet
  facet normal 0.965947 -0.258741 -1.94939e-18
    outer loop
      vertex -34.9696 8.3473 1.1
      vertex -34.8794 8.68404 -1.1
      vertex -34.8794 8.68404 1.1
    endloop
  endfacet
  facet normal 0.965947 -0.258741 -1.94939e-18
    outer loop
      vertex -34.8794 8.68404 -1.1
      vertex -34.9696 8.3473 1.1
      vertex -34.9696 8.3473 -1.1
    endloop
  endfacet
  facet normal 0.25885 -0.965918 0
    outer loop
      vertex -33.684 9.87938 -1.1
      vertex -33.3473 9.96961 1.1
      vertex -33.684 9.87938 1.1
    endloop
  endfacet
  facet normal 0.25885 -0.965918 0
    outer loop
      vertex -33.3473 9.96961 1.1
      vertex -33.684 9.87938 -1.1
      vertex -33.3473 9.96961 -1.1
    endloop
  endfacet
  facet normal 0 1 -0
    outer loop
      vertex -3 -10 -1.1
      vertex -33 -10 1.1
      vertex -3 -10 1.1
    endloop
  endfacet
  facet normal 0 1 0
    outer loop
      vertex -33 -10 1.1
      vertex -3 -10 -1.1
      vertex -33 -10 -1.1
    endloop
  endfacet
  facet normal 0 -1 0
    outer loop
      vertex -33 10 -1.1
      vertex -3 10 1.1
      vertex -33 10 1.1
    endloop
  endfacet
  facet normal 0 -1 -0
    outer loop
      vertex -3 10 1.1
      vertex -33 10 -1.1
      vertex -3 10 -1.1
    endloop
  endfacet
  facet normal -0.906313 -0.422607 3.34032e-18
    outer loop
      vertex -1.12062 8.68404 -1.1
      vertex -1.26795 9 1.1
      vertex -1.26795 9 -1.1
    endloop
  endfacet
  facet normal -0.906313 -0.422607 3.34032e-18
    outer loop
      vertex -1.26795 9 1.1
      vertex -1.12062 8.68404 -1.1
      vertex -1.12062 8.68404 1.1
    endloop
  endfacet
  facet normal -0.258821 0.965925 0
    outer loop
      vertex -2.31596 -9.87938 -1.1
      vertex -2.6527 -9.96961 1.1
      vertex -2.31596 -9.87938 1.1
    endloop
  endfacet
  facet normal -0.258821 0.965925 0
    outer loop
      vertex -2.6527 -9.96961 1.1
      vertex -2.31596 -9.87938 -1.1
      vertex -2.6527 -9.96961 -1.1
    endloop
  endfacet
  facet normal 0.819231 -0.573464 -5.90586e-19
    outer loop
      vertex -34.732 9 1.1
      vertex -34.5321 9.28557 -1.1
      vertex -34.5321 9.28557 1.1
    endloop
  endfacet
  facet normal 0.819231 -0.573464 -5.90586e-19
    outer loop
      vertex -34.5321 9.28557 -1.1
      vertex -34.732 9 1.1
      vertex -34.732 9 -1.1
    endloop
  endfacet
  facet normal 0.573539 -0.819178 0
    outer loop
      vertex -34.2856 9.53209 -1.1
      vertex -34 9.73205 1.1
      vertex -34.2856 9.53209 1.1
    endloop
  endfacet
  facet normal 0.573539 -0.819178 0
    outer loop
      vertex -34 9.73205 1.1
      vertex -34.2856 9.53209 -1.1
      vertex -34 9.73205 -1.1
    endloop
  endfacet
  facet normal 0.965947 0.258741 1.94939e-18
    outer loop
      vertex -34.8794 -8.68404 1.1
      vertex -34.9696 -8.3473 -1.1
      vertex -34.9696 -8.3473 1.1
    endloop
  endfacet
  facet normal 0.965947 0.258741 1.94939e-18
    outer loop
      vertex -34.9696 -8.3473 -1.1
      vertex -34.8794 -8.68404 1.1
      vertex -34.8794 -8.68404 -1.1
    endloop
  endfacet
  facet normal 0.906236 0.422772 -3.59194e-18
    outer loop
      vertex -34.732 -9 1.1
      vertex -34.8794 -8.68404 -1.1
      vertex -34.8794 -8.68404 1.1
    endloop
  endfacet
  facet normal 0.906236 0.422772 -3.59194e-18
    outer loop
      vertex -34.8794 -8.68404 -1.1
      vertex -34.732 -9 1.1
      vertex -34.732 -9 -1.1
    endloop
  endfacet
  facet normal -0.258821 -0.965925 0
    outer loop
      vertex -2.6527 9.96961 -1.1
      vertex -2.31596 9.87938 1.1
      vertex -2.6527 9.96961 1.1
    endloop
  endfacet
  facet normal -0.258821 -0.965925 -0
    outer loop
      vertex -2.31596 9.87938 1.1
      vertex -2.6527 9.96961 -1.1
      vertex -2.31596 9.87938 -1.1
    endloop
  endfacet
  facet normal 0.0871705 -0.996193 0
    outer loop
      vertex -33.3473 9.96961 -1.1
      vertex -33 10 1.1
      vertex -33.3473 9.96961 1.1
    endloop
  endfacet
  facet normal 0.0871705 -0.996193 0
    outer loop
      vertex -33 10 1.1
      vertex -33.3473 9.96961 -1.1
      vertex -33 10 -1.1
    endloop
  endfacet
  facet normal -0.81915 -0.57358 3.81355e-18
    outer loop
      vertex -1.26795 9 -1.1
      vertex -1.46791 9.28557 1.1
      vertex -1.46791 9.28557 -1.1
    endloop
  endfacet
  facet normal -0.81915 -0.57358 3.81355e-18
    outer loop
      vertex -1.46791 9.28557 1.1
      vertex -1.26795 9 -1.1
      vertex -1.26795 9 1.1
    endloop
  endfacet
  facet normal -0.996193 0.0871705 4.00035e-19
    outer loop
      vertex -1.03039 -8.3473 -1.1
      vertex -1 -8 1.1
      vertex -1 -8 -1.1
    endloop
  endfacet
  facet normal -0.996193 0.0871705 4.00035e-19
    outer loop
      vertex -1 -8 1.1
      vertex -1.03039 -8.3473 -1.1
      vertex -1.03039 -8.3473 1.1
    endloop
  endfacet
  facet normal 0.573539 0.819178 -0
    outer loop
      vertex -34 -9.73205 -1.1
      vertex -34.2856 -9.53209 1.1
      vertex -34 -9.73205 1.1
    endloop
  endfacet
  facet normal 0.573539 0.819178 0
    outer loop
      vertex -34.2856 -9.53209 1.1
      vertex -34 -9.73205 -1.1
      vertex -34.2856 -9.53209 -1.1
    endloop
  endfacet
  facet normal 0.422564 0.906333 -0
    outer loop
      vertex -33.684 -9.87938 -1.1
      vertex -34 -9.73205 1.1
      vertex -33.684 -9.87938 1.1
    endloop
  endfacet
  facet normal 0.422564 0.906333 0
    outer loop
      vertex -34 -9.73205 1.1
      vertex -33.684 -9.87938 -1.1
      vertex -34 -9.73205 -1.1
    endloop
  endfacet
  facet normal -0.965925 0.258821 -1.18205e-18
    outer loop
      vertex -1.12062 -8.68404 -1.1
      vertex -1.03039 -8.3473 1.1
      vertex -1.03039 -8.3473 -1.1
    endloop
  endfacet
  facet normal -0.965925 0.258821 -1.18205e-18
    outer loop
      vertex -1.03039 -8.3473 1.1
      vertex -1.12062 -8.68404 -1.1
      vertex -1.12062 -8.68404 1.1
    endloop
  endfacet
  facet normal 0.707135 0.707078 -2.74667e-19
    outer loop
      vertex -34.2856 -9.53209 1.1
      vertex -34.5321 -9.28557 -1.1
      vertex -34.5321 -9.28557 1.1
    endloop
  endfacet
  facet normal 0.707135 0.707078 -2.74667e-19
    outer loop
      vertex -34.5321 -9.28557 -1.1
      vertex -34.2856 -9.53209 1.1
      vertex -34.2856 -9.53209 -1.1
    endloop
  endfacet
  facet normal -0.57358 -0.81915 0
    outer loop
      vertex -2 9.73205 -1.1
      vertex -1.71443 9.53209 1.1
      vertex -2 9.73205 1.1
    endloop
  endfacet
  facet normal -0.57358 -0.81915 -0
    outer loop
      vertex -1.71443 9.53209 1.1
      vertex -2 9.73205 -1.1
      vertex -1.71443 9.53209 -1.1
    endloop
  endfacet
  facet normal 1 -0 0
    outer loop
      vertex -35 -8 1.1
      vertex -35 8 -1.1
      vertex -35 8 1.1
    endloop
  endfacet
  facet normal 1 0 0
    outer loop
      vertex -35 8 -1.1
      vertex -35 -8 1.1
      vertex -35 -8 -1.1
    endloop
  endfacet
  facet normal 0.996191 -0.087199 -1.03956e-18
    outer loop
      vertex -35 8 1.1
      vertex -34.9696 8.3473 -1.1
      vertex -34.9696 8.3473 1.1
    endloop
  endfacet
  facet normal 0.996191 -0.087199 -1.03956e-18
    outer loop
      vertex -34.9696 8.3473 -1.1
      vertex -35 8 1.1
      vertex -35 8 -1.1
    endloop
  endfacet
  facet normal -0.422607 0.906313 0
    outer loop
      vertex -2 -9.73205 -1.1
      vertex -2.31596 -9.87938 1.1
      vertex -2 -9.73205 1.1
    endloop
  endfacet
  facet normal -0.422607 0.906313 0
    outer loop
      vertex -2.31596 -9.87938 1.1
      vertex -2 -9.73205 -1.1
      vertex -2.31596 -9.87938 -1.1
    endloop
  endfacet
  facet normal 0.819231 0.573464 5.90586e-19
    outer loop
      vertex -34.5321 -9.28557 1.1
      vertex -34.732 -9 -1.1
      vertex -34.732 -9 1.1
    endloop
  endfacet
  facet normal 0.819231 0.573464 5.90586e-19
    outer loop
      vertex -34.732 -9 -1.1
      vertex -34.5321 -9.28557 1.1
      vertex -34.5321 -9.28557 -1.1
    endloop
  endfacet
  facet normal -0.57358 0.81915 0
    outer loop
      vertex -1.71443 -9.53209 -1.1
      vertex -2 -9.73205 1.1
      vertex -1.71443 -9.53209 1.1
    endloop
  endfacet
  facet normal -0.57358 0.81915 0
    outer loop
      vertex -2 -9.73205 1.1
      vertex -1.71443 -9.53209 -1.1
      vertex -2 -9.73205 -1.1
    endloop
  endfacet
  facet normal -1 0 0
    outer loop
      vertex -1 -8 -1.1
      vertex -1 -5 1.1
      vertex -1 -5 -1.1
    endloop
  endfacet
  facet normal -1 -0 0
    outer loop
      vertex -1 -5 1.1
      vertex -1 -8 -1.1
      vertex -1 -8 1.1
    endloop
  endfacet
  facet normal -1 0 0
    outer loop
      vertex -1 5 -1.1
      vertex -1 8 1.1
      vertex -1 8 -1.1
    endloop
  endfacet
  facet normal -1 -0 0
    outer loop
      vertex -1 8 1.1
      vertex -1 5 -1.1
      vertex -1 5 1.1
    endloop
  endfacet
  facet normal -0.906313 0.422607 -3.34032e-18
    outer loop
      vertex -1.26795 -9 -1.1
      vertex -1.12062 -8.68404 1.1
      vertex -1.12062 -8.68404 -1.1
    endloop
  endfacet
  facet normal -0.906313 0.422607 -3.34032e-18
    outer loop
      vertex -1.12062 -8.68404 1.1
      vertex -1.26795 -9 -1.1
      vertex -1.26795 -9 1.1
    endloop
  endfacet
  facet normal -0.0871705 -0.996193 0
    outer loop
      vertex -3 10 -1.1
      vertex -2.6527 9.96961 1.1
      vertex -3 10 1.1
    endloop
  endfacet
  facet normal -0.0871705 -0.996193 -0
    outer loop
      vertex -2.6527 9.96961 1.1
      vertex -3 10 -1.1
      vertex -2.6527 9.96961 -1.1
    endloop
  endfacet
  facet normal 0.0871705 0.996193 -0
    outer loop
      vertex -33 -10 -1.1
      vertex -33.3473 -9.96961 1.1
      vertex -33 -10 1.1
    endloop
  endfacet
  facet normal 0.0871705 0.996193 0
    outer loop
      vertex -33.3473 -9.96961 1.1
      vertex -33 -10 -1.1
      vertex -33.3473 -9.96961 -1.1
    endloop
  endfacet
  facet normal 0.25885 0.965918 -0
    outer loop
      vertex -33.3473 -9.96961 -1.1
      vertex -33.684 -9.87938 1.1
      vertex -33.3473 -9.96961 1.1
    endloop
  endfacet
  facet normal 0.25885 0.965918 0
    outer loop
      vertex -33.684 -9.87938 1.1
      vertex -33.3473 -9.96961 -1.1
      vertex -33.684 -9.87938 -1.1
    endloop
  endfacet
  facet normal -0.422607 -0.906313 0
    outer loop
      vertex -2.31596 9.87938 -1.1
      vertex -2 9.73205 1.1
      vertex -2.31596 9.87938 1.1
    endloop
  endfacet
  facet normal -0.422607 -0.906313 -0
    outer loop
      vertex -2 9.73205 1.1
      vertex -2.31596 9.87938 -1.1
      vertex -2 9.73205 -1.1
    endloop
  endfacet
  facet normal -0.707107 -0.707107 2.05973e-18
    outer loop
      vertex -1.46791 9.28557 -1.1
      vertex -1.71443 9.53209 1.1
      vertex -1.71443 9.53209 -1.1
    endloop
  endfacet
  facet normal -0.707107 -0.707107 2.05973e-18
    outer loop
      vertex -1.71443 9.53209 1.1
      vertex -1.46791 9.28557 -1.1
      vertex -1.46791 9.28557 1.1
    endloop
  endfacet
  facet normal -0.707107 0.707107 -2.05973e-18
    outer loop
      vertex -1.71443 -9.53209 -1.1
      vertex -1.46791 -9.28557 1.1
      vertex -1.46791 -9.28557 -1.1
    endloop
  endfacet
  facet normal -0.707107 0.707107 -2.05973e-18
    outer loop
      vertex -1.46791 -9.28557 1.1
      vertex -1.71443 -9.53209 -1.1
      vertex -1.71443 -9.53209 1.1
    endloop
  endfacet
  facet normal -0.965925 -0.258821 1.18205e-18
    outer loop
      vertex -1.03039 8.3473 -1.1
      vertex -1.12062 8.68404 1.1
      vertex -1.12062 8.68404 -1.1
    endloop
  endfacet
  facet normal -0.965925 -0.258821 1.18205e-18
    outer loop
      vertex -1.12062 8.68404 1.1
      vertex -1.03039 8.3473 -1.1
      vertex -1.03039 8.3473 1.1
    endloop
  endfacet
  facet normal -0.81915 0.57358 -3.81355e-18
    outer loop
      vertex -1.46791 -9.28557 -1.1
      vertex -1.26795 -9 1.1
      vertex -1.26795 -9 -1.1
    endloop
  endfacet
  facet normal -0.81915 0.57358 -3.81355e-18
    outer loop
      vertex -1.26795 -9 1.1
      vertex -1.46791 -9.28557 -1.1
      vertex -1.46791 -9.28557 1.1
    endloop
  endfacet
  facet normal 0.996191 0.087199 1.03956e-18
    outer loop
      vertex -34.9696 -8.3473 1.1
      vertex -35 -8 -1.1
      vertex -35 -8 1.1
    endloop
  endfacet
  facet normal 0.996191 0.087199 1.03956e-18
    outer loop
      vertex -35 -8 -1.1
      vertex -34.9696 -8.3473 1.1
      vertex -34.9696 -8.3473 -1.1
    endloop
  endfacet
  facet normal -0.819155 0.573572 1.17557e-18
    outer loop
      vertex 26.8302 -3.21394 -1.1
      vertex 27.3301 -2.5 1.1
      vertex 27.3301 -2.5 -1.1
    endloop
  endfacet
  facet normal -0.819155 0.573572 1.17557e-18
    outer loop
      vertex 27.3301 -2.5 1.1
      vertex 26.8302 -3.21394 -1.1
      vertex 26.8302 -3.21394 1.1
    endloop
  endfacet
  facet normal 0 -1 0
    outer loop
      vertex -1 5 -1.1
      vertex 23 5 1.1
      vertex -1 5 1.1
    endloop
  endfacet
  facet normal 0 -1 -0
    outer loop
      vertex 23 5 1.1
      vertex -1 5 -1.1
      vertex 23 5 -1.1
    endloop
  endfacet
  facet normal -0.0871584 -0.996194 0
    outer loop
      vertex 23 5 -1.1
      vertex 23.8682 4.92404 1.1
      vertex 23 5 1.1
    endloop
  endfacet
  facet normal -0.0871584 -0.996194 -0
    outer loop
      vertex 23.8682 4.92404 1.1
      vertex 23 5 -1.1
      vertex 23.8682 4.92404 -1.1
    endloop
  endfacet
  facet normal 0 1 -0
    outer loop
      vertex 23 -5 -1.1
      vertex -1 -5 1.1
      vertex 23 -5 1.1
    endloop
  endfacet
  facet normal 0 1 0
    outer loop
      vertex -1 -5 1.1
      vertex 23 -5 -1.1
      vertex -1 -5 -1.1
    endloop
  endfacet
  facet normal -0.819155 -0.573572 -1.17557e-18
    outer loop
      vertex 27.3301 2.5 -1.1
      vertex 26.8302 3.21394 1.1
      vertex 26.8302 3.21394 -1.1
    endloop
  endfacet
  facet normal -0.819155 -0.573572 -1.17557e-18
    outer loop
      vertex 26.8302 3.21394 1.1
      vertex 27.3301 2.5 -1.1
      vertex 27.3301 2.5 1.1
    endloop
  endfacet
  facet normal -0.258812 0.965928 0
    outer loop
      vertex 24.7101 -4.69846 -1.1
      vertex 23.8682 -4.92404 1.1
      vertex 24.7101 -4.69846 1.1
    endloop
  endfacet
  facet normal -0.258812 0.965928 0
    outer loop
      vertex 23.8682 -4.92404 1.1
      vertex 24.7101 -4.69846 -1.1
      vertex 23.8682 -4.92404 -1.1
    endloop
  endfacet
  facet normal -0.965948 -0.258738 -2.32454e-18
    outer loop
      vertex 27.924 0.86824 -1.1
      vertex 27.6985 1.7101 1.1
      vertex 27.6985 1.7101 -1.1
    endloop
  endfacet
  facet normal -0.965948 -0.258738 -2.32454e-18
    outer loop
      vertex 27.6985 1.7101 1.1
      vertex 27.924 0.86824 -1.1
      vertex 27.924 0.86824 1.1
    endloop
  endfacet
  facet normal -0.573601 -0.819135 0
    outer loop
      vertex 25.5 4.33013 -1.1
      vertex 26.2139 3.83022 1.1
      vertex 25.5 4.33013 1.1
    endloop
  endfacet
  facet normal -0.573601 -0.819135 -0
    outer loop
      vertex 26.2139 3.83022 1.1
      vertex 25.5 4.33013 -1.1
      vertex 26.2139 3.83022 -1.1
    endloop
  endfacet
  facet normal -0.90628 -0.422678 5.8807e-18
    outer loop
      vertex 27.6985 1.7101 -1.1
      vertex 27.3301 2.5 1.1
      vertex 27.3301 2.5 -1.1
    endloop
  endfacet
  facet normal -0.90628 -0.422678 5.8807e-18
    outer loop
      vertex 27.3301 2.5 1.1
      vertex 27.6985 1.7101 -1.1
      vertex 27.6985 1.7101 1.1
    endloop
  endfacet
  facet normal -0.996191 0.0872 -2.98198e-19
    outer loop
      vertex 27.924 -0.86824 -1.1
      vertex 28 0 1.1
      vertex 28 0 -1.1
    endloop
  endfacet
  facet normal -0.996191 0.0872 -2.98198e-19
    outer loop
      vertex 28 0 1.1
      vertex 27.924 -0.86824 -1.1
      vertex 27.924 -0.86824 1.1
    endloop
  endfacet
  facet normal -0.996191 -0.0872 2.98198e-19
    outer loop
      vertex 28 0 -1.1
      vertex 27.924 0.86824 1.1
      vertex 27.924 0.86824 -1.1
    endloop
  endfacet
  facet normal -0.996191 -0.0872 2.98198e-19
    outer loop
      vertex 27.924 0.86824 1.1
      vertex 28 0 -1.1
      vertex 28 0 1.1
    endloop
  endfacet
  facet normal -0.707095 0.707118 0
    outer loop
      vertex 26.8302 -3.21394 -1.1
      vertex 26.2139 -3.83022 1.1
      vertex 26.8302 -3.21394 1.1
    endloop
  endfacet
  facet normal -0.707095 0.707118 0
    outer loop
      vertex 26.2139 -3.83022 1.1
      vertex 26.8302 -3.21394 -1.1
      vertex 26.2139 -3.83022 -1.1
    endloop
  endfacet
  facet normal -0.0871584 0.996194 0
    outer loop
      vertex 23.8682 -4.92404 -1.1
      vertex 23 -5 1.1
      vertex 23.8682 -4.92404 1.1
    endloop
  endfacet
  facet normal -0.0871584 0.996194 0
    outer loop
      vertex 23 -5 1.1
      vertex 23.8682 -4.92404 -1.1
      vertex 23 -5 -1.1
    endloop
  endfacet
  facet normal -0.422612 0.906311 0
    outer loop
      vertex 25.5 -4.33013 -1.1
      vertex 24.7101 -4.69846 1.1
      vertex 25.5 -4.33013 1.1
    endloop
  endfacet
  facet normal -0.422612 0.906311 0
    outer loop
      vertex 24.7101 -4.69846 1.1
      vertex 25.5 -4.33013 -1.1
      vertex 24.7101 -4.69846 -1.1
    endloop
  endfacet
  facet normal -0.573601 0.819135 0
    outer loop
      vertex 26.2139 -3.83022 -1.1
      vertex 25.5 -4.33013 1.1
      vertex 26.2139 -3.83022 1.1
    endloop
  endfacet
  facet normal -0.573601 0.819135 0
    outer loop
      vertex 25.5 -4.33013 1.1
      vertex 26.2139 -3.83022 -1.1
      vertex 25.5 -4.33013 -1.1
    endloop
  endfacet
  facet normal -0.422612 -0.906311 0
    outer loop
      vertex 24.7101 4.69846 -1.1
      vertex 25.5 4.33013 1.1
      vertex 24.7101 4.69846 1.1
    endloop
  endfacet
  facet normal -0.422612 -0.906311 -0
    outer loop
      vertex 25.5 4.33013 1.1
      vertex 24.7101 4.69846 -1.1
      vertex 25.5 4.33013 -1.1
    endloop
  endfacet
  facet normal -0.258812 -0.965928 0
    outer loop
      vertex 23.8682 4.92404 -1.1
      vertex 24.7101 4.69846 1.1
      vertex 23.8682 4.92404 1.1
    endloop
  endfacet
  facet normal -0.258812 -0.965928 -0
    outer loop
      vertex 24.7101 4.69846 1.1
      vertex 23.8682 4.92404 -1.1
      vertex 24.7101 4.69846 -1.1
    endloop
  endfacet
  facet normal -0.90628 0.422678 -5.8807e-18
    outer loop
      vertex 27.3301 -2.5 -1.1
      vertex 27.6985 -1.7101 1.1
      vertex 27.6985 -1.7101 -1.1
    endloop
  endfacet
  facet normal -0.90628 0.422678 -5.8807e-18
    outer loop
      vertex 27.6985 -1.7101 1.1
      vertex 27.3301 -2.5 -1.1
      vertex 27.3301 -2.5 1.1
    endloop
  endfacet
  facet normal -0.965948 0.258738 2.32454e-18
    outer loop
      vertex 27.6985 -1.7101 -1.1
      vertex 27.924 -0.86824 1.1
      vertex 27.924 -0.86824 -1.1
    endloop
  endfacet
  facet normal -0.965948 0.258738 2.32454e-18
    outer loop
      vertex 27.924 -0.86824 1.1
      vertex 27.6985 -1.7101 -1.1
      vertex 27.6985 -1.7101 1.1
    endloop
  endfacet
  facet normal -0.707095 -0.707118 0
    outer loop
      vertex 26.2139 3.83022 -1.1
      vertex 26.8302 3.21394 1.1
      vertex 26.2139 3.83022 1.1
    endloop
  endfacet
  facet normal -0.707095 -0.707118 -0
    outer loop
      vertex 26.8302 3.21394 1.1
      vertex 26.2139 3.83022 -1.1
      vertex 26.8302 3.21394 -1.1
    endloop
  endfacet
  facet normal -1 0 0
    outer loop
      vertex 42.5 -10 -1.1
      vertex 42.5 10 1.1
      vertex 42.5 10 -1.1
    endloop
  endfacet
  facet normal -1 -0 0
    outer loop
      vertex 42.5 10 1.1
      vertex 42.5 -10 -1.1
      vertex 42.5 -10 1.1
    endloop
  endfacet
  facet normal 1 -0 0
    outer loop
      vertex 37.5 -10 1.1
      vertex 37.5 10 -1.1
      vertex 37.5 10 1.1
    endloop
  endfacet
  facet normal 1 0 0
    outer loop
      vertex 37.5 10 -1.1
      vertex 37.5 -10 1.1
      vertex 37.5 -10 -1.1
    endloop
  endfacet
  facet normal 0 -1 0
    outer loop
      vertex 37.5 10 -1.1
      vertex 42.5 10 1.1
      vertex 37.5 10 1.1
    endloop
  endfacet
  facet normal 0 -1 -0
    outer loop
      vertex 42.5 10 1.1
      vertex 37.5 10 -1.1
      vertex 42.5 10 -1.1
    endloop
  endfacet
  facet normal 0 1 -0
    outer loop
      vertex 42.5 -10 -1.1
      vertex 37.5 -10 1.1
      vertex 42.5 -10 1.1
    endloop
  endfacet
  facet normal 0 1 0
    outer loop
      vertex 37.5 -10 1.1
      vertex 42.5 -10 -1.1
      vertex 37.5 -10 -1.1
    endloop
  endfacet
  facet normal -0.0871582 0.996194 0
    outer loop
      vertex -61.4356 -3.20062 23.6
      vertex -62 -3.25 26.6
      vertex -61.4356 -3.20062 26.6
    endloop
  endfacet
  facet normal -0.0871582 0.996194 0
    outer loop
      vertex -62 -3.25 26.6
      vertex -61.4356 -3.20062 23.6
      vertex -62 -3.25 23.6
    endloop
  endfacet
  facet normal -0.965936 -0.258781 -2.66626e-18
    outer loop
      vertex -58.7994 0.564356 23.6
      vertex -58.946 1.11156 26.6
      vertex -58.946 1.11156 23.6
    endloop
  endfacet
  facet normal -0.965936 -0.258781 -2.66626e-18
    outer loop
      vertex -58.946 1.11156 26.6
      vertex -58.7994 0.564356 23.6
      vertex -58.7994 0.564356 26.6
    endloop
  endfacet
  facet normal -0.996191 -0.0872 -1.77232e-19
    outer loop
      vertex -58.75 0 23.6
      vertex -58.7994 0.564356 26.6
      vertex -58.7994 0.564356 23.6
    endloop
  endfacet
  facet normal -0.996191 -0.0872 -1.77232e-19
    outer loop
      vertex -58.7994 0.564356 26.6
      vertex -58.75 0 23.6
      vertex -58.75 0 26.6
    endloop
  endfacet
  facet normal -0.906322 -0.422588 4.41411e-20
    outer loop
      vertex -58.946 1.11156 23.6
      vertex -59.1854 1.625 26.6
      vertex -59.1854 1.625 23.6
    endloop
  endfacet
  facet normal -0.906322 -0.422588 4.41411e-20
    outer loop
      vertex -59.1854 1.625 26.6
      vertex -58.946 1.11156 23.6
      vertex -58.946 1.11156 26.6
    endloop
  endfacet
  facet normal -0.965936 0.258781 2.66626e-18
    outer loop
      vertex -58.946 -1.11156 23.6
      vertex -58.7994 -0.564356 26.6
      vertex -58.7994 -0.564356 23.6
    endloop
  endfacet
  facet normal -0.965936 0.258781 2.66626e-18
    outer loop
      vertex -58.7994 -0.564356 26.6
      vertex -58.946 -1.11156 23.6
      vertex -58.946 -1.11156 26.6
    endloop
  endfacet
  facet normal 0.573545 -0.819174 0
    outer loop
      vertex -64.0891 2.48964 23.6
      vertex -63.625 2.81458 26.6
      vertex -64.0891 2.48964 26.6
    endloop
  endfacet
  facet normal 0.573545 -0.819174 0
    outer loop
      vertex -63.625 2.81458 26.6
      vertex -64.0891 2.48964 23.6
      vertex -63.625 2.81458 23.6
    endloop
  endfacet
  facet normal 0.0871582 0.996194 -0
    outer loop
      vertex -62 -3.25 23.6
      vertex -62.5644 -3.20062 26.6
      vertex -62 -3.25 26.6
    endloop
  endfacet
  facet normal 0.0871582 0.996194 0
    outer loop
      vertex -62.5644 -3.20062 26.6
      vertex -62 -3.25 23.6
      vertex -62.5644 -3.20062 23.6
    endloop
  endfacet
  facet normal -0.422644 0.906296 0
    outer loop
      vertex -60.375 -2.81458 23.6
      vertex -60.8884 -3.054 26.6
      vertex -60.375 -2.81458 26.6
    endloop
  endfacet
  facet normal -0.422644 0.906296 0
    outer loop
      vertex -60.8884 -3.054 26.6
      vertex -60.375 -2.81458 23.6
      vertex -60.8884 -3.054 23.6
    endloop
  endfacet
  facet normal 0.906322 -0.422588 -4.41411e-20
    outer loop
      vertex -65.054 1.11156 26.6
      vertex -64.8146 1.625 23.6
      vertex -64.8146 1.625 26.6
    endloop
  endfacet
  facet normal 0.906322 -0.422588 -4.41411e-20
    outer loop
      vertex -64.8146 1.625 23.6
      vertex -65.054 1.11156 26.6
      vertex -65.054 1.11156 23.6
    endloop
  endfacet
  facet normal -0.906322 0.422588 -4.41411e-20
    outer loop
      vertex -59.1854 -1.625 23.6
      vertex -58.946 -1.11156 26.6
      vertex -58.946 -1.11156 23.6
    endloop
  endfacet
  facet normal -0.906322 0.422588 -4.41411e-20
    outer loop
      vertex -58.946 -1.11156 26.6
      vertex -59.1854 -1.625 23.6
      vertex -59.1854 -1.625 26.6
    endloop
  endfacet
  facet normal -0.258816 -0.965927 0
    outer loop
      vertex -61.4356 3.20062 23.6
      vertex -60.8884 3.054 26.6
      vertex -61.4356 3.20062 26.6
    endloop
  endfacet
  facet normal -0.258816 -0.965927 -0
    outer loop
      vertex -60.8884 3.054 26.6
      vertex -61.4356 3.20062 23.6
      vertex -60.8884 3.054 23.6
    endloop
  endfacet
  facet normal -0.707177 -0.707036 0
    outer loop
      vertex -59.9109 2.48964 23.6
      vertex -59.5104 2.08906 26.6
      vertex -59.9109 2.48964 26.6
    endloop
  endfacet
  facet normal -0.707177 -0.707036 -0
    outer loop
      vertex -59.5104 2.08906 26.6
      vertex -59.9109 2.48964 23.6
      vertex -59.5104 2.08906 23.6
    endloop
  endfacet
  facet normal -0.573545 0.819174 0
    outer loop
      vertex -59.9109 -2.48964 23.6
      vertex -60.375 -2.81458 26.6
      vertex -59.9109 -2.48964 26.6
    endloop
  endfacet
  facet normal -0.573545 0.819174 0
    outer loop
      vertex -60.375 -2.81458 26.6
      vertex -59.9109 -2.48964 23.6
      vertex -60.375 -2.81458 23.6
    endloop
  endfacet
  facet normal 0.996191 0.0872 2.28827e-19
    outer loop
      vertex -65.2006 -0.564356 26.6
      vertex -65.25 0 23.6
      vertex -65.25 0 26.6
    endloop
  endfacet
  facet normal 0.996191 0.0872 2.28827e-19
    outer loop
      vertex -65.25 0 23.6
      vertex -65.2006 -0.564356 26.6
      vertex -65.2006 -0.564356 23.6
    endloop
  endfacet
  facet normal -0.819101 0.573649 -1.30015e-18
    outer loop
      vertex -59.5104 -2.08906 23.6
      vertex -59.1854 -1.625 26.6
      vertex -59.1854 -1.625 23.6
    endloop
  endfacet
  facet normal -0.819101 0.573649 -1.30015e-18
    outer loop
      vertex -59.1854 -1.625 26.6
      vertex -59.5104 -2.08906 23.6
      vertex -59.5104 -2.08906 26.6
    endloop
  endfacet
  facet normal 0.965936 0.258781 -1.29075e-18
    outer loop
      vertex -65.054 -1.11156 26.6
      vertex -65.2006 -0.564356 23.6
      vertex -65.2006 -0.564356 26.6
    endloop
  endfacet
  facet normal 0.965936 0.258781 -1.29075e-18
    outer loop
      vertex -65.2006 -0.564356 23.6
      vertex -65.054 -1.11156 26.6
      vertex -65.054 -1.11156 23.6
    endloop
  endfacet
  facet normal -0.258816 0.965927 0
    outer loop
      vertex -60.8884 -3.054 23.6
      vertex -61.4356 -3.20062 26.6
      vertex -60.8884 -3.054 26.6
    endloop
  endfacet
  facet normal -0.258816 0.965927 0
    outer loop
      vertex -61.4356 -3.20062 26.6
      vertex -60.8884 -3.054 23.6
      vertex -61.4356 -3.20062 23.6
    endloop
  endfacet
  facet normal -0.422644 -0.906296 0
    outer loop
      vertex -60.8884 3.054 23.6
      vertex -60.375 2.81458 26.6
      vertex -60.8884 3.054 26.6
    endloop
  endfacet
  facet normal -0.422644 -0.906296 -0
    outer loop
      vertex -60.375 2.81458 26.6
      vertex -60.8884 3.054 23.6
      vertex -60.375 2.81458 23.6
    endloop
  endfacet
  facet normal 0.258816 0.965927 -0
    outer loop
      vertex -62.5644 -3.20062 23.6
      vertex -63.1116 -3.054 26.6
      vertex -62.5644 -3.20062 26.6
    endloop
  endfacet
  facet normal 0.258816 0.965927 0
    outer loop
      vertex -63.1116 -3.054 26.6
      vertex -62.5644 -3.20062 23.6
      vertex -63.1116 -3.054 23.6
    endloop
  endfacet
  facet normal 0.422644 -0.906296 0
    outer loop
      vertex -63.625 2.81458 23.6
      vertex -63.1116 3.054 26.6
      vertex -63.625 2.81458 26.6
    endloop
  endfacet
  facet normal 0.422644 -0.906296 0
    outer loop
      vertex -63.1116 3.054 26.6
      vertex -63.625 2.81458 23.6
      vertex -63.1116 3.054 23.6
    endloop
  endfacet
  facet normal 0.422644 0.906296 -0
    outer loop
      vertex -63.1116 -3.054 23.6
      vertex -63.625 -2.81458 26.6
      vertex -63.1116 -3.054 26.6
    endloop
  endfacet
  facet normal 0.422644 0.906296 0
    outer loop
      vertex -63.625 -2.81458 26.6
      vertex -63.1116 -3.054 23.6
      vertex -63.625 -2.81458 23.6
    endloop
  endfacet
  facet normal -0.819101 -0.573649 1.30015e-18
    outer loop
      vertex -59.1854 1.625 23.6
      vertex -59.5104 2.08906 26.6
      vertex -59.5104 2.08906 23.6
    endloop
  endfacet
  facet normal -0.819101 -0.573649 1.30015e-18
    outer loop
      vertex -59.5104 2.08906 26.6
      vertex -59.1854 1.625 23.6
      vertex -59.1854 1.625 26.6
    endloop
  endfacet
  facet normal 0.819101 -0.573649 -4.57664e-18
    outer loop
      vertex -64.8146 1.625 26.6
      vertex -64.4896 2.08906 23.6
      vertex -64.4896 2.08906 26.6
    endloop
  endfacet
  facet normal 0.819101 -0.573649 -4.57664e-18
    outer loop
      vertex -64.4896 2.08906 23.6
      vertex -64.8146 1.625 26.6
      vertex -64.8146 1.625 23.6
    endloop
  endfacet
  facet normal 0.573545 0.819174 -0
    outer loop
      vertex -63.625 -2.81458 23.6
      vertex -64.0891 -2.48964 26.6
      vertex -63.625 -2.81458 26.6
    endloop
  endfacet
  facet normal 0.573545 0.819174 0
    outer loop
      vertex -64.0891 -2.48964 26.6
      vertex -63.625 -2.81458 23.6
      vertex -64.0891 -2.48964 23.6
    endloop
  endfacet
  facet normal -0.996191 0.0872 1.77232e-19
    outer loop
      vertex -58.7994 -0.564356 23.6
      vertex -58.75 0 26.6
      vertex -58.75 0 23.6
    endloop
  endfacet
  facet normal -0.996191 0.0872 1.77232e-19
    outer loop
      vertex -58.75 0 26.6
      vertex -58.7994 -0.564356 23.6
      vertex -58.7994 -0.564356 26.6
    endloop
  endfacet
  facet normal -0.573545 -0.819174 0
    outer loop
      vertex -60.375 2.81458 23.6
      vertex -59.9109 2.48964 26.6
      vertex -60.375 2.81458 26.6
    endloop
  endfacet
  facet normal -0.573545 -0.819174 -0
    outer loop
      vertex -59.9109 2.48964 26.6
      vertex -60.375 2.81458 23.6
      vertex -59.9109 2.48964 23.6
    endloop
  endfacet
  facet normal 0.996191 -0.0872 -2.28827e-19
    outer loop
      vertex -65.25 0 26.6
      vertex -65.2006 0.564356 23.6
      vertex -65.2006 0.564356 26.6
    endloop
  endfacet
  facet normal 0.996191 -0.0872 -2.28827e-19
    outer loop
      vertex -65.2006 0.564356 23.6
      vertex -65.25 0 26.6
      vertex -65.25 0 23.6
    endloop
  endfacet
  facet normal 0.258816 -0.965927 0
    outer loop
      vertex -63.1116 3.054 23.6
      vertex -62.5644 3.20062 26.6
      vertex -63.1116 3.054 26.6
    endloop
  endfacet
  facet normal 0.258816 -0.965927 0
    outer loop
      vertex -62.5644 3.20062 26.6
      vertex -63.1116 3.054 23.6
      vertex -62.5644 3.20062 23.6
    endloop
  endfacet
  facet normal 0.0871582 -0.996194 0
    outer loop
      vertex -62.5644 3.20062 23.6
      vertex -62 3.25 26.6
      vertex -62.5644 3.20062 26.6
    endloop
  endfacet
  facet normal 0.0871582 -0.996194 0
    outer loop
      vertex -62 3.25 26.6
      vertex -62.5644 3.20062 23.6
      vertex -62 3.25 23.6
    endloop
  endfacet
  facet normal 0.707177 0.707036 -0
    outer loop
      vertex -64.0891 -2.48964 23.6
      vertex -64.4896 -2.08906 26.6
      vertex -64.0891 -2.48964 26.6
    endloop
  endfacet
  facet normal 0.707177 0.707036 0
    outer loop
      vertex -64.4896 -2.08906 26.6
      vertex -64.0891 -2.48964 23.6
      vertex -64.4896 -2.08906 23.6
    endloop
  endfacet
  facet normal 0.906322 0.422588 4.41411e-20
    outer loop
      vertex -64.8146 -1.625 26.6
      vertex -65.054 -1.11156 23.6
      vertex -65.054 -1.11156 26.6
    endloop
  endfacet
  facet normal 0.906322 0.422588 4.41411e-20
    outer loop
      vertex -65.054 -1.11156 23.6
      vertex -64.8146 -1.625 26.6
      vertex -64.8146 -1.625 23.6
    endloop
  endfacet
  facet normal 0.819101 0.573649 4.57664e-18
    outer loop
      vertex -64.4896 -2.08906 26.6
      vertex -64.8146 -1.625 23.6
      vertex -64.8146 -1.625 26.6
    endloop
  endfacet
  facet normal 0.819101 0.573649 4.57664e-18
    outer loop
      vertex -64.8146 -1.625 23.6
      vertex -64.4896 -2.08906 26.6
      vertex -64.4896 -2.08906 23.6
    endloop
  endfacet
  facet normal -0.707177 0.707036 0
    outer loop
      vertex -59.5104 -2.08906 23.6
      vertex -59.9109 -2.48964 26.6
      vertex -59.5104 -2.08906 26.6
    endloop
  endfacet
  facet normal -0.707177 0.707036 0
    outer loop
      vertex -59.9109 -2.48964 26.6
      vertex -59.5104 -2.08906 23.6
      vertex -59.9109 -2.48964 23.6
    endloop
  endfacet
  facet normal -0.0871582 -0.996194 0
    outer loop
      vertex -62 3.25 23.6
      vertex -61.4356 3.20062 26.6
      vertex -62 3.25 26.6
    endloop
  endfacet
  facet normal -0.0871582 -0.996194 -0
    outer loop
      vertex -61.4356 3.20062 26.6
      vertex -62 3.25 23.6
      vertex -61.4356 3.20062 23.6
    endloop
  endfacet
  facet normal 0.965936 -0.258781 1.29075e-18
    outer loop
      vertex -65.2006 0.564356 26.6
      vertex -65.054 1.11156 23.6
      vertex -65.054 1.11156 26.6
    endloop
  endfacet
  facet normal 0.965936 -0.258781 1.29075e-18
    outer loop
      vertex -65.054 1.11156 23.6
      vertex -65.2006 0.564356 26.6
      vertex -65.2006 0.564356 23.6
    endloop
  endfacet
  facet normal 0.707177 -0.707036 0
    outer loop
      vertex -64.4896 2.08906 23.6
      vertex -64.0891 2.48964 26.6
      vertex -64.4896 2.08906 26.6
    endloop
  endfacet
  facet normal 0.707177 -0.707036 0
    outer loop
      vertex -64.0891 2.48964 26.6
      vertex -64.4896 2.08906 23.6
      vertex -64.0891 2.48964 23.6
    endloop
  endfacet
  facet normal -0.906278 0.422682 -1.90481e-19
    outer loop
      vertex -44.695 -17.3371 1.1
      vertex -44.4445 -16.8 13.1
      vertex -44.4445 -16.8 1.1
    endloop
  endfacet
  facet normal -0.906278 0.422682 -1.90481e-19
    outer loop
      vertex -44.4445 -16.8 13.1
      vertex -44.695 -17.3371 1.1
      vertex -44.695 -17.3371 13.1
    endloop
  endfacet
  facet normal 0.0872339 -0.996188 0
    outer loop
      vertex -41.5 -21.9 1.1
      vertex -40.9096 -21.8483 13.1
      vertex -41.5 -21.9 13.1
    endloop
  endfacet
  facet normal 0.0872339 -0.996188 0
    outer loop
      vertex -40.9096 -21.8483 13.1
      vertex -41.5 -21.9 1.1
      vertex -40.9096 -21.8483 1.1
    endloop
  endfacet
  facet normal 0.965968 0.25866 1.80083e-19
    outer loop
      vertex -38.1517 -17.9096 13.1
      vertex -38.305 -17.3371 1.1
      vertex -38.305 -17.3371 13.1
    endloop
  endfacet
  facet normal 0.965968 0.25866 1.80083e-19
    outer loop
      vertex -38.305 -17.3371 1.1
      vertex -38.1517 -17.9096 13.1
      vertex -38.1517 -17.9096 1.1
    endloop
  endfacet
  facet normal 0.996188 0.0872339 -2.02307e-19
    outer loop
      vertex -38.1 -18.5 13.1
      vertex -38.1517 -17.9096 1.1
      vertex -38.1517 -17.9096 13.1
    endloop
  endfacet
  facet normal 0.996188 0.0872339 -2.02307e-19
    outer loop
      vertex -38.1517 -17.9096 1.1
      vertex -38.1 -18.5 13.1
      vertex -38.1 -18.5 1.1
    endloop
  endfacet
  facet normal 0.906278 0.422682 1.90481e-19
    outer loop
      vertex -38.305 -17.3371 13.1
      vertex -38.5555 -16.8 1.1
      vertex -38.5555 -16.8 13.1
    endloop
  endfacet
  facet normal 0.906278 0.422682 1.90481e-19
    outer loop
      vertex -38.5555 -16.8 1.1
      vertex -38.305 -17.3371 13.1
      vertex -38.305 -17.3371 1.1
    endloop
  endfacet
  facet normal 0.996188 -0.0872339 2.02307e-19
    outer loop
      vertex -38.1517 -19.0904 13.1
      vertex -38.1 -18.5 1.1
      vertex -38.1 -18.5 13.1
    endloop
  endfacet
  facet normal 0.996188 -0.0872339 2.02307e-19
    outer loop
      vertex -38.1 -18.5 1.1
      vertex -38.1517 -19.0904 13.1
      vertex -38.1517 -19.0904 1.1
    endloop
  endfacet
  facet normal -0.965968 0.25866 -1.80083e-19
    outer loop
      vertex -44.8483 -17.9096 1.1
      vertex -44.695 -17.3371 13.1
      vertex -44.695 -17.3371 1.1
    endloop
  endfacet
  facet normal -0.965968 0.25866 -1.80083e-19
    outer loop
      vertex -44.695 -17.3371 13.1
      vertex -44.8483 -17.9096 1.1
      vertex -44.8483 -17.9096 13.1
    endloop
  endfacet
  facet normal 0.819113 0.573632 5.84412e-19
    outer loop
      vertex -38.5555 -16.8 13.1
      vertex -38.8955 -16.3145 1.1
      vertex -38.8955 -16.3145 13.1
    endloop
  endfacet
  facet normal 0.819113 0.573632 5.84412e-19
    outer loop
      vertex -38.8955 -16.3145 1.1
      vertex -38.5555 -16.8 13.1
      vertex -38.5555 -16.8 1.1
    endloop
  endfacet
  facet normal 0.707191 0.707022 1.26262e-18
    outer loop
      vertex -38.8955 -16.3145 13.1
      vertex -39.3145 -15.8954 1.1
      vertex -39.3145 -15.8954 13.1
    endloop
  endfacet
  facet normal 0.707191 0.707022 1.26262e-18
    outer loop
      vertex -39.3145 -15.8954 1.1
      vertex -38.8955 -16.3145 13.1
      vertex -38.8955 -16.3145 1.1
    endloop
  endfacet
  facet normal 0.25866 -0.965968 0
    outer loop
      vertex -40.9096 -21.8483 1.1
      vertex -40.3371 -21.695 13.1
      vertex -40.9096 -21.8483 13.1
    endloop
  endfacet
  facet normal 0.25866 -0.965968 0
    outer loop
      vertex -40.3371 -21.695 13.1
      vertex -40.9096 -21.8483 1.1
      vertex -40.3371 -21.695 1.1
    endloop
  endfacet
  facet normal -0.996188 -0.0872339 -2.02307e-19
    outer loop
      vertex -44.8483 -19.0904 1.1
      vertex -44.9 -18.5 13.1
      vertex -44.9 -18.5 1.1
    endloop
  endfacet
  facet normal -0.996188 -0.0872339 -2.02307e-19
    outer loop
      vertex -44.9 -18.5 13.1
      vertex -44.8483 -19.0904 1.1
      vertex -44.8483 -19.0904 13.1
    endloop
  endfacet
  facet normal 0.819113 -0.573632 -5.84412e-19
    outer loop
      vertex -38.8955 -20.6855 13.1
      vertex -38.5555 -20.2 1.1
      vertex -38.5555 -20.2 13.1
    endloop
  endfacet
  facet normal 0.819113 -0.573632 -5.84412e-19
    outer loop
      vertex -38.5555 -20.2 1.1
      vertex -38.8955 -20.6855 13.1
      vertex -38.8955 -20.6855 1.1
    endloop
  endfacet
  facet normal -0.0872339 -0.996188 0
    outer loop
      vertex -42.0904 -21.8483 1.1
      vertex -41.5 -21.9 13.1
      vertex -42.0904 -21.8483 13.1
    endloop
  endfacet
  facet normal -0.0872339 -0.996188 -0
    outer loop
      vertex -41.5 -21.9 13.1
      vertex -42.0904 -21.8483 1.1
      vertex -41.5 -21.9 1.1
    endloop
  endfacet
  facet normal 0.906278 -0.422682 -1.90481e-19
    outer loop
      vertex -38.5555 -20.2 13.1
      vertex -38.305 -19.6629 1.1
      vertex -38.305 -19.6629 13.1
    endloop
  endfacet
  facet normal 0.906278 -0.422682 -1.90481e-19
    outer loop
      vertex -38.305 -19.6629 1.1
      vertex -38.5555 -20.2 13.1
      vertex -38.5555 -20.2 1.1
    endloop
  endfacet
  facet normal 0.422682 0.906278 -0
    outer loop
      vertex -39.8 -15.5555 1.1
      vertex -40.3371 -15.305 13.1
      vertex -39.8 -15.5555 13.1
    endloop
  endfacet
  facet normal 0.422682 0.906278 0
    outer loop
      vertex -40.3371 -15.305 13.1
      vertex -39.8 -15.5555 1.1
      vertex -40.3371 -15.305 1.1
    endloop
  endfacet
  facet normal -0.965968 -0.25866 1.80083e-19
    outer loop
      vertex -44.695 -19.6629 1.1
      vertex -44.8483 -19.0904 13.1
      vertex -44.8483 -19.0904 1.1
    endloop
  endfacet
  facet normal -0.965968 -0.25866 1.80083e-19
    outer loop
      vertex -44.8483 -19.0904 13.1
      vertex -44.695 -19.6629 1.1
      vertex -44.695 -19.6629 13.1
    endloop
  endfacet
  facet normal -0.422682 -0.906278 0
    outer loop
      vertex -43.2 -21.4445 1.1
      vertex -42.6629 -21.695 13.1
      vertex -43.2 -21.4445 13.1
    endloop
  endfacet
  facet normal -0.422682 -0.906278 -0
    outer loop
      vertex -42.6629 -21.695 13.1
      vertex -43.2 -21.4445 1.1
      vertex -42.6629 -21.695 1.1
    endloop
  endfacet
  facet normal 0.0872339 0.996188 -0
    outer loop
      vertex -40.9096 -15.1517 1.1
      vertex -41.5 -15.1 13.1
      vertex -40.9096 -15.1517 13.1
    endloop
  endfacet
  facet normal 0.0872339 0.996188 0
    outer loop
      vertex -41.5 -15.1 13.1
      vertex -40.9096 -15.1517 1.1
      vertex -41.5 -15.1 1.1
    endloop
  endfacet
  facet normal 0 0 1
    outer loop
      vertex -39.9 -18.5 13.1
      vertex -38.1 -18.5 13.1
      vertex -38.1517 -17.9096 13.1
    endloop
  endfacet
  facet normal 0 0 1
    outer loop
      vertex -39.9243 -18.2222 13.1
      vertex -38.1517 -17.9096 13.1
      vertex -38.305 -17.3371 13.1
    endloop
  endfacet
  facet normal 0 0 1
    outer loop
      vertex -38.1 -18.5 13.1
      vertex -39.9 -18.5 13.1
      vertex -38.1517 -19.0904 13.1
    endloop
  endfacet
  facet normal 0 0 1
    outer loop
      vertex -39.9965 -17.9528 13.1
      vertex -38.305 -17.3371 13.1
      vertex -38.5555 -16.8 13.1
    endloop
  endfacet
  facet normal -0 0 1
    outer loop
      vertex -39.9243 -18.7778 13.1
      vertex -38.1517 -19.0904 13.1
      vertex -39.9 -18.5 13.1
    endloop
  endfacet
  facet normal 0 0 1
    outer loop
      vertex -40.1144 -17.7 13.1
      vertex -38.5555 -16.8 13.1
      vertex -38.8955 -16.3145 13.1
    endloop
  endfacet
  facet normal 0 0 1
    outer loop
      vertex -38.1517 -19.0904 13.1
      vertex -39.9243 -18.7778 13.1
      vertex -38.305 -19.6629 13.1
    endloop
  endfacet
  facet normal 0 0 1
    outer loop
      vertex -40.2743 -17.4715 13.1
      vertex -38.8955 -16.3145 13.1
      vertex -39.3145 -15.8954 13.1
    endloop
  endfacet
  facet normal -0 0 1
    outer loop
      vertex -39.9965 -19.0472 13.1
      vertex -38.305 -19.6629 13.1
      vertex -39.9243 -18.7778 13.1
    endloop
  endfacet
  facet normal 0 0 1
    outer loop
      vertex -40.4715 -17.2743 13.1
      vertex -39.3145 -15.8954 13.1
      vertex -39.8 -15.5555 13.1
    endloop
  endfacet
  facet normal 0 0 1
    outer loop
      vertex -38.305 -19.6629 13.1
      vertex -39.9965 -19.0472 13.1
      vertex -38.5555 -20.2 13.1
    endloop
  endfacet
  facet normal -0 0 1
    outer loop
      vertex -40.1144 -19.3 13.1
      vertex -38.5555 -20.2 13.1
      vertex -39.9965 -19.0472 13.1
    endloop
  endfacet
  facet normal 0 0 1
    outer loop
      vertex -38.1517 -17.9096 13.1
      vertex -39.9243 -18.2222 13.1
      vertex -39.9 -18.5 13.1
    endloop
  endfacet
  facet normal 0 0 1
    outer loop
      vertex -38.305 -17.3371 13.1
      vertex -39.9965 -17.9528 13.1
      vertex -39.9243 -18.2222 13.1
    endloop
  endfacet
  facet normal 0 0 1
    outer loop
      vertex -38.5555 -16.8 13.1
      vertex -40.1144 -17.7 13.1
      vertex -39.9965 -17.9528 13.1
    endloop
  endfacet
  facet normal 0 0 1
    outer loop
      vertex -38.8955 -16.3145 13.1
      vertex -40.2743 -17.4715 13.1
      vertex -40.1144 -17.7 13.1
    endloop
  endfacet
  facet normal 0 0 1
    outer loop
      vertex -40.7 -17.1144 13.1
      vertex -39.8 -15.5555 13.1
      vertex -40.3371 -15.305 13.1
    endloop
  endfacet
  facet normal 0 0 1
    outer loop
      vertex -39.3145 -15.8954 13.1
      vertex -40.4715 -17.2743 13.1
      vertex -40.2743 -17.4715 13.1
    endloop
  endfacet
  facet normal 0 0 1
    outer loop
      vertex -39.8 -15.5555 13.1
      vertex -40.7 -17.1144 13.1
      vertex -40.4715 -17.2743 13.1
    endloop
  endfacet
  facet normal 0 0 1
    outer loop
      vertex -40.9528 -16.9965 13.1
      vertex -40.3371 -15.305 13.1
      vertex -40.9096 -15.1517 13.1
    endloop
  endfacet
  facet normal 0 0 1
    outer loop
      vertex -40.3371 -15.305 13.1
      vertex -40.9528 -16.9965 13.1
      vertex -40.7 -17.1144 13.1
    endloop
  endfacet
  facet normal 0 0 1
    outer loop
      vertex -40.9096 -15.1517 13.1
      vertex -41.2222 -16.9243 13.1
      vertex -40.9528 -16.9965 13.1
    endloop
  endfacet
  facet normal 0 0 1
    outer loop
      vertex -41.5 -15.1 13.1
      vertex -41.2222 -16.9243 13.1
      vertex -40.9096 -15.1517 13.1
    endloop
  endfacet
  facet normal 0 0 1
    outer loop
      vertex -41.5 -15.1 13.1
      vertex -41.5 -16.9 13.1
      vertex -41.2222 -16.9243 13.1
    endloop
  endfacet
  facet normal 0 0 1
    outer loop
      vertex -41.5 -15.1 13.1
      vertex -41.7778 -16.9243 13.1
      vertex -41.5 -16.9 13.1
    endloop
  endfacet
  facet normal -0 0 1
    outer loop
      vertex -42.0904 -15.1517 13.1
      vertex -41.7778 -16.9243 13.1
      vertex -41.5 -15.1 13.1
    endloop
  endfacet
  facet normal 0 0 1
    outer loop
      vertex -41.7778 -16.9243 13.1
      vertex -42.0904 -15.1517 13.1
      vertex -42.0472 -16.9965 13.1
    endloop
  endfacet
  facet normal -0 0 1
    outer loop
      vertex -42.6629 -15.305 13.1
      vertex -42.0472 -16.9965 13.1
      vertex -42.0904 -15.1517 13.1
    endloop
  endfacet
  facet normal 0 0 1
    outer loop
      vertex -42.0472 -16.9965 13.1
      vertex -42.6629 -15.305 13.1
      vertex -42.3 -17.1144 13.1
    endloop
  endfacet
  facet normal -0 0 1
    outer loop
      vertex -43.2 -15.5555 13.1
      vertex -42.3 -17.1144 13.1
      vertex -42.6629 -15.305 13.1
    endloop
  endfacet
  facet normal 0 0 1
    outer loop
      vertex -42.3 -17.1144 13.1
      vertex -43.2 -15.5555 13.1
      vertex -42.5285 -17.2743 13.1
    endloop
  endfacet
  facet normal -0 0 1
    outer loop
      vertex -43.6855 -15.8954 13.1
      vertex -42.5285 -17.2743 13.1
      vertex -43.2 -15.5555 13.1
    endloop
  endfacet
  facet normal 0 0 1
    outer loop
      vertex -42.5285 -17.2743 13.1
      vertex -43.6855 -15.8954 13.1
      vertex -42.7257 -17.4715 13.1
    endloop
  endfacet
  facet normal -0 0 1
    outer loop
      vertex -44.1045 -16.3145 13.1
      vertex -42.7257 -17.4715 13.1
      vertex -43.6855 -15.8954 13.1
    endloop
  endfacet
  facet normal -0 0 1
    outer loop
      vertex -44.4445 -16.8 13.1
      vertex -42.8856 -17.7 13.1
      vertex -44.1045 -16.3145 13.1
    endloop
  endfacet
  facet normal 0 0 1
    outer loop
      vertex -42.7257 -17.4715 13.1
      vertex -44.1045 -16.3145 13.1
      vertex -42.8856 -17.7 13.1
    endloop
  endfacet
  facet normal 0 0 1
    outer loop
      vertex -38.5555 -20.2 13.1
      vertex -40.1144 -19.3 13.1
      vertex -38.8955 -20.6855 13.1
    endloop
  endfacet
  facet normal -0 0 1
    outer loop
      vertex -40.2743 -19.5285 13.1
      vertex -38.8955 -20.6855 13.1
      vertex -40.1144 -19.3 13.1
    endloop
  endfacet
  facet normal 0 0 1
    outer loop
      vertex -38.8955 -20.6855 13.1
      vertex -40.2743 -19.5285 13.1
      vertex -39.3145 -21.1045 13.1
    endloop
  endfacet
  facet normal -0 0 1
    outer loop
      vertex -40.4715 -19.7257 13.1
      vertex -39.3145 -21.1045 13.1
      vertex -40.2743 -19.5285 13.1
    endloop
  endfacet
  facet normal 0 0 1
    outer loop
      vertex -39.3145 -21.1045 13.1
      vertex -40.4715 -19.7257 13.1
      vertex -39.8 -21.4445 13.1
    endloop
  endfacet
  facet normal -0 0 1
    outer loop
      vertex -40.7 -19.8856 13.1
      vertex -39.8 -21.4445 13.1
      vertex -40.4715 -19.7257 13.1
    endloop
  endfacet
  facet normal 0 0 1
    outer loop
      vertex -39.8 -21.4445 13.1
      vertex -40.7 -19.8856 13.1
      vertex -40.3371 -21.695 13.1
    endloop
  endfacet
  facet normal -0 0 1
    outer loop
      vertex -40.9528 -20.0035 13.1
      vertex -40.3371 -21.695 13.1
      vertex -40.7 -19.8856 13.1
    endloop
  endfacet
  facet normal 0 0 1
    outer loop
      vertex -40.3371 -21.695 13.1
      vertex -40.9528 -20.0035 13.1
      vertex -40.9096 -21.8483 13.1
    endloop
  endfacet
  facet normal -0 0 1
    outer loop
      vertex -41.2222 -20.0757 13.1
      vertex -40.9096 -21.8483 13.1
      vertex -40.9528 -20.0035 13.1
    endloop
  endfacet
  facet normal -0 0 1
    outer loop
      vertex -41.5 -20.1 13.1
      vertex -40.9096 -21.8483 13.1
      vertex -41.2222 -20.0757 13.1
    endloop
  endfacet
  facet normal 0 0 1
    outer loop
      vertex -41.5 -20.1 13.1
      vertex -41.5 -21.9 13.1
      vertex -40.9096 -21.8483 13.1
    endloop
  endfacet
  facet normal 0 0 1
    outer loop
      vertex -41.7778 -20.0757 13.1
      vertex -41.5 -21.9 13.1
      vertex -41.5 -20.1 13.1
    endloop
  endfacet
  facet normal 0 0 1
    outer loop
      vertex -42.0904 -21.8483 13.1
      vertex -41.7778 -20.0757 13.1
      vertex -42.0472 -20.0035 13.1
    endloop
  endfacet
  facet normal 0 0 1
    outer loop
      vertex -41.7778 -20.0757 13.1
      vertex -42.0904 -21.8483 13.1
      vertex -41.5 -21.9 13.1
    endloop
  endfacet
  facet normal 0 0 1
    outer loop
      vertex -42.6629 -21.695 13.1
      vertex -42.0472 -20.0035 13.1
      vertex -42.3 -19.8856 13.1
    endloop
  endfacet
  facet normal 0 0 1
    outer loop
      vertex -43.2 -21.4445 13.1
      vertex -42.3 -19.8856 13.1
      vertex -42.5285 -19.7257 13.1
    endloop
  endfacet
  facet normal 0 0 1
    outer loop
      vertex -42.0472 -20.0035 13.1
      vertex -42.6629 -21.695 13.1
      vertex -42.0904 -21.8483 13.1
    endloop
  endfacet
  facet normal 0 0 1
    outer loop
      vertex -43.6855 -21.1045 13.1
      vertex -42.5285 -19.7257 13.1
      vertex -42.7257 -19.5285 13.1
    endloop
  endfacet
  facet normal 0 0 1
    outer loop
      vertex -44.1045 -20.6855 13.1
      vertex -42.7257 -19.5285 13.1
      vertex -42.8856 -19.3 13.1
    endloop
  endfacet
  facet normal 0 0 1
    outer loop
      vertex -44.4445 -20.2 13.1
      vertex -42.8856 -19.3 13.1
      vertex -43.0035 -19.0472 13.1
    endloop
  endfacet
  facet normal 0 0 1
    outer loop
      vertex -44.695 -19.6629 13.1
      vertex -43.0035 -19.0472 13.1
      vertex -43.0757 -18.7778 13.1
    endloop
  endfacet
  facet normal 0 0 1
    outer loop
      vertex -42.3 -19.8856 13.1
      vertex -43.2 -21.4445 13.1
      vertex -42.6629 -21.695 13.1
    endloop
  endfacet
  facet normal 0 0 1
    outer loop
      vertex -44.8483 -19.0904 13.1
      vertex -43.0757 -18.7778 13.1
      vertex -43.1 -18.5 13.1
    endloop
  endfacet
  facet normal 0 0 1
    outer loop
      vertex -42.8856 -17.7 13.1
      vertex -44.4445 -16.8 13.1
      vertex -43.0035 -17.9528 13.1
    endloop
  endfacet
  facet normal -0 0 1
    outer loop
      vertex -44.695 -17.3371 13.1
      vertex -43.0035 -17.9528 13.1
      vertex -44.4445 -16.8 13.1
    endloop
  endfacet
  facet normal 0 0 1
    outer loop
      vertex -42.5285 -19.7257 13.1
      vertex -43.6855 -21.1045 13.1
      vertex -43.2 -21.4445 13.1
    endloop
  endfacet
  facet normal 0 0 1
    outer loop
      vertex -43.0035 -17.9528 13.1
      vertex -44.695 -17.3371 13.1
      vertex -43.0757 -18.2222 13.1
    endloop
  endfacet
  facet normal 0 0 1
    outer loop
      vertex -42.7257 -19.5285 13.1
      vertex -44.1045 -20.6855 13.1
      vertex -43.6855 -21.1045 13.1
    endloop
  endfacet
  facet normal -0 0 1
    outer loop
      vertex -44.8483 -17.9096 13.1
      vertex -43.0757 -18.2222 13.1
      vertex -44.695 -17.3371 13.1
    endloop
  endfacet
  facet normal 0 0 1
    outer loop
      vertex -42.8856 -19.3 13.1
      vertex -44.4445 -20.2 13.1
      vertex -44.1045 -20.6855 13.1
    endloop
  endfacet
  facet normal 0 0 1
    outer loop
      vertex -43.0757 -18.2222 13.1
      vertex -44.8483 -17.9096 13.1
      vertex -43.1 -18.5 13.1
    endloop
  endfacet
  facet normal 0 0 1
    outer loop
      vertex -43.0035 -19.0472 13.1
      vertex -44.695 -19.6629 13.1
      vertex -44.4445 -20.2 13.1
    endloop
  endfacet
  facet normal 0 0 1
    outer loop
      vertex -44.9 -18.5 13.1
      vertex -43.1 -18.5 13.1
      vertex -44.8483 -17.9096 13.1
    endloop
  endfacet
  facet normal 0 0 1
    outer loop
      vertex -43.0757 -18.7778 13.1
      vertex -44.8483 -19.0904 13.1
      vertex -44.695 -19.6629 13.1
    endloop
  endfacet
  facet normal 0 0 1
    outer loop
      vertex -43.1 -18.5 13.1
      vertex -44.9 -18.5 13.1
      vertex -44.8483 -19.0904 13.1
    endloop
  endfacet
  facet normal -0.573519 0.819192 0
    outer loop
      vertex -43.2 -15.5555 1.1
      vertex -43.6855 -15.8954 13.1
      vertex -43.2 -15.5555 13.1
    endloop
  endfacet
  facet normal -0.573519 0.819192 0
    outer loop
      vertex -43.6855 -15.8954 13.1
      vertex -43.2 -15.5555 1.1
      vertex -43.6855 -15.8954 1.1
    endloop
  endfacet
  facet normal -0.422682 0.906278 0
    outer loop
      vertex -42.6629 -15.305 1.1
      vertex -43.2 -15.5555 13.1
      vertex -42.6629 -15.305 13.1
    endloop
  endfacet
  facet normal -0.422682 0.906278 0
    outer loop
      vertex -43.2 -15.5555 13.1
      vertex -42.6629 -15.305 1.1
      vertex -43.2 -15.5555 1.1
    endloop
  endfacet
  facet normal -0.707191 0.707022 -1.26262e-18
    outer loop
      vertex -44.1045 -16.3145 1.1
      vertex -43.6855 -15.8954 13.1
      vertex -43.6855 -15.8954 1.1
    endloop
  endfacet
  facet normal -0.707191 0.707022 -1.26262e-18
    outer loop
      vertex -43.6855 -15.8954 13.1
      vertex -44.1045 -16.3145 1.1
      vertex -44.1045 -16.3145 13.1
    endloop
  endfacet
  facet normal 0.573519 0.819192 -0
    outer loop
      vertex -39.3145 -15.8954 1.1
      vertex -39.8 -15.5555 13.1
      vertex -39.3145 -15.8954 13.1
    endloop
  endfacet
  facet normal 0.573519 0.819192 0
    outer loop
      vertex -39.8 -15.5555 13.1
      vertex -39.3145 -15.8954 1.1
      vertex -39.8 -15.5555 1.1
    endloop
  endfacet
  facet normal -0.25866 0.965968 0
    outer loop
      vertex -42.0904 -15.1517 1.1
      vertex -42.6629 -15.305 13.1
      vertex -42.0904 -15.1517 13.1
    endloop
  endfacet
  facet normal -0.25866 0.965968 0
    outer loop
      vertex -42.6629 -15.305 13.1
      vertex -42.0904 -15.1517 1.1
      vertex -42.6629 -15.305 1.1
    endloop
  endfacet
  facet normal -0.0872339 0.996188 0
    outer loop
      vertex -41.5 -15.1 1.1
      vertex -42.0904 -15.1517 13.1
      vertex -41.5 -15.1 13.1
    endloop
  endfacet
  facet normal -0.0872339 0.996188 0
    outer loop
      vertex -42.0904 -15.1517 13.1
      vertex -41.5 -15.1 1.1
      vertex -42.0904 -15.1517 1.1
    endloop
  endfacet
  facet normal -0.906278 -0.422682 1.90481e-19
    outer loop
      vertex -44.4445 -20.2 1.1
      vertex -44.695 -19.6629 13.1
      vertex -44.695 -19.6629 1.1
    endloop
  endfacet
  facet normal -0.906278 -0.422682 1.90481e-19
    outer loop
      vertex -44.695 -19.6629 13.1
      vertex -44.4445 -20.2 1.1
      vertex -44.4445 -20.2 13.1
    endloop
  endfacet
  facet normal 0.965968 -0.25866 -1.80083e-19
    outer loop
      vertex -38.305 -19.6629 13.1
      vertex -38.1517 -19.0904 1.1
      vertex -38.1517 -19.0904 13.1
    endloop
  endfacet
  facet normal 0.965968 -0.25866 -1.80083e-19
    outer loop
      vertex -38.1517 -19.0904 1.1
      vertex -38.305 -19.6629 13.1
      vertex -38.305 -19.6629 1.1
    endloop
  endfacet
  facet normal -0.819113 -0.573632 5.84412e-19
    outer loop
      vertex -44.1045 -20.6855 1.1
      vertex -44.4445 -20.2 13.1
      vertex -44.4445 -20.2 1.1
    endloop
  endfacet
  facet normal -0.819113 -0.573632 5.84412e-19
    outer loop
      vertex -44.4445 -20.2 13.1
      vertex -44.1045 -20.6855 1.1
      vertex -44.1045 -20.6855 13.1
    endloop
  endfacet
  facet normal 0.422682 -0.906278 0
    outer loop
      vertex -40.3371 -21.695 1.1
      vertex -39.8 -21.4445 13.1
      vertex -40.3371 -21.695 13.1
    endloop
  endfacet
  facet normal 0.422682 -0.906278 0
    outer loop
      vertex -39.8 -21.4445 13.1
      vertex -40.3371 -21.695 1.1
      vertex -39.8 -21.4445 1.1
    endloop
  endfacet
  facet normal 0.25866 0.965968 -0
    outer loop
      vertex -40.3371 -15.305 1.1
      vertex -40.9096 -15.1517 13.1
      vertex -40.3371 -15.305 13.1
    endloop
  endfacet
  facet normal 0.25866 0.965968 0
    outer loop
      vertex -40.9096 -15.1517 13.1
      vertex -40.3371 -15.305 1.1
      vertex -40.9096 -15.1517 1.1
    endloop
  endfacet
  facet normal -0.707107 -0.707107 -1.58458e-18
    outer loop
      vertex -43.6855 -21.1045 1.1
      vertex -44.1045 -20.6855 13.1
      vertex -44.1045 -20.6855 1.1
    endloop
  endfacet
  facet normal -0.707107 -0.707107 -1.58458e-18
    outer loop
      vertex -44.1045 -20.6855 13.1
      vertex -43.6855 -21.1045 1.1
      vertex -43.6855 -21.1045 13.1
    endloop
  endfacet
  facet normal -0.996188 0.0872339 2.02307e-19
    outer loop
      vertex -44.9 -18.5 1.1
      vertex -44.8483 -17.9096 13.1
      vertex -44.8483 -17.9096 1.1
    endloop
  endfacet
  facet normal -0.996188 0.0872339 2.02307e-19
    outer loop
      vertex -44.8483 -17.9096 13.1
      vertex -44.9 -18.5 1.1
      vertex -44.9 -18.5 13.1
    endloop
  endfacet
  facet normal -0.25866 -0.965968 0
    outer loop
      vertex -42.6629 -21.695 1.1
      vertex -42.0904 -21.8483 13.1
      vertex -42.6629 -21.695 13.1
    endloop
  endfacet
  facet normal -0.25866 -0.965968 -0
    outer loop
      vertex -42.0904 -21.8483 13.1
      vertex -42.6629 -21.695 1.1
      vertex -42.0904 -21.8483 1.1
    endloop
  endfacet
  facet normal 0.707107 -0.707107 1.58458e-18
    outer loop
      vertex -39.3145 -21.1045 13.1
      vertex -38.8955 -20.6855 1.1
      vertex -38.8955 -20.6855 13.1
    endloop
  endfacet
  facet normal 0.707107 -0.707107 1.58458e-18
    outer loop
      vertex -38.8955 -20.6855 1.1
      vertex -39.3145 -21.1045 13.1
      vertex -39.3145 -21.1045 1.1
    endloop
  endfacet
  facet normal 0.573632 -0.819113 0
    outer loop
      vertex -39.8 -21.4445 1.1
      vertex -39.3145 -21.1045 13.1
      vertex -39.8 -21.4445 13.1
    endloop
  endfacet
  facet normal 0.573632 -0.819113 0
    outer loop
      vertex -39.3145 -21.1045 13.1
      vertex -39.8 -21.4445 1.1
      vertex -39.3145 -21.1045 1.1
    endloop
  endfacet
  facet normal -0.573632 -0.819113 0
    outer loop
      vertex -43.6855 -21.1045 1.1
      vertex -43.2 -21.4445 13.1
      vertex -43.6855 -21.1045 13.1
    endloop
  endfacet
  facet normal -0.573632 -0.819113 -0
    outer loop
      vertex -43.2 -21.4445 13.1
      vertex -43.6855 -21.1045 1.1
      vertex -43.2 -21.4445 1.1
    endloop
  endfacet
  facet normal -0.819113 0.573632 -5.84412e-19
    outer loop
      vertex -44.4445 -16.8 1.1
      vertex -44.1045 -16.3145 13.1
      vertex -44.1045 -16.3145 1.1
    endloop
  endfacet
  facet normal -0.819113 0.573632 -5.84412e-19
    outer loop
      vertex -44.1045 -16.3145 13.1
      vertex -44.4445 -16.8 1.1
      vertex -44.4445 -16.8 13.1
    endloop
  endfacet
  facet normal 0.258868 -0.965913 0
    outer loop
      vertex -42.0472 -16.9965 1.1
      vertex -41.7778 -16.9243 13.1
      vertex -42.0472 -16.9965 13.1
    endloop
  endfacet
  facet normal 0.258868 -0.965913 0
    outer loop
      vertex -41.7778 -16.9243 13.1
      vertex -42.0472 -16.9965 1.1
      vertex -41.7778 -16.9243 1.1
    endloop
  endfacet
  facet normal -0.965913 -0.258868 2.56238e-19
    outer loop
      vertex -39.9243 -18.2222 1.1
      vertex -39.9965 -17.9528 13.1
      vertex -39.9965 -17.9528 1.1
    endloop
  endfacet
  facet normal -0.965913 -0.258868 2.56238e-19
    outer loop
      vertex -39.9965 -17.9528 13.1
      vertex -39.9243 -18.2222 1.1
      vertex -39.9243 -18.2222 13.1
    endloop
  endfacet
  facet normal -0.996196 -0.0871403 -1.15766e-19
    outer loop
      vertex -39.9 -18.5 1.1
      vertex -39.9243 -18.2222 13.1
      vertex -39.9243 -18.2222 1.1
    endloop
  endfacet
  facet normal -0.996196 -0.0871403 -1.15766e-19
    outer loop
      vertex -39.9243 -18.2222 13.1
      vertex -39.9 -18.5 1.1
      vertex -39.9 -18.5 13.1
    endloop
  endfacet
  facet normal -0.906284 -0.42267 4.80237e-19
    outer loop
      vertex -39.9965 -17.9528 1.1
      vertex -40.1144 -17.7 13.1
      vertex -40.1144 -17.7 1.1
    endloop
  endfacet
  facet normal -0.906284 -0.42267 4.80237e-19
    outer loop
      vertex -40.1144 -17.7 13.1
      vertex -39.9965 -17.9528 1.1
      vertex -39.9965 -17.9528 13.1
    endloop
  endfacet
  facet normal 0.906284 0.42267 4.80237e-19
    outer loop
      vertex -42.8856 -19.3 13.1
      vertex -43.0035 -19.0472 1.1
      vertex -43.0035 -19.0472 13.1
    endloop
  endfacet
  facet normal 0.906284 0.42267 4.80237e-19
    outer loop
      vertex -43.0035 -19.0472 1.1
      vertex -42.8856 -19.3 13.1
      vertex -42.8856 -19.3 1.1
    endloop
  endfacet
  facet normal -0.906284 0.42267 -4.80237e-19
    outer loop
      vertex -40.1144 -19.3 1.1
      vertex -39.9965 -19.0472 13.1
      vertex -39.9965 -19.0472 1.1
    endloop
  endfacet
  facet normal -0.906284 0.42267 -4.80237e-19
    outer loop
      vertex -39.9965 -19.0472 13.1
      vertex -40.1144 -19.3 1.1
      vertex -40.1144 -19.3 13.1
    endloop
  endfacet
  facet normal -0.819316 0.573342 5.35663e-19
    outer loop
      vertex -40.2743 -19.5285 1.1
      vertex -40.1144 -19.3 13.1
      vertex -40.1144 -19.3 1.1
    endloop
  endfacet
  facet normal -0.819316 0.573342 5.35663e-19
    outer loop
      vertex -40.1144 -19.3 13.1
      vertex -40.2743 -19.5285 1.1
      vertex -40.2743 -19.5285 13.1
    endloop
  endfacet
  facet normal -0.996196 0.0871403 1.15766e-19
    outer loop
      vertex -39.9243 -18.7778 1.1
      vertex -39.9 -18.5 13.1
      vertex -39.9 -18.5 1.1
    endloop
  endfacet
  facet normal -0.996196 0.0871403 1.15766e-19
    outer loop
      vertex -39.9 -18.5 13.1
      vertex -39.9243 -18.7778 1.1
      vertex -39.9243 -18.7778 13.1
    endloop
  endfacet
  facet normal -0.819316 -0.573342 -5.35663e-19
    outer loop
      vertex -40.1144 -17.7 1.1
      vertex -40.2743 -17.4715 13.1
      vertex -40.2743 -17.4715 1.1
    endloop
  endfacet
  facet normal -0.819316 -0.573342 -5.35663e-19
    outer loop
      vertex -40.2743 -17.4715 13.1
      vertex -40.1144 -17.7 1.1
      vertex -40.1144 -17.7 13.1
    endloop
  endfacet
  facet normal 0.707107 -0.707107 0
    outer loop
      vertex -42.7257 -17.4715 1.1
      vertex -42.5285 -17.2743 13.1
      vertex -42.7257 -17.4715 13.1
    endloop
  endfacet
  facet normal 0.707107 -0.707107 0
    outer loop
      vertex -42.5285 -17.2743 13.1
      vertex -42.7257 -17.4715 1.1
      vertex -42.5285 -17.2743 1.1
    endloop
  endfacet
  facet normal 0.0871403 -0.996196 0
    outer loop
      vertex -41.7778 -16.9243 1.1
      vertex -41.5 -16.9 13.1
      vertex -41.7778 -16.9243 13.1
    endloop
  endfacet
  facet normal 0.0871403 -0.996196 0
    outer loop
      vertex -41.5 -16.9 13.1
      vertex -41.7778 -16.9243 1.1
      vertex -41.5 -16.9 1.1
    endloop
  endfacet
  facet normal 0.573342 -0.819316 0
    outer loop
      vertex -42.5285 -17.2743 1.1
      vertex -42.3 -17.1144 13.1
      vertex -42.5285 -17.2743 13.1
    endloop
  endfacet
  facet normal 0.573342 -0.819316 0
    outer loop
      vertex -42.3 -17.1144 13.1
      vertex -42.5285 -17.2743 1.1
      vertex -42.3 -17.1144 1.1
    endloop
  endfacet
  facet normal 0.42267 -0.906284 0
    outer loop
      vertex -42.3 -17.1144 1.1
      vertex -42.0472 -16.9965 13.1
      vertex -42.3 -17.1144 13.1
    endloop
  endfacet
  facet normal 0.42267 -0.906284 0
    outer loop
      vertex -42.0472 -16.9965 13.1
      vertex -42.3 -17.1144 1.1
      vertex -42.0472 -16.9965 1.1
    endloop
  endfacet
  facet normal -0.42267 0.906284 0
    outer loop
      vertex -40.7 -19.8856 1.1
      vertex -40.9528 -20.0035 13.1
      vertex -40.7 -19.8856 13.1
    endloop
  endfacet
  facet normal -0.42267 0.906284 0
    outer loop
      vertex -40.9528 -20.0035 13.1
      vertex -40.7 -19.8856 1.1
      vertex -40.9528 -20.0035 1.1
    endloop
  endfacet
  facet normal 0.996196 0.0871403 -1.15766e-19
    outer loop
      vertex -43.0757 -18.7778 13.1
      vertex -43.1 -18.5 1.1
      vertex -43.1 -18.5 13.1
    endloop
  endfacet
  facet normal 0.996196 0.0871403 -1.15766e-19
    outer loop
      vertex -43.1 -18.5 1.1
      vertex -43.0757 -18.7778 13.1
      vertex -43.0757 -18.7778 1.1
    endloop
  endfacet
  facet normal -0.573342 -0.819316 0
    outer loop
      vertex -40.7 -17.1144 1.1
      vertex -40.4715 -17.2743 13.1
      vertex -40.7 -17.1144 13.1
    endloop
  endfacet
  facet normal -0.573342 -0.819316 -0
    outer loop
      vertex -40.4715 -17.2743 13.1
      vertex -40.7 -17.1144 1.1
      vertex -40.4715 -17.2743 1.1
    endloop
  endfacet
  facet normal -0.258868 -0.965913 0
    outer loop
      vertex -41.2222 -16.9243 1.1
      vertex -40.9528 -16.9965 13.1
      vertex -41.2222 -16.9243 13.1
    endloop
  endfacet
  facet normal -0.258868 -0.965913 -0
    outer loop
      vertex -40.9528 -16.9965 13.1
      vertex -41.2222 -16.9243 1.1
      vertex -40.9528 -16.9965 1.1
    endloop
  endfacet
  facet normal -0.573342 0.819316 0
    outer loop
      vertex -40.4715 -19.7257 1.1
      vertex -40.7 -19.8856 13.1
      vertex -40.4715 -19.7257 13.1
    endloop
  endfacet
  facet normal -0.573342 0.819316 0
    outer loop
      vertex -40.7 -19.8856 13.1
      vertex -40.4715 -19.7257 1.1
      vertex -40.7 -19.8856 1.1
    endloop
  endfacet
  facet normal 0.965913 -0.258868 -2.56238e-19
    outer loop
      vertex -43.0757 -18.2222 13.1
      vertex -43.0035 -17.9528 1.1
      vertex -43.0035 -17.9528 13.1
    endloop
  endfacet
  facet normal 0.965913 -0.258868 -2.56238e-19
    outer loop
      vertex -43.0035 -17.9528 1.1
      vertex -43.0757 -18.2222 13.1
      vertex -43.0757 -18.2222 1.1
    endloop
  endfacet
  facet normal -0.42267 -0.906284 0
    outer loop
      vertex -40.9528 -16.9965 1.1
      vertex -40.7 -17.1144 13.1
      vertex -40.9528 -16.9965 13.1
    endloop
  endfacet
  facet normal -0.42267 -0.906284 -0
    outer loop
      vertex -40.7 -17.1144 13.1
      vertex -40.9528 -16.9965 1.1
      vertex -40.7 -17.1144 1.1
    endloop
  endfacet
  facet normal 0.819316 -0.573342 5.35663e-19
    outer loop
      vertex -42.8856 -17.7 13.1
      vertex -42.7257 -17.4715 1.1
      vertex -42.7257 -17.4715 13.1
    endloop
  endfacet
  facet normal 0.819316 -0.573342 5.35663e-19
    outer loop
      vertex -42.7257 -17.4715 1.1
      vertex -42.8856 -17.7 13.1
      vertex -42.8856 -17.7 1.1
    endloop
  endfacet
  facet normal 0.819316 0.573342 -5.35663e-19
    outer loop
      vertex -42.7257 -19.5285 13.1
      vertex -42.8856 -19.3 1.1
      vertex -42.8856 -19.3 13.1
    endloop
  endfacet
  facet normal 0.819316 0.573342 -5.35663e-19
    outer loop
      vertex -42.8856 -19.3 1.1
      vertex -42.7257 -19.5285 13.1
      vertex -42.7257 -19.5285 1.1
    endloop
  endfacet
  facet normal -0.258868 0.965913 0
    outer loop
      vertex -40.9528 -20.0035 1.1
      vertex -41.2222 -20.0757 13.1
      vertex -40.9528 -20.0035 13.1
    endloop
  endfacet
  facet normal -0.258868 0.965913 0
    outer loop
      vertex -41.2222 -20.0757 13.1
      vertex -40.9528 -20.0035 1.1
      vertex -41.2222 -20.0757 1.1
    endloop
  endfacet
  facet normal -0.707107 0.707107 0
    outer loop
      vertex -40.2743 -19.5285 1.1
      vertex -40.4715 -19.7257 13.1
      vertex -40.2743 -19.5285 13.1
    endloop
  endfacet
  facet normal -0.707107 0.707107 0
    outer loop
      vertex -40.4715 -19.7257 13.1
      vertex -40.2743 -19.5285 1.1
      vertex -40.4715 -19.7257 1.1
    endloop
  endfacet
  facet normal -0.707107 -0.707107 0
    outer loop
      vertex -40.4715 -17.2743 1.1
      vertex -40.2743 -17.4715 13.1
      vertex -40.4715 -17.2743 13.1
    endloop
  endfacet
  facet normal -0.707107 -0.707107 -0
    outer loop
      vertex -40.2743 -17.4715 13.1
      vertex -40.4715 -17.2743 1.1
      vertex -40.2743 -17.4715 1.1
    endloop
  endfacet
  facet normal -0.965913 0.258868 -2.56238e-19
    outer loop
      vertex -39.9965 -19.0472 1.1
      vertex -39.9243 -18.7778 13.1
      vertex -39.9243 -18.7778 1.1
    endloop
  endfacet
  facet normal -0.965913 0.258868 -2.56238e-19
    outer loop
      vertex -39.9243 -18.7778 13.1
      vertex -39.9965 -19.0472 1.1
      vertex -39.9965 -19.0472 13.1
    endloop
  endfacet
  facet normal 0.707107 0.707107 -0
    outer loop
      vertex -42.5285 -19.7257 1.1
      vertex -42.7257 -19.5285 13.1
      vertex -42.5285 -19.7257 13.1
    endloop
  endfacet
  facet normal 0.707107 0.707107 0
    outer loop
      vertex -42.7257 -19.5285 13.1
      vertex -42.5285 -19.7257 1.1
      vertex -42.7257 -19.5285 1.1
    endloop
  endfacet
  facet normal 0.906284 -0.42267 -4.80237e-19
    outer loop
      vertex -43.0035 -17.9528 13.1
      vertex -42.8856 -17.7 1.1
      vertex -42.8856 -17.7 13.1
    endloop
  endfacet
  facet normal 0.906284 -0.42267 -4.80237e-19
    outer loop
      vertex -42.8856 -17.7 1.1
      vertex -43.0035 -17.9528 13.1
      vertex -43.0035 -17.9528 1.1
    endloop
  endfacet
  facet normal 0.573342 0.819316 -0
    outer loop
      vertex -42.3 -19.8856 1.1
      vertex -42.5285 -19.7257 13.1
      vertex -42.3 -19.8856 13.1
    endloop
  endfacet
  facet normal 0.573342 0.819316 0
    outer loop
      vertex -42.5285 -19.7257 13.1
      vertex -42.3 -19.8856 1.1
      vertex -42.5285 -19.7257 1.1
    endloop
  endfacet
  facet normal -0.0871403 0.996196 0
    outer loop
      vertex -41.2222 -20.0757 1.1
      vertex -41.5 -20.1 13.1
      vertex -41.2222 -20.0757 13.1
    endloop
  endfacet
  facet normal -0.0871403 0.996196 0
    outer loop
      vertex -41.5 -20.1 13.1
      vertex -41.2222 -20.0757 1.1
      vertex -41.5 -20.1 1.1
    endloop
  endfacet
  facet normal -0.0871403 -0.996196 0
    outer loop
      vertex -41.5 -16.9 1.1
      vertex -41.2222 -16.9243 13.1
      vertex -41.5 -16.9 13.1
    endloop
  endfacet
  facet normal -0.0871403 -0.996196 -0
    outer loop
      vertex -41.2222 -16.9243 13.1
      vertex -41.5 -16.9 1.1
      vertex -41.2222 -16.9243 1.1
    endloop
  endfacet
  facet normal 0.996196 -0.0871403 1.15766e-19
    outer loop
      vertex -43.1 -18.5 13.1
      vertex -43.0757 -18.2222 1.1
      vertex -43.0757 -18.2222 13.1
    endloop
  endfacet
  facet normal 0.996196 -0.0871403 1.15766e-19
    outer loop
      vertex -43.0757 -18.2222 1.1
      vertex -43.1 -18.5 13.1
      vertex -43.1 -18.5 1.1
    endloop
  endfacet
  facet normal 0.0871403 0.996196 -0
    outer loop
      vertex -41.5 -20.1 1.1
      vertex -41.7778 -20.0757 13.1
      vertex -41.5 -20.1 13.1
    endloop
  endfacet
  facet normal 0.0871403 0.996196 0
    outer loop
      vertex -41.7778 -20.0757 13.1
      vertex -41.5 -20.1 1.1
      vertex -41.7778 -20.0757 1.1
    endloop
  endfacet
  facet normal 0.258868 0.965913 -0
    outer loop
      vertex -41.7778 -20.0757 1.1
      vertex -42.0472 -20.0035 13.1
      vertex -41.7778 -20.0757 13.1
    endloop
  endfacet
  facet normal 0.258868 0.965913 0
    outer loop
      vertex -42.0472 -20.0035 13.1
      vertex -41.7778 -20.0757 1.1
      vertex -42.0472 -20.0035 1.1
    endloop
  endfacet
  facet normal 0.965913 0.258868 2.56238e-19
    outer loop
      vertex -43.0035 -19.0472 13.1
      vertex -43.0757 -18.7778 1.1
      vertex -43.0757 -18.7778 13.1
    endloop
  endfacet
  facet normal 0.965913 0.258868 2.56238e-19
    outer loop
      vertex -43.0757 -18.7778 1.1
      vertex -43.0035 -19.0472 13.1
      vertex -43.0035 -19.0472 1.1
    endloop
  endfacet
  facet normal 0.42267 0.906284 -0
    outer loop
      vertex -42.0472 -20.0035 1.1
      vertex -42.3 -19.8856 13.1
      vertex -42.0472 -20.0035 13.1
    endloop
  endfacet
  facet normal 0.42267 0.906284 0
    outer loop
      vertex -42.3 -19.8856 13.1
      vertex -42.0472 -20.0035 1.1
      vertex -42.3 -19.8856 1.1
    endloop
  endfacet
  facet normal -0.906278 0.422682 -1.90481e-19
    outer loop
      vertex -44.695 19.6629 1.1
      vertex -44.4445 20.2 13.1
      vertex -44.4445 20.2 1.1
    endloop
  endfacet
  facet normal -0.906278 0.422682 -1.90481e-19
    outer loop
      vertex -44.4445 20.2 13.1
      vertex -44.695 19.6629 1.1
      vertex -44.695 19.6629 13.1
    endloop
  endfacet
  facet normal 0.0872339 -0.996188 0
    outer loop
      vertex -41.5 15.1 1.1
      vertex -40.9096 15.1517 13.1
      vertex -41.5 15.1 13.1
    endloop
  endfacet
  facet normal 0.0872339 -0.996188 0
    outer loop
      vertex -40.9096 15.1517 13.1
      vertex -41.5 15.1 1.1
      vertex -40.9096 15.1517 1.1
    endloop
  endfacet
  facet normal 0.965968 0.25866 1.80083e-19
    outer loop
      vertex -38.1517 19.0904 13.1
      vertex -38.305 19.6629 1.1
      vertex -38.305 19.6629 13.1
    endloop
  endfacet
  facet normal 0.965968 0.25866 1.80083e-19
    outer loop
      vertex -38.305 19.6629 1.1
      vertex -38.1517 19.0904 13.1
      vertex -38.1517 19.0904 1.1
    endloop
  endfacet
  facet normal 0.996188 0.0872339 -2.02307e-19
    outer loop
      vertex -38.1 18.5 13.1
      vertex -38.1517 19.0904 1.1
      vertex -38.1517 19.0904 13.1
    endloop
  endfacet
  facet normal 0.996188 0.0872339 -2.02307e-19
    outer loop
      vertex -38.1517 19.0904 1.1
      vertex -38.1 18.5 13.1
      vertex -38.1 18.5 1.1
    endloop
  endfacet
  facet normal 0.906278 0.422682 1.90481e-19
    outer loop
      vertex -38.305 19.6629 13.1
      vertex -38.5555 20.2 1.1
      vertex -38.5555 20.2 13.1
    endloop
  endfacet
  facet normal 0.906278 0.422682 1.90481e-19
    outer loop
      vertex -38.5555 20.2 1.1
      vertex -38.305 19.6629 13.1
      vertex -38.305 19.6629 1.1
    endloop
  endfacet
  facet normal 0.996188 -0.0872339 2.02307e-19
    outer loop
      vertex -38.1517 17.9096 13.1
      vertex -38.1 18.5 1.1
      vertex -38.1 18.5 13.1
    endloop
  endfacet
  facet normal 0.996188 -0.0872339 2.02307e-19
    outer loop
      vertex -38.1 18.5 1.1
      vertex -38.1517 17.9096 13.1
      vertex -38.1517 17.9096 1.1
    endloop
  endfacet
  facet normal -0.965968 0.25866 -1.80083e-19
    outer loop
      vertex -44.8483 19.0904 1.1
      vertex -44.695 19.6629 13.1
      vertex -44.695 19.6629 1.1
    endloop
  endfacet
  facet normal -0.965968 0.25866 -1.80083e-19
    outer loop
      vertex -44.695 19.6629 13.1
      vertex -44.8483 19.0904 1.1
      vertex -44.8483 19.0904 13.1
    endloop
  endfacet
  facet normal 0.819113 0.573632 5.84412e-19
    outer loop
      vertex -38.5555 20.2 13.1
      vertex -38.8955 20.6855 1.1
      vertex -38.8955 20.6855 13.1
    endloop
  endfacet
  facet normal 0.819113 0.573632 5.84412e-19
    outer loop
      vertex -38.8955 20.6855 1.1
      vertex -38.5555 20.2 13.1
      vertex -38.5555 20.2 1.1
    endloop
  endfacet
  facet normal 0.707107 0.707107 -1.58458e-18
    outer loop
      vertex -38.8955 20.6855 13.1
      vertex -39.3145 21.1045 1.1
      vertex -39.3145 21.1045 13.1
    endloop
  endfacet
  facet normal 0.707107 0.707107 -1.58458e-18
    outer loop
      vertex -39.3145 21.1045 1.1
      vertex -38.8955 20.6855 13.1
      vertex -38.8955 20.6855 1.1
    endloop
  endfacet
  facet normal 0.25866 -0.965968 0
    outer loop
      vertex -40.9096 15.1517 1.1
      vertex -40.3371 15.305 13.1
      vertex -40.9096 15.1517 13.1
    endloop
  endfacet
  facet normal 0.25866 -0.965968 0
    outer loop
      vertex -40.3371 15.305 13.1
      vertex -40.9096 15.1517 1.1
      vertex -40.3371 15.305 1.1
    endloop
  endfacet
  facet normal -0.996188 -0.0872339 -2.02307e-19
    outer loop
      vertex -44.8483 17.9096 1.1
      vertex -44.9 18.5 13.1
      vertex -44.9 18.5 1.1
    endloop
  endfacet
  facet normal -0.996188 -0.0872339 -2.02307e-19
    outer loop
      vertex -44.9 18.5 13.1
      vertex -44.8483 17.9096 1.1
      vertex -44.8483 17.9096 13.1
    endloop
  endfacet
  facet normal 0.819113 -0.573632 -5.84412e-19
    outer loop
      vertex -38.8955 16.3145 13.1
      vertex -38.5555 16.8 1.1
      vertex -38.5555 16.8 13.1
    endloop
  endfacet
  facet normal 0.819113 -0.573632 -5.84412e-19
    outer loop
      vertex -38.5555 16.8 1.1
      vertex -38.8955 16.3145 13.1
      vertex -38.8955 16.3145 1.1
    endloop
  endfacet
  facet normal -0.0872339 -0.996188 0
    outer loop
      vertex -42.0904 15.1517 1.1
      vertex -41.5 15.1 13.1
      vertex -42.0904 15.1517 13.1
    endloop
  endfacet
  facet normal -0.0872339 -0.996188 -0
    outer loop
      vertex -41.5 15.1 13.1
      vertex -42.0904 15.1517 1.1
      vertex -41.5 15.1 1.1
    endloop
  endfacet
  facet normal 0.906278 -0.422682 -1.90481e-19
    outer loop
      vertex -38.5555 16.8 13.1
      vertex -38.305 17.3371 1.1
      vertex -38.305 17.3371 13.1
    endloop
  endfacet
  facet normal 0.906278 -0.422682 -1.90481e-19
    outer loop
      vertex -38.305 17.3371 1.1
      vertex -38.5555 16.8 13.1
      vertex -38.5555 16.8 1.1
    endloop
  endfacet
  facet normal 0.422682 0.906278 -0
    outer loop
      vertex -39.8 21.4445 1.1
      vertex -40.3371 21.695 13.1
      vertex -39.8 21.4445 13.1
    endloop
  endfacet
  facet normal 0.422682 0.906278 0
    outer loop
      vertex -40.3371 21.695 13.1
      vertex -39.8 21.4445 1.1
      vertex -40.3371 21.695 1.1
    endloop
  endfacet
  facet normal -0.965968 -0.25866 1.80083e-19
    outer loop
      vertex -44.695 17.3371 1.1
      vertex -44.8483 17.9096 13.1
      vertex -44.8483 17.9096 1.1
    endloop
  endfacet
  facet normal -0.965968 -0.25866 1.80083e-19
    outer loop
      vertex -44.8483 17.9096 13.1
      vertex -44.695 17.3371 1.1
      vertex -44.695 17.3371 13.1
    endloop
  endfacet
  facet normal -0.422682 -0.906278 0
    outer loop
      vertex -43.2 15.5555 1.1
      vertex -42.6629 15.305 13.1
      vertex -43.2 15.5555 13.1
    endloop
  endfacet
  facet normal -0.422682 -0.906278 -0
    outer loop
      vertex -42.6629 15.305 13.1
      vertex -43.2 15.5555 1.1
      vertex -42.6629 15.305 1.1
    endloop
  endfacet
  facet normal 0.0872339 0.996188 -0
    outer loop
      vertex -40.9096 21.8483 1.1
      vertex -41.5 21.9 13.1
      vertex -40.9096 21.8483 13.1
    endloop
  endfacet
  facet normal 0.0872339 0.996188 0
    outer loop
      vertex -41.5 21.9 13.1
      vertex -40.9096 21.8483 1.1
      vertex -41.5 21.9 1.1
    endloop
  endfacet
  facet normal 0 0 1
    outer loop
      vertex -39.9 18.5 13.1
      vertex -38.1 18.5 13.1
      vertex -38.1517 19.0904 13.1
    endloop
  endfacet
  facet normal 0 0 1
    outer loop
      vertex -39.9243 18.7778 13.1
      vertex -38.1517 19.0904 13.1
      vertex -38.305 19.6629 13.1
    endloop
  endfacet
  facet normal 0 0 1
    outer loop
      vertex -38.1 18.5 13.1
      vertex -39.9 18.5 13.1
      vertex -38.1517 17.9096 13.1
    endloop
  endfacet
  facet normal 0 0 1
    outer loop
      vertex -39.9965 19.0472 13.1
      vertex -38.305 19.6629 13.1
      vertex -38.5555 20.2 13.1
    endloop
  endfacet
  facet normal -0 0 1
    outer loop
      vertex -39.9243 18.2222 13.1
      vertex -38.1517 17.9096 13.1
      vertex -39.9 18.5 13.1
    endloop
  endfacet
  facet normal 0 0 1
    outer loop
      vertex -40.1144 19.3 13.1
      vertex -38.5555 20.2 13.1
      vertex -38.8955 20.6855 13.1
    endloop
  endfacet
  facet normal 0 0 1
    outer loop
      vertex -38.1517 17.9096 13.1
      vertex -39.9243 18.2222 13.1
      vertex -38.305 17.3371 13.1
    endloop
  endfacet
  facet normal 0 0 1
    outer loop
      vertex -40.2743 19.5285 13.1
      vertex -38.8955 20.6855 13.1
      vertex -39.3145 21.1045 13.1
    endloop
  endfacet
  facet normal -0 0 1
    outer loop
      vertex -39.9965 17.9528 13.1
      vertex -38.305 17.3371 13.1
      vertex -39.9243 18.2222 13.1
    endloop
  endfacet
  facet normal 0 0 1
    outer loop
      vertex -40.4715 19.7257 13.1
      vertex -39.3145 21.1045 13.1
      vertex -39.8 21.4445 13.1
    endloop
  endfacet
  facet normal 0 0 1
    outer loop
      vertex -38.305 17.3371 13.1
      vertex -39.9965 17.9528 13.1
      vertex -38.5555 16.8 13.1
    endloop
  endfacet
  facet normal -0 0 1
    outer loop
      vertex -40.1144 17.7 13.1
      vertex -38.5555 16.8 13.1
      vertex -39.9965 17.9528 13.1
    endloop
  endfacet
  facet normal 0 0 1
    outer loop
      vertex -38.1517 19.0904 13.1
      vertex -39.9243 18.7778 13.1
      vertex -39.9 18.5 13.1
    endloop
  endfacet
  facet normal 0 0 1
    outer loop
      vertex -38.305 19.6629 13.1
      vertex -39.9965 19.0472 13.1
      vertex -39.9243 18.7778 13.1
    endloop
  endfacet
  facet normal 0 0 1
    outer loop
      vertex -38.5555 20.2 13.1
      vertex -40.1144 19.3 13.1
      vertex -39.9965 19.0472 13.1
    endloop
  endfacet
  facet normal 0 0 1
    outer loop
      vertex -38.8955 20.6855 13.1
      vertex -40.2743 19.5285 13.1
      vertex -40.1144 19.3 13.1
    endloop
  endfacet
  facet normal 0 0 1
    outer loop
      vertex -40.7 19.8856 13.1
      vertex -39.8 21.4445 13.1
      vertex -40.3371 21.695 13.1
    endloop
  endfacet
  facet normal 0 0 1
    outer loop
      vertex -39.3145 21.1045 13.1
      vertex -40.4715 19.7257 13.1
      vertex -40.2743 19.5285 13.1
    endloop
  endfacet
  facet normal 0 0 1
    outer loop
      vertex -39.8 21.4445 13.1
      vertex -40.7 19.8856 13.1
      vertex -40.4715 19.7257 13.1
    endloop
  endfacet
  facet normal 0 0 1
    outer loop
      vertex -40.9528 20.0035 13.1
      vertex -40.3371 21.695 13.1
      vertex -40.9096 21.8483 13.1
    endloop
  endfacet
  facet normal 0 0 1
    outer loop
      vertex -40.3371 21.695 13.1
      vertex -40.9528 20.0035 13.1
      vertex -40.7 19.8856 13.1
    endloop
  endfacet
  facet normal 0 0 1
    outer loop
      vertex -40.9096 21.8483 13.1
      vertex -41.2222 20.0757 13.1
      vertex -40.9528 20.0035 13.1
    endloop
  endfacet
  facet normal 0 0 1
    outer loop
      vertex -41.5 21.9 13.1
      vertex -41.2222 20.0757 13.1
      vertex -40.9096 21.8483 13.1
    endloop
  endfacet
  facet normal 0 0 1
    outer loop
      vertex -41.5 21.9 13.1
      vertex -41.5 20.1 13.1
      vertex -41.2222 20.0757 13.1
    endloop
  endfacet
  facet normal 0 0 1
    outer loop
      vertex -41.5 21.9 13.1
      vertex -41.7778 20.0757 13.1
      vertex -41.5 20.1 13.1
    endloop
  endfacet
  facet normal -0 0 1
    outer loop
      vertex -42.0904 21.8483 13.1
      vertex -41.7778 20.0757 13.1
      vertex -41.5 21.9 13.1
    endloop
  endfacet
  facet normal 0 0 1
    outer loop
      vertex -41.7778 20.0757 13.1
      vertex -42.0904 21.8483 13.1
      vertex -42.0472 20.0035 13.1
    endloop
  endfacet
  facet normal -0 0 1
    outer loop
      vertex -42.6629 21.695 13.1
      vertex -42.0472 20.0035 13.1
      vertex -42.0904 21.8483 13.1
    endloop
  endfacet
  facet normal 0 0 1
    outer loop
      vertex -42.0472 20.0035 13.1
      vertex -42.6629 21.695 13.1
      vertex -42.3 19.8856 13.1
    endloop
  endfacet
  facet normal -0 0 1
    outer loop
      vertex -43.2 21.4445 13.1
      vertex -42.3 19.8856 13.1
      vertex -42.6629 21.695 13.1
    endloop
  endfacet
  facet normal 0 0 1
    outer loop
      vertex -42.3 19.8856 13.1
      vertex -43.2 21.4445 13.1
      vertex -42.5285 19.7257 13.1
    endloop
  endfacet
  facet normal -0 0 1
    outer loop
      vertex -43.6855 21.1045 13.1
      vertex -42.5285 19.7257 13.1
      vertex -43.2 21.4445 13.1
    endloop
  endfacet
  facet normal 0 0 1
    outer loop
      vertex -42.5285 19.7257 13.1
      vertex -43.6855 21.1045 13.1
      vertex -42.7257 19.5285 13.1
    endloop
  endfacet
  facet normal -0 0 1
    outer loop
      vertex -44.1045 20.6855 13.1
      vertex -42.7257 19.5285 13.1
      vertex -43.6855 21.1045 13.1
    endloop
  endfacet
  facet normal -0 0 1
    outer loop
      vertex -44.4445 20.2 13.1
      vertex -42.8856 19.3 13.1
      vertex -44.1045 20.6855 13.1
    endloop
  endfacet
  facet normal 0 0 1
    outer loop
      vertex -42.7257 19.5285 13.1
      vertex -44.1045 20.6855 13.1
      vertex -42.8856 19.3 13.1
    endloop
  endfacet
  facet normal 0 0 1
    outer loop
      vertex -38.5555 16.8 13.1
      vertex -40.1144 17.7 13.1
      vertex -38.8955 16.3145 13.1
    endloop
  endfacet
  facet normal -0 0 1
    outer loop
      vertex -40.2743 17.4715 13.1
      vertex -38.8955 16.3145 13.1
      vertex -40.1144 17.7 13.1
    endloop
  endfacet
  facet normal 0 0 1
    outer loop
      vertex -38.8955 16.3145 13.1
      vertex -40.2743 17.4715 13.1
      vertex -39.3145 15.8954 13.1
    endloop
  endfacet
  facet normal -0 0 1
    outer loop
      vertex -40.4715 17.2743 13.1
      vertex -39.3145 15.8954 13.1
      vertex -40.2743 17.4715 13.1
    endloop
  endfacet
  facet normal 0 0 1
    outer loop
      vertex -39.3145 15.8954 13.1
      vertex -40.4715 17.2743 13.1
      vertex -39.8 15.5555 13.1
    endloop
  endfacet
  facet normal -0 0 1
    outer loop
      vertex -40.7 17.1144 13.1
      vertex -39.8 15.5555 13.1
      vertex -40.4715 17.2743 13.1
    endloop
  endfacet
  facet normal 0 0 1
    outer loop
      vertex -39.8 15.5555 13.1
      vertex -40.7 17.1144 13.1
      vertex -40.3371 15.305 13.1
    endloop
  endfacet
  facet normal -0 0 1
    outer loop
      vertex -40.9528 16.9965 13.1
      vertex -40.3371 15.305 13.1
      vertex -40.7 17.1144 13.1
    endloop
  endfacet
  facet normal 0 0 1
    outer loop
      vertex -40.3371 15.305 13.1
      vertex -40.9528 16.9965 13.1
      vertex -40.9096 15.1517 13.1
    endloop
  endfacet
  facet normal -0 0 1
    outer loop
      vertex -41.2222 16.9243 13.1
      vertex -40.9096 15.1517 13.1
      vertex -40.9528 16.9965 13.1
    endloop
  endfacet
  facet normal -0 0 1
    outer loop
      vertex -41.5 16.9 13.1
      vertex -40.9096 15.1517 13.1
      vertex -41.2222 16.9243 13.1
    endloop
  endfacet
  facet normal 0 0 1
    outer loop
      vertex -41.5 16.9 13.1
      vertex -41.5 15.1 13.1
      vertex -40.9096 15.1517 13.1
    endloop
  endfacet
  facet normal 0 0 1
    outer loop
      vertex -41.7778 16.9243 13.1
      vertex -41.5 15.1 13.1
      vertex -41.5 16.9 13.1
    endloop
  endfacet
  facet normal 0 0 1
    outer loop
      vertex -42.0904 15.1517 13.1
      vertex -41.7778 16.9243 13.1
      vertex -42.0472 16.9965 13.1
    endloop
  endfacet
  facet normal 0 0 1
    outer loop
      vertex -41.7778 16.9243 13.1
      vertex -42.0904 15.1517 13.1
      vertex -41.5 15.1 13.1
    endloop
  endfacet
  facet normal 0 0 1
    outer loop
      vertex -42.6629 15.305 13.1
      vertex -42.0472 16.9965 13.1
      vertex -42.3 17.1144 13.1
    endloop
  endfacet
  facet normal 0 0 1
    outer loop
      vertex -43.2 15.5555 13.1
      vertex -42.3 17.1144 13.1
      vertex -42.5285 17.2743 13.1
    endloop
  endfacet
  facet normal 0 0 1
    outer loop
      vertex -42.0472 16.9965 13.1
      vertex -42.6629 15.305 13.1
      vertex -42.0904 15.1517 13.1
    endloop
  endfacet
  facet normal 0 0 1
    outer loop
      vertex -43.6855 15.8954 13.1
      vertex -42.5285 17.2743 13.1
      vertex -42.7257 17.4715 13.1
    endloop
  endfacet
  facet normal 0 0 1
    outer loop
      vertex -44.1045 16.3145 13.1
      vertex -42.7257 17.4715 13.1
      vertex -42.8856 17.7 13.1
    endloop
  endfacet
  facet normal 0 0 1
    outer loop
      vertex -44.4445 16.8 13.1
      vertex -42.8856 17.7 13.1
      vertex -43.0035 17.9528 13.1
    endloop
  endfacet
  facet normal 0 0 1
    outer loop
      vertex -44.695 17.3371 13.1
      vertex -43.0035 17.9528 13.1
      vertex -43.0757 18.2222 13.1
    endloop
  endfacet
  facet normal 0 0 1
    outer loop
      vertex -42.3 17.1144 13.1
      vertex -43.2 15.5555 13.1
      vertex -42.6629 15.305 13.1
    endloop
  endfacet
  facet normal 0 0 1
    outer loop
      vertex -44.8483 17.9096 13.1
      vertex -43.0757 18.2222 13.1
      vertex -43.1 18.5 13.1
    endloop
  endfacet
  facet normal 0 0 1
    outer loop
      vertex -42.8856 19.3 13.1
      vertex -44.4445 20.2 13.1
      vertex -43.0035 19.0472 13.1
    endloop
  endfacet
  facet normal -0 0 1
    outer loop
      vertex -44.695 19.6629 13.1
      vertex -43.0035 19.0472 13.1
      vertex -44.4445 20.2 13.1
    endloop
  endfacet
  facet normal 0 0 1
    outer loop
      vertex -42.5285 17.2743 13.1
      vertex -43.6855 15.8954 13.1
      vertex -43.2 15.5555 13.1
    endloop
  endfacet
  facet normal 0 0 1
    outer loop
      vertex -43.0035 19.0472 13.1
      vertex -44.695 19.6629 13.1
      vertex -43.0757 18.7778 13.1
    endloop
  endfacet
  facet normal 0 0 1
    outer loop
      vertex -42.7257 17.4715 13.1
      vertex -44.1045 16.3145 13.1
      vertex -43.6855 15.8954 13.1
    endloop
  endfacet
  facet normal -0 0 1
    outer loop
      vertex -44.8483 19.0904 13.1
      vertex -43.0757 18.7778 13.1
      vertex -44.695 19.6629 13.1
    endloop
  endfacet
  facet normal 0 0 1
    outer loop
      vertex -42.8856 17.7 13.1
      vertex -44.4445 16.8 13.1
      vertex -44.1045 16.3145 13.1
    endloop
  endfacet
  facet normal 0 0 1
    outer loop
      vertex -43.0757 18.7778 13.1
      vertex -44.8483 19.0904 13.1
      vertex -43.1 18.5 13.1
    endloop
  endfacet
  facet normal 0 0 1
    outer loop
      vertex -43.0035 17.9528 13.1
      vertex -44.695 17.3371 13.1
      vertex -44.4445 16.8 13.1
    endloop
  endfacet
  facet normal 0 0 1
    outer loop
      vertex -44.9 18.5 13.1
      vertex -43.1 18.5 13.1
      vertex -44.8483 19.0904 13.1
    endloop
  endfacet
  facet normal 0 0 1
    outer loop
      vertex -43.0757 18.2222 13.1
      vertex -44.8483 17.9096 13.1
      vertex -44.695 17.3371 13.1
    endloop
  endfacet
  facet normal 0 0 1
    outer loop
      vertex -43.1 18.5 13.1
      vertex -44.9 18.5 13.1
      vertex -44.8483 17.9096 13.1
    endloop
  endfacet
  facet normal -0.573632 0.819113 0
    outer loop
      vertex -43.2 21.4445 1.1
      vertex -43.6855 21.1045 13.1
      vertex -43.2 21.4445 13.1
    endloop
  endfacet
  facet normal -0.573632 0.819113 0
    outer loop
      vertex -43.6855 21.1045 13.1
      vertex -43.2 21.4445 1.1
      vertex -43.6855 21.1045 1.1
    endloop
  endfacet
  facet normal -0.422682 0.906278 0
    outer loop
      vertex -42.6629 21.695 1.1
      vertex -43.2 21.4445 13.1
      vertex -42.6629 21.695 13.1
    endloop
  endfacet
  facet normal -0.422682 0.906278 0
    outer loop
      vertex -43.2 21.4445 13.1
      vertex -42.6629 21.695 1.1
      vertex -43.2 21.4445 1.1
    endloop
  endfacet
  facet normal -0.707107 0.707107 1.58458e-18
    outer loop
      vertex -44.1045 20.6855 1.1
      vertex -43.6855 21.1045 13.1
      vertex -43.6855 21.1045 1.1
    endloop
  endfacet
  facet normal -0.707107 0.707107 1.58458e-18
    outer loop
      vertex -43.6855 21.1045 13.1
      vertex -44.1045 20.6855 1.1
      vertex -44.1045 20.6855 13.1
    endloop
  endfacet
  facet normal 0.573632 0.819113 -0
    outer loop
      vertex -39.3145 21.1045 1.1
      vertex -39.8 21.4445 13.1
      vertex -39.3145 21.1045 13.1
    endloop
  endfacet
  facet normal 0.573632 0.819113 0
    outer loop
      vertex -39.8 21.4445 13.1
      vertex -39.3145 21.1045 1.1
      vertex -39.8 21.4445 1.1
    endloop
  endfacet
  facet normal -0.25866 0.965968 0
    outer loop
      vertex -42.0904 21.8483 1.1
      vertex -42.6629 21.695 13.1
      vertex -42.0904 21.8483 13.1
    endloop
  endfacet
  facet normal -0.25866 0.965968 0
    outer loop
      vertex -42.6629 21.695 13.1
      vertex -42.0904 21.8483 1.1
      vertex -42.6629 21.695 1.1
    endloop
  endfacet
  facet normal -0.0872339 0.996188 0
    outer loop
      vertex -41.5 21.9 1.1
      vertex -42.0904 21.8483 13.1
      vertex -41.5 21.9 13.1
    endloop
  endfacet
  facet normal -0.0872339 0.996188 0
    outer loop
      vertex -42.0904 21.8483 13.1
      vertex -41.5 21.9 1.1
      vertex -42.0904 21.8483 1.1
    endloop
  endfacet
  facet normal -0.906278 -0.422682 1.90481e-19
    outer loop
      vertex -44.4445 16.8 1.1
      vertex -44.695 17.3371 13.1
      vertex -44.695 17.3371 1.1
    endloop
  endfacet
  facet normal -0.906278 -0.422682 1.90481e-19
    outer loop
      vertex -44.695 17.3371 13.1
      vertex -44.4445 16.8 1.1
      vertex -44.4445 16.8 13.1
    endloop
  endfacet
  facet normal 0.965968 -0.25866 -1.80083e-19
    outer loop
      vertex -38.305 17.3371 13.1
      vertex -38.1517 17.9096 1.1
      vertex -38.1517 17.9096 13.1
    endloop
  endfacet
  facet normal 0.965968 -0.25866 -1.80083e-19
    outer loop
      vertex -38.1517 17.9096 1.1
      vertex -38.305 17.3371 13.1
      vertex -38.305 17.3371 1.1
    endloop
  endfacet
  facet normal -0.819113 -0.573632 5.84412e-19
    outer loop
      vertex -44.1045 16.3145 1.1
      vertex -44.4445 16.8 13.1
      vertex -44.4445 16.8 1.1
    endloop
  endfacet
  facet normal -0.819113 -0.573632 5.84412e-19
    outer loop
      vertex -44.4445 16.8 13.1
      vertex -44.1045 16.3145 1.1
      vertex -44.1045 16.3145 13.1
    endloop
  endfacet
  facet normal 0.422682 -0.906278 0
    outer loop
      vertex -40.3371 15.305 1.1
      vertex -39.8 15.5555 13.1
      vertex -40.3371 15.305 13.1
    endloop
  endfacet
  facet normal 0.422682 -0.906278 0
    outer loop
      vertex -39.8 15.5555 13.1
      vertex -40.3371 15.305 1.1
      vertex -39.8 15.5555 1.1
    endloop
  endfacet
  facet normal 0.25866 0.965968 -0
    outer loop
      vertex -40.3371 21.695 1.1
      vertex -40.9096 21.8483 13.1
      vertex -40.3371 21.695 13.1
    endloop
  endfacet
  facet normal 0.25866 0.965968 0
    outer loop
      vertex -40.9096 21.8483 13.1
      vertex -40.3371 21.695 1.1
      vertex -40.9096 21.8483 1.1
    endloop
  endfacet
  facet normal -0.707191 -0.707022 1.26262e-18
    outer loop
      vertex -43.6855 15.8954 1.1
      vertex -44.1045 16.3145 13.1
      vertex -44.1045 16.3145 1.1
    endloop
  endfacet
  facet normal -0.707191 -0.707022 1.26262e-18
    outer loop
      vertex -44.1045 16.3145 13.1
      vertex -43.6855 15.8954 1.1
      vertex -43.6855 15.8954 13.1
    endloop
  endfacet
  facet normal -0.996188 0.0872339 2.02307e-19
    outer loop
      vertex -44.9 18.5 1.1
      vertex -44.8483 19.0904 13.1
      vertex -44.8483 19.0904 1.1
    endloop
  endfacet
  facet normal -0.996188 0.0872339 2.02307e-19
    outer loop
      vertex -44.8483 19.0904 13.1
      vertex -44.9 18.5 1.1
      vertex -44.9 18.5 13.1
    endloop
  endfacet
  facet normal -0.25866 -0.965968 0
    outer loop
      vertex -42.6629 15.305 1.1
      vertex -42.0904 15.1517 13.1
      vertex -42.6629 15.305 13.1
    endloop
  endfacet
  facet normal -0.25866 -0.965968 -0
    outer loop
      vertex -42.0904 15.1517 13.1
      vertex -42.6629 15.305 1.1
      vertex -42.0904 15.1517 1.1
    endloop
  endfacet
  facet normal 0.707191 -0.707022 -1.26262e-18
    outer loop
      vertex -39.3145 15.8954 13.1
      vertex -38.8955 16.3145 1.1
      vertex -38.8955 16.3145 13.1
    endloop
  endfacet
  facet normal 0.707191 -0.707022 -1.26262e-18
    outer loop
      vertex -38.8955 16.3145 1.1
      vertex -39.3145 15.8954 13.1
      vertex -39.3145 15.8954 1.1
    endloop
  endfacet
  facet normal 0.573519 -0.819192 0
    outer loop
      vertex -39.8 15.5555 1.1
      vertex -39.3145 15.8954 13.1
      vertex -39.8 15.5555 13.1
    endloop
  endfacet
  facet normal 0.573519 -0.819192 0
    outer loop
      vertex -39.3145 15.8954 13.1
      vertex -39.8 15.5555 1.1
      vertex -39.3145 15.8954 1.1
    endloop
  endfacet
  facet normal -0.573519 -0.819192 0
    outer loop
      vertex -43.6855 15.8954 1.1
      vertex -43.2 15.5555 13.1
      vertex -43.6855 15.8954 13.1
    endloop
  endfacet
  facet normal -0.573519 -0.819192 -0
    outer loop
      vertex -43.2 15.5555 13.1
      vertex -43.6855 15.8954 1.1
      vertex -43.2 15.5555 1.1
    endloop
  endfacet
  facet normal -0.819113 0.573632 -5.84412e-19
    outer loop
      vertex -44.4445 20.2 1.1
      vertex -44.1045 20.6855 13.1
      vertex -44.1045 20.6855 1.1
    endloop
  endfacet
  facet normal -0.819113 0.573632 -5.84412e-19
    outer loop
      vertex -44.1045 20.6855 13.1
      vertex -44.4445 20.2 1.1
      vertex -44.4445 20.2 13.1
    endloop
  endfacet
  facet normal 0.258868 -0.965913 0
    outer loop
      vertex -42.0472 20.0035 1.1
      vertex -41.7778 20.0757 13.1
      vertex -42.0472 20.0035 13.1
    endloop
  endfacet
  facet normal 0.258868 -0.965913 0
    outer loop
      vertex -41.7778 20.0757 13.1
      vertex -42.0472 20.0035 1.1
      vertex -41.7778 20.0757 1.1
    endloop
  endfacet
  facet normal -0.965913 -0.258868 2.56238e-19
    outer loop
      vertex -39.9243 18.7778 1.1
      vertex -39.9965 19.0472 13.1
      vertex -39.9965 19.0472 1.1
    endloop
  endfacet
  facet normal -0.965913 -0.258868 2.56238e-19
    outer loop
      vertex -39.9965 19.0472 13.1
      vertex -39.9243 18.7778 1.1
      vertex -39.9243 18.7778 13.1
    endloop
  endfacet
  facet normal -0.996196 -0.0871403 -1.15766e-19
    outer loop
      vertex -39.9 18.5 1.1
      vertex -39.9243 18.7778 13.1
      vertex -39.9243 18.7778 1.1
    endloop
  endfacet
  facet normal -0.996196 -0.0871403 -1.15766e-19
    outer loop
      vertex -39.9243 18.7778 13.1
      vertex -39.9 18.5 1.1
      vertex -39.9 18.5 13.1
    endloop
  endfacet
  facet normal -0.906284 -0.42267 4.80237e-19
    outer loop
      vertex -39.9965 19.0472 1.1
      vertex -40.1144 19.3 13.1
      vertex -40.1144 19.3 1.1
    endloop
  endfacet
  facet normal -0.906284 -0.42267 4.80237e-19
    outer loop
      vertex -40.1144 19.3 13.1
      vertex -39.9965 19.0472 1.1
      vertex -39.9965 19.0472 13.1
    endloop
  endfacet
  facet normal 0.906284 0.42267 4.80237e-19
    outer loop
      vertex -42.8856 17.7 13.1
      vertex -43.0035 17.9528 1.1
      vertex -43.0035 17.9528 13.1
    endloop
  endfacet
  facet normal 0.906284 0.42267 4.80237e-19
    outer loop
      vertex -43.0035 17.9528 1.1
      vertex -42.8856 17.7 13.1
      vertex -42.8856 17.7 1.1
    endloop
  endfacet
  facet normal -0.906284 0.42267 -4.80237e-19
    outer loop
      vertex -40.1144 17.7 1.1
      vertex -39.9965 17.9528 13.1
      vertex -39.9965 17.9528 1.1
    endloop
  endfacet
  facet normal -0.906284 0.42267 -4.80237e-19
    outer loop
      vertex -39.9965 17.9528 13.1
      vertex -40.1144 17.7 1.1
      vertex -40.1144 17.7 13.1
    endloop
  endfacet
  facet normal -0.819316 0.573342 5.35663e-19
    outer loop
      vertex -40.2743 17.4715 1.1
      vertex -40.1144 17.7 13.1
      vertex -40.1144 17.7 1.1
    endloop
  endfacet
  facet normal -0.819316 0.573342 5.35663e-19
    outer loop
      vertex -40.1144 17.7 13.1
      vertex -40.2743 17.4715 1.1
      vertex -40.2743 17.4715 13.1
    endloop
  endfacet
  facet normal -0.996196 0.0871403 1.15766e-19
    outer loop
      vertex -39.9243 18.2222 1.1
      vertex -39.9 18.5 13.1
      vertex -39.9 18.5 1.1
    endloop
  endfacet
  facet normal -0.996196 0.0871403 1.15766e-19
    outer loop
      vertex -39.9 18.5 13.1
      vertex -39.9243 18.2222 1.1
      vertex -39.9243 18.2222 13.1
    endloop
  endfacet
  facet normal -0.819316 -0.573342 -5.35663e-19
    outer loop
      vertex -40.1144 19.3 1.1
      vertex -40.2743 19.5285 13.1
      vertex -40.2743 19.5285 1.1
    endloop
  endfacet
  facet normal -0.819316 -0.573342 -5.35663e-19
    outer loop
      vertex -40.2743 19.5285 13.1
      vertex -40.1144 19.3 1.1
      vertex -40.1144 19.3 13.1
    endloop
  endfacet
  facet normal 0.707107 -0.707107 0
    outer loop
      vertex -42.7257 19.5285 1.1
      vertex -42.5285 19.7257 13.1
      vertex -42.7257 19.5285 13.1
    endloop
  endfacet
  facet normal 0.707107 -0.707107 0
    outer loop
      vertex -42.5285 19.7257 13.1
      vertex -42.7257 19.5285 1.1
      vertex -42.5285 19.7257 1.1
    endloop
  endfacet
  facet normal 0.0871403 -0.996196 0
    outer loop
      vertex -41.7778 20.0757 1.1
      vertex -41.5 20.1 13.1
      vertex -41.7778 20.0757 13.1
    endloop
  endfacet
  facet normal 0.0871403 -0.996196 0
    outer loop
      vertex -41.5 20.1 13.1
      vertex -41.7778 20.0757 1.1
      vertex -41.5 20.1 1.1
    endloop
  endfacet
  facet normal 0.573342 -0.819316 0
    outer loop
      vertex -42.5285 19.7257 1.1
      vertex -42.3 19.8856 13.1
      vertex -42.5285 19.7257 13.1
    endloop
  endfacet
  facet normal 0.573342 -0.819316 0
    outer loop
      vertex -42.3 19.8856 13.1
      vertex -42.5285 19.7257 1.1
      vertex -42.3 19.8856 1.1
    endloop
  endfacet
  facet normal 0.42267 -0.906284 0
    outer loop
      vertex -42.3 19.8856 1.1
      vertex -42.0472 20.0035 13.1
      vertex -42.3 19.8856 13.1
    endloop
  endfacet
  facet normal 0.42267 -0.906284 0
    outer loop
      vertex -42.0472 20.0035 13.1
      vertex -42.3 19.8856 1.1
      vertex -42.0472 20.0035 1.1
    endloop
  endfacet
  facet normal -0.42267 0.906284 0
    outer loop
      vertex -40.7 17.1144 1.1
      vertex -40.9528 16.9965 13.1
      vertex -40.7 17.1144 13.1
    endloop
  endfacet
  facet normal -0.42267 0.906284 0
    outer loop
      vertex -40.9528 16.9965 13.1
      vertex -40.7 17.1144 1.1
      vertex -40.9528 16.9965 1.1
    endloop
  endfacet
  facet normal 0.996196 0.0871403 -1.15766e-19
    outer loop
      vertex -43.0757 18.2222 13.1
      vertex -43.1 18.5 1.1
      vertex -43.1 18.5 13.1
    endloop
  endfacet
  facet normal 0.996196 0.0871403 -1.15766e-19
    outer loop
      vertex -43.1 18.5 1.1
      vertex -43.0757 18.2222 13.1
      vertex -43.0757 18.2222 1.1
    endloop
  endfacet
  facet normal -0.573342 -0.819316 0
    outer loop
      vertex -40.7 19.8856 1.1
      vertex -40.4715 19.7257 13.1
      vertex -40.7 19.8856 13.1
    endloop
  endfacet
  facet normal -0.573342 -0.819316 -0
    outer loop
      vertex -40.4715 19.7257 13.1
      vertex -40.7 19.8856 1.1
      vertex -40.4715 19.7257 1.1
    endloop
  endfacet
  facet normal -0.258868 -0.965913 0
    outer loop
      vertex -41.2222 20.0757 1.1
      vertex -40.9528 20.0035 13.1
      vertex -41.2222 20.0757 13.1
    endloop
  endfacet
  facet normal -0.258868 -0.965913 -0
    outer loop
      vertex -40.9528 20.0035 13.1
      vertex -41.2222 20.0757 1.1
      vertex -40.9528 20.0035 1.1
    endloop
  endfacet
  facet normal -0.573342 0.819316 0
    outer loop
      vertex -40.4715 17.2743 1.1
      vertex -40.7 17.1144 13.1
      vertex -40.4715 17.2743 13.1
    endloop
  endfacet
  facet normal -0.573342 0.819316 0
    outer loop
      vertex -40.7 17.1144 13.1
      vertex -40.4715 17.2743 1.1
      vertex -40.7 17.1144 1.1
    endloop
  endfacet
  facet normal 0.965913 -0.258868 -2.56238e-19
    outer loop
      vertex -43.0757 18.7778 13.1
      vertex -43.0035 19.0472 1.1
      vertex -43.0035 19.0472 13.1
    endloop
  endfacet
  facet normal 0.965913 -0.258868 -2.56238e-19
    outer loop
      vertex -43.0035 19.0472 1.1
      vertex -43.0757 18.7778 13.1
      vertex -43.0757 18.7778 1.1
    endloop
  endfacet
  facet normal -0.42267 -0.906284 0
    outer loop
      vertex -40.9528 20.0035 1.1
      vertex -40.7 19.8856 13.1
      vertex -40.9528 20.0035 13.1
    endloop
  endfacet
  facet normal -0.42267 -0.906284 -0
    outer loop
      vertex -40.7 19.8856 13.1
      vertex -40.9528 20.0035 1.1
      vertex -40.7 19.8856 1.1
    endloop
  endfacet
  facet normal 0.819316 -0.573342 5.35663e-19
    outer loop
      vertex -42.8856 19.3 13.1
      vertex -42.7257 19.5285 1.1
      vertex -42.7257 19.5285 13.1
    endloop
  endfacet
  facet normal 0.819316 -0.573342 5.35663e-19
    outer loop
      vertex -42.7257 19.5285 1.1
      vertex -42.8856 19.3 13.1
      vertex -42.8856 19.3 1.1
    endloop
  endfacet
  facet normal 0.819316 0.573342 -5.35663e-19
    outer loop
      vertex -42.7257 17.4715 13.1
      vertex -42.8856 17.7 1.1
      vertex -42.8856 17.7 13.1
    endloop
  endfacet
  facet normal 0.819316 0.573342 -5.35663e-19
    outer loop
      vertex -42.8856 17.7 1.1
      vertex -42.7257 17.4715 13.1
      vertex -42.7257 17.4715 1.1
    endloop
  endfacet
  facet normal -0.258868 0.965913 0
    outer loop
      vertex -40.9528 16.9965 1.1
      vertex -41.2222 16.9243 13.1
      vertex -40.9528 16.9965 13.1
    endloop
  endfacet
  facet normal -0.258868 0.965913 0
    outer loop
      vertex -41.2222 16.9243 13.1
      vertex -40.9528 16.9965 1.1
      vertex -41.2222 16.9243 1.1
    endloop
  endfacet
  facet normal -0.707107 0.707107 0
    outer loop
      vertex -40.2743 17.4715 1.1
      vertex -40.4715 17.2743 13.1
      vertex -40.2743 17.4715 13.1
    endloop
  endfacet
  facet normal -0.707107 0.707107 0
    outer loop
      vertex -40.4715 17.2743 13.1
      vertex -40.2743 17.4715 1.1
      vertex -40.4715 17.2743 1.1
    endloop
  endfacet
  facet normal -0.707107 -0.707107 0
    outer loop
      vertex -40.4715 19.7257 1.1
      vertex -40.2743 19.5285 13.1
      vertex -40.4715 19.7257 13.1
    endloop
  endfacet
  facet normal -0.707107 -0.707107 -0
    outer loop
      vertex -40.2743 19.5285 13.1
      vertex -40.4715 19.7257 1.1
      vertex -40.2743 19.5285 1.1
    endloop
  endfacet
  facet normal -0.965913 0.258868 -2.56238e-19
    outer loop
      vertex -39.9965 17.9528 1.1
      vertex -39.9243 18.2222 13.1
      vertex -39.9243 18.2222 1.1
    endloop
  endfacet
  facet normal -0.965913 0.258868 -2.56238e-19
    outer loop
      vertex -39.9243 18.2222 13.1
      vertex -39.9965 17.9528 1.1
      vertex -39.9965 17.9528 13.1
    endloop
  endfacet
  facet normal 0.707107 0.707107 -0
    outer loop
      vertex -42.5285 17.2743 1.1
      vertex -42.7257 17.4715 13.1
      vertex -42.5285 17.2743 13.1
    endloop
  endfacet
  facet normal 0.707107 0.707107 0
    outer loop
      vertex -42.7257 17.4715 13.1
      vertex -42.5285 17.2743 1.1
      vertex -42.7257 17.4715 1.1
    endloop
  endfacet
  facet normal 0.906284 -0.42267 -4.80237e-19
    outer loop
      vertex -43.0035 19.0472 13.1
      vertex -42.8856 19.3 1.1
      vertex -42.8856 19.3 13.1
    endloop
  endfacet
  facet normal 0.906284 -0.42267 -4.80237e-19
    outer loop
      vertex -42.8856 19.3 1.1
      vertex -43.0035 19.0472 13.1
      vertex -43.0035 19.0472 1.1
    endloop
  endfacet
  facet normal 0.573342 0.819316 -0
    outer loop
      vertex -42.3 17.1144 1.1
      vertex -42.5285 17.2743 13.1
      vertex -42.3 17.1144 13.1
    endloop
  endfacet
  facet normal 0.573342 0.819316 0
    outer loop
      vertex -42.5285 17.2743 13.1
      vertex -42.3 17.1144 1.1
      vertex -42.5285 17.2743 1.1
    endloop
  endfacet
  facet normal -0.0871403 0.996196 0
    outer loop
      vertex -41.2222 16.9243 1.1
      vertex -41.5 16.9 13.1
      vertex -41.2222 16.9243 13.1
    endloop
  endfacet
  facet normal -0.0871403 0.996196 0
    outer loop
      vertex -41.5 16.9 13.1
      vertex -41.2222 16.9243 1.1
      vertex -41.5 16.9 1.1
    endloop
  endfacet
  facet normal -0.0871403 -0.996196 0
    outer loop
      vertex -41.5 20.1 1.1
      vertex -41.2222 20.0757 13.1
      vertex -41.5 20.1 13.1
    endloop
  endfacet
  facet normal -0.0871403 -0.996196 -0
    outer loop
      vertex -41.2222 20.0757 13.1
      vertex -41.5 20.1 1.1
      vertex -41.2222 20.0757 1.1
    endloop
  endfacet
  facet normal 0.996196 -0.0871403 1.15766e-19
    outer loop
      vertex -43.1 18.5 13.1
      vertex -43.0757 18.7778 1.1
      vertex -43.0757 18.7778 13.1
    endloop
  endfacet
  facet normal 0.996196 -0.0871403 1.15766e-19
    outer loop
      vertex -43.0757 18.7778 1.1
      vertex -43.1 18.5 13.1
      vertex -43.1 18.5 1.1
    endloop
  endfacet
  facet normal 0.0871403 0.996196 -0
    outer loop
      vertex -41.5 16.9 1.1
      vertex -41.7778 16.9243 13.1
      vertex -41.5 16.9 13.1
    endloop
  endfacet
  facet normal 0.0871403 0.996196 0
    outer loop
      vertex -41.7778 16.9243 13.1
      vertex -41.5 16.9 1.1
      vertex -41.7778 16.9243 1.1
    endloop
  endfacet
  facet normal 0.258868 0.965913 -0
    outer loop
      vertex -41.7778 16.9243 1.1
      vertex -42.0472 16.9965 13.1
      vertex -41.7778 16.9243 13.1
    endloop
  endfacet
  facet normal 0.258868 0.965913 0
    outer loop
      vertex -42.0472 16.9965 13.1
      vertex -41.7778 16.9243 1.1
      vertex -42.0472 16.9965 1.1
    endloop
  endfacet
  facet normal 0.965913 0.258868 2.56238e-19
    outer loop
      vertex -43.0035 17.9528 13.1
      vertex -43.0757 18.2222 1.1
      vertex -43.0757 18.2222 13.1
    endloop
  endfacet
  facet normal 0.965913 0.258868 2.56238e-19
    outer loop
      vertex -43.0757 18.2222 1.1
      vertex -43.0035 17.9528 13.1
      vertex -43.0035 17.9528 1.1
    endloop
  endfacet
  facet normal 0.42267 0.906284 -0
    outer loop
      vertex -42.0472 16.9965 1.1
      vertex -42.3 17.1144 13.1
      vertex -42.0472 16.9965 13.1
    endloop
  endfacet
  facet normal 0.42267 0.906284 0
    outer loop
      vertex -42.3 17.1144 13.1
      vertex -42.0472 16.9965 1.1
      vertex -42.3 17.1144 1.1
    endloop
  endfacet
  facet normal -0.906278 0.422682 -1.90481e-19
    outer loop
      vertex 38.305 -17.3371 1.1
      vertex 38.5555 -16.8 13.1
      vertex 38.5555 -16.8 1.1
    endloop
  endfacet
  facet normal -0.906278 0.422682 -1.90481e-19
    outer loop
      vertex 38.5555 -16.8 13.1
      vertex 38.305 -17.3371 1.1
      vertex 38.305 -17.3371 13.1
    endloop
  endfacet
  facet normal 0.0872339 -0.996188 0
    outer loop
      vertex 41.5 -21.9 1.1
      vertex 42.0904 -21.8483 13.1
      vertex 41.5 -21.9 13.1
    endloop
  endfacet
  facet normal 0.0872339 -0.996188 0
    outer loop
      vertex 42.0904 -21.8483 13.1
      vertex 41.5 -21.9 1.1
      vertex 42.0904 -21.8483 1.1
    endloop
  endfacet
  facet normal 0.965968 0.25866 1.80083e-19
    outer loop
      vertex 44.8483 -17.9096 13.1
      vertex 44.695 -17.3371 1.1
      vertex 44.695 -17.3371 13.1
    endloop
  endfacet
  facet normal 0.965968 0.25866 1.80083e-19
    outer loop
      vertex 44.695 -17.3371 1.1
      vertex 44.8483 -17.9096 13.1
      vertex 44.8483 -17.9096 1.1
    endloop
  endfacet
  facet normal 0.996188 0.0872339 -2.02307e-19
    outer loop
      vertex 44.9 -18.5 13.1
      vertex 44.8483 -17.9096 1.1
      vertex 44.8483 -17.9096 13.1
    endloop
  endfacet
  facet normal 0.996188 0.0872339 -2.02307e-19
    outer loop
      vertex 44.8483 -17.9096 1.1
      vertex 44.9 -18.5 13.1
      vertex 44.9 -18.5 1.1
    endloop
  endfacet
  facet normal 0.906278 0.422682 1.90481e-19
    outer loop
      vertex 44.695 -17.3371 13.1
      vertex 44.4445 -16.8 1.1
      vertex 44.4445 -16.8 13.1
    endloop
  endfacet
  facet normal 0.906278 0.422682 1.90481e-19
    outer loop
      vertex 44.4445 -16.8 1.1
      vertex 44.695 -17.3371 13.1
      vertex 44.695 -17.3371 1.1
    endloop
  endfacet
  facet normal 0.996188 -0.0872339 2.02307e-19
    outer loop
      vertex 44.8483 -19.0904 13.1
      vertex 44.9 -18.5 1.1
      vertex 44.9 -18.5 13.1
    endloop
  endfacet
  facet normal 0.996188 -0.0872339 2.02307e-19
    outer loop
      vertex 44.9 -18.5 1.1
      vertex 44.8483 -19.0904 13.1
      vertex 44.8483 -19.0904 1.1
    endloop
  endfacet
  facet normal -0.965968 0.25866 -1.80083e-19
    outer loop
      vertex 38.1517 -17.9096 1.1
      vertex 38.305 -17.3371 13.1
      vertex 38.305 -17.3371 1.1
    endloop
  endfacet
  facet normal -0.965968 0.25866 -1.80083e-19
    outer loop
      vertex 38.305 -17.3371 13.1
      vertex 38.1517 -17.9096 1.1
      vertex 38.1517 -17.9096 13.1
    endloop
  endfacet
  facet normal 0.819113 0.573632 5.84412e-19
    outer loop
      vertex 44.4445 -16.8 13.1
      vertex 44.1045 -16.3145 1.1
      vertex 44.1045 -16.3145 13.1
    endloop
  endfacet
  facet normal 0.819113 0.573632 5.84412e-19
    outer loop
      vertex 44.1045 -16.3145 1.1
      vertex 44.4445 -16.8 13.1
      vertex 44.4445 -16.8 1.1
    endloop
  endfacet
  facet normal 0.707191 0.707022 1.26262e-18
    outer loop
      vertex 44.1045 -16.3145 13.1
      vertex 43.6855 -15.8954 1.1
      vertex 43.6855 -15.8954 13.1
    endloop
  endfacet
  facet normal 0.707191 0.707022 1.26262e-18
    outer loop
      vertex 43.6855 -15.8954 1.1
      vertex 44.1045 -16.3145 13.1
      vertex 44.1045 -16.3145 1.1
    endloop
  endfacet
  facet normal 0.25866 -0.965968 0
    outer loop
      vertex 42.0904 -21.8483 1.1
      vertex 42.6629 -21.695 13.1
      vertex 42.0904 -21.8483 13.1
    endloop
  endfacet
  facet normal 0.25866 -0.965968 0
    outer loop
      vertex 42.6629 -21.695 13.1
      vertex 42.0904 -21.8483 1.1
      vertex 42.6629 -21.695 1.1
    endloop
  endfacet
  facet normal -0.996188 -0.0872339 -2.02307e-19
    outer loop
      vertex 38.1517 -19.0904 1.1
      vertex 38.1 -18.5 13.1
      vertex 38.1 -18.5 1.1
    endloop
  endfacet
  facet normal -0.996188 -0.0872339 -2.02307e-19
    outer loop
      vertex 38.1 -18.5 13.1
      vertex 38.1517 -19.0904 1.1
      vertex 38.1517 -19.0904 13.1
    endloop
  endfacet
  facet normal 0.819113 -0.573632 -5.84412e-19
    outer loop
      vertex 44.1045 -20.6855 13.1
      vertex 44.4445 -20.2 1.1
      vertex 44.4445 -20.2 13.1
    endloop
  endfacet
  facet normal 0.819113 -0.573632 -5.84412e-19
    outer loop
      vertex 44.4445 -20.2 1.1
      vertex 44.1045 -20.6855 13.1
      vertex 44.1045 -20.6855 1.1
    endloop
  endfacet
  facet normal -0.0872339 -0.996188 0
    outer loop
      vertex 40.9096 -21.8483 1.1
      vertex 41.5 -21.9 13.1
      vertex 40.9096 -21.8483 13.1
    endloop
  endfacet
  facet normal -0.0872339 -0.996188 -0
    outer loop
      vertex 41.5 -21.9 13.1
      vertex 40.9096 -21.8483 1.1
      vertex 41.5 -21.9 1.1
    endloop
  endfacet
  facet normal 0.906278 -0.422682 -1.90481e-19
    outer loop
      vertex 44.4445 -20.2 13.1
      vertex 44.695 -19.6629 1.1
      vertex 44.695 -19.6629 13.1
    endloop
  endfacet
  facet normal 0.906278 -0.422682 -1.90481e-19
    outer loop
      vertex 44.695 -19.6629 1.1
      vertex 44.4445 -20.2 13.1
      vertex 44.4445 -20.2 1.1
    endloop
  endfacet
  facet normal 0.422682 0.906278 -0
    outer loop
      vertex 43.2 -15.5555 1.1
      vertex 42.6629 -15.305 13.1
      vertex 43.2 -15.5555 13.1
    endloop
  endfacet
  facet normal 0.422682 0.906278 0
    outer loop
      vertex 42.6629 -15.305 13.1
      vertex 43.2 -15.5555 1.1
      vertex 42.6629 -15.305 1.1
    endloop
  endfacet
  facet normal -0.965968 -0.25866 1.80083e-19
    outer loop
      vertex 38.305 -19.6629 1.1
      vertex 38.1517 -19.0904 13.1
      vertex 38.1517 -19.0904 1.1
    endloop
  endfacet
  facet normal -0.965968 -0.25866 1.80083e-19
    outer loop
      vertex 38.1517 -19.0904 13.1
      vertex 38.305 -19.6629 1.1
      vertex 38.305 -19.6629 13.1
    endloop
  endfacet
  facet normal -0.422682 -0.906278 0
    outer loop
      vertex 39.8 -21.4445 1.1
      vertex 40.3371 -21.695 13.1
      vertex 39.8 -21.4445 13.1
    endloop
  endfacet
  facet normal -0.422682 -0.906278 -0
    outer loop
      vertex 40.3371 -21.695 13.1
      vertex 39.8 -21.4445 1.1
      vertex 40.3371 -21.695 1.1
    endloop
  endfacet
  facet normal 0.0872339 0.996188 -0
    outer loop
      vertex 42.0904 -15.1517 1.1
      vertex 41.5 -15.1 13.1
      vertex 42.0904 -15.1517 13.1
    endloop
  endfacet
  facet normal 0.0872339 0.996188 0
    outer loop
      vertex 41.5 -15.1 13.1
      vertex 42.0904 -15.1517 1.1
      vertex 41.5 -15.1 1.1
    endloop
  endfacet
  facet normal 0 0 1
    outer loop
      vertex 43.1 -18.5 13.1
      vertex 44.9 -18.5 13.1
      vertex 44.8483 -17.9096 13.1
    endloop
  endfacet
  facet normal 0 0 1
    outer loop
      vertex 43.0757 -18.2222 13.1
      vertex 44.8483 -17.9096 13.1
      vertex 44.695 -17.3371 13.1
    endloop
  endfacet
  facet normal 0 0 1
    outer loop
      vertex 44.9 -18.5 13.1
      vertex 43.1 -18.5 13.1
      vertex 44.8483 -19.0904 13.1
    endloop
  endfacet
  facet normal 0 0 1
    outer loop
      vertex 43.0035 -17.9528 13.1
      vertex 44.695 -17.3371 13.1
      vertex 44.4445 -16.8 13.1
    endloop
  endfacet
  facet normal -0 0 1
    outer loop
      vertex 43.0757 -18.7778 13.1
      vertex 44.8483 -19.0904 13.1
      vertex 43.1 -18.5 13.1
    endloop
  endfacet
  facet normal 0 0 1
    outer loop
      vertex 42.8856 -17.7 13.1
      vertex 44.4445 -16.8 13.1
      vertex 44.1045 -16.3145 13.1
    endloop
  endfacet
  facet normal 0 0 1
    outer loop
      vertex 44.8483 -19.0904 13.1
      vertex 43.0757 -18.7778 13.1
      vertex 44.695 -19.6629 13.1
    endloop
  endfacet
  facet normal 0 0 1
    outer loop
      vertex 42.7257 -17.4715 13.1
      vertex 44.1045 -16.3145 13.1
      vertex 43.6855 -15.8954 13.1
    endloop
  endfacet
  facet normal -0 0 1
    outer loop
      vertex 43.0035 -19.0472 13.1
      vertex 44.695 -19.6629 13.1
      vertex 43.0757 -18.7778 13.1
    endloop
  endfacet
  facet normal 0 0 1
    outer loop
      vertex 42.5285 -17.2743 13.1
      vertex 43.6855 -15.8954 13.1
      vertex 43.2 -15.5555 13.1
    endloop
  endfacet
  facet normal 0 0 1
    outer loop
      vertex 44.695 -19.6629 13.1
      vertex 43.0035 -19.0472 13.1
      vertex 44.4445 -20.2 13.1
    endloop
  endfacet
  facet normal -0 0 1
    outer loop
      vertex 42.8856 -19.3 13.1
      vertex 44.4445 -20.2 13.1
      vertex 43.0035 -19.0472 13.1
    endloop
  endfacet
  facet normal 0 0 1
    outer loop
      vertex 44.8483 -17.9096 13.1
      vertex 43.0757 -18.2222 13.1
      vertex 43.1 -18.5 13.1
    endloop
  endfacet
  facet normal 0 0 1
    outer loop
      vertex 44.695 -17.3371 13.1
      vertex 43.0035 -17.9528 13.1
      vertex 43.0757 -18.2222 13.1
    endloop
  endfacet
  facet normal 0 0 1
    outer loop
      vertex 44.4445 -16.8 13.1
      vertex 42.8856 -17.7 13.1
      vertex 43.0035 -17.9528 13.1
    endloop
  endfacet
  facet normal 0 0 1
    outer loop
      vertex 44.1045 -16.3145 13.1
      vertex 42.7257 -17.4715 13.1
      vertex 42.8856 -17.7 13.1
    endloop
  endfacet
  facet normal 0 0 1
    outer loop
      vertex 42.3 -17.1144 13.1
      vertex 43.2 -15.5555 13.1
      vertex 42.6629 -15.305 13.1
    endloop
  endfacet
  facet normal 0 0 1
    outer loop
      vertex 43.6855 -15.8954 13.1
      vertex 42.5285 -17.2743 13.1
      vertex 42.7257 -17.4715 13.1
    endloop
  endfacet
  facet normal 0 0 1
    outer loop
      vertex 43.2 -15.5555 13.1
      vertex 42.3 -17.1144 13.1
      vertex 42.5285 -17.2743 13.1
    endloop
  endfacet
  facet normal 0 0 1
    outer loop
      vertex 42.0472 -16.9965 13.1
      vertex 42.6629 -15.305 13.1
      vertex 42.0904 -15.1517 13.1
    endloop
  endfacet
  facet normal 0 0 1
    outer loop
      vertex 42.6629 -15.305 13.1
      vertex 42.0472 -16.9965 13.1
      vertex 42.3 -17.1144 13.1
    endloop
  endfacet
  facet normal 0 0 1
    outer loop
      vertex 42.0904 -15.1517 13.1
      vertex 41.7778 -16.9243 13.1
      vertex 42.0472 -16.9965 13.1
    endloop
  endfacet
  facet normal 0 0 1
    outer loop
      vertex 41.5 -15.1 13.1
      vertex 41.7778 -16.9243 13.1
      vertex 42.0904 -15.1517 13.1
    endloop
  endfacet
  facet normal 0 0 1
    outer loop
      vertex 41.5 -15.1 13.1
      vertex 41.5 -16.9 13.1
      vertex 41.7778 -16.9243 13.1
    endloop
  endfacet
  facet normal 0 0 1
    outer loop
      vertex 41.5 -15.1 13.1
      vertex 41.2222 -16.9243 13.1
      vertex 41.5 -16.9 13.1
    endloop
  endfacet
  facet normal -0 0 1
    outer loop
      vertex 40.9096 -15.1517 13.1
      vertex 41.2222 -16.9243 13.1
      vertex 41.5 -15.1 13.1
    endloop
  endfacet
  facet normal 0 0 1
    outer loop
      vertex 41.2222 -16.9243 13.1
      vertex 40.9096 -15.1517 13.1
      vertex 40.9528 -16.9965 13.1
    endloop
  endfacet
  facet normal -0 0 1
    outer loop
      vertex 40.3371 -15.305 13.1
      vertex 40.9528 -16.9965 13.1
      vertex 40.9096 -15.1517 13.1
    endloop
  endfacet
  facet normal 0 0 1
    outer loop
      vertex 40.9528 -16.9965 13.1
      vertex 40.3371 -15.305 13.1
      vertex 40.7 -17.1144 13.1
    endloop
  endfacet
  facet normal -0 0 1
    outer loop
      vertex 39.8 -15.5555 13.1
      vertex 40.7 -17.1144 13.1
      vertex 40.3371 -15.305 13.1
    endloop
  endfacet
  facet normal 0 0 1
    outer loop
      vertex 40.7 -17.1144 13.1
      vertex 39.8 -15.5555 13.1
      vertex 40.4715 -17.2743 13.1
    endloop
  endfacet
  facet normal -0 0 1
    outer loop
      vertex 39.3145 -15.8954 13.1
      vertex 40.4715 -17.2743 13.1
      vertex 39.8 -15.5555 13.1
    endloop
  endfacet
  facet normal 0 0 1
    outer loop
      vertex 40.4715 -17.2743 13.1
      vertex 39.3145 -15.8954 13.1
      vertex 40.2743 -17.4715 13.1
    endloop
  endfacet
  facet normal -0 0 1
    outer loop
      vertex 38.8955 -16.3145 13.1
      vertex 40.2743 -17.4715 13.1
      vertex 39.3145 -15.8954 13.1
    endloop
  endfacet
  facet normal -0 0 1
    outer loop
      vertex 38.5555 -16.8 13.1
      vertex 40.1144 -17.7 13.1
      vertex 38.8955 -16.3145 13.1
    endloop
  endfacet
  facet normal 0 0 1
    outer loop
      vertex 40.2743 -17.4715 13.1
      vertex 38.8955 -16.3145 13.1
      vertex 40.1144 -17.7 13.1
    endloop
  endfacet
  facet normal 0 0 1
    outer loop
      vertex 44.4445 -20.2 13.1
      vertex 42.8856 -19.3 13.1
      vertex 44.1045 -20.6855 13.1
    endloop
  endfacet
  facet normal -0 0 1
    outer loop
      vertex 42.7257 -19.5285 13.1
      vertex 44.1045 -20.6855 13.1
      vertex 42.8856 -19.3 13.1
    endloop
  endfacet
  facet normal 0 0 1
    outer loop
      vertex 44.1045 -20.6855 13.1
      vertex 42.7257 -19.5285 13.1
      vertex 43.6855 -21.1045 13.1
    endloop
  endfacet
  facet normal -0 0 1
    outer loop
      vertex 42.5285 -19.7257 13.1
      vertex 43.6855 -21.1045 13.1
      vertex 42.7257 -19.5285 13.1
    endloop
  endfacet
  facet normal 0 0 1
    outer loop
      vertex 43.6855 -21.1045 13.1
      vertex 42.5285 -19.7257 13.1
      vertex 43.2 -21.4445 13.1
    endloop
  endfacet
  facet normal -0 0 1
    outer loop
      vertex 42.3 -19.8856 13.1
      vertex 43.2 -21.4445 13.1
      vertex 42.5285 -19.7257 13.1
    endloop
  endfacet
  facet normal 0 0 1
    outer loop
      vertex 43.2 -21.4445 13.1
      vertex 42.3 -19.8856 13.1
      vertex 42.6629 -21.695 13.1
    endloop
  endfacet
  facet normal -0 0 1
    outer loop
      vertex 42.0472 -20.0035 13.1
      vertex 42.6629 -21.695 13.1
      vertex 42.3 -19.8856 13.1
    endloop
  endfacet
  facet normal 0 0 1
    outer loop
      vertex 42.6629 -21.695 13.1
      vertex 42.0472 -20.0035 13.1
      vertex 42.0904 -21.8483 13.1
    endloop
  endfacet
  facet normal -0 0 1
    outer loop
      vertex 41.7778 -20.0757 13.1
      vertex 42.0904 -21.8483 13.1
      vertex 42.0472 -20.0035 13.1
    endloop
  endfacet
  facet normal -0 0 1
    outer loop
      vertex 41.5 -20.1 13.1
      vertex 42.0904 -21.8483 13.1
      vertex 41.7778 -20.0757 13.1
    endloop
  endfacet
  facet normal 0 0 1
    outer loop
      vertex 41.5 -20.1 13.1
      vertex 41.5 -21.9 13.1
      vertex 42.0904 -21.8483 13.1
    endloop
  endfacet
  facet normal 0 0 1
    outer loop
      vertex 41.2222 -20.0757 13.1
      vertex 41.5 -21.9 13.1
      vertex 41.5 -20.1 13.1
    endloop
  endfacet
  facet normal 0 0 1
    outer loop
      vertex 40.9096 -21.8483 13.1
      vertex 41.2222 -20.0757 13.1
      vertex 40.9528 -20.0035 13.1
    endloop
  endfacet
  facet normal 0 0 1
    outer loop
      vertex 41.2222 -20.0757 13.1
      vertex 40.9096 -21.8483 13.1
      vertex 41.5 -21.9 13.1
    endloop
  endfacet
  facet normal 0 0 1
    outer loop
      vertex 40.3371 -21.695 13.1
      vertex 40.9528 -20.0035 13.1
      vertex 40.7 -19.8856 13.1
    endloop
  endfacet
  facet normal 0 0 1
    outer loop
      vertex 39.8 -21.4445 13.1
      vertex 40.7 -19.8856 13.1
      vertex 40.4715 -19.7257 13.1
    endloop
  endfacet
  facet normal 0 0 1
    outer loop
      vertex 40.9528 -20.0035 13.1
      vertex 40.3371 -21.695 13.1
      vertex 40.9096 -21.8483 13.1
    endloop
  endfacet
  facet normal 0 0 1
    outer loop
      vertex 39.3145 -21.1045 13.1
      vertex 40.4715 -19.7257 13.1
      vertex 40.2743 -19.5285 13.1
    endloop
  endfacet
  facet normal 0 0 1
    outer loop
      vertex 38.8955 -20.6855 13.1
      vertex 40.2743 -19.5285 13.1
      vertex 40.1144 -19.3 13.1
    endloop
  endfacet
  facet normal 0 0 1
    outer loop
      vertex 38.5555 -20.2 13.1
      vertex 40.1144 -19.3 13.1
      vertex 39.9965 -19.0472 13.1
    endloop
  endfacet
  facet normal 0 0 1
    outer loop
      vertex 38.305 -19.6629 13.1
      vertex 39.9965 -19.0472 13.1
      vertex 39.9243 -18.7778 13.1
    endloop
  endfacet
  facet normal 0 0 1
    outer loop
      vertex 40.7 -19.8856 13.1
      vertex 39.8 -21.4445 13.1
      vertex 40.3371 -21.695 13.1
    endloop
  endfacet
  facet normal 0 0 1
    outer loop
      vertex 38.1517 -19.0904 13.1
      vertex 39.9243 -18.7778 13.1
      vertex 39.9 -18.5 13.1
    endloop
  endfacet
  facet normal 0 0 1
    outer loop
      vertex 40.1144 -17.7 13.1
      vertex 38.5555 -16.8 13.1
      vertex 39.9965 -17.9528 13.1
    endloop
  endfacet
  facet normal -0 0 1
    outer loop
      vertex 38.305 -17.3371 13.1
      vertex 39.9965 -17.9528 13.1
      vertex 38.5555 -16.8 13.1
    endloop
  endfacet
  facet normal 0 0 1
    outer loop
      vertex 40.4715 -19.7257 13.1
      vertex 39.3145 -21.1045 13.1
      vertex 39.8 -21.4445 13.1
    endloop
  endfacet
  facet normal 0 0 1
    outer loop
      vertex 39.9965 -17.9528 13.1
      vertex 38.305 -17.3371 13.1
      vertex 39.9243 -18.2222 13.1
    endloop
  endfacet
  facet normal 0 0 1
    outer loop
      vertex 40.2743 -19.5285 13.1
      vertex 38.8955 -20.6855 13.1
      vertex 39.3145 -21.1045 13.1
    endloop
  endfacet
  facet normal -0 0 1
    outer loop
      vertex 38.1517 -17.9096 13.1
      vertex 39.9243 -18.2222 13.1
      vertex 38.305 -17.3371 13.1
    endloop
  endfacet
  facet normal 0 0 1
    outer loop
      vertex 40.1144 -19.3 13.1
      vertex 38.5555 -20.2 13.1
      vertex 38.8955 -20.6855 13.1
    endloop
  endfacet
  facet normal 0 0 1
    outer loop
      vertex 39.9243 -18.2222 13.1
      vertex 38.1517 -17.9096 13.1
      vertex 39.9 -18.5 13.1
    endloop
  endfacet
  facet normal 0 0 1
    outer loop
      vertex 39.9965 -19.0472 13.1
      vertex 38.305 -19.6629 13.1
      vertex 38.5555 -20.2 13.1
    endloop
  endfacet
  facet normal 0 0 1
    outer loop
      vertex 38.1 -18.5 13.1
      vertex 39.9 -18.5 13.1
      vertex 38.1517 -17.9096 13.1
    endloop
  endfacet
  facet normal 0 0 1
    outer loop
      vertex 39.9243 -18.7778 13.1
      vertex 38.1517 -19.0904 13.1
      vertex 38.305 -19.6629 13.1
    endloop
  endfacet
  facet normal 0 0 1
    outer loop
      vertex 39.9 -18.5 13.1
      vertex 38.1 -18.5 13.1
      vertex 38.1517 -19.0904 13.1
    endloop
  endfacet
  facet normal -0.573519 0.819192 0
    outer loop
      vertex 39.8 -15.5555 1.1
      vertex 39.3145 -15.8954 13.1
      vertex 39.8 -15.5555 13.1
    endloop
  endfacet
  facet normal -0.573519 0.819192 0
    outer loop
      vertex 39.3145 -15.8954 13.1
      vertex 39.8 -15.5555 1.1
      vertex 39.3145 -15.8954 1.1
    endloop
  endfacet
  facet normal -0.422682 0.906278 0
    outer loop
      vertex 40.3371 -15.305 1.1
      vertex 39.8 -15.5555 13.1
      vertex 40.3371 -15.305 13.1
    endloop
  endfacet
  facet normal -0.422682 0.906278 0
    outer loop
      vertex 39.8 -15.5555 13.1
      vertex 40.3371 -15.305 1.1
      vertex 39.8 -15.5555 1.1
    endloop
  endfacet
  facet normal -0.707191 0.707022 -1.26262e-18
    outer loop
      vertex 38.8955 -16.3145 1.1
      vertex 39.3145 -15.8954 13.1
      vertex 39.3145 -15.8954 1.1
    endloop
  endfacet
  facet normal -0.707191 0.707022 -1.26262e-18
    outer loop
      vertex 39.3145 -15.8954 13.1
      vertex 38.8955 -16.3145 1.1
      vertex 38.8955 -16.3145 13.1
    endloop
  endfacet
  facet normal 0.573519 0.819192 -0
    outer loop
      vertex 43.6855 -15.8954 1.1
      vertex 43.2 -15.5555 13.1
      vertex 43.6855 -15.8954 13.1
    endloop
  endfacet
  facet normal 0.573519 0.819192 0
    outer loop
      vertex 43.2 -15.5555 13.1
      vertex 43.6855 -15.8954 1.1
      vertex 43.2 -15.5555 1.1
    endloop
  endfacet
  facet normal -0.25866 0.965968 0
    outer loop
      vertex 40.9096 -15.1517 1.1
      vertex 40.3371 -15.305 13.1
      vertex 40.9096 -15.1517 13.1
    endloop
  endfacet
  facet normal -0.25866 0.965968 0
    outer loop
      vertex 40.3371 -15.305 13.1
      vertex 40.9096 -15.1517 1.1
      vertex 40.3371 -15.305 1.1
    endloop
  endfacet
  facet normal -0.0872339 0.996188 0
    outer loop
      vertex 41.5 -15.1 1.1
      vertex 40.9096 -15.1517 13.1
      vertex 41.5 -15.1 13.1
    endloop
  endfacet
  facet normal -0.0872339 0.996188 0
    outer loop
      vertex 40.9096 -15.1517 13.1
      vertex 41.5 -15.1 1.1
      vertex 40.9096 -15.1517 1.1
    endloop
  endfacet
  facet normal -0.906278 -0.422682 1.90481e-19
    outer loop
      vertex 38.5555 -20.2 1.1
      vertex 38.305 -19.6629 13.1
      vertex 38.305 -19.6629 1.1
    endloop
  endfacet
  facet normal -0.906278 -0.422682 1.90481e-19
    outer loop
      vertex 38.305 -19.6629 13.1
      vertex 38.5555 -20.2 1.1
      vertex 38.5555 -20.2 13.1
    endloop
  endfacet
  facet normal 0.965968 -0.25866 -1.80083e-19
    outer loop
      vertex 44.695 -19.6629 13.1
      vertex 44.8483 -19.0904 1.1
      vertex 44.8483 -19.0904 13.1
    endloop
  endfacet
  facet normal 0.965968 -0.25866 -1.80083e-19
    outer loop
      vertex 44.8483 -19.0904 1.1
      vertex 44.695 -19.6629 13.1
      vertex 44.695 -19.6629 1.1
    endloop
  endfacet
  facet normal -0.819113 -0.573632 5.84412e-19
    outer loop
      vertex 38.8955 -20.6855 1.1
      vertex 38.5555 -20.2 13.1
      vertex 38.5555 -20.2 1.1
    endloop
  endfacet
  facet normal -0.819113 -0.573632 5.84412e-19
    outer loop
      vertex 38.5555 -20.2 13.1
      vertex 38.8955 -20.6855 1.1
      vertex 38.8955 -20.6855 13.1
    endloop
  endfacet
  facet normal 0.422682 -0.906278 0
    outer loop
      vertex 42.6629 -21.695 1.1
      vertex 43.2 -21.4445 13.1
      vertex 42.6629 -21.695 13.1
    endloop
  endfacet
  facet normal 0.422682 -0.906278 0
    outer loop
      vertex 43.2 -21.4445 13.1
      vertex 42.6629 -21.695 1.1
      vertex 43.2 -21.4445 1.1
    endloop
  endfacet
  facet normal 0.25866 0.965968 -0
    outer loop
      vertex 42.6629 -15.305 1.1
      vertex 42.0904 -15.1517 13.1
      vertex 42.6629 -15.305 13.1
    endloop
  endfacet
  facet normal 0.25866 0.965968 0
    outer loop
      vertex 42.0904 -15.1517 13.1
      vertex 42.6629 -15.305 1.1
      vertex 42.0904 -15.1517 1.1
    endloop
  endfacet
  facet normal -0.707107 -0.707107 -1.58458e-18
    outer loop
      vertex 39.3145 -21.1045 1.1
      vertex 38.8955 -20.6855 13.1
      vertex 38.8955 -20.6855 1.1
    endloop
  endfacet
  facet normal -0.707107 -0.707107 -1.58458e-18
    outer loop
      vertex 38.8955 -20.6855 13.1
      vertex 39.3145 -21.1045 1.1
      vertex 39.3145 -21.1045 13.1
    endloop
  endfacet
  facet normal -0.996188 0.0872339 2.02307e-19
    outer loop
      vertex 38.1 -18.5 1.1
      vertex 38.1517 -17.9096 13.1
      vertex 38.1517 -17.9096 1.1
    endloop
  endfacet
  facet normal -0.996188 0.0872339 2.02307e-19
    outer loop
      vertex 38.1517 -17.9096 13.1
      vertex 38.1 -18.5 1.1
      vertex 38.1 -18.5 13.1
    endloop
  endfacet
  facet normal -0.25866 -0.965968 0
    outer loop
      vertex 40.3371 -21.695 1.1
      vertex 40.9096 -21.8483 13.1
      vertex 40.3371 -21.695 13.1
    endloop
  endfacet
  facet normal -0.25866 -0.965968 -0
    outer loop
      vertex 40.9096 -21.8483 13.1
      vertex 40.3371 -21.695 1.1
      vertex 40.9096 -21.8483 1.1
    endloop
  endfacet
  facet normal 0.707107 -0.707107 1.58458e-18
    outer loop
      vertex 43.6855 -21.1045 13.1
      vertex 44.1045 -20.6855 1.1
      vertex 44.1045 -20.6855 13.1
    endloop
  endfacet
  facet normal 0.707107 -0.707107 1.58458e-18
    outer loop
      vertex 44.1045 -20.6855 1.1
      vertex 43.6855 -21.1045 13.1
      vertex 43.6855 -21.1045 1.1
    endloop
  endfacet
  facet normal 0.573632 -0.819113 0
    outer loop
      vertex 43.2 -21.4445 1.1
      vertex 43.6855 -21.1045 13.1
      vertex 43.2 -21.4445 13.1
    endloop
  endfacet
  facet normal 0.573632 -0.819113 0
    outer loop
      vertex 43.6855 -21.1045 13.1
      vertex 43.2 -21.4445 1.1
      vertex 43.6855 -21.1045 1.1
    endloop
  endfacet
  facet normal -0.573632 -0.819113 0
    outer loop
      vertex 39.3145 -21.1045 1.1
      vertex 39.8 -21.4445 13.1
      vertex 39.3145 -21.1045 13.1
    endloop
  endfacet
  facet normal -0.573632 -0.819113 -0
    outer loop
      vertex 39.8 -21.4445 13.1
      vertex 39.3145 -21.1045 1.1
      vertex 39.8 -21.4445 1.1
    endloop
  endfacet
  facet normal -0.819113 0.573632 -5.84412e-19
    outer loop
      vertex 38.5555 -16.8 1.1
      vertex 38.8955 -16.3145 13.1
      vertex 38.8955 -16.3145 1.1
    endloop
  endfacet
  facet normal -0.819113 0.573632 -5.84412e-19
    outer loop
      vertex 38.8955 -16.3145 13.1
      vertex 38.5555 -16.8 1.1
      vertex 38.5555 -16.8 13.1
    endloop
  endfacet
  facet normal 0.258868 -0.965913 0
    outer loop
      vertex 40.9528 -16.9965 1.1
      vertex 41.2222 -16.9243 13.1
      vertex 40.9528 -16.9965 13.1
    endloop
  endfacet
  facet normal 0.258868 -0.965913 0
    outer loop
      vertex 41.2222 -16.9243 13.1
      vertex 40.9528 -16.9965 1.1
      vertex 41.2222 -16.9243 1.1
    endloop
  endfacet
  facet normal -0.965913 -0.258868 2.56238e-19
    outer loop
      vertex 43.0757 -18.2222 1.1
      vertex 43.0035 -17.9528 13.1
      vertex 43.0035 -17.9528 1.1
    endloop
  endfacet
  facet normal -0.965913 -0.258868 2.56238e-19
    outer loop
      vertex 43.0035 -17.9528 13.1
      vertex 43.0757 -18.2222 1.1
      vertex 43.0757 -18.2222 13.1
    endloop
  endfacet
  facet normal -0.996196 -0.0871403 -1.15766e-19
    outer loop
      vertex 43.1 -18.5 1.1
      vertex 43.0757 -18.2222 13.1
      vertex 43.0757 -18.2222 1.1
    endloop
  endfacet
  facet normal -0.996196 -0.0871403 -1.15766e-19
    outer loop
      vertex 43.0757 -18.2222 13.1
      vertex 43.1 -18.5 1.1
      vertex 43.1 -18.5 13.1
    endloop
  endfacet
  facet normal -0.906284 -0.42267 4.80237e-19
    outer loop
      vertex 43.0035 -17.9528 1.1
      vertex 42.8856 -17.7 13.1
      vertex 42.8856 -17.7 1.1
    endloop
  endfacet
  facet normal -0.906284 -0.42267 4.80237e-19
    outer loop
      vertex 42.8856 -17.7 13.1
      vertex 43.0035 -17.9528 1.1
      vertex 43.0035 -17.9528 13.1
    endloop
  endfacet
  facet normal 0.906284 0.42267 4.80237e-19
    outer loop
      vertex 40.1144 -19.3 13.1
      vertex 39.9965 -19.0472 1.1
      vertex 39.9965 -19.0472 13.1
    endloop
  endfacet
  facet normal 0.906284 0.42267 4.80237e-19
    outer loop
      vertex 39.9965 -19.0472 1.1
      vertex 40.1144 -19.3 13.1
      vertex 40.1144 -19.3 1.1
    endloop
  endfacet
  facet normal -0.906284 0.42267 -4.80237e-19
    outer loop
      vertex 42.8856 -19.3 1.1
      vertex 43.0035 -19.0472 13.1
      vertex 43.0035 -19.0472 1.1
    endloop
  endfacet
  facet normal -0.906284 0.42267 -4.80237e-19
    outer loop
      vertex 43.0035 -19.0472 13.1
      vertex 42.8856 -19.3 1.1
      vertex 42.8856 -19.3 13.1
    endloop
  endfacet
  facet normal -0.819316 0.573342 5.35663e-19
    outer loop
      vertex 42.7257 -19.5285 1.1
      vertex 42.8856 -19.3 13.1
      vertex 42.8856 -19.3 1.1
    endloop
  endfacet
  facet normal -0.819316 0.573342 5.35663e-19
    outer loop
      vertex 42.8856 -19.3 13.1
      vertex 42.7257 -19.5285 1.1
      vertex 42.7257 -19.5285 13.1
    endloop
  endfacet
  facet normal -0.996196 0.0871403 1.15766e-19
    outer loop
      vertex 43.0757 -18.7778 1.1
      vertex 43.1 -18.5 13.1
      vertex 43.1 -18.5 1.1
    endloop
  endfacet
  facet normal -0.996196 0.0871403 1.15766e-19
    outer loop
      vertex 43.1 -18.5 13.1
      vertex 43.0757 -18.7778 1.1
      vertex 43.0757 -18.7778 13.1
    endloop
  endfacet
  facet normal -0.819316 -0.573342 -5.35663e-19
    outer loop
      vertex 42.8856 -17.7 1.1
      vertex 42.7257 -17.4715 13.1
      vertex 42.7257 -17.4715 1.1
    endloop
  endfacet
  facet normal -0.819316 -0.573342 -5.35663e-19
    outer loop
      vertex 42.7257 -17.4715 13.1
      vertex 42.8856 -17.7 1.1
      vertex 42.8856 -17.7 13.1
    endloop
  endfacet
  facet normal 0.707107 -0.707107 0
    outer loop
      vertex 40.2743 -17.4715 1.1
      vertex 40.4715 -17.2743 13.1
      vertex 40.2743 -17.4715 13.1
    endloop
  endfacet
  facet normal 0.707107 -0.707107 0
    outer loop
      vertex 40.4715 -17.2743 13.1
      vertex 40.2743 -17.4715 1.1
      vertex 40.4715 -17.2743 1.1
    endloop
  endfacet
  facet normal 0.0871403 -0.996196 0
    outer loop
      vertex 41.2222 -16.9243 1.1
      vertex 41.5 -16.9 13.1
      vertex 41.2222 -16.9243 13.1
    endloop
  endfacet
  facet normal 0.0871403 -0.996196 0
    outer loop
      vertex 41.5 -16.9 13.1
      vertex 41.2222 -16.9243 1.1
      vertex 41.5 -16.9 1.1
    endloop
  endfacet
  facet normal 0.573342 -0.819316 0
    outer loop
      vertex 40.4715 -17.2743 1.1
      vertex 40.7 -17.1144 13.1
      vertex 40.4715 -17.2743 13.1
    endloop
  endfacet
  facet normal 0.573342 -0.819316 0
    outer loop
      vertex 40.7 -17.1144 13.1
      vertex 40.4715 -17.2743 1.1
      vertex 40.7 -17.1144 1.1
    endloop
  endfacet
  facet normal 0.42267 -0.906284 0
    outer loop
      vertex 40.7 -17.1144 1.1
      vertex 40.9528 -16.9965 13.1
      vertex 40.7 -17.1144 13.1
    endloop
  endfacet
  facet normal 0.42267 -0.906284 0
    outer loop
      vertex 40.9528 -16.9965 13.1
      vertex 40.7 -17.1144 1.1
      vertex 40.9528 -16.9965 1.1
    endloop
  endfacet
  facet normal -0.42267 0.906284 0
    outer loop
      vertex 42.3 -19.8856 1.1
      vertex 42.0472 -20.0035 13.1
      vertex 42.3 -19.8856 13.1
    endloop
  endfacet
  facet normal -0.42267 0.906284 0
    outer loop
      vertex 42.0472 -20.0035 13.1
      vertex 42.3 -19.8856 1.1
      vertex 42.0472 -20.0035 1.1
    endloop
  endfacet
  facet normal 0.996196 0.0871403 -1.15766e-19
    outer loop
      vertex 39.9243 -18.7778 13.1
      vertex 39.9 -18.5 1.1
      vertex 39.9 -18.5 13.1
    endloop
  endfacet
  facet normal 0.996196 0.0871403 -1.15766e-19
    outer loop
      vertex 39.9 -18.5 1.1
      vertex 39.9243 -18.7778 13.1
      vertex 39.9243 -18.7778 1.1
    endloop
  endfacet
  facet normal -0.573342 -0.819316 0
    outer loop
      vertex 42.3 -17.1144 1.1
      vertex 42.5285 -17.2743 13.1
      vertex 42.3 -17.1144 13.1
    endloop
  endfacet
  facet normal -0.573342 -0.819316 -0
    outer loop
      vertex 42.5285 -17.2743 13.1
      vertex 42.3 -17.1144 1.1
      vertex 42.5285 -17.2743 1.1
    endloop
  endfacet
  facet normal -0.258868 -0.965913 0
    outer loop
      vertex 41.7778 -16.9243 1.1
      vertex 42.0472 -16.9965 13.1
      vertex 41.7778 -16.9243 13.1
    endloop
  endfacet
  facet normal -0.258868 -0.965913 -0
    outer loop
      vertex 42.0472 -16.9965 13.1
      vertex 41.7778 -16.9243 1.1
      vertex 42.0472 -16.9965 1.1
    endloop
  endfacet
  facet normal -0.573342 0.819316 0
    outer loop
      vertex 42.5285 -19.7257 1.1
      vertex 42.3 -19.8856 13.1
      vertex 42.5285 -19.7257 13.1
    endloop
  endfacet
  facet normal -0.573342 0.819316 0
    outer loop
      vertex 42.3 -19.8856 13.1
      vertex 42.5285 -19.7257 1.1
      vertex 42.3 -19.8856 1.1
    endloop
  endfacet
  facet normal 0.965913 -0.258868 -2.56238e-19
    outer loop
      vertex 39.9243 -18.2222 13.1
      vertex 39.9965 -17.9528 1.1
      vertex 39.9965 -17.9528 13.1
    endloop
  endfacet
  facet normal 0.965913 -0.258868 -2.56238e-19
    outer loop
      vertex 39.9965 -17.9528 1.1
      vertex 39.9243 -18.2222 13.1
      vertex 39.9243 -18.2222 1.1
    endloop
  endfacet
  facet normal -0.42267 -0.906284 0
    outer loop
      vertex 42.0472 -16.9965 1.1
      vertex 42.3 -17.1144 13.1
      vertex 42.0472 -16.9965 13.1
    endloop
  endfacet
  facet normal -0.42267 -0.906284 -0
    outer loop
      vertex 42.3 -17.1144 13.1
      vertex 42.0472 -16.9965 1.1
      vertex 42.3 -17.1144 1.1
    endloop
  endfacet
  facet normal 0.819316 -0.573342 5.35663e-19
    outer loop
      vertex 40.1144 -17.7 13.1
      vertex 40.2743 -17.4715 1.1
      vertex 40.2743 -17.4715 13.1
    endloop
  endfacet
  facet normal 0.819316 -0.573342 5.35663e-19
    outer loop
      vertex 40.2743 -17.4715 1.1
      vertex 40.1144 -17.7 13.1
      vertex 40.1144 -17.7 1.1
    endloop
  endfacet
  facet normal 0.819316 0.573342 -5.35663e-19
    outer loop
      vertex 40.2743 -19.5285 13.1
      vertex 40.1144 -19.3 1.1
      vertex 40.1144 -19.3 13.1
    endloop
  endfacet
  facet normal 0.819316 0.573342 -5.35663e-19
    outer loop
      vertex 40.1144 -19.3 1.1
      vertex 40.2743 -19.5285 13.1
      vertex 40.2743 -19.5285 1.1
    endloop
  endfacet
  facet normal -0.258868 0.965913 0
    outer loop
      vertex 42.0472 -20.0035 1.1
      vertex 41.7778 -20.0757 13.1
      vertex 42.0472 -20.0035 13.1
    endloop
  endfacet
  facet normal -0.258868 0.965913 0
    outer loop
      vertex 41.7778 -20.0757 13.1
      vertex 42.0472 -20.0035 1.1
      vertex 41.7778 -20.0757 1.1
    endloop
  endfacet
  facet normal -0.707107 0.707107 0
    outer loop
      vertex 42.7257 -19.5285 1.1
      vertex 42.5285 -19.7257 13.1
      vertex 42.7257 -19.5285 13.1
    endloop
  endfacet
  facet normal -0.707107 0.707107 0
    outer loop
      vertex 42.5285 -19.7257 13.1
      vertex 42.7257 -19.5285 1.1
      vertex 42.5285 -19.7257 1.1
    endloop
  endfacet
  facet normal -0.707107 -0.707107 0
    outer loop
      vertex 42.5285 -17.2743 1.1
      vertex 42.7257 -17.4715 13.1
      vertex 42.5285 -17.2743 13.1
    endloop
  endfacet
  facet normal -0.707107 -0.707107 -0
    outer loop
      vertex 42.7257 -17.4715 13.1
      vertex 42.5285 -17.2743 1.1
      vertex 42.7257 -17.4715 1.1
    endloop
  endfacet
  facet normal -0.965913 0.258868 -2.56238e-19
    outer loop
      vertex 43.0035 -19.0472 1.1
      vertex 43.0757 -18.7778 13.1
      vertex 43.0757 -18.7778 1.1
    endloop
  endfacet
  facet normal -0.965913 0.258868 -2.56238e-19
    outer loop
      vertex 43.0757 -18.7778 13.1
      vertex 43.0035 -19.0472 1.1
      vertex 43.0035 -19.0472 13.1
    endloop
  endfacet
  facet normal 0.707107 0.707107 -0
    outer loop
      vertex 40.4715 -19.7257 1.1
      vertex 40.2743 -19.5285 13.1
      vertex 40.4715 -19.7257 13.1
    endloop
  endfacet
  facet normal 0.707107 0.707107 0
    outer loop
      vertex 40.2743 -19.5285 13.1
      vertex 40.4715 -19.7257 1.1
      vertex 40.2743 -19.5285 1.1
    endloop
  endfacet
  facet normal 0.906284 -0.42267 -4.80237e-19
    outer loop
      vertex 39.9965 -17.9528 13.1
      vertex 40.1144 -17.7 1.1
      vertex 40.1144 -17.7 13.1
    endloop
  endfacet
  facet normal 0.906284 -0.42267 -4.80237e-19
    outer loop
      vertex 40.1144 -17.7 1.1
      vertex 39.9965 -17.9528 13.1
      vertex 39.9965 -17.9528 1.1
    endloop
  endfacet
  facet normal 0.573342 0.819316 -0
    outer loop
      vertex 40.7 -19.8856 1.1
      vertex 40.4715 -19.7257 13.1
      vertex 40.7 -19.8856 13.1
    endloop
  endfacet
  facet normal 0.573342 0.819316 0
    outer loop
      vertex 40.4715 -19.7257 13.1
      vertex 40.7 -19.8856 1.1
      vertex 40.4715 -19.7257 1.1
    endloop
  endfacet
  facet normal -0.0871403 0.996196 0
    outer loop
      vertex 41.7778 -20.0757 1.1
      vertex 41.5 -20.1 13.1
      vertex 41.7778 -20.0757 13.1
    endloop
  endfacet
  facet normal -0.0871403 0.996196 0
    outer loop
      vertex 41.5 -20.1 13.1
      vertex 41.7778 -20.0757 1.1
      vertex 41.5 -20.1 1.1
    endloop
  endfacet
  facet normal -0.0871403 -0.996196 0
    outer loop
      vertex 41.5 -16.9 1.1
      vertex 41.7778 -16.9243 13.1
      vertex 41.5 -16.9 13.1
    endloop
  endfacet
  facet normal -0.0871403 -0.996196 -0
    outer loop
      vertex 41.7778 -16.9243 13.1
      vertex 41.5 -16.9 1.1
      vertex 41.7778 -16.9243 1.1
    endloop
  endfacet
  facet normal 0.996196 -0.0871403 1.15766e-19
    outer loop
      vertex 39.9 -18.5 13.1
      vertex 39.9243 -18.2222 1.1
      vertex 39.9243 -18.2222 13.1
    endloop
  endfacet
  facet normal 0.996196 -0.0871403 1.15766e-19
    outer loop
      vertex 39.9243 -18.2222 1.1
      vertex 39.9 -18.5 13.1
      vertex 39.9 -18.5 1.1
    endloop
  endfacet
  facet normal 0.0871403 0.996196 -0
    outer loop
      vertex 41.5 -20.1 1.1
      vertex 41.2222 -20.0757 13.1
      vertex 41.5 -20.1 13.1
    endloop
  endfacet
  facet normal 0.0871403 0.996196 0
    outer loop
      vertex 41.2222 -20.0757 13.1
      vertex 41.5 -20.1 1.1
      vertex 41.2222 -20.0757 1.1
    endloop
  endfacet
  facet normal 0.258868 0.965913 -0
    outer loop
      vertex 41.2222 -20.0757 1.1
      vertex 40.9528 -20.0035 13.1
      vertex 41.2222 -20.0757 13.1
    endloop
  endfacet
  facet normal 0.258868 0.965913 0
    outer loop
      vertex 40.9528 -20.0035 13.1
      vertex 41.2222 -20.0757 1.1
      vertex 40.9528 -20.0035 1.1
    endloop
  endfacet
  facet normal 0.965913 0.258868 2.56238e-19
    outer loop
      vertex 39.9965 -19.0472 13.1
      vertex 39.9243 -18.7778 1.1
      vertex 39.9243 -18.7778 13.1
    endloop
  endfacet
  facet normal 0.965913 0.258868 2.56238e-19
    outer loop
      vertex 39.9243 -18.7778 1.1
      vertex 39.9965 -19.0472 13.1
      vertex 39.9965 -19.0472 1.1
    endloop
  endfacet
  facet normal 0.42267 0.906284 -0
    outer loop
      vertex 40.9528 -20.0035 1.1
      vertex 40.7 -19.8856 13.1
      vertex 40.9528 -20.0035 13.1
    endloop
  endfacet
  facet normal 0.42267 0.906284 0
    outer loop
      vertex 40.7 -19.8856 13.1
      vertex 40.9528 -20.0035 1.1
      vertex 40.7 -19.8856 1.1
    endloop
  endfacet
  facet normal -0.906278 0.422682 -1.90481e-19
    outer loop
      vertex 38.305 19.6629 1.1
      vertex 38.5555 20.2 13.1
      vertex 38.5555 20.2 1.1
    endloop
  endfacet
  facet normal -0.906278 0.422682 -1.90481e-19
    outer loop
      vertex 38.5555 20.2 13.1
      vertex 38.305 19.6629 1.1
      vertex 38.305 19.6629 13.1
    endloop
  endfacet
  facet normal 0.0872339 -0.996188 0
    outer loop
      vertex 41.5 15.1 1.1
      vertex 42.0904 15.1517 13.1
      vertex 41.5 15.1 13.1
    endloop
  endfacet
  facet normal 0.0872339 -0.996188 0
    outer loop
      vertex 42.0904 15.1517 13.1
      vertex 41.5 15.1 1.1
      vertex 42.0904 15.1517 1.1
    endloop
  endfacet
  facet normal 0.965968 0.25866 1.80083e-19
    outer loop
      vertex 44.8483 19.0904 13.1
      vertex 44.695 19.6629 1.1
      vertex 44.695 19.6629 13.1
    endloop
  endfacet
  facet normal 0.965968 0.25866 1.80083e-19
    outer loop
      vertex 44.695 19.6629 1.1
      vertex 44.8483 19.0904 13.1
      vertex 44.8483 19.0904 1.1
    endloop
  endfacet
  facet normal 0.996188 0.0872339 -2.02307e-19
    outer loop
      vertex 44.9 18.5 13.1
      vertex 44.8483 19.0904 1.1
      vertex 44.8483 19.0904 13.1
    endloop
  endfacet
  facet normal 0.996188 0.0872339 -2.02307e-19
    outer loop
      vertex 44.8483 19.0904 1.1
      vertex 44.9 18.5 13.1
      vertex 44.9 18.5 1.1
    endloop
  endfacet
  facet normal 0.906278 0.422682 1.90481e-19
    outer loop
      vertex 44.695 19.6629 13.1
      vertex 44.4445 20.2 1.1
      vertex 44.4445 20.2 13.1
    endloop
  endfacet
  facet normal 0.906278 0.422682 1.90481e-19
    outer loop
      vertex 44.4445 20.2 1.1
      vertex 44.695 19.6629 13.1
      vertex 44.695 19.6629 1.1
    endloop
  endfacet
  facet normal 0.996188 -0.0872339 2.02307e-19
    outer loop
      vertex 44.8483 17.9096 13.1
      vertex 44.9 18.5 1.1
      vertex 44.9 18.5 13.1
    endloop
  endfacet
  facet normal 0.996188 -0.0872339 2.02307e-19
    outer loop
      vertex 44.9 18.5 1.1
      vertex 44.8483 17.9096 13.1
      vertex 44.8483 17.9096 1.1
    endloop
  endfacet
  facet normal -0.965968 0.25866 -1.80083e-19
    outer loop
      vertex 38.1517 19.0904 1.1
      vertex 38.305 19.6629 13.1
      vertex 38.305 19.6629 1.1
    endloop
  endfacet
  facet normal -0.965968 0.25866 -1.80083e-19
    outer loop
      vertex 38.305 19.6629 13.1
      vertex 38.1517 19.0904 1.1
      vertex 38.1517 19.0904 13.1
    endloop
  endfacet
  facet normal 0.819113 0.573632 5.84412e-19
    outer loop
      vertex 44.4445 20.2 13.1
      vertex 44.1045 20.6855 1.1
      vertex 44.1045 20.6855 13.1
    endloop
  endfacet
  facet normal 0.819113 0.573632 5.84412e-19
    outer loop
      vertex 44.1045 20.6855 1.1
      vertex 44.4445 20.2 13.1
      vertex 44.4445 20.2 1.1
    endloop
  endfacet
  facet normal 0.707107 0.707107 -1.58458e-18
    outer loop
      vertex 44.1045 20.6855 13.1
      vertex 43.6855 21.1045 1.1
      vertex 43.6855 21.1045 13.1
    endloop
  endfacet
  facet normal 0.707107 0.707107 -1.58458e-18
    outer loop
      vertex 43.6855 21.1045 1.1
      vertex 44.1045 20.6855 13.1
      vertex 44.1045 20.6855 1.1
    endloop
  endfacet
  facet normal 0.25866 -0.965968 0
    outer loop
      vertex 42.0904 15.1517 1.1
      vertex 42.6629 15.305 13.1
      vertex 42.0904 15.1517 13.1
    endloop
  endfacet
  facet normal 0.25866 -0.965968 0
    outer loop
      vertex 42.6629 15.305 13.1
      vertex 42.0904 15.1517 1.1
      vertex 42.6629 15.305 1.1
    endloop
  endfacet
  facet normal -0.996188 -0.0872339 -2.02307e-19
    outer loop
      vertex 38.1517 17.9096 1.1
      vertex 38.1 18.5 13.1
      vertex 38.1 18.5 1.1
    endloop
  endfacet
  facet normal -0.996188 -0.0872339 -2.02307e-19
    outer loop
      vertex 38.1 18.5 13.1
      vertex 38.1517 17.9096 1.1
      vertex 38.1517 17.9096 13.1
    endloop
  endfacet
  facet normal 0.819113 -0.573632 -5.84412e-19
    outer loop
      vertex 44.1045 16.3145 13.1
      vertex 44.4445 16.8 1.1
      vertex 44.4445 16.8 13.1
    endloop
  endfacet
  facet normal 0.819113 -0.573632 -5.84412e-19
    outer loop
      vertex 44.4445 16.8 1.1
      vertex 44.1045 16.3145 13.1
      vertex 44.1045 16.3145 1.1
    endloop
  endfacet
  facet normal -0.0872339 -0.996188 0
    outer loop
      vertex 40.9096 15.1517 1.1
      vertex 41.5 15.1 13.1
      vertex 40.9096 15.1517 13.1
    endloop
  endfacet
  facet normal -0.0872339 -0.996188 -0
    outer loop
      vertex 41.5 15.1 13.1
      vertex 40.9096 15.1517 1.1
      vertex 41.5 15.1 1.1
    endloop
  endfacet
  facet normal 0.906278 -0.422682 -1.90481e-19
    outer loop
      vertex 44.4445 16.8 13.1
      vertex 44.695 17.3371 1.1
      vertex 44.695 17.3371 13.1
    endloop
  endfacet
  facet normal 0.906278 -0.422682 -1.90481e-19
    outer loop
      vertex 44.695 17.3371 1.1
      vertex 44.4445 16.8 13.1
      vertex 44.4445 16.8 1.1
    endloop
  endfacet
  facet normal 0.422682 0.906278 -0
    outer loop
      vertex 43.2 21.4445 1.1
      vertex 42.6629 21.695 13.1
      vertex 43.2 21.4445 13.1
    endloop
  endfacet
  facet normal 0.422682 0.906278 0
    outer loop
      vertex 42.6629 21.695 13.1
      vertex 43.2 21.4445 1.1
      vertex 42.6629 21.695 1.1
    endloop
  endfacet
  facet normal -0.965968 -0.25866 1.80083e-19
    outer loop
      vertex 38.305 17.3371 1.1
      vertex 38.1517 17.9096 13.1
      vertex 38.1517 17.9096 1.1
    endloop
  endfacet
  facet normal -0.965968 -0.25866 1.80083e-19
    outer loop
      vertex 38.1517 17.9096 13.1
      vertex 38.305 17.3371 1.1
      vertex 38.305 17.3371 13.1
    endloop
  endfacet
  facet normal -0.422682 -0.906278 0
    outer loop
      vertex 39.8 15.5555 1.1
      vertex 40.3371 15.305 13.1
      vertex 39.8 15.5555 13.1
    endloop
  endfacet
  facet normal -0.422682 -0.906278 -0
    outer loop
      vertex 40.3371 15.305 13.1
      vertex 39.8 15.5555 1.1
      vertex 40.3371 15.305 1.1
    endloop
  endfacet
  facet normal 0.0872339 0.996188 -0
    outer loop
      vertex 42.0904 21.8483 1.1
      vertex 41.5 21.9 13.1
      vertex 42.0904 21.8483 13.1
    endloop
  endfacet
  facet normal 0.0872339 0.996188 0
    outer loop
      vertex 41.5 21.9 13.1
      vertex 42.0904 21.8483 1.1
      vertex 41.5 21.9 1.1
    endloop
  endfacet
  facet normal 0 0 1
    outer loop
      vertex 43.1 18.5 13.1
      vertex 44.9 18.5 13.1
      vertex 44.8483 19.0904 13.1
    endloop
  endfacet
  facet normal 0 0 1
    outer loop
      vertex 43.0757 18.7778 13.1
      vertex 44.8483 19.0904 13.1
      vertex 44.695 19.6629 13.1
    endloop
  endfacet
  facet normal 0 0 1
    outer loop
      vertex 44.9 18.5 13.1
      vertex 43.1 18.5 13.1
      vertex 44.8483 17.9096 13.1
    endloop
  endfacet
  facet normal 0 0 1
    outer loop
      vertex 43.0035 19.0472 13.1
      vertex 44.695 19.6629 13.1
      vertex 44.4445 20.2 13.1
    endloop
  endfacet
  facet normal -0 0 1
    outer loop
      vertex 43.0757 18.2222 13.1
      vertex 44.8483 17.9096 13.1
      vertex 43.1 18.5 13.1
    endloop
  endfacet
  facet normal 0 0 1
    outer loop
      vertex 42.8856 19.3 13.1
      vertex 44.4445 20.2 13.1
      vertex 44.1045 20.6855 13.1
    endloop
  endfacet
  facet normal 0 0 1
    outer loop
      vertex 44.8483 17.9096 13.1
      vertex 43.0757 18.2222 13.1
      vertex 44.695 17.3371 13.1
    endloop
  endfacet
  facet normal 0 0 1
    outer loop
      vertex 42.7257 19.5285 13.1
      vertex 44.1045 20.6855 13.1
      vertex 43.6855 21.1045 13.1
    endloop
  endfacet
  facet normal -0 0 1
    outer loop
      vertex 43.0035 17.9528 13.1
      vertex 44.695 17.3371 13.1
      vertex 43.0757 18.2222 13.1
    endloop
  endfacet
  facet normal 0 0 1
    outer loop
      vertex 42.5285 19.7257 13.1
      vertex 43.6855 21.1045 13.1
      vertex 43.2 21.4445 13.1
    endloop
  endfacet
  facet normal 0 0 1
    outer loop
      vertex 44.695 17.3371 13.1
      vertex 43.0035 17.9528 13.1
      vertex 44.4445 16.8 13.1
    endloop
  endfacet
  facet normal -0 0 1
    outer loop
      vertex 42.8856 17.7 13.1
      vertex 44.4445 16.8 13.1
      vertex 43.0035 17.9528 13.1
    endloop
  endfacet
  facet normal 0 0 1
    outer loop
      vertex 44.8483 19.0904 13.1
      vertex 43.0757 18.7778 13.1
      vertex 43.1 18.5 13.1
    endloop
  endfacet
  facet normal 0 0 1
    outer loop
      vertex 44.695 19.6629 13.1
      vertex 43.0035 19.0472 13.1
      vertex 43.0757 18.7778 13.1
    endloop
  endfacet
  facet normal 0 0 1
    outer loop
      vertex 44.4445 20.2 13.1
      vertex 42.8856 19.3 13.1
      vertex 43.0035 19.0472 13.1
    endloop
  endfacet
  facet normal 0 0 1
    outer loop
      vertex 44.1045 20.6855 13.1
      vertex 42.7257 19.5285 13.1
      vertex 42.8856 19.3 13.1
    endloop
  endfacet
  facet normal 0 0 1
    outer loop
      vertex 42.3 19.8856 13.1
      vertex 43.2 21.4445 13.1
      vertex 42.6629 21.695 13.1
    endloop
  endfacet
  facet normal 0 0 1
    outer loop
      vertex 43.6855 21.1045 13.1
      vertex 42.5285 19.7257 13.1
      vertex 42.7257 19.5285 13.1
    endloop
  endfacet
  facet normal 0 0 1
    outer loop
      vertex 43.2 21.4445 13.1
      vertex 42.3 19.8856 13.1
      vertex 42.5285 19.7257 13.1
    endloop
  endfacet
  facet normal 0 0 1
    outer loop
      vertex 42.0472 20.0035 13.1
      vertex 42.6629 21.695 13.1
      vertex 42.0904 21.8483 13.1
    endloop
  endfacet
  facet normal 0 0 1
    outer loop
      vertex 42.6629 21.695 13.1
      vertex 42.0472 20.0035 13.1
      vertex 42.3 19.8856 13.1
    endloop
  endfacet
  facet normal 0 0 1
    outer loop
      vertex 42.0904 21.8483 13.1
      vertex 41.7778 20.0757 13.1
      vertex 42.0472 20.0035 13.1
    endloop
  endfacet
  facet normal 0 0 1
    outer loop
      vertex 41.5 21.9 13.1
      vertex 41.7778 20.0757 13.1
      vertex 42.0904 21.8483 13.1
    endloop
  endfacet
  facet normal 0 0 1
    outer loop
      vertex 41.5 21.9 13.1
      vertex 41.5 20.1 13.1
      vertex 41.7778 20.0757 13.1
    endloop
  endfacet
  facet normal 0 0 1
    outer loop
      vertex 41.5 21.9 13.1
      vertex 41.2222 20.0757 13.1
      vertex 41.5 20.1 13.1
    endloop
  endfacet
  facet normal -0 0 1
    outer loop
      vertex 40.9096 21.8483 13.1
      vertex 41.2222 20.0757 13.1
      vertex 41.5 21.9 13.1
    endloop
  endfacet
  facet normal 0 0 1
    outer loop
      vertex 41.2222 20.0757 13.1
      vertex 40.9096 21.8483 13.1
      vertex 40.9528 20.0035 13.1
    endloop
  endfacet
  facet normal -0 0 1
    outer loop
      vertex 40.3371 21.695 13.1
      vertex 40.9528 20.0035 13.1
      vertex 40.9096 21.8483 13.1
    endloop
  endfacet
  facet normal 0 0 1
    outer loop
      vertex 40.9528 20.0035 13.1
      vertex 40.3371 21.695 13.1
      vertex 40.7 19.8856 13.1
    endloop
  endfacet
  facet normal -0 0 1
    outer loop
      vertex 39.8 21.4445 13.1
      vertex 40.7 19.8856 13.1
      vertex 40.3371 21.695 13.1
    endloop
  endfacet
  facet normal 0 0 1
    outer loop
      vertex 40.7 19.8856 13.1
      vertex 39.8 21.4445 13.1
      vertex 40.4715 19.7257 13.1
    endloop
  endfacet
  facet normal -0 0 1
    outer loop
      vertex 39.3145 21.1045 13.1
      vertex 40.4715 19.7257 13.1
      vertex 39.8 21.4445 13.1
    endloop
  endfacet
  facet normal 0 0 1
    outer loop
      vertex 40.4715 19.7257 13.1
      vertex 39.3145 21.1045 13.1
      vertex 40.2743 19.5285 13.1
    endloop
  endfacet
  facet normal -0 0 1
    outer loop
      vertex 38.8955 20.6855 13.1
      vertex 40.2743 19.5285 13.1
      vertex 39.3145 21.1045 13.1
    endloop
  endfacet
  facet normal -0 0 1
    outer loop
      vertex 38.5555 20.2 13.1
      vertex 40.1144 19.3 13.1
      vertex 38.8955 20.6855 13.1
    endloop
  endfacet
  facet normal 0 0 1
    outer loop
      vertex 40.2743 19.5285 13.1
      vertex 38.8955 20.6855 13.1
      vertex 40.1144 19.3 13.1
    endloop
  endfacet
  facet normal 0 0 1
    outer loop
      vertex 44.4445 16.8 13.1
      vertex 42.8856 17.7 13.1
      vertex 44.1045 16.3145 13.1
    endloop
  endfacet
  facet normal -0 0 1
    outer loop
      vertex 42.7257 17.4715 13.1
      vertex 44.1045 16.3145 13.1
      vertex 42.8856 17.7 13.1
    endloop
  endfacet
  facet normal 0 0 1
    outer loop
      vertex 44.1045 16.3145 13.1
      vertex 42.7257 17.4715 13.1
      vertex 43.6855 15.8954 13.1
    endloop
  endfacet
  facet normal -0 0 1
    outer loop
      vertex 42.5285 17.2743 13.1
      vertex 43.6855 15.8954 13.1
      vertex 42.7257 17.4715 13.1
    endloop
  endfacet
  facet normal 0 0 1
    outer loop
      vertex 43.6855 15.8954 13.1
      vertex 42.5285 17.2743 13.1
      vertex 43.2 15.5555 13.1
    endloop
  endfacet
  facet normal -0 0 1
    outer loop
      vertex 42.3 17.1144 13.1
      vertex 43.2 15.5555 13.1
      vertex 42.5285 17.2743 13.1
    endloop
  endfacet
  facet normal 0 0 1
    outer loop
      vertex 43.2 15.5555 13.1
      vertex 42.3 17.1144 13.1
      vertex 42.6629 15.305 13.1
    endloop
  endfacet
  facet normal -0 0 1
    outer loop
      vertex 42.0472 16.9965 13.1
      vertex 42.6629 15.305 13.1
      vertex 42.3 17.1144 13.1
    endloop
  endfacet
  facet normal 0 0 1
    outer loop
      vertex 42.6629 15.305 13.1
      vertex 42.0472 16.9965 13.1
      vertex 42.0904 15.1517 13.1
    endloop
  endfacet
  facet normal -0 0 1
    outer loop
      vertex 41.7778 16.9243 13.1
      vertex 42.0904 15.1517 13.1
      vertex 42.0472 16.9965 13.1
    endloop
  endfacet
  facet normal -0 0 1
    outer loop
      vertex 41.5 16.9 13.1
      vertex 42.0904 15.1517 13.1
      vertex 41.7778 16.9243 13.1
    endloop
  endfacet
  facet normal 0 0 1
    outer loop
      vertex 41.5 16.9 13.1
      vertex 41.5 15.1 13.1
      vertex 42.0904 15.1517 13.1
    endloop
  endfacet
  facet normal 0 0 1
    outer loop
      vertex 41.2222 16.9243 13.1
      vertex 41.5 15.1 13.1
      vertex 41.5 16.9 13.1
    endloop
  endfacet
  facet normal 0 0 1
    outer loop
      vertex 40.9096 15.1517 13.1
      vertex 41.2222 16.9243 13.1
      vertex 40.9528 16.9965 13.1
    endloop
  endfacet
  facet normal 0 0 1
    outer loop
      vertex 41.2222 16.9243 13.1
      vertex 40.9096 15.1517 13.1
      vertex 41.5 15.1 13.1
    endloop
  endfacet
  facet normal 0 0 1
    outer loop
      vertex 40.3371 15.305 13.1
      vertex 40.9528 16.9965 13.1
      vertex 40.7 17.1144 13.1
    endloop
  endfacet
  facet normal 0 0 1
    outer loop
      vertex 39.8 15.5555 13.1
      vertex 40.7 17.1144 13.1
      vertex 40.4715 17.2743 13.1
    endloop
  endfacet
  facet normal 0 0 1
    outer loop
      vertex 40.9528 16.9965 13.1
      vertex 40.3371 15.305 13.1
      vertex 40.9096 15.1517 13.1
    endloop
  endfacet
  facet normal 0 0 1
    outer loop
      vertex 39.3145 15.8954 13.1
      vertex 40.4715 17.2743 13.1
      vertex 40.2743 17.4715 13.1
    endloop
  endfacet
  facet normal 0 0 1
    outer loop
      vertex 38.8955 16.3145 13.1
      vertex 40.2743 17.4715 13.1
      vertex 40.1144 17.7 13.1
    endloop
  endfacet
  facet normal 0 0 1
    outer loop
      vertex 38.5555 16.8 13.1
      vertex 40.1144 17.7 13.1
      vertex 39.9965 17.9528 13.1
    endloop
  endfacet
  facet normal 0 0 1
    outer loop
      vertex 38.305 17.3371 13.1
      vertex 39.9965 17.9528 13.1
      vertex 39.9243 18.2222 13.1
    endloop
  endfacet
  facet normal 0 0 1
    outer loop
      vertex 40.7 17.1144 13.1
      vertex 39.8 15.5555 13.1
      vertex 40.3371 15.305 13.1
    endloop
  endfacet
  facet normal 0 0 1
    outer loop
      vertex 38.1517 17.9096 13.1
      vertex 39.9243 18.2222 13.1
      vertex 39.9 18.5 13.1
    endloop
  endfacet
  facet normal 0 0 1
    outer loop
      vertex 40.1144 19.3 13.1
      vertex 38.5555 20.2 13.1
      vertex 39.9965 19.0472 13.1
    endloop
  endfacet
  facet normal -0 0 1
    outer loop
      vertex 38.305 19.6629 13.1
      vertex 39.9965 19.0472 13.1
      vertex 38.5555 20.2 13.1
    endloop
  endfacet
  facet normal 0 0 1
    outer loop
      vertex 40.4715 17.2743 13.1
      vertex 39.3145 15.8954 13.1
      vertex 39.8 15.5555 13.1
    endloop
  endfacet
  facet normal 0 0 1
    outer loop
      vertex 39.9965 19.0472 13.1
      vertex 38.305 19.6629 13.1
      vertex 39.9243 18.7778 13.1
    endloop
  endfacet
  facet normal 0 0 1
    outer loop
      vertex 40.2743 17.4715 13.1
      vertex 38.8955 16.3145 13.1
      vertex 39.3145 15.8954 13.1
    endloop
  endfacet
  facet normal -0 0 1
    outer loop
      vertex 38.1517 19.0904 13.1
      vertex 39.9243 18.7778 13.1
      vertex 38.305 19.6629 13.1
    endloop
  endfacet
  facet normal 0 0 1
    outer loop
      vertex 40.1144 17.7 13.1
      vertex 38.5555 16.8 13.1
      vertex 38.8955 16.3145 13.1
    endloop
  endfacet
  facet normal 0 0 1
    outer loop
      vertex 39.9243 18.7778 13.1
      vertex 38.1517 19.0904 13.1
      vertex 39.9 18.5 13.1
    endloop
  endfacet
  facet normal 0 0 1
    outer loop
      vertex 39.9965 17.9528 13.1
      vertex 38.305 17.3371 13.1
      vertex 38.5555 16.8 13.1
    endloop
  endfacet
  facet normal 0 0 1
    outer loop
      vertex 38.1 18.5 13.1
      vertex 39.9 18.5 13.1
      vertex 38.1517 19.0904 13.1
    endloop
  endfacet
  facet normal 0 0 1
    outer loop
      vertex 39.9243 18.2222 13.1
      vertex 38.1517 17.9096 13.1
      vertex 38.305 17.3371 13.1
    endloop
  endfacet
  facet normal 0 0 1
    outer loop
      vertex 39.9 18.5 13.1
      vertex 38.1 18.5 13.1
      vertex 38.1517 17.9096 13.1
    endloop
  endfacet
  facet normal -0.573632 0.819113 0
    outer loop
      vertex 39.8 21.4445 1.1
      vertex 39.3145 21.1045 13.1
      vertex 39.8 21.4445 13.1
    endloop
  endfacet
  facet normal -0.573632 0.819113 0
    outer loop
      vertex 39.3145 21.1045 13.1
      vertex 39.8 21.4445 1.1
      vertex 39.3145 21.1045 1.1
    endloop
  endfacet
  facet normal -0.422682 0.906278 0
    outer loop
      vertex 40.3371 21.695 1.1
      vertex 39.8 21.4445 13.1
      vertex 40.3371 21.695 13.1
    endloop
  endfacet
  facet normal -0.422682 0.906278 0
    outer loop
      vertex 39.8 21.4445 13.1
      vertex 40.3371 21.695 1.1
      vertex 39.8 21.4445 1.1
    endloop
  endfacet
  facet normal -0.707107 0.707107 1.58458e-18
    outer loop
      vertex 38.8955 20.6855 1.1
      vertex 39.3145 21.1045 13.1
      vertex 39.3145 21.1045 1.1
    endloop
  endfacet
  facet normal -0.707107 0.707107 1.58458e-18
    outer loop
      vertex 39.3145 21.1045 13.1
      vertex 38.8955 20.6855 1.1
      vertex 38.8955 20.6855 13.1
    endloop
  endfacet
  facet normal 0.573632 0.819113 -0
    outer loop
      vertex 43.6855 21.1045 1.1
      vertex 43.2 21.4445 13.1
      vertex 43.6855 21.1045 13.1
    endloop
  endfacet
  facet normal 0.573632 0.819113 0
    outer loop
      vertex 43.2 21.4445 13.1
      vertex 43.6855 21.1045 1.1
      vertex 43.2 21.4445 1.1
    endloop
  endfacet
  facet normal -0.25866 0.965968 0
    outer loop
      vertex 40.9096 21.8483 1.1
      vertex 40.3371 21.695 13.1
      vertex 40.9096 21.8483 13.1
    endloop
  endfacet
  facet normal -0.25866 0.965968 0
    outer loop
      vertex 40.3371 21.695 13.1
      vertex 40.9096 21.8483 1.1
      vertex 40.3371 21.695 1.1
    endloop
  endfacet
  facet normal -0.0872339 0.996188 0
    outer loop
      vertex 41.5 21.9 1.1
      vertex 40.9096 21.8483 13.1
      vertex 41.5 21.9 13.1
    endloop
  endfacet
  facet normal -0.0872339 0.996188 0
    outer loop
      vertex 40.9096 21.8483 13.1
      vertex 41.5 21.9 1.1
      vertex 40.9096 21.8483 1.1
    endloop
  endfacet
  facet normal -0.906278 -0.422682 1.90481e-19
    outer loop
      vertex 38.5555 16.8 1.1
      vertex 38.305 17.3371 13.1
      vertex 38.305 17.3371 1.1
    endloop
  endfacet
  facet normal -0.906278 -0.422682 1.90481e-19
    outer loop
      vertex 38.305 17.3371 13.1
      vertex 38.5555 16.8 1.1
      vertex 38.5555 16.8 13.1
    endloop
  endfacet
  facet normal 0.965968 -0.25866 -1.80083e-19
    outer loop
      vertex 44.695 17.3371 13.1
      vertex 44.8483 17.9096 1.1
      vertex 44.8483 17.9096 13.1
    endloop
  endfacet
  facet normal 0.965968 -0.25866 -1.80083e-19
    outer loop
      vertex 44.8483 17.9096 1.1
      vertex 44.695 17.3371 13.1
      vertex 44.695 17.3371 1.1
    endloop
  endfacet
  facet normal -0.819113 -0.573632 5.84412e-19
    outer loop
      vertex 38.8955 16.3145 1.1
      vertex 38.5555 16.8 13.1
      vertex 38.5555 16.8 1.1
    endloop
  endfacet
  facet normal -0.819113 -0.573632 5.84412e-19
    outer loop
      vertex 38.5555 16.8 13.1
      vertex 38.8955 16.3145 1.1
      vertex 38.8955 16.3145 13.1
    endloop
  endfacet
  facet normal 0.422682 -0.906278 0
    outer loop
      vertex 42.6629 15.305 1.1
      vertex 43.2 15.5555 13.1
      vertex 42.6629 15.305 13.1
    endloop
  endfacet
  facet normal 0.422682 -0.906278 0
    outer loop
      vertex 43.2 15.5555 13.1
      vertex 42.6629 15.305 1.1
      vertex 43.2 15.5555 1.1
    endloop
  endfacet
  facet normal 0.25866 0.965968 -0
    outer loop
      vertex 42.6629 21.695 1.1
      vertex 42.0904 21.8483 13.1
      vertex 42.6629 21.695 13.1
    endloop
  endfacet
  facet normal 0.25866 0.965968 0
    outer loop
      vertex 42.0904 21.8483 13.1
      vertex 42.6629 21.695 1.1
      vertex 42.0904 21.8483 1.1
    endloop
  endfacet
  facet normal -0.707191 -0.707022 1.26262e-18
    outer loop
      vertex 39.3145 15.8954 1.1
      vertex 38.8955 16.3145 13.1
      vertex 38.8955 16.3145 1.1
    endloop
  endfacet
  facet normal -0.707191 -0.707022 1.26262e-18
    outer loop
      vertex 38.8955 16.3145 13.1
      vertex 39.3145 15.8954 1.1
      vertex 39.3145 15.8954 13.1
    endloop
  endfacet
  facet normal -0.996188 0.0872339 2.02307e-19
    outer loop
      vertex 38.1 18.5 1.1
      vertex 38.1517 19.0904 13.1
      vertex 38.1517 19.0904 1.1
    endloop
  endfacet
  facet normal -0.996188 0.0872339 2.02307e-19
    outer loop
      vertex 38.1517 19.0904 13.1
      vertex 38.1 18.5 1.1
      vertex 38.1 18.5 13.1
    endloop
  endfacet
  facet normal -0.25866 -0.965968 0
    outer loop
      vertex 40.3371 15.305 1.1
      vertex 40.9096 15.1517 13.1
      vertex 40.3371 15.305 13.1
    endloop
  endfacet
  facet normal -0.25866 -0.965968 -0
    outer loop
      vertex 40.9096 15.1517 13.1
      vertex 40.3371 15.305 1.1
      vertex 40.9096 15.1517 1.1
    endloop
  endfacet
  facet normal 0.707191 -0.707022 -1.26262e-18
    outer loop
      vertex 43.6855 15.8954 13.1
      vertex 44.1045 16.3145 1.1
      vertex 44.1045 16.3145 13.1
    endloop
  endfacet
  facet normal 0.707191 -0.707022 -1.26262e-18
    outer loop
      vertex 44.1045 16.3145 1.1
      vertex 43.6855 15.8954 13.1
      vertex 43.6855 15.8954 1.1
    endloop
  endfacet
  facet normal 0.573519 -0.819192 0
    outer loop
      vertex 43.2 15.5555 1.1
      vertex 43.6855 15.8954 13.1
      vertex 43.2 15.5555 13.1
    endloop
  endfacet
  facet normal 0.573519 -0.819192 0
    outer loop
      vertex 43.6855 15.8954 13.1
      vertex 43.2 15.5555 1.1
      vertex 43.6855 15.8954 1.1
    endloop
  endfacet
  facet normal -0.573519 -0.819192 0
    outer loop
      vertex 39.3145 15.8954 1.1
      vertex 39.8 15.5555 13.1
      vertex 39.3145 15.8954 13.1
    endloop
  endfacet
  facet normal -0.573519 -0.819192 -0
    outer loop
      vertex 39.8 15.5555 13.1
      vertex 39.3145 15.8954 1.1
      vertex 39.8 15.5555 1.1
    endloop
  endfacet
  facet normal -0.819113 0.573632 -5.84412e-19
    outer loop
      vertex 38.5555 20.2 1.1
      vertex 38.8955 20.6855 13.1
      vertex 38.8955 20.6855 1.1
    endloop
  endfacet
  facet normal -0.819113 0.573632 -5.84412e-19
    outer loop
      vertex 38.8955 20.6855 13.1
      vertex 38.5555 20.2 1.1
      vertex 38.5555 20.2 13.1
    endloop
  endfacet
  facet normal 0.258868 -0.965913 0
    outer loop
      vertex 40.9528 20.0035 1.1
      vertex 41.2222 20.0757 13.1
      vertex 40.9528 20.0035 13.1
    endloop
  endfacet
  facet normal 0.258868 -0.965913 0
    outer loop
      vertex 41.2222 20.0757 13.1
      vertex 40.9528 20.0035 1.1
      vertex 41.2222 20.0757 1.1
    endloop
  endfacet
  facet normal -0.965913 -0.258868 2.56238e-19
    outer loop
      vertex 43.0757 18.7778 1.1
      vertex 43.0035 19.0472 13.1
      vertex 43.0035 19.0472 1.1
    endloop
  endfacet
  facet normal -0.965913 -0.258868 2.56238e-19
    outer loop
      vertex 43.0035 19.0472 13.1
      vertex 43.0757 18.7778 1.1
      vertex 43.0757 18.7778 13.1
    endloop
  endfacet
  facet normal -0.996196 -0.0871403 -1.15766e-19
    outer loop
      vertex 43.1 18.5 1.1
      vertex 43.0757 18.7778 13.1
      vertex 43.0757 18.7778 1.1
    endloop
  endfacet
  facet normal -0.996196 -0.0871403 -1.15766e-19
    outer loop
      vertex 43.0757 18.7778 13.1
      vertex 43.1 18.5 1.1
      vertex 43.1 18.5 13.1
    endloop
  endfacet
  facet normal -0.906284 -0.42267 4.80237e-19
    outer loop
      vertex 43.0035 19.0472 1.1
      vertex 42.8856 19.3 13.1
      vertex 42.8856 19.3 1.1
    endloop
  endfacet
  facet normal -0.906284 -0.42267 4.80237e-19
    outer loop
      vertex 42.8856 19.3 13.1
      vertex 43.0035 19.0472 1.1
      vertex 43.0035 19.0472 13.1
    endloop
  endfacet
  facet normal 0.906284 0.42267 4.80237e-19
    outer loop
      vertex 40.1144 17.7 13.1
      vertex 39.9965 17.9528 1.1
      vertex 39.9965 17.9528 13.1
    endloop
  endfacet
  facet normal 0.906284 0.42267 4.80237e-19
    outer loop
      vertex 39.9965 17.9528 1.1
      vertex 40.1144 17.7 13.1
      vertex 40.1144 17.7 1.1
    endloop
  endfacet
  facet normal -0.906284 0.42267 -4.80237e-19
    outer loop
      vertex 42.8856 17.7 1.1
      vertex 43.0035 17.9528 13.1
      vertex 43.0035 17.9528 1.1
    endloop
  endfacet
  facet normal -0.906284 0.42267 -4.80237e-19
    outer loop
      vertex 43.0035 17.9528 13.1
      vertex 42.8856 17.7 1.1
      vertex 42.8856 17.7 13.1
    endloop
  endfacet
  facet normal -0.819316 0.573342 5.35663e-19
    outer loop
      vertex 42.7257 17.4715 1.1
      vertex 42.8856 17.7 13.1
      vertex 42.8856 17.7 1.1
    endloop
  endfacet
  facet normal -0.819316 0.573342 5.35663e-19
    outer loop
      vertex 42.8856 17.7 13.1
      vertex 42.7257 17.4715 1.1
      vertex 42.7257 17.4715 13.1
    endloop
  endfacet
  facet normal -0.996196 0.0871403 1.15766e-19
    outer loop
      vertex 43.0757 18.2222 1.1
      vertex 43.1 18.5 13.1
      vertex 43.1 18.5 1.1
    endloop
  endfacet
  facet normal -0.996196 0.0871403 1.15766e-19
    outer loop
      vertex 43.1 18.5 13.1
      vertex 43.0757 18.2222 1.1
      vertex 43.0757 18.2222 13.1
    endloop
  endfacet
  facet normal -0.819316 -0.573342 -5.35663e-19
    outer loop
      vertex 42.8856 19.3 1.1
      vertex 42.7257 19.5285 13.1
      vertex 42.7257 19.5285 1.1
    endloop
  endfacet
  facet normal -0.819316 -0.573342 -5.35663e-19
    outer loop
      vertex 42.7257 19.5285 13.1
      vertex 42.8856 19.3 1.1
      vertex 42.8856 19.3 13.1
    endloop
  endfacet
  facet normal 0.707107 -0.707107 0
    outer loop
      vertex 40.2743 19.5285 1.1
      vertex 40.4715 19.7257 13.1
      vertex 40.2743 19.5285 13.1
    endloop
  endfacet
  facet normal 0.707107 -0.707107 0
    outer loop
      vertex 40.4715 19.7257 13.1
      vertex 40.2743 19.5285 1.1
      vertex 40.4715 19.7257 1.1
    endloop
  endfacet
  facet normal 0.0871403 -0.996196 0
    outer loop
      vertex 41.2222 20.0757 1.1
      vertex 41.5 20.1 13.1
      vertex 41.2222 20.0757 13.1
    endloop
  endfacet
  facet normal 0.0871403 -0.996196 0
    outer loop
      vertex 41.5 20.1 13.1
      vertex 41.2222 20.0757 1.1
      vertex 41.5 20.1 1.1
    endloop
  endfacet
  facet normal 0.573342 -0.819316 0
    outer loop
      vertex 40.4715 19.7257 1.1
      vertex 40.7 19.8856 13.1
      vertex 40.4715 19.7257 13.1
    endloop
  endfacet
  facet normal 0.573342 -0.819316 0
    outer loop
      vertex 40.7 19.8856 13.1
      vertex 40.4715 19.7257 1.1
      vertex 40.7 19.8856 1.1
    endloop
  endfacet
  facet normal 0.42267 -0.906284 0
    outer loop
      vertex 40.7 19.8856 1.1
      vertex 40.9528 20.0035 13.1
      vertex 40.7 19.8856 13.1
    endloop
  endfacet
  facet normal 0.42267 -0.906284 0
    outer loop
      vertex 40.9528 20.0035 13.1
      vertex 40.7 19.8856 1.1
      vertex 40.9528 20.0035 1.1
    endloop
  endfacet
  facet normal -0.42267 0.906284 0
    outer loop
      vertex 42.3 17.1144 1.1
      vertex 42.0472 16.9965 13.1
      vertex 42.3 17.1144 13.1
    endloop
  endfacet
  facet normal -0.42267 0.906284 0
    outer loop
      vertex 42.0472 16.9965 13.1
      vertex 42.3 17.1144 1.1
      vertex 42.0472 16.9965 1.1
    endloop
  endfacet
  facet normal 0.996196 0.0871403 -1.15766e-19
    outer loop
      vertex 39.9243 18.2222 13.1
      vertex 39.9 18.5 1.1
      vertex 39.9 18.5 13.1
    endloop
  endfacet
  facet normal 0.996196 0.0871403 -1.15766e-19
    outer loop
      vertex 39.9 18.5 1.1
      vertex 39.9243 18.2222 13.1
      vertex 39.9243 18.2222 1.1
    endloop
  endfacet
  facet normal -0.573342 -0.819316 0
    outer loop
      vertex 42.3 19.8856 1.1
      vertex 42.5285 19.7257 13.1
      vertex 42.3 19.8856 13.1
    endloop
  endfacet
  facet normal -0.573342 -0.819316 -0
    outer loop
      vertex 42.5285 19.7257 13.1
      vertex 42.3 19.8856 1.1
      vertex 42.5285 19.7257 1.1
    endloop
  endfacet
  facet normal -0.258868 -0.965913 0
    outer loop
      vertex 41.7778 20.0757 1.1
      vertex 42.0472 20.0035 13.1
      vertex 41.7778 20.0757 13.1
    endloop
  endfacet
  facet normal -0.258868 -0.965913 -0
    outer loop
      vertex 42.0472 20.0035 13.1
      vertex 41.7778 20.0757 1.1
      vertex 42.0472 20.0035 1.1
    endloop
  endfacet
  facet normal -0.573342 0.819316 0
    outer loop
      vertex 42.5285 17.2743 1.1
      vertex 42.3 17.1144 13.1
      vertex 42.5285 17.2743 13.1
    endloop
  endfacet
  facet normal -0.573342 0.819316 0
    outer loop
      vertex 42.3 17.1144 13.1
      vertex 42.5285 17.2743 1.1
      vertex 42.3 17.1144 1.1
    endloop
  endfacet
  facet normal 0.965913 -0.258868 -2.56238e-19
    outer loop
      vertex 39.9243 18.7778 13.1
      vertex 39.9965 19.0472 1.1
      vertex 39.9965 19.0472 13.1
    endloop
  endfacet
  facet normal 0.965913 -0.258868 -2.56238e-19
    outer loop
      vertex 39.9965 19.0472 1.1
      vertex 39.9243 18.7778 13.1
      vertex 39.9243 18.7778 1.1
    endloop
  endfacet
  facet normal -0.42267 -0.906284 0
    outer loop
      vertex 42.0472 20.0035 1.1
      vertex 42.3 19.8856 13.1
      vertex 42.0472 20.0035 13.1
    endloop
  endfacet
  facet normal -0.42267 -0.906284 -0
    outer loop
      vertex 42.3 19.8856 13.1
      vertex 42.0472 20.0035 1.1
      vertex 42.3 19.8856 1.1
    endloop
  endfacet
  facet normal 0.819316 -0.573342 5.35663e-19
    outer loop
      vertex 40.1144 19.3 13.1
      vertex 40.2743 19.5285 1.1
      vertex 40.2743 19.5285 13.1
    endloop
  endfacet
  facet normal 0.819316 -0.573342 5.35663e-19
    outer loop
      vertex 40.2743 19.5285 1.1
      vertex 40.1144 19.3 13.1
      vertex 40.1144 19.3 1.1
    endloop
  endfacet
  facet normal 0.819316 0.573342 -5.35663e-19
    outer loop
      vertex 40.2743 17.4715 13.1
      vertex 40.1144 17.7 1.1
      vertex 40.1144 17.7 13.1
    endloop
  endfacet
  facet normal 0.819316 0.573342 -5.35663e-19
    outer loop
      vertex 40.1144 17.7 1.1
      vertex 40.2743 17.4715 13.1
      vertex 40.2743 17.4715 1.1
    endloop
  endfacet
  facet normal -0.258868 0.965913 0
    outer loop
      vertex 42.0472 16.9965 1.1
      vertex 41.7778 16.9243 13.1
      vertex 42.0472 16.9965 13.1
    endloop
  endfacet
  facet normal -0.258868 0.965913 0
    outer loop
      vertex 41.7778 16.9243 13.1
      vertex 42.0472 16.9965 1.1
      vertex 41.7778 16.9243 1.1
    endloop
  endfacet
  facet normal -0.707107 0.707107 0
    outer loop
      vertex 42.7257 17.4715 1.1
      vertex 42.5285 17.2743 13.1
      vertex 42.7257 17.4715 13.1
    endloop
  endfacet
  facet normal -0.707107 0.707107 0
    outer loop
      vertex 42.5285 17.2743 13.1
      vertex 42.7257 17.4715 1.1
      vertex 42.5285 17.2743 1.1
    endloop
  endfacet
  facet normal -0.707107 -0.707107 0
    outer loop
      vertex 42.5285 19.7257 1.1
      vertex 42.7257 19.5285 13.1
      vertex 42.5285 19.7257 13.1
    endloop
  endfacet
  facet normal -0.707107 -0.707107 -0
    outer loop
      vertex 42.7257 19.5285 13.1
      vertex 42.5285 19.7257 1.1
      vertex 42.7257 19.5285 1.1
    endloop
  endfacet
  facet normal -0.965913 0.258868 -2.56238e-19
    outer loop
      vertex 43.0035 17.9528 1.1
      vertex 43.0757 18.2222 13.1
      vertex 43.0757 18.2222 1.1
    endloop
  endfacet
  facet normal -0.965913 0.258868 -2.56238e-19
    outer loop
      vertex 43.0757 18.2222 13.1
      vertex 43.0035 17.9528 1.1
      vertex 43.0035 17.9528 13.1
    endloop
  endfacet
  facet normal 0.707107 0.707107 -0
    outer loop
      vertex 40.4715 17.2743 1.1
      vertex 40.2743 17.4715 13.1
      vertex 40.4715 17.2743 13.1
    endloop
  endfacet
  facet normal 0.707107 0.707107 0
    outer loop
      vertex 40.2743 17.4715 13.1
      vertex 40.4715 17.2743 1.1
      vertex 40.2743 17.4715 1.1
    endloop
  endfacet
  facet normal 0.906284 -0.42267 -4.80237e-19
    outer loop
      vertex 39.9965 19.0472 13.1
      vertex 40.1144 19.3 1.1
      vertex 40.1144 19.3 13.1
    endloop
  endfacet
  facet normal 0.906284 -0.42267 -4.80237e-19
    outer loop
      vertex 40.1144 19.3 1.1
      vertex 39.9965 19.0472 13.1
      vertex 39.9965 19.0472 1.1
    endloop
  endfacet
  facet normal 0.573342 0.819316 -0
    outer loop
      vertex 40.7 17.1144 1.1
      vertex 40.4715 17.2743 13.1
      vertex 40.7 17.1144 13.1
    endloop
  endfacet
  facet normal 0.573342 0.819316 0
    outer loop
      vertex 40.4715 17.2743 13.1
      vertex 40.7 17.1144 1.1
      vertex 40.4715 17.2743 1.1
    endloop
  endfacet
  facet normal -0.0871403 0.996196 0
    outer loop
      vertex 41.7778 16.9243 1.1
      vertex 41.5 16.9 13.1
      vertex 41.7778 16.9243 13.1
    endloop
  endfacet
  facet normal -0.0871403 0.996196 0
    outer loop
      vertex 41.5 16.9 13.1
      vertex 41.7778 16.9243 1.1
      vertex 41.5 16.9 1.1
    endloop
  endfacet
  facet normal -0.0871403 -0.996196 0
    outer loop
      vertex 41.5 20.1 1.1
      vertex 41.7778 20.0757 13.1
      vertex 41.5 20.1 13.1
    endloop
  endfacet
  facet normal -0.0871403 -0.996196 -0
    outer loop
      vertex 41.7778 20.0757 13.1
      vertex 41.5 20.1 1.1
      vertex 41.7778 20.0757 1.1
    endloop
  endfacet
  facet normal 0.996196 -0.0871403 1.15766e-19
    outer loop
      vertex 39.9 18.5 13.1
      vertex 39.9243 18.7778 1.1
      vertex 39.9243 18.7778 13.1
    endloop
  endfacet
  facet normal 0.996196 -0.0871403 1.15766e-19
    outer loop
      vertex 39.9243 18.7778 1.1
      vertex 39.9 18.5 13.1
      vertex 39.9 18.5 1.1
    endloop
  endfacet
  facet normal 0.0871403 0.996196 -0
    outer loop
      vertex 41.5 16.9 1.1
      vertex 41.2222 16.9243 13.1
      vertex 41.5 16.9 13.1
    endloop
  endfacet
  facet normal 0.0871403 0.996196 0
    outer loop
      vertex 41.2222 16.9243 13.1
      vertex 41.5 16.9 1.1
      vertex 41.2222 16.9243 1.1
    endloop
  endfacet
  facet normal 0.258868 0.965913 -0
    outer loop
      vertex 41.2222 16.9243 1.1
      vertex 40.9528 16.9965 13.1
      vertex 41.2222 16.9243 13.1
    endloop
  endfacet
  facet normal 0.258868 0.965913 0
    outer loop
      vertex 40.9528 16.9965 13.1
      vertex 41.2222 16.9243 1.1
      vertex 40.9528 16.9965 1.1
    endloop
  endfacet
  facet normal 0.965913 0.258868 2.56238e-19
    outer loop
      vertex 39.9965 17.9528 13.1
      vertex 39.9243 18.2222 1.1
      vertex 39.9243 18.2222 13.1
    endloop
  endfacet
  facet normal 0.965913 0.258868 2.56238e-19
    outer loop
      vertex 39.9243 18.2222 1.1
      vertex 39.9965 17.9528 13.1
      vertex 39.9965 17.9528 1.1
    endloop
  endfacet
  facet normal 0.42267 0.906284 -0
    outer loop
      vertex 40.9528 16.9965 1.1
      vertex 40.7 17.1144 13.1
      vertex 40.9528 16.9965 13.1
    endloop
  endfacet
  facet normal 0.42267 0.906284 0
    outer loop
      vertex 40.7 17.1144 13.1
      vertex 40.9528 16.9965 1.1
      vertex 40.7 17.1144 1.1
    endloop
  endfacet
  facet normal 1 -0 0
    outer loop
      vertex 38.5 -22.6 3.3
      vertex 38.5 -21 1.1
      vertex 38.5 -21 3.3
    endloop
  endfacet
  facet normal 1 0 0
    outer loop
      vertex 38.5 -21 1.1
      vertex 38.5 -22.6 3.3
      vertex 38.5 -22.6 1.1
    endloop
  endfacet
  facet normal 0 0 1
    outer loop
      vertex 38.5 -21 3.3
      vertex 31.318 -22.6 3.3
      vertex 38.5 -22.6 3.3
    endloop
  endfacet
  facet normal 0 0 1
    outer loop
      vertex 38.5 -21 3.3
      vertex 31.2981 -22.5716 3.3
      vertex 31.318 -22.6 3.3
    endloop
  endfacet
  facet normal 0 0 1
    outer loop
      vertex 38.5 -21 3.3
      vertex 30.9284 -22.2019 3.3
      vertex 31.2981 -22.5716 3.3
    endloop
  endfacet
  facet normal 0 0 1
    outer loop
      vertex 38.5 -21 3.3
      vertex 30.5 -21.9019 3.3
      vertex 30.9284 -22.2019 3.3
    endloop
  endfacet
  facet normal 0 0 1
    outer loop
      vertex 38.5 -21 3.3
      vertex 30.0261 -21.6809 3.3
      vertex 30.5 -21.9019 3.3
    endloop
  endfacet
  facet normal 0 0 1
    outer loop
      vertex 38.5 -21 3.3
      vertex 29.5209 -21.5456 3.3
      vertex 30.0261 -21.6809 3.3
    endloop
  endfacet
  facet normal 0 0 1
    outer loop
      vertex 38.5 -21 3.3
      vertex 29 -21.5 3.3
      vertex 29.5209 -21.5456 3.3
    endloop
  endfacet
  facet normal 0 0 1
    outer loop
      vertex 26.7019 -22.5716 3.3
      vertex -26.682 -22.6 3.3
      vertex 26.682 -22.6 3.3
    endloop
  endfacet
  facet normal 0 0 1
    outer loop
      vertex -26.7019 -22.5716 3.3
      vertex 26.7019 -22.5716 3.3
      vertex 27.0716 -22.2019 3.3
    endloop
  endfacet
  facet normal 0 0 1
    outer loop
      vertex -27.0716 -22.2019 3.3
      vertex 27.0716 -22.2019 3.3
      vertex 27.5 -21.9019 3.3
    endloop
  endfacet
  facet normal 0 0 1
    outer loop
      vertex -27.5 -21.9019 3.3
      vertex 27.5 -21.9019 3.3
      vertex 27.9739 -21.6809 3.3
    endloop
  endfacet
  facet normal 0 0 1
    outer loop
      vertex -27.9739 -21.6809 3.3
      vertex 27.9739 -21.6809 3.3
      vertex 28.4791 -21.5456 3.3
    endloop
  endfacet
  facet normal 0 0 1
    outer loop
      vertex -28.4791 -21.5456 3.3
      vertex 28.4791 -21.5456 3.3
      vertex 29 -21.5 3.3
    endloop
  endfacet
  facet normal 0 0 1
    outer loop
      vertex -29 -21.5 3.3
      vertex 29 -21.5 3.3
      vertex 38.5 -21 3.3
    endloop
  endfacet
  facet normal 0 0 1
    outer loop
      vertex 26.7019 -22.5716 3.3
      vertex -26.7019 -22.5716 3.3
      vertex -26.682 -22.6 3.3
    endloop
  endfacet
  facet normal 0 0 1
    outer loop
      vertex 27.0716 -22.2019 3.3
      vertex -27.0716 -22.2019 3.3
      vertex -26.7019 -22.5716 3.3
    endloop
  endfacet
  facet normal 0 0 1
    outer loop
      vertex 27.5 -21.9019 3.3
      vertex -27.5 -21.9019 3.3
      vertex -27.0716 -22.2019 3.3
    endloop
  endfacet
  facet normal 0 0 1
    outer loop
      vertex 27.9739 -21.6809 3.3
      vertex -27.9739 -21.6809 3.3
      vertex -27.5 -21.9019 3.3
    endloop
  endfacet
  facet normal 0 0 1
    outer loop
      vertex 28.4791 -21.5456 3.3
      vertex -28.4791 -21.5456 3.3
      vertex -27.9739 -21.6809 3.3
    endloop
  endfacet
  facet normal 0 0 1
    outer loop
      vertex 29 -21.5 3.3
      vertex -29 -21.5 3.3
      vertex -28.4791 -21.5456 3.3
    endloop
  endfacet
  facet normal -0 0 1
    outer loop
      vertex -38.5 -21 3.3
      vertex -29 -21.5 3.3
      vertex 38.5 -21 3.3
    endloop
  endfacet
  facet normal 0 0 1
    outer loop
      vertex -38.5 -21 3.3
      vertex -29.5209 -21.5456 3.3
      vertex -29 -21.5 3.3
    endloop
  endfacet
  facet normal 0 0 1
    outer loop
      vertex -38.5 -21 3.3
      vertex -30.0261 -21.6809 3.3
      vertex -29.5209 -21.5456 3.3
    endloop
  endfacet
  facet normal 0 0 1
    outer loop
      vertex -38.5 -21 3.3
      vertex -30.5 -21.9019 3.3
      vertex -30.0261 -21.6809 3.3
    endloop
  endfacet
  facet normal 0 0 1
    outer loop
      vertex -38.5 -21 3.3
      vertex -30.9284 -22.2019 3.3
      vertex -30.5 -21.9019 3.3
    endloop
  endfacet
  facet normal 0 0 1
    outer loop
      vertex -38.5 -21 3.3
      vertex -31.2981 -22.5716 3.3
      vertex -30.9284 -22.2019 3.3
    endloop
  endfacet
  facet normal 0 0 1
    outer loop
      vertex -38.5 -21 3.3
      vertex -31.318 -22.6 3.3
      vertex -31.2981 -22.5716 3.3
    endloop
  endfacet
  facet normal 0 0 1
    outer loop
      vertex -31.318 -22.6 3.3
      vertex -38.5 -21 3.3
      vertex -38.5 -22.6 3.3
    endloop
  endfacet
  facet normal -1 0 0
    outer loop
      vertex -38.5 -22.6 1.1
      vertex -38.5 -21 3.3
      vertex -38.5 -21 1.1
    endloop
  endfacet
  facet normal -1 -0 0
    outer loop
      vertex -38.5 -21 3.3
      vertex -38.5 -22.6 1.1
      vertex -38.5 -22.6 3.3
    endloop
  endfacet
  facet normal 0 1 -0
    outer loop
      vertex 22.268 -21 1.1
      vertex -22.268 -21 2.5
      vertex 22.268 -21 2.5
    endloop
  endfacet
  facet normal 0 1 0
    outer loop
      vertex -22.268 -21 2.5
      vertex 22.268 -21 1.1
      vertex -22.268 -21 1.1
    endloop
  endfacet
  facet normal 0 1 0
    outer loop
      vertex 22.268 -21 2.5
      vertex 38.5 -21 3.3
      vertex 35.732 -21 2.5
    endloop
  endfacet
  facet normal 0 1 -0
    outer loop
      vertex 38.5 -21 1.1
      vertex 35.732 -21 2.5
      vertex 38.5 -21 3.3
    endloop
  endfacet
  facet normal 0 1 0
    outer loop
      vertex 35.732 -21 2.5
      vertex 38.5 -21 1.1
      vertex 35.732 -21 1.1
    endloop
  endfacet
  facet normal 0 1 0
    outer loop
      vertex 38.5 -21 3.3
      vertex 22.268 -21 2.5
      vertex -38.5 -21 3.3
    endloop
  endfacet
  facet normal 0 1 -0
    outer loop
      vertex -22.268 -21 2.5
      vertex -38.5 -21 3.3
      vertex 22.268 -21 2.5
    endloop
  endfacet
  facet normal 0 1 -0
    outer loop
      vertex -35.732 -21 2.5
      vertex -38.5 -21 3.3
      vertex -22.268 -21 2.5
    endloop
  endfacet
  facet normal 0 1 0
    outer loop
      vertex -38.5 -21 1.1
      vertex -35.732 -21 2.5
      vertex -35.732 -21 1.1
    endloop
  endfacet
  facet normal 0 1 0
    outer loop
      vertex -35.732 -21 2.5
      vertex -38.5 -21 1.1
      vertex -38.5 -21 3.3
    endloop
  endfacet
  facet normal 0 -1 0
    outer loop
      vertex -38.5 -22.6 3.3
      vertex -36 -22.6 2.5
      vertex -31.318 -22.6 3.3
    endloop
  endfacet
  facet normal 0 -1 0
    outer loop
      vertex -38.5 -22.6 1.1
      vertex -36 -22.6 2.5
      vertex -38.5 -22.6 3.3
    endloop
  endfacet
  facet normal 0 -1 -0
    outer loop
      vertex -36 -22.6 2.5
      vertex -38.5 -22.6 1.1
      vertex -36 -22.6 1.1
    endloop
  endfacet
  facet normal 0 -1 -0
    outer loop
      vertex -31.318 -22.6 3.3
      vertex -36 -22.6 2.5
      vertex -31.318 -22.6 2.5
    endloop
  endfacet
  facet normal 0 -1 0
    outer loop
      vertex 36 -22.6 2.5
      vertex 31.318 -22.6 3.3
      vertex 31.318 -22.6 2.5
    endloop
  endfacet
  facet normal 0 -1 0
    outer loop
      vertex 31.318 -22.6 3.3
      vertex 36 -22.6 2.5
      vertex 38.5 -22.6 3.3
    endloop
  endfacet
  facet normal 0 -1 0
    outer loop
      vertex 38.5 -22.6 1.1
      vertex 36 -22.6 2.5
      vertex 36 -22.6 1.1
    endloop
  endfacet
  facet normal 0 -1 0
    outer loop
      vertex 36 -22.6 2.5
      vertex 38.5 -22.6 1.1
      vertex 38.5 -22.6 3.3
    endloop
  endfacet
  facet normal 0 -1 0
    outer loop
      vertex -22 -22.6 1.1
      vertex 22 -22.6 2.5
      vertex -22 -22.6 2.5
    endloop
  endfacet
  facet normal 0 -1 -0
    outer loop
      vertex 22 -22.6 2.5
      vertex -22 -22.6 1.1
      vertex 22 -22.6 1.1
    endloop
  endfacet
  facet normal 0 -1 0
    outer loop
      vertex -22 -22.6 2.5
      vertex -26.682 -22.6 3.3
      vertex -26.682 -22.6 2.5
    endloop
  endfacet
  facet normal 0 -1 0
    outer loop
      vertex -26.682 -22.6 3.3
      vertex -22 -22.6 2.5
      vertex 26.682 -22.6 3.3
    endloop
  endfacet
  facet normal 0 -1 0
    outer loop
      vertex 22 -22.6 2.5
      vertex 26.682 -22.6 3.3
      vertex -22 -22.6 2.5
    endloop
  endfacet
  facet normal 0 -1 -0
    outer loop
      vertex 26.682 -22.6 3.3
      vertex 22 -22.6 2.5
      vertex 26.682 -22.6 2.5
    endloop
  endfacet
  facet normal 1 -0 0
    outer loop
      vertex 38.5 21 3.3
      vertex 38.5 22.6 1.1
      vertex 38.5 22.6 3.3
    endloop
  endfacet
  facet normal 1 0 0
    outer loop
      vertex 38.5 22.6 1.1
      vertex 38.5 21 3.3
      vertex 38.5 21 1.1
    endloop
  endfacet
  facet normal -0 0 1
    outer loop
      vertex 31.318 22.6 3.3
      vertex 38.5 21 3.3
      vertex 38.5 22.6 3.3
    endloop
  endfacet
  facet normal -0 0 1
    outer loop
      vertex 31.2981 22.5716 3.3
      vertex 38.5 21 3.3
      vertex 31.318 22.6 3.3
    endloop
  endfacet
  facet normal -0 0 1
    outer loop
      vertex 30.9284 22.2019 3.3
      vertex 38.5 21 3.3
      vertex 31.2981 22.5716 3.3
    endloop
  endfacet
  facet normal -0 0 1
    outer loop
      vertex 30.5 21.9019 3.3
      vertex 38.5 21 3.3
      vertex 30.9284 22.2019 3.3
    endloop
  endfacet
  facet normal -0 0 1
    outer loop
      vertex 30.0261 21.6809 3.3
      vertex 38.5 21 3.3
      vertex 30.5 21.9019 3.3
    endloop
  endfacet
  facet normal -0 0 1
    outer loop
      vertex 29.5209 21.5456 3.3
      vertex 38.5 21 3.3
      vertex 30.0261 21.6809 3.3
    endloop
  endfacet
  facet normal -0 0 1
    outer loop
      vertex 29 21.5 3.3
      vertex 38.5 21 3.3
      vertex 29.5209 21.5456 3.3
    endloop
  endfacet
  facet normal -0 0 1
    outer loop
      vertex -26.682 22.6 3.3
      vertex 26.7019 22.5716 3.3
      vertex 26.682 22.6 3.3
    endloop
  endfacet
  facet normal 0 0 1
    outer loop
      vertex -26.7019 22.5716 3.3
      vertex 26.7019 22.5716 3.3
      vertex -26.682 22.6 3.3
    endloop
  endfacet
  facet normal 0 0 1
    outer loop
      vertex 26.7019 22.5716 3.3
      vertex -26.7019 22.5716 3.3
      vertex 27.0716 22.2019 3.3
    endloop
  endfacet
  facet normal 0 0 1
    outer loop
      vertex -27.0716 22.2019 3.3
      vertex 27.0716 22.2019 3.3
      vertex -26.7019 22.5716 3.3
    endloop
  endfacet
  facet normal 0 0 1
    outer loop
      vertex 27.0716 22.2019 3.3
      vertex -27.0716 22.2019 3.3
      vertex 27.5 21.9019 3.3
    endloop
  endfacet
  facet normal 0 0 1
    outer loop
      vertex -27.5 21.9019 3.3
      vertex 27.5 21.9019 3.3
      vertex -27.0716 22.2019 3.3
    endloop
  endfacet
  facet normal 0 0 1
    outer loop
      vertex 27.5 21.9019 3.3
      vertex -27.5 21.9019 3.3
      vertex 27.9739 21.6809 3.3
    endloop
  endfacet
  facet normal 0 0 1
    outer loop
      vertex -27.9739 21.6809 3.3
      vertex 27.9739 21.6809 3.3
      vertex -27.5 21.9019 3.3
    endloop
  endfacet
  facet normal 0 0 1
    outer loop
      vertex 27.9739 21.6809 3.3
      vertex -27.9739 21.6809 3.3
      vertex 28.4791 21.5456 3.3
    endloop
  endfacet
  facet normal 0 0 1
    outer loop
      vertex -28.4791 21.5456 3.3
      vertex 28.4791 21.5456 3.3
      vertex -27.9739 21.6809 3.3
    endloop
  endfacet
  facet normal 0 0 1
    outer loop
      vertex 28.4791 21.5456 3.3
      vertex -28.4791 21.5456 3.3
      vertex 29 21.5 3.3
    endloop
  endfacet
  facet normal 0 0 1
    outer loop
      vertex -29 21.5 3.3
      vertex 29 21.5 3.3
      vertex -28.4791 21.5456 3.3
    endloop
  endfacet
  facet normal 0 0 1
    outer loop
      vertex 29 21.5 3.3
      vertex -29 21.5 3.3
      vertex 38.5 21 3.3
    endloop
  endfacet
  facet normal 0 0 1
    outer loop
      vertex -38.5 21 3.3
      vertex -31.318 22.6 3.3
      vertex -38.5 22.6 3.3
    endloop
  endfacet
  facet normal 0 0 1
    outer loop
      vertex -31.318 22.6 3.3
      vertex -38.5 21 3.3
      vertex -31.2981 22.5716 3.3
    endloop
  endfacet
  facet normal 0 0 1
    outer loop
      vertex -31.2981 22.5716 3.3
      vertex -38.5 21 3.3
      vertex -30.9284 22.2019 3.3
    endloop
  endfacet
  facet normal 0 0 1
    outer loop
      vertex -30.9284 22.2019 3.3
      vertex -38.5 21 3.3
      vertex -30.5 21.9019 3.3
    endloop
  endfacet
  facet normal 0 0 1
    outer loop
      vertex -30.5 21.9019 3.3
      vertex -38.5 21 3.3
      vertex -30.0261 21.6809 3.3
    endloop
  endfacet
  facet normal 0 0 1
    outer loop
      vertex -29 21.5 3.3
      vertex -38.5 21 3.3
      vertex 38.5 21 3.3
    endloop
  endfacet
  facet normal 0 0 1
    outer loop
      vertex -29.5209 21.5456 3.3
      vertex -38.5 21 3.3
      vertex -29 21.5 3.3
    endloop
  endfacet
  facet normal 0 0 1
    outer loop
      vertex -30.0261 21.6809 3.3
      vertex -38.5 21 3.3
      vertex -29.5209 21.5456 3.3
    endloop
  endfacet
  facet normal -1 0 0
    outer loop
      vertex -38.5 21 1.1
      vertex -38.5 22.6 3.3
      vertex -38.5 22.6 1.1
    endloop
  endfacet
  facet normal -1 -0 0
    outer loop
      vertex -38.5 22.6 3.3
      vertex -38.5 21 1.1
      vertex -38.5 21 3.3
    endloop
  endfacet
  facet normal 0 1 0
    outer loop
      vertex -36 22.6 2.5
      vertex -31.318 22.6 3.3
      vertex -31.318 22.6 2.5
    endloop
  endfacet
  facet normal 0 1 0
    outer loop
      vertex -31.318 22.6 3.3
      vertex -36 22.6 2.5
      vertex -38.5 22.6 3.3
    endloop
  endfacet
  facet normal 0 1 0
    outer loop
      vertex -38.5 22.6 1.1
      vertex -36 22.6 2.5
      vertex -36 22.6 1.1
    endloop
  endfacet
  facet normal 0 1 0
    outer loop
      vertex -36 22.6 2.5
      vertex -38.5 22.6 1.1
      vertex -38.5 22.6 3.3
    endloop
  endfacet
  facet normal 0 1 0
    outer loop
      vertex 38.5 22.6 3.3
      vertex 36 22.6 2.5
      vertex 31.318 22.6 3.3
    endloop
  endfacet
  facet normal 0 1 -0
    outer loop
      vertex 38.5 22.6 1.1
      vertex 36 22.6 2.5
      vertex 38.5 22.6 3.3
    endloop
  endfacet
  facet normal 0 1 0
    outer loop
      vertex 36 22.6 2.5
      vertex 38.5 22.6 1.1
      vertex 36 22.6 1.1
    endloop
  endfacet
  facet normal 0 1 0
    outer loop
      vertex 31.318 22.6 3.3
      vertex 36 22.6 2.5
      vertex 31.318 22.6 2.5
    endloop
  endfacet
  facet normal 0 1 -0
    outer loop
      vertex 22 22.6 1.1
      vertex -22 22.6 2.5
      vertex 22 22.6 2.5
    endloop
  endfacet
  facet normal 0 1 0
    outer loop
      vertex -22 22.6 2.5
      vertex 22 22.6 1.1
      vertex -22 22.6 1.1
    endloop
  endfacet
  facet normal 0 1 0
    outer loop
      vertex 22 22.6 2.5
      vertex 26.682 22.6 3.3
      vertex 26.682 22.6 2.5
    endloop
  endfacet
  facet normal 0 1 0
    outer loop
      vertex 26.682 22.6 3.3
      vertex 22 22.6 2.5
      vertex -26.682 22.6 3.3
    endloop
  endfacet
  facet normal 0 1 -0
    outer loop
      vertex -22 22.6 2.5
      vertex -26.682 22.6 3.3
      vertex 22 22.6 2.5
    endloop
  endfacet
  facet normal 0 1 0
    outer loop
      vertex -26.682 22.6 3.3
      vertex -22 22.6 2.5
      vertex -26.682 22.6 2.5
    endloop
  endfacet
  facet normal 0 -1 0
    outer loop
      vertex -22.268 21 1.1
      vertex 22.268 21 2.5
      vertex -22.268 21 2.5
    endloop
  endfacet
  facet normal 0 -1 -0
    outer loop
      vertex 22.268 21 2.5
      vertex -22.268 21 1.1
      vertex 22.268 21 1.1
    endloop
  endfacet
  facet normal 0 -1 0
    outer loop
      vertex -22.268 21 2.5
      vertex -38.5 21 3.3
      vertex -35.732 21 2.5
    endloop
  endfacet
  facet normal 0 -1 0
    outer loop
      vertex -38.5 21 1.1
      vertex -35.732 21 2.5
      vertex -38.5 21 3.3
    endloop
  endfacet
  facet normal 0 -1 -0
    outer loop
      vertex -35.732 21 2.5
      vertex -38.5 21 1.1
      vertex -35.732 21 1.1
    endloop
  endfacet
  facet normal 0 -1 0
    outer loop
      vertex -38.5 21 3.3
      vertex -22.268 21 2.5
      vertex 38.5 21 3.3
    endloop
  endfacet
  facet normal 0 -1 0
    outer loop
      vertex 22.268 21 2.5
      vertex 38.5 21 3.3
      vertex -22.268 21 2.5
    endloop
  endfacet
  facet normal 0 -1 0
    outer loop
      vertex 35.732 21 2.5
      vertex 38.5 21 3.3
      vertex 22.268 21 2.5
    endloop
  endfacet
  facet normal 0 -1 0
    outer loop
      vertex 38.5 21 1.1
      vertex 35.732 21 2.5
      vertex 35.732 21 1.1
    endloop
  endfacet
  facet normal 0 -1 0
    outer loop
      vertex 35.732 21 2.5
      vertex 38.5 21 1.1
      vertex 38.5 21 3.3
    endloop
  endfacet
  facet normal 0.965958 -0.258698 -2.57957e-19
    outer loop
      vertex -26.1809 -25.5261 37.5
      vertex -26.0456 -25.0209 2.5
      vertex -26.0456 -25.0209 37.5
    endloop
  endfacet
  facet normal 0.965958 -0.258698 -2.57957e-19
    outer loop
      vertex -26.0456 -25.0209 2.5
      vertex -26.1809 -25.5261 37.5
      vertex -26.1809 -25.5261 2.5
    endloop
  endfacet
  facet normal 0.965958 0.258698 2.57957e-19
    outer loop
      vertex -26.0456 -23.9791 37.5
      vertex -26.1809 -23.4739 2.5
      vertex -26.1809 -23.4739 37.5
    endloop
  endfacet
  facet normal 0.965958 0.258698 2.57957e-19
    outer loop
      vertex -26.1809 -23.4739 2.5
      vertex -26.0456 -23.9791 37.5
      vertex -26.0456 -23.9791 2.5
    endloop
  endfacet
  facet normal 0.99619 0.0872073 5.07494e-20
    outer loop
      vertex -26 -24.5 37.5
      vertex -26.0456 -23.9791 2.5
      vertex -26.0456 -23.9791 37.5
    endloop
  endfacet
  facet normal 0.99619 0.0872073 5.07494e-20
    outer loop
      vertex -26.0456 -23.9791 2.5
      vertex -26 -24.5 37.5
      vertex -26 -24.5 2.5
    endloop
  endfacet
  facet normal 0.906295 0.422645 3.09654e-19
    outer loop
      vertex -26.1809 -23.4739 37.5
      vertex -26.4019 -23 2.5
      vertex -26.4019 -23 37.5
    endloop
  endfacet
  facet normal 0.906295 0.422645 3.09654e-19
    outer loop
      vertex -26.4019 -23 2.5
      vertex -26.1809 -23.4739 37.5
      vertex -26.1809 -23.4739 2.5
    endloop
  endfacet
  facet normal -0.965958 -0.258698 2.57957e-19
    outer loop
      vertex -31.8191 -25.5261 2.5
      vertex -31.9544 -25.0209 37.5
      vertex -31.9544 -25.0209 2.5
    endloop
  endfacet
  facet normal -0.965958 -0.258698 2.57957e-19
    outer loop
      vertex -31.9544 -25.0209 37.5
      vertex -31.8191 -25.5261 2.5
      vertex -31.8191 -25.5261 37.5
    endloop
  endfacet
  facet normal -0.819136 0.5736 0
    outer loop
      vertex -31.318 -22.6 2.5
      vertex -31.5981 -23 2.5
      vertex -31.318 -22.6 3.3
    endloop
  endfacet
  facet normal -0.818961 0.573849 4.39124e-20
    outer loop
      vertex -31.318 -22.6 3.3
      vertex -31.2981 -22.5716 37.5
      vertex -31.2981 -22.5716 3.3
    endloop
  endfacet
  facet normal -0.819136 0.5736 0
    outer loop
      vertex -31.5981 -23 37.5
      vertex -31.318 -22.6 3.3
      vertex -31.5981 -23 2.5
    endloop
  endfacet
  facet normal -0.819124 0.573616 2.88485e-07
    outer loop
      vertex -31.318 -22.6 3.3
      vertex -31.5981 -23 37.5
      vertex -31.2981 -22.5716 37.5
    endloop
  endfacet
  facet normal -0.422645 0.906295 0
    outer loop
      vertex -30.0261 -21.6809 3.3
      vertex -30.5 -21.9019 37.5
      vertex -30.0261 -21.6809 37.5
    endloop
  endfacet
  facet normal -0.422645 0.906295 0
    outer loop
      vertex -30.5 -21.9019 37.5
      vertex -30.0261 -21.6809 3.3
      vertex -30.5 -21.9019 3.3
    endloop
  endfacet
  facet normal -0.573616 -0.819124 0
    outer loop
      vertex -30.9284 -26.7981 2.5
      vertex -30.5 -27.0981 37.5
      vertex -30.9284 -26.7981 37.5
    endloop
  endfacet
  facet normal -0.573616 -0.819124 -0
    outer loop
      vertex -30.5 -27.0981 37.5
      vertex -30.9284 -26.7981 2.5
      vertex -30.5 -27.0981 2.5
    endloop
  endfacet
  facet normal -0.0872073 -0.99619 0
    outer loop
      vertex -29.5209 -27.4544 2.5
      vertex -29 -27.5 37.5
      vertex -29.5209 -27.4544 37.5
    endloop
  endfacet
  facet normal -0.0872073 -0.99619 -0
    outer loop
      vertex -29 -27.5 37.5
      vertex -29.5209 -27.4544 2.5
      vertex -29 -27.5 2.5
    endloop
  endfacet
  facet normal 0.0872073 -0.99619 0
    outer loop
      vertex -29 -27.5 2.5
      vertex -28.4791 -27.4544 37.5
      vertex -29 -27.5 37.5
    endloop
  endfacet
  facet normal 0.0872073 -0.99619 0
    outer loop
      vertex -28.4791 -27.4544 37.5
      vertex -29 -27.5 2.5
      vertex -28.4791 -27.4544 2.5
    endloop
  endfacet
  facet normal 0.906295 -0.422645 -3.09654e-19
    outer loop
      vertex -26.4019 -26 37.5
      vertex -26.1809 -25.5261 2.5
      vertex -26.1809 -25.5261 37.5
    endloop
  endfacet
  facet normal 0.906295 -0.422645 -3.09654e-19
    outer loop
      vertex -26.1809 -25.5261 2.5
      vertex -26.4019 -26 37.5
      vertex -26.4019 -26 2.5
    endloop
  endfacet
  facet normal 0.707107 0.707107 -7.90695e-20
    outer loop
      vertex -26.7019 -22.5716 37.5
      vertex -27.0716 -22.2019 3.3
      vertex -27.0716 -22.2019 37.5
    endloop
  endfacet
  facet normal 0.707107 0.707107 -7.90695e-20
    outer loop
      vertex -27.0716 -22.2019 3.3
      vertex -26.7019 -22.5716 37.5
      vertex -26.7019 -22.5716 3.3
    endloop
  endfacet
  facet normal 0.707107 -0.707107 7.72622e-20
    outer loop
      vertex -27.0716 -26.7981 37.5
      vertex -26.7019 -26.4284 2.5
      vertex -26.7019 -26.4284 37.5
    endloop
  endfacet
  facet normal 0.707107 -0.707107 7.72622e-20
    outer loop
      vertex -26.7019 -26.4284 2.5
      vertex -27.0716 -26.7981 37.5
      vertex -27.0716 -26.7981 2.5
    endloop
  endfacet
  facet normal -0.99619 0.0872073 -5.07494e-20
    outer loop
      vertex -32 -24.5 2.5
      vertex -31.9544 -23.9791 37.5
      vertex -31.9544 -23.9791 2.5
    endloop
  endfacet
  facet normal -0.99619 0.0872073 -5.07494e-20
    outer loop
      vertex -31.9544 -23.9791 37.5
      vertex -32 -24.5 2.5
      vertex -32 -24.5 37.5
    endloop
  endfacet
  facet normal 0.258698 0.965958 -0
    outer loop
      vertex -27.9739 -21.6809 3.3
      vertex -28.4791 -21.5456 37.5
      vertex -27.9739 -21.6809 37.5
    endloop
  endfacet
  facet normal 0.258698 0.965958 0
    outer loop
      vertex -28.4791 -21.5456 37.5
      vertex -27.9739 -21.6809 3.3
      vertex -28.4791 -21.5456 3.3
    endloop
  endfacet
  facet normal -0.99619 -0.0872073 5.07494e-20
    outer loop
      vertex -31.9544 -25.0209 2.5
      vertex -32 -24.5 37.5
      vertex -32 -24.5 2.5
    endloop
  endfacet
  facet normal -0.99619 -0.0872073 5.07494e-20
    outer loop
      vertex -32 -24.5 37.5
      vertex -31.9544 -25.0209 2.5
      vertex -31.9544 -25.0209 37.5
    endloop
  endfacet
  facet normal 0.819124 -0.573616 1.99908e-19
    outer loop
      vertex -26.7019 -26.4284 37.5
      vertex -26.4019 -26 2.5
      vertex -26.4019 -26 37.5
    endloop
  endfacet
  facet normal 0.819124 -0.573616 1.99908e-19
    outer loop
      vertex -26.4019 -26 2.5
      vertex -26.7019 -26.4284 37.5
      vertex -26.7019 -26.4284 2.5
    endloop
  endfacet
  facet normal -0.258698 -0.965958 0
    outer loop
      vertex -30.0261 -27.3191 2.5
      vertex -29.5209 -27.4544 37.5
      vertex -30.0261 -27.3191 37.5
    endloop
  endfacet
  facet normal -0.258698 -0.965958 -0
    outer loop
      vertex -29.5209 -27.4544 37.5
      vertex -30.0261 -27.3191 2.5
      vertex -29.5209 -27.4544 2.5
    endloop
  endfacet
  facet normal 0.422645 -0.906295 0
    outer loop
      vertex -27.9739 -27.3191 2.5
      vertex -27.5 -27.0981 37.5
      vertex -27.9739 -27.3191 37.5
    endloop
  endfacet
  facet normal 0.422645 -0.906295 0
    outer loop
      vertex -27.5 -27.0981 37.5
      vertex -27.9739 -27.3191 2.5
      vertex -27.5 -27.0981 2.5
    endloop
  endfacet
  facet normal -0.573616 0.819124 0
    outer loop
      vertex -30.5 -21.9019 3.3
      vertex -30.9284 -22.2019 37.5
      vertex -30.5 -21.9019 37.5
    endloop
  endfacet
  facet normal -0.573616 0.819124 0
    outer loop
      vertex -30.9284 -22.2019 37.5
      vertex -30.5 -21.9019 3.3
      vertex -30.9284 -22.2019 3.3
    endloop
  endfacet
  facet normal 0.818961 0.573849 0
    outer loop
      vertex -26.7019 -22.5716 37.5
      vertex -26.682 -22.6 3.3
      vertex -26.7019 -22.5716 3.3
    endloop
  endfacet
  facet normal 0.819124 0.573616 2.88485e-07
    outer loop
      vertex -26.4019 -23 37.5
      vertex -26.682 -22.6 3.3
      vertex -26.7019 -22.5716 37.5
    endloop
  endfacet
  facet normal 0.819136 0.5736 -0
    outer loop
      vertex -26.4019 -23 2.5
      vertex -26.682 -22.6 3.3
      vertex -26.4019 -23 37.5
    endloop
  endfacet
  facet normal 0.819136 0.5736 0
    outer loop
      vertex -26.682 -22.6 3.3
      vertex -26.4019 -23 2.5
      vertex -26.682 -22.6 2.5
    endloop
  endfacet
  facet normal 0.422645 0.906295 -0
    outer loop
      vertex -27.5 -21.9019 3.3
      vertex -27.9739 -21.6809 37.5
      vertex -27.5 -21.9019 37.5
    endloop
  endfacet
  facet normal 0.422645 0.906295 0
    outer loop
      vertex -27.9739 -21.6809 37.5
      vertex -27.5 -21.9019 3.3
      vertex -27.9739 -21.6809 3.3
    endloop
  endfacet
  facet normal 0.258698 -0.965958 0
    outer loop
      vertex -28.4791 -27.4544 2.5
      vertex -27.9739 -27.3191 37.5
      vertex -28.4791 -27.4544 37.5
    endloop
  endfacet
  facet normal 0.258698 -0.965958 0
    outer loop
      vertex -27.9739 -27.3191 37.5
      vertex -28.4791 -27.4544 2.5
      vertex -27.9739 -27.3191 2.5
    endloop
  endfacet
  facet normal 0 0 1
    outer loop
      vertex -27.625 -24.5 37.5
      vertex -26 -24.5 37.5
      vertex -26.0456 -23.9791 37.5
    endloop
  endfacet
  facet normal 0 0 1
    outer loop
      vertex -27.6459 -24.2612 37.5
      vertex -26.0456 -23.9791 37.5
      vertex -26.1809 -23.4739 37.5
    endloop
  endfacet
  facet normal 0 0 1
    outer loop
      vertex -26 -24.5 37.5
      vertex -27.625 -24.5 37.5
      vertex -26.0456 -25.0209 37.5
    endloop
  endfacet
  facet normal 0 0 1
    outer loop
      vertex -27.7079 -24.0297 37.5
      vertex -26.1809 -23.4739 37.5
      vertex -26.4019 -23 37.5
    endloop
  endfacet
  facet normal -0 0 1
    outer loop
      vertex -27.6459 -24.7388 37.5
      vertex -26.0456 -25.0209 37.5
      vertex -27.625 -24.5 37.5
    endloop
  endfacet
  facet normal 0 0 1
    outer loop
      vertex -27.8092 -23.8125 37.5
      vertex -26.4019 -23 37.5
      vertex -26.7019 -22.5716 37.5
    endloop
  endfacet
  facet normal 0 0 1
    outer loop
      vertex -26.0456 -25.0209 37.5
      vertex -27.6459 -24.7388 37.5
      vertex -26.1809 -25.5261 37.5
    endloop
  endfacet
  facet normal 0 0 1
    outer loop
      vertex -27.9467 -23.6162 37.5
      vertex -26.7019 -22.5716 37.5
      vertex -27.0716 -22.2019 37.5
    endloop
  endfacet
  facet normal -0 0 1
    outer loop
      vertex -27.7079 -24.9703 37.5
      vertex -26.1809 -25.5261 37.5
      vertex -27.6459 -24.7388 37.5
    endloop
  endfacet
  facet normal 0 0 1
    outer loop
      vertex -28.1162 -23.4467 37.5
      vertex -27.0716 -22.2019 37.5
      vertex -27.5 -21.9019 37.5
    endloop
  endfacet
  facet normal 0 0 1
    outer loop
      vertex -26.1809 -25.5261 37.5
      vertex -27.7079 -24.9703 37.5
      vertex -26.4019 -26 37.5
    endloop
  endfacet
  facet normal -0 0 1
    outer loop
      vertex -27.8092 -25.1875 37.5
      vertex -26.4019 -26 37.5
      vertex -27.7079 -24.9703 37.5
    endloop
  endfacet
  facet normal 0 0 1
    outer loop
      vertex -26.0456 -23.9791 37.5
      vertex -27.6459 -24.2612 37.5
      vertex -27.625 -24.5 37.5
    endloop
  endfacet
  facet normal 0 0 1
    outer loop
      vertex -26.1809 -23.4739 37.5
      vertex -27.7079 -24.0297 37.5
      vertex -27.6459 -24.2612 37.5
    endloop
  endfacet
  facet normal 0 0 1
    outer loop
      vertex -26.4019 -23 37.5
      vertex -27.8092 -23.8125 37.5
      vertex -27.7079 -24.0297 37.5
    endloop
  endfacet
  facet normal 0 0 1
    outer loop
      vertex -26.7019 -22.5716 37.5
      vertex -27.9467 -23.6162 37.5
      vertex -27.8092 -23.8125 37.5
    endloop
  endfacet
  facet normal 0 0 1
    outer loop
      vertex -28.3125 -23.3092 37.5
      vertex -27.5 -21.9019 37.5
      vertex -27.9739 -21.6809 37.5
    endloop
  endfacet
  facet normal 0 0 1
    outer loop
      vertex -27.0716 -22.2019 37.5
      vertex -28.1162 -23.4467 37.5
      vertex -27.9467 -23.6162 37.5
    endloop
  endfacet
  facet normal 0 0 1
    outer loop
      vertex -27.5 -21.9019 37.5
      vertex -28.3125 -23.3092 37.5
      vertex -28.1162 -23.4467 37.5
    endloop
  endfacet
  facet normal 0 0 1
    outer loop
      vertex -28.5297 -23.2079 37.5
      vertex -27.9739 -21.6809 37.5
      vertex -28.4791 -21.5456 37.5
    endloop
  endfacet
  facet normal 0 0 1
    outer loop
      vertex -27.9739 -21.6809 37.5
      vertex -28.5297 -23.2079 37.5
      vertex -28.3125 -23.3092 37.5
    endloop
  endfacet
  facet normal 0 0 1
    outer loop
      vertex -28.4791 -21.5456 37.5
      vertex -28.7612 -23.1459 37.5
      vertex -28.5297 -23.2079 37.5
    endloop
  endfacet
  facet normal 0 0 1
    outer loop
      vertex -29 -21.5 37.5
      vertex -28.7612 -23.1459 37.5
      vertex -28.4791 -21.5456 37.5
    endloop
  endfacet
  facet normal 0 0 1
    outer loop
      vertex -29 -21.5 37.5
      vertex -29 -23.125 37.5
      vertex -28.7612 -23.1459 37.5
    endloop
  endfacet
  facet normal 0 0 1
    outer loop
      vertex -29 -21.5 37.5
      vertex -29.2388 -23.1459 37.5
      vertex -29 -23.125 37.5
    endloop
  endfacet
  facet normal -0 0 1
    outer loop
      vertex -29.5209 -21.5456 37.5
      vertex -29.2388 -23.1459 37.5
      vertex -29 -21.5 37.5
    endloop
  endfacet
  facet normal 0 0 1
    outer loop
      vertex -29.2388 -23.1459 37.5
      vertex -29.5209 -21.5456 37.5
      vertex -29.4703 -23.2079 37.5
    endloop
  endfacet
  facet normal -0 0 1
    outer loop
      vertex -30.0261 -21.6809 37.5
      vertex -29.4703 -23.2079 37.5
      vertex -29.5209 -21.5456 37.5
    endloop
  endfacet
  facet normal 0 0 1
    outer loop
      vertex -29.4703 -23.2079 37.5
      vertex -30.0261 -21.6809 37.5
      vertex -29.6875 -23.3092 37.5
    endloop
  endfacet
  facet normal -0 0 1
    outer loop
      vertex -30.5 -21.9019 37.5
      vertex -29.6875 -23.3092 37.5
      vertex -30.0261 -21.6809 37.5
    endloop
  endfacet
  facet normal 0 0 1
    outer loop
      vertex -29.6875 -23.3092 37.5
      vertex -30.5 -21.9019 37.5
      vertex -29.8838 -23.4467 37.5
    endloop
  endfacet
  facet normal -0 0 1
    outer loop
      vertex -30.9284 -22.2019 37.5
      vertex -29.8838 -23.4467 37.5
      vertex -30.5 -21.9019 37.5
    endloop
  endfacet
  facet normal 0 0 1
    outer loop
      vertex -29.8838 -23.4467 37.5
      vertex -30.9284 -22.2019 37.5
      vertex -30.0533 -23.6162 37.5
    endloop
  endfacet
  facet normal -0 0 1
    outer loop
      vertex -31.2981 -22.5716 37.5
      vertex -30.0533 -23.6162 37.5
      vertex -30.9284 -22.2019 37.5
    endloop
  endfacet
  facet normal -0 0 1
    outer loop
      vertex -31.5981 -23 37.5
      vertex -30.1908 -23.8125 37.5
      vertex -31.2981 -22.5716 37.5
    endloop
  endfacet
  facet normal 0 0 1
    outer loop
      vertex -30.0533 -23.6162 37.5
      vertex -31.2981 -22.5716 37.5
      vertex -30.1908 -23.8125 37.5
    endloop
  endfacet
  facet normal 0 0 1
    outer loop
      vertex -26.4019 -26 37.5
      vertex -27.8092 -25.1875 37.5
      vertex -26.7019 -26.4284 37.5
    endloop
  endfacet
  facet normal -0 0 1
    outer loop
      vertex -27.9467 -25.3838 37.5
      vertex -26.7019 -26.4284 37.5
      vertex -27.8092 -25.1875 37.5
    endloop
  endfacet
  facet normal 0 0 1
    outer loop
      vertex -26.7019 -26.4284 37.5
      vertex -27.9467 -25.3838 37.5
      vertex -27.0716 -26.7981 37.5
    endloop
  endfacet
  facet normal -0 0 1
    outer loop
      vertex -28.1162 -25.5533 37.5
      vertex -27.0716 -26.7981 37.5
      vertex -27.9467 -25.3838 37.5
    endloop
  endfacet
  facet normal 0 0 1
    outer loop
      vertex -27.0716 -26.7981 37.5
      vertex -28.1162 -25.5533 37.5
      vertex -27.5 -27.0981 37.5
    endloop
  endfacet
  facet normal -0 0 1
    outer loop
      vertex -28.3125 -25.6908 37.5
      vertex -27.5 -27.0981 37.5
      vertex -28.1162 -25.5533 37.5
    endloop
  endfacet
  facet normal 0 0 1
    outer loop
      vertex -27.5 -27.0981 37.5
      vertex -28.3125 -25.6908 37.5
      vertex -27.9739 -27.3191 37.5
    endloop
  endfacet
  facet normal -0 0 1
    outer loop
      vertex -28.5297 -25.7921 37.5
      vertex -27.9739 -27.3191 37.5
      vertex -28.3125 -25.6908 37.5
    endloop
  endfacet
  facet normal 0 0 1
    outer loop
      vertex -27.9739 -27.3191 37.5
      vertex -28.5297 -25.7921 37.5
      vertex -28.4791 -27.4544 37.5
    endloop
  endfacet
  facet normal -0 0 1
    outer loop
      vertex -28.7612 -25.8541 37.5
      vertex -28.4791 -27.4544 37.5
      vertex -28.5297 -25.7921 37.5
    endloop
  endfacet
  facet normal -0 0 1
    outer loop
      vertex -29 -25.875 37.5
      vertex -28.4791 -27.4544 37.5
      vertex -28.7612 -25.8541 37.5
    endloop
  endfacet
  facet normal 0 0 1
    outer loop
      vertex -29 -25.875 37.5
      vertex -29 -27.5 37.5
      vertex -28.4791 -27.4544 37.5
    endloop
  endfacet
  facet normal 0 0 1
    outer loop
      vertex -29.2388 -25.8541 37.5
      vertex -29 -27.5 37.5
      vertex -29 -25.875 37.5
    endloop
  endfacet
  facet normal 0 0 1
    outer loop
      vertex -29.5209 -27.4544 37.5
      vertex -29.2388 -25.8541 37.5
      vertex -29.4703 -25.7921 37.5
    endloop
  endfacet
  facet normal 0 0 1
    outer loop
      vertex -29.2388 -25.8541 37.5
      vertex -29.5209 -27.4544 37.5
      vertex -29 -27.5 37.5
    endloop
  endfacet
  facet normal 0 0 1
    outer loop
      vertex -30.0261 -27.3191 37.5
      vertex -29.4703 -25.7921 37.5
      vertex -29.6875 -25.6908 37.5
    endloop
  endfacet
  facet normal 0 0 1
    outer loop
      vertex -30.5 -27.0981 37.5
      vertex -29.6875 -25.6908 37.5
      vertex -29.8838 -25.5533 37.5
    endloop
  endfacet
  facet normal 0 0 1
    outer loop
      vertex -29.4703 -25.7921 37.5
      vertex -30.0261 -27.3191 37.5
      vertex -29.5209 -27.4544 37.5
    endloop
  endfacet
  facet normal 0 0 1
    outer loop
      vertex -30.9284 -26.7981 37.5
      vertex -29.8838 -25.5533 37.5
      vertex -30.0533 -25.3838 37.5
    endloop
  endfacet
  facet normal 0 0 1
    outer loop
      vertex -31.2981 -26.4284 37.5
      vertex -30.0533 -25.3838 37.5
      vertex -30.1908 -25.1875 37.5
    endloop
  endfacet
  facet normal 0 0 1
    outer loop
      vertex -31.5981 -26 37.5
      vertex -30.1908 -25.1875 37.5
      vertex -30.2921 -24.9703 37.5
    endloop
  endfacet
  facet normal 0 0 1
    outer loop
      vertex -31.8191 -25.5261 37.5
      vertex -30.2921 -24.9703 37.5
      vertex -30.3541 -24.7388 37.5
    endloop
  endfacet
  facet normal 0 0 1
    outer loop
      vertex -29.6875 -25.6908 37.5
      vertex -30.5 -27.0981 37.5
      vertex -30.0261 -27.3191 37.5
    endloop
  endfacet
  facet normal 0 0 1
    outer loop
      vertex -31.9544 -25.0209 37.5
      vertex -30.3541 -24.7388 37.5
      vertex -30.375 -24.5 37.5
    endloop
  endfacet
  facet normal 0 0 1
    outer loop
      vertex -30.1908 -23.8125 37.5
      vertex -31.5981 -23 37.5
      vertex -30.2921 -24.0297 37.5
    endloop
  endfacet
  facet normal -0 0 1
    outer loop
      vertex -31.8191 -23.4739 37.5
      vertex -30.2921 -24.0297 37.5
      vertex -31.5981 -23 37.5
    endloop
  endfacet
  facet normal 0 0 1
    outer loop
      vertex -29.8838 -25.5533 37.5
      vertex -30.9284 -26.7981 37.5
      vertex -30.5 -27.0981 37.5
    endloop
  endfacet
  facet normal 0 0 1
    outer loop
      vertex -30.2921 -24.0297 37.5
      vertex -31.8191 -23.4739 37.5
      vertex -30.3541 -24.2612 37.5
    endloop
  endfacet
  facet normal 0 0 1
    outer loop
      vertex -30.0533 -25.3838 37.5
      vertex -31.2981 -26.4284 37.5
      vertex -30.9284 -26.7981 37.5
    endloop
  endfacet
  facet normal -0 0 1
    outer loop
      vertex -31.9544 -23.9791 37.5
      vertex -30.3541 -24.2612 37.5
      vertex -31.8191 -23.4739 37.5
    endloop
  endfacet
  facet normal 0 0 1
    outer loop
      vertex -30.1908 -25.1875 37.5
      vertex -31.5981 -26 37.5
      vertex -31.2981 -26.4284 37.5
    endloop
  endfacet
  facet normal 0 0 1
    outer loop
      vertex -30.3541 -24.2612 37.5
      vertex -31.9544 -23.9791 37.5
      vertex -30.375 -24.5 37.5
    endloop
  endfacet
  facet normal 0 0 1
    outer loop
      vertex -30.2921 -24.9703 37.5
      vertex -31.8191 -25.5261 37.5
      vertex -31.5981 -26 37.5
    endloop
  endfacet
  facet normal 0 0 1
    outer loop
      vertex -32 -24.5 37.5
      vertex -30.375 -24.5 37.5
      vertex -31.9544 -23.9791 37.5
    endloop
  endfacet
  facet normal 0 0 1
    outer loop
      vertex -30.3541 -24.7388 37.5
      vertex -31.9544 -25.0209 37.5
      vertex -31.8191 -25.5261 37.5
    endloop
  endfacet
  facet normal 0 0 1
    outer loop
      vertex -30.375 -24.5 37.5
      vertex -32 -24.5 37.5
      vertex -31.9544 -25.0209 37.5
    endloop
  endfacet
  facet normal 0.573616 -0.819124 0
    outer loop
      vertex -27.5 -27.0981 2.5
      vertex -27.0716 -26.7981 37.5
      vertex -27.5 -27.0981 37.5
    endloop
  endfacet
  facet normal 0.573616 -0.819124 0
    outer loop
      vertex -27.0716 -26.7981 37.5
      vertex -27.5 -27.0981 2.5
      vertex -27.0716 -26.7981 2.5
    endloop
  endfacet
  facet normal 0.573616 0.819124 -0
    outer loop
      vertex -27.0716 -22.2019 3.3
      vertex -27.5 -21.9019 37.5
      vertex -27.0716 -22.2019 37.5
    endloop
  endfacet
  facet normal 0.573616 0.819124 0
    outer loop
      vertex -27.5 -21.9019 37.5
      vertex -27.0716 -22.2019 3.3
      vertex -27.5 -21.9019 3.3
    endloop
  endfacet
  facet normal 0.0872073 0.99619 -0
    outer loop
      vertex -28.4791 -21.5456 3.3
      vertex -29 -21.5 37.5
      vertex -28.4791 -21.5456 37.5
    endloop
  endfacet
  facet normal 0.0872073 0.99619 0
    outer loop
      vertex -29 -21.5 37.5
      vertex -28.4791 -21.5456 3.3
      vertex -29 -21.5 3.3
    endloop
  endfacet
  facet normal -0.906295 0.422645 -3.09654e-19
    outer loop
      vertex -31.8191 -23.4739 2.5
      vertex -31.5981 -23 37.5
      vertex -31.5981 -23 2.5
    endloop
  endfacet
  facet normal -0.906295 0.422645 -3.09654e-19
    outer loop
      vertex -31.5981 -23 37.5
      vertex -31.8191 -23.4739 2.5
      vertex -31.8191 -23.4739 37.5
    endloop
  endfacet
  facet normal 0.99619 -0.0872073 -5.07494e-20
    outer loop
      vertex -26.0456 -25.0209 37.5
      vertex -26 -24.5 2.5
      vertex -26 -24.5 37.5
    endloop
  endfacet
  facet normal 0.99619 -0.0872073 -5.07494e-20
    outer loop
      vertex -26 -24.5 2.5
      vertex -26.0456 -25.0209 37.5
      vertex -26.0456 -25.0209 2.5
    endloop
  endfacet
  facet normal -0.258698 0.965958 0
    outer loop
      vertex -29.5209 -21.5456 3.3
      vertex -30.0261 -21.6809 37.5
      vertex -29.5209 -21.5456 37.5
    endloop
  endfacet
  facet normal -0.258698 0.965958 0
    outer loop
      vertex -30.0261 -21.6809 37.5
      vertex -29.5209 -21.5456 3.3
      vertex -30.0261 -21.6809 3.3
    endloop
  endfacet
  facet normal -0.0872073 0.99619 0
    outer loop
      vertex -29 -21.5 3.3
      vertex -29.5209 -21.5456 37.5
      vertex -29 -21.5 37.5
    endloop
  endfacet
  facet normal -0.0872073 0.99619 0
    outer loop
      vertex -29.5209 -21.5456 37.5
      vertex -29 -21.5 3.3
      vertex -29.5209 -21.5456 3.3
    endloop
  endfacet
  facet normal -0.906295 -0.422645 3.09654e-19
    outer loop
      vertex -31.5981 -26 2.5
      vertex -31.8191 -25.5261 37.5
      vertex -31.8191 -25.5261 2.5
    endloop
  endfacet
  facet normal -0.906295 -0.422645 3.09654e-19
    outer loop
      vertex -31.8191 -25.5261 37.5
      vertex -31.5981 -26 2.5
      vertex -31.5981 -26 37.5
    endloop
  endfacet
  facet normal -0.819124 -0.573616 -1.99908e-19
    outer loop
      vertex -31.2981 -26.4284 2.5
      vertex -31.5981 -26 37.5
      vertex -31.5981 -26 2.5
    endloop
  endfacet
  facet normal -0.819124 -0.573616 -1.99908e-19
    outer loop
      vertex -31.5981 -26 37.5
      vertex -31.2981 -26.4284 2.5
      vertex -31.2981 -26.4284 37.5
    endloop
  endfacet
  facet normal -0.707107 -0.707107 -7.72622e-20
    outer loop
      vertex -30.9284 -26.7981 2.5
      vertex -31.2981 -26.4284 37.5
      vertex -31.2981 -26.4284 2.5
    endloop
  endfacet
  facet normal -0.707107 -0.707107 -7.72622e-20
    outer loop
      vertex -31.2981 -26.4284 37.5
      vertex -30.9284 -26.7981 2.5
      vertex -30.9284 -26.7981 37.5
    endloop
  endfacet
  facet normal -0.965958 0.258698 -2.57957e-19
    outer loop
      vertex -31.9544 -23.9791 2.5
      vertex -31.8191 -23.4739 37.5
      vertex -31.8191 -23.4739 2.5
    endloop
  endfacet
  facet normal -0.965958 0.258698 -2.57957e-19
    outer loop
      vertex -31.8191 -23.4739 37.5
      vertex -31.9544 -23.9791 2.5
      vertex -31.9544 -23.9791 37.5
    endloop
  endfacet
  facet normal -0.422645 -0.906295 0
    outer loop
      vertex -30.5 -27.0981 2.5
      vertex -30.0261 -27.3191 37.5
      vertex -30.5 -27.0981 37.5
    endloop
  endfacet
  facet normal -0.422645 -0.906295 -0
    outer loop
      vertex -30.0261 -27.3191 37.5
      vertex -30.5 -27.0981 2.5
      vertex -30.0261 -27.3191 2.5
    endloop
  endfacet
  facet normal -0.707107 0.707107 7.90695e-20
    outer loop
      vertex -31.2981 -22.5716 3.3
      vertex -30.9284 -22.2019 37.5
      vertex -30.9284 -22.2019 3.3
    endloop
  endfacet
  facet normal -0.707107 0.707107 7.90695e-20
    outer loop
      vertex -30.9284 -22.2019 37.5
      vertex -31.2981 -22.5716 3.3
      vertex -31.2981 -22.5716 37.5
    endloop
  endfacet
  facet normal 0.707107 0.707107 1.31112e-19
    outer loop
      vertex -29.8838 -25.5533 37.5
      vertex -30.0533 -25.3838 2.5
      vertex -30.0533 -25.3838 37.5
    endloop
  endfacet
  facet normal 0.707107 0.707107 1.31112e-19
    outer loop
      vertex -30.0533 -25.3838 2.5
      vertex -29.8838 -25.5533 37.5
      vertex -29.8838 -25.5533 2.5
    endloop
  endfacet
  facet normal 0.906279 -0.42268 -4.51493e-21
    outer loop
      vertex -30.2921 -24.0297 37.5
      vertex -30.1908 -23.8125 2.5
      vertex -30.1908 -23.8125 37.5
    endloop
  endfacet
  facet normal 0.906279 -0.42268 -4.51493e-21
    outer loop
      vertex -30.1908 -23.8125 2.5
      vertex -30.2921 -24.0297 37.5
      vertex -30.2921 -24.0297 2.5
    endloop
  endfacet
  facet normal -0.965957 -0.258701 2.3295e-21
    outer loop
      vertex -27.6459 -24.2612 2.5
      vertex -27.7079 -24.0297 37.5
      vertex -27.7079 -24.0297 2.5
    endloop
  endfacet
  facet normal -0.965957 -0.258701 2.3295e-21
    outer loop
      vertex -27.7079 -24.0297 37.5
      vertex -27.6459 -24.2612 2.5
      vertex -27.6459 -24.2612 37.5
    endloop
  endfacet
  facet normal -0.996192 -0.0871877 3.13304e-20
    outer loop
      vertex -27.625 -24.5 2.5
      vertex -27.6459 -24.2612 37.5
      vertex -27.6459 -24.2612 2.5
    endloop
  endfacet
  facet normal -0.996192 -0.0871877 3.13304e-20
    outer loop
      vertex -27.6459 -24.2612 37.5
      vertex -27.625 -24.5 2.5
      vertex -27.625 -24.5 37.5
    endloop
  endfacet
  facet normal -0.906279 -0.42268 4.51493e-21
    outer loop
      vertex -27.7079 -24.0297 2.5
      vertex -27.8092 -23.8125 37.5
      vertex -27.8092 -23.8125 2.5
    endloop
  endfacet
  facet normal -0.906279 -0.42268 4.51493e-21
    outer loop
      vertex -27.8092 -23.8125 37.5
      vertex -27.7079 -24.0297 2.5
      vertex -27.7079 -24.0297 37.5
    endloop
  endfacet
  facet normal -0.573714 0.819055 0
    outer loop
      vertex -28.1162 -25.5533 2.5
      vertex -28.3125 -25.6908 37.5
      vertex -28.1162 -25.5533 37.5
    endloop
  endfacet
  facet normal -0.573714 0.819055 0
    outer loop
      vertex -28.3125 -25.6908 37.5
      vertex -28.1162 -25.5533 2.5
      vertex -28.3125 -25.6908 2.5
    endloop
  endfacet
  facet normal 0.0871877 0.996192 -0
    outer loop
      vertex -29 -25.875 2.5
      vertex -29.2388 -25.8541 37.5
      vertex -29 -25.875 37.5
    endloop
  endfacet
  facet normal 0.0871877 0.996192 0
    outer loop
      vertex -29.2388 -25.8541 37.5
      vertex -29 -25.875 2.5
      vertex -29.2388 -25.8541 2.5
    endloop
  endfacet
  facet normal -0.42268 0.906279 0
    outer loop
      vertex -28.3125 -25.6908 2.5
      vertex -28.5297 -25.7921 37.5
      vertex -28.3125 -25.6908 37.5
    endloop
  endfacet
  facet normal -0.42268 0.906279 0
    outer loop
      vertex -28.5297 -25.7921 37.5
      vertex -28.3125 -25.6908 2.5
      vertex -28.5297 -25.7921 2.5
    endloop
  endfacet
  facet normal 0.258701 -0.965957 0
    outer loop
      vertex -29.4703 -23.2079 2.5
      vertex -29.2388 -23.1459 37.5
      vertex -29.4703 -23.2079 37.5
    endloop
  endfacet
  facet normal 0.258701 -0.965957 0
    outer loop
      vertex -29.2388 -23.1459 37.5
      vertex -29.4703 -23.2079 2.5
      vertex -29.2388 -23.1459 2.5
    endloop
  endfacet
  facet normal 0.42268 -0.906279 0
    outer loop
      vertex -29.6875 -23.3092 2.5
      vertex -29.4703 -23.2079 37.5
      vertex -29.6875 -23.3092 37.5
    endloop
  endfacet
  facet normal 0.42268 -0.906279 0
    outer loop
      vertex -29.4703 -23.2079 37.5
      vertex -29.6875 -23.3092 2.5
      vertex -29.4703 -23.2079 2.5
    endloop
  endfacet
  facet normal -0.0871877 0.996192 0
    outer loop
      vertex -28.7612 -25.8541 2.5
      vertex -29 -25.875 37.5
      vertex -28.7612 -25.8541 37.5
    endloop
  endfacet
  facet normal -0.0871877 0.996192 0
    outer loop
      vertex -29 -25.875 37.5
      vertex -28.7612 -25.8541 2.5
      vertex -29 -25.875 2.5
    endloop
  endfacet
  facet normal 0.965957 0.258701 2.3295e-21
    outer loop
      vertex -30.2921 -24.9703 37.5
      vertex -30.3541 -24.7388 2.5
      vertex -30.3541 -24.7388 37.5
    endloop
  endfacet
  facet normal 0.965957 0.258701 2.3295e-21
    outer loop
      vertex -30.3541 -24.7388 2.5
      vertex -30.2921 -24.9703 37.5
      vertex -30.2921 -24.9703 2.5
    endloop
  endfacet
  facet normal 0.573714 0.819055 -0
    outer loop
      vertex -29.6875 -25.6908 2.5
      vertex -29.8838 -25.5533 37.5
      vertex -29.6875 -25.6908 37.5
    endloop
  endfacet
  facet normal 0.573714 0.819055 0
    outer loop
      vertex -29.8838 -25.5533 37.5
      vertex -29.6875 -25.6908 2.5
      vertex -29.8838 -25.5533 2.5
    endloop
  endfacet
  facet normal 0.819055 -0.573714 1.64515e-19
    outer loop
      vertex -30.1908 -23.8125 37.5
      vertex -30.0533 -23.6162 2.5
      vertex -30.0533 -23.6162 37.5
    endloop
  endfacet
  facet normal 0.819055 -0.573714 1.64515e-19
    outer loop
      vertex -30.0533 -23.6162 2.5
      vertex -30.1908 -23.8125 37.5
      vertex -30.1908 -23.8125 2.5
    endloop
  endfacet
  facet normal -0.906279 0.42268 -4.51493e-21
    outer loop
      vertex -27.8092 -25.1875 2.5
      vertex -27.7079 -24.9703 37.5
      vertex -27.7079 -24.9703 2.5
    endloop
  endfacet
  facet normal -0.906279 0.42268 -4.51493e-21
    outer loop
      vertex -27.7079 -24.9703 37.5
      vertex -27.8092 -25.1875 2.5
      vertex -27.8092 -25.1875 37.5
    endloop
  endfacet
  facet normal 0.819055 0.573714 -1.64515e-19
    outer loop
      vertex -30.0533 -25.3838 37.5
      vertex -30.1908 -25.1875 2.5
      vertex -30.1908 -25.1875 37.5
    endloop
  endfacet
  facet normal 0.819055 0.573714 -1.64515e-19
    outer loop
      vertex -30.1908 -25.1875 2.5
      vertex -30.0533 -25.3838 37.5
      vertex -30.0533 -25.3838 2.5
    endloop
  endfacet
  facet normal 0.573714 -0.819055 0
    outer loop
      vertex -29.8838 -23.4467 2.5
      vertex -29.6875 -23.3092 37.5
      vertex -29.8838 -23.4467 37.5
    endloop
  endfacet
  facet normal 0.573714 -0.819055 0
    outer loop
      vertex -29.6875 -23.3092 37.5
      vertex -29.8838 -23.4467 2.5
      vertex -29.6875 -23.3092 2.5
    endloop
  endfacet
  facet normal -0.819055 0.573714 1.64515e-19
    outer loop
      vertex -27.9467 -25.3838 2.5
      vertex -27.8092 -25.1875 37.5
      vertex -27.8092 -25.1875 2.5
    endloop
  endfacet
  facet normal -0.819055 0.573714 1.64515e-19
    outer loop
      vertex -27.8092 -25.1875 37.5
      vertex -27.9467 -25.3838 2.5
      vertex -27.9467 -25.3838 37.5
    endloop
  endfacet
  facet normal -0.819055 -0.573714 -1.64515e-19
    outer loop
      vertex -27.8092 -23.8125 2.5
      vertex -27.9467 -23.6162 37.5
      vertex -27.9467 -23.6162 2.5
    endloop
  endfacet
  facet normal -0.819055 -0.573714 -1.64515e-19
    outer loop
      vertex -27.9467 -23.6162 37.5
      vertex -27.8092 -23.8125 2.5
      vertex -27.8092 -23.8125 37.5
    endloop
  endfacet
  facet normal -0.965957 0.258701 -2.3295e-21
    outer loop
      vertex -27.7079 -24.9703 2.5
      vertex -27.6459 -24.7388 37.5
      vertex -27.6459 -24.7388 2.5
    endloop
  endfacet
  facet normal -0.965957 0.258701 -2.3295e-21
    outer loop
      vertex -27.6459 -24.7388 37.5
      vertex -27.7079 -24.9703 2.5
      vertex -27.7079 -24.9703 37.5
    endloop
  endfacet
  facet normal 0.996192 -0.0871877 -3.13304e-20
    outer loop
      vertex -30.375 -24.5 37.5
      vertex -30.3541 -24.2612 2.5
      vertex -30.3541 -24.2612 37.5
    endloop
  endfacet
  facet normal 0.996192 -0.0871877 -3.13304e-20
    outer loop
      vertex -30.3541 -24.2612 2.5
      vertex -30.375 -24.5 37.5
      vertex -30.375 -24.5 2.5
    endloop
  endfacet
  facet normal -0.42268 -0.906279 0
    outer loop
      vertex -28.5297 -23.2079 2.5
      vertex -28.3125 -23.3092 37.5
      vertex -28.5297 -23.2079 37.5
    endloop
  endfacet
  facet normal -0.42268 -0.906279 -0
    outer loop
      vertex -28.3125 -23.3092 37.5
      vertex -28.5297 -23.2079 2.5
      vertex -28.3125 -23.3092 2.5
    endloop
  endfacet
  facet normal -0.707107 -0.707107 1.31112e-19
    outer loop
      vertex -27.9467 -23.6162 2.5
      vertex -28.1162 -23.4467 37.5
      vertex -28.1162 -23.4467 2.5
    endloop
  endfacet
  facet normal -0.707107 -0.707107 1.31112e-19
    outer loop
      vertex -28.1162 -23.4467 37.5
      vertex -27.9467 -23.6162 2.5
      vertex -27.9467 -23.6162 37.5
    endloop
  endfacet
  facet normal -0.258701 0.965957 0
    outer loop
      vertex -28.5297 -25.7921 2.5
      vertex -28.7612 -25.8541 37.5
      vertex -28.5297 -25.7921 37.5
    endloop
  endfacet
  facet normal -0.258701 0.965957 0
    outer loop
      vertex -28.7612 -25.8541 37.5
      vertex -28.5297 -25.7921 2.5
      vertex -28.7612 -25.8541 2.5
    endloop
  endfacet
  facet normal -0.996192 0.0871877 -3.13304e-20
    outer loop
      vertex -27.6459 -24.7388 2.5
      vertex -27.625 -24.5 37.5
      vertex -27.625 -24.5 2.5
    endloop
  endfacet
  facet normal -0.996192 0.0871877 -3.13304e-20
    outer loop
      vertex -27.625 -24.5 37.5
      vertex -27.6459 -24.7388 2.5
      vertex -27.6459 -24.7388 37.5
    endloop
  endfacet
  facet normal -0.573714 -0.819055 0
    outer loop
      vertex -28.3125 -23.3092 2.5
      vertex -28.1162 -23.4467 37.5
      vertex -28.3125 -23.3092 37.5
    endloop
  endfacet
  facet normal -0.573714 -0.819055 -0
    outer loop
      vertex -28.1162 -23.4467 37.5
      vertex -28.3125 -23.3092 2.5
      vertex -28.1162 -23.4467 2.5
    endloop
  endfacet
  facet normal 0.0871877 -0.996192 0
    outer loop
      vertex -29.2388 -23.1459 2.5
      vertex -29 -23.125 37.5
      vertex -29.2388 -23.1459 37.5
    endloop
  endfacet
  facet normal 0.0871877 -0.996192 0
    outer loop
      vertex -29 -23.125 37.5
      vertex -29.2388 -23.1459 2.5
      vertex -29 -23.125 2.5
    endloop
  endfacet
  facet normal 0.258701 0.965957 -0
    outer loop
      vertex -29.2388 -25.8541 2.5
      vertex -29.4703 -25.7921 37.5
      vertex -29.2388 -25.8541 37.5
    endloop
  endfacet
  facet normal 0.258701 0.965957 0
    outer loop
      vertex -29.4703 -25.7921 37.5
      vertex -29.2388 -25.8541 2.5
      vertex -29.4703 -25.7921 2.5
    endloop
  endfacet
  facet normal 0.906279 0.42268 4.51493e-21
    outer loop
      vertex -30.1908 -25.1875 37.5
      vertex -30.2921 -24.9703 2.5
      vertex -30.2921 -24.9703 37.5
    endloop
  endfacet
  facet normal 0.906279 0.42268 4.51493e-21
    outer loop
      vertex -30.2921 -24.9703 2.5
      vertex -30.1908 -25.1875 37.5
      vertex -30.1908 -25.1875 2.5
    endloop
  endfacet
  facet normal -0.0871877 -0.996192 0
    outer loop
      vertex -29 -23.125 2.5
      vertex -28.7612 -23.1459 37.5
      vertex -29 -23.125 37.5
    endloop
  endfacet
  facet normal -0.0871877 -0.996192 -0
    outer loop
      vertex -28.7612 -23.1459 37.5
      vertex -29 -23.125 2.5
      vertex -28.7612 -23.1459 2.5
    endloop
  endfacet
  facet normal -0.707107 0.707107 -1.31112e-19
    outer loop
      vertex -28.1162 -25.5533 2.5
      vertex -27.9467 -25.3838 37.5
      vertex -27.9467 -25.3838 2.5
    endloop
  endfacet
  facet normal -0.707107 0.707107 -1.31112e-19
    outer loop
      vertex -27.9467 -25.3838 37.5
      vertex -28.1162 -25.5533 2.5
      vertex -28.1162 -25.5533 37.5
    endloop
  endfacet
  facet normal 0.996192 0.0871877 3.13304e-20
    outer loop
      vertex -30.3541 -24.7388 37.5
      vertex -30.375 -24.5 2.5
      vertex -30.375 -24.5 37.5
    endloop
  endfacet
  facet normal 0.996192 0.0871877 3.13304e-20
    outer loop
      vertex -30.375 -24.5 2.5
      vertex -30.3541 -24.7388 37.5
      vertex -30.3541 -24.7388 2.5
    endloop
  endfacet
  facet normal -0.258701 -0.965957 0
    outer loop
      vertex -28.7612 -23.1459 2.5
      vertex -28.5297 -23.2079 37.5
      vertex -28.7612 -23.1459 37.5
    endloop
  endfacet
  facet normal -0.258701 -0.965957 -0
    outer loop
      vertex -28.5297 -23.2079 37.5
      vertex -28.7612 -23.1459 2.5
      vertex -28.5297 -23.2079 2.5
    endloop
  endfacet
  facet normal 0.965957 -0.258701 -2.3295e-21
    outer loop
      vertex -30.3541 -24.2612 37.5
      vertex -30.2921 -24.0297 2.5
      vertex -30.2921 -24.0297 37.5
    endloop
  endfacet
  facet normal 0.965957 -0.258701 -2.3295e-21
    outer loop
      vertex -30.2921 -24.0297 2.5
      vertex -30.3541 -24.2612 37.5
      vertex -30.3541 -24.2612 2.5
    endloop
  endfacet
  facet normal 0.42268 0.906279 -0
    outer loop
      vertex -29.4703 -25.7921 2.5
      vertex -29.6875 -25.6908 37.5
      vertex -29.4703 -25.7921 37.5
    endloop
  endfacet
  facet normal 0.42268 0.906279 0
    outer loop
      vertex -29.6875 -25.6908 37.5
      vertex -29.4703 -25.7921 2.5
      vertex -29.6875 -25.6908 2.5
    endloop
  endfacet
  facet normal 0.707107 -0.707107 -1.31112e-19
    outer loop
      vertex -30.0533 -23.6162 37.5
      vertex -29.8838 -23.4467 2.5
      vertex -29.8838 -23.4467 37.5
    endloop
  endfacet
  facet normal 0.707107 -0.707107 -1.31112e-19
    outer loop
      vertex -29.8838 -23.4467 2.5
      vertex -30.0533 -23.6162 37.5
      vertex -30.0533 -23.6162 2.5
    endloop
  endfacet
  facet normal 0.965958 -0.258698 -2.57957e-19
    outer loop
      vertex -26.1809 23.4739 37.5
      vertex -26.0456 23.9791 2.5
      vertex -26.0456 23.9791 37.5
    endloop
  endfacet
  facet normal 0.965958 -0.258698 -2.57957e-19
    outer loop
      vertex -26.0456 23.9791 2.5
      vertex -26.1809 23.4739 37.5
      vertex -26.1809 23.4739 2.5
    endloop
  endfacet
  facet normal 0.965958 0.258698 2.57957e-19
    outer loop
      vertex -26.0456 25.0209 37.5
      vertex -26.1809 25.5261 2.5
      vertex -26.1809 25.5261 37.5
    endloop
  endfacet
  facet normal 0.965958 0.258698 2.57957e-19
    outer loop
      vertex -26.1809 25.5261 2.5
      vertex -26.0456 25.0209 37.5
      vertex -26.0456 25.0209 2.5
    endloop
  endfacet
  facet normal 0.99619 0.0872073 5.07494e-20
    outer loop
      vertex -26 24.5 37.5
      vertex -26.0456 25.0209 2.5
      vertex -26.0456 25.0209 37.5
    endloop
  endfacet
  facet normal 0.99619 0.0872073 5.07494e-20
    outer loop
      vertex -26.0456 25.0209 2.5
      vertex -26 24.5 37.5
      vertex -26 24.5 2.5
    endloop
  endfacet
  facet normal 0.906295 0.422645 3.09654e-19
    outer loop
      vertex -26.1809 25.5261 37.5
      vertex -26.4019 26 2.5
      vertex -26.4019 26 37.5
    endloop
  endfacet
  facet normal 0.906295 0.422645 3.09654e-19
    outer loop
      vertex -26.4019 26 2.5
      vertex -26.1809 25.5261 37.5
      vertex -26.1809 25.5261 2.5
    endloop
  endfacet
  facet normal -0.965958 -0.258698 2.57957e-19
    outer loop
      vertex -31.8191 23.4739 2.5
      vertex -31.9544 23.9791 37.5
      vertex -31.9544 23.9791 2.5
    endloop
  endfacet
  facet normal -0.965958 -0.258698 2.57957e-19
    outer loop
      vertex -31.9544 23.9791 37.5
      vertex -31.8191 23.4739 2.5
      vertex -31.8191 23.4739 37.5
    endloop
  endfacet
  facet normal -0.819124 0.573616 1.99908e-19
    outer loop
      vertex -31.5981 26 2.5
      vertex -31.2981 26.4284 37.5
      vertex -31.2981 26.4284 2.5
    endloop
  endfacet
  facet normal -0.819124 0.573616 1.99908e-19
    outer loop
      vertex -31.2981 26.4284 37.5
      vertex -31.5981 26 2.5
      vertex -31.5981 26 37.5
    endloop
  endfacet
  facet normal -0.422645 0.906295 0
    outer loop
      vertex -30.0261 27.3191 2.5
      vertex -30.5 27.0981 37.5
      vertex -30.0261 27.3191 37.5
    endloop
  endfacet
  facet normal -0.422645 0.906295 0
    outer loop
      vertex -30.5 27.0981 37.5
      vertex -30.0261 27.3191 2.5
      vertex -30.5 27.0981 2.5
    endloop
  endfacet
  facet normal -0.573616 -0.819124 0
    outer loop
      vertex -30.9284 22.2019 3.3
      vertex -30.5 21.9019 37.5
      vertex -30.9284 22.2019 37.5
    endloop
  endfacet
  facet normal -0.573616 -0.819124 -0
    outer loop
      vertex -30.5 21.9019 37.5
      vertex -30.9284 22.2019 3.3
      vertex -30.5 21.9019 3.3
    endloop
  endfacet
  facet normal -0.0872073 -0.99619 0
    outer loop
      vertex -29.5209 21.5456 3.3
      vertex -29 21.5 37.5
      vertex -29.5209 21.5456 37.5
    endloop
  endfacet
  facet normal -0.0872073 -0.99619 -0
    outer loop
      vertex -29 21.5 37.5
      vertex -29.5209 21.5456 3.3
      vertex -29 21.5 3.3
    endloop
  endfacet
  facet normal 0.0872073 -0.99619 0
    outer loop
      vertex -29 21.5 3.3
      vertex -28.4791 21.5456 37.5
      vertex -29 21.5 37.5
    endloop
  endfacet
  facet normal 0.0872073 -0.99619 0
    outer loop
      vertex -28.4791 21.5456 37.5
      vertex -29 21.5 3.3
      vertex -28.4791 21.5456 3.3
    endloop
  endfacet
  facet normal 0.906295 -0.422645 -3.09654e-19
    outer loop
      vertex -26.4019 23 37.5
      vertex -26.1809 23.4739 2.5
      vertex -26.1809 23.4739 37.5
    endloop
  endfacet
  facet normal 0.906295 -0.422645 -3.09654e-19
    outer loop
      vertex -26.1809 23.4739 2.5
      vertex -26.4019 23 37.5
      vertex -26.4019 23 2.5
    endloop
  endfacet
  facet normal 0.707107 0.707107 -7.72622e-20
    outer loop
      vertex -26.7019 26.4284 37.5
      vertex -27.0716 26.7981 2.5
      vertex -27.0716 26.7981 37.5
    endloop
  endfacet
  facet normal 0.707107 0.707107 -7.72622e-20
    outer loop
      vertex -27.0716 26.7981 2.5
      vertex -26.7019 26.4284 37.5
      vertex -26.7019 26.4284 2.5
    endloop
  endfacet
  facet normal 0.707107 -0.707107 7.90695e-20
    outer loop
      vertex -27.0716 22.2019 37.5
      vertex -26.7019 22.5716 3.3
      vertex -26.7019 22.5716 37.5
    endloop
  endfacet
  facet normal 0.707107 -0.707107 7.90695e-20
    outer loop
      vertex -26.7019 22.5716 3.3
      vertex -27.0716 22.2019 37.5
      vertex -27.0716 22.2019 3.3
    endloop
  endfacet
  facet normal -0.99619 0.0872073 -5.07494e-20
    outer loop
      vertex -32 24.5 2.5
      vertex -31.9544 25.0209 37.5
      vertex -31.9544 25.0209 2.5
    endloop
  endfacet
  facet normal -0.99619 0.0872073 -5.07494e-20
    outer loop
      vertex -31.9544 25.0209 37.5
      vertex -32 24.5 2.5
      vertex -32 24.5 37.5
    endloop
  endfacet
  facet normal 0.258698 0.965958 -0
    outer loop
      vertex -27.9739 27.3191 2.5
      vertex -28.4791 27.4544 37.5
      vertex -27.9739 27.3191 37.5
    endloop
  endfacet
  facet normal 0.258698 0.965958 0
    outer loop
      vertex -28.4791 27.4544 37.5
      vertex -27.9739 27.3191 2.5
      vertex -28.4791 27.4544 2.5
    endloop
  endfacet
  facet normal -0.99619 -0.0872073 5.07494e-20
    outer loop
      vertex -31.9544 23.9791 2.5
      vertex -32 24.5 37.5
      vertex -32 24.5 2.5
    endloop
  endfacet
  facet normal -0.99619 -0.0872073 5.07494e-20
    outer loop
      vertex -32 24.5 37.5
      vertex -31.9544 23.9791 2.5
      vertex -31.9544 23.9791 37.5
    endloop
  endfacet
  facet normal 0.819136 -0.5736 0
    outer loop
      vertex -26.4019 23 37.5
      vertex -26.682 22.6 3.3
      vertex -26.4019 23 2.5
    endloop
  endfacet
  facet normal 0.819124 -0.573616 2.88485e-07
    outer loop
      vertex -26.7019 22.5716 37.5
      vertex -26.682 22.6 3.3
      vertex -26.4019 23 37.5
    endloop
  endfacet
  facet normal 0.818961 -0.573849 4.39124e-20
    outer loop
      vertex -26.682 22.6 3.3
      vertex -26.7019 22.5716 37.5
      vertex -26.7019 22.5716 3.3
    endloop
  endfacet
  facet normal 0.819136 -0.5736 -2.92152e-18
    outer loop
      vertex -26.4019 23 2.5
      vertex -26.682 22.6 3.3
      vertex -26.682 22.6 2.5
    endloop
  endfacet
  facet normal -0.258698 -0.965958 0
    outer loop
      vertex -30.0261 21.6809 3.3
      vertex -29.5209 21.5456 37.5
      vertex -30.0261 21.6809 37.5
    endloop
  endfacet
  facet normal -0.258698 -0.965958 -0
    outer loop
      vertex -29.5209 21.5456 37.5
      vertex -30.0261 21.6809 3.3
      vertex -29.5209 21.5456 3.3
    endloop
  endfacet
  facet normal 0.422645 -0.906295 0
    outer loop
      vertex -27.9739 21.6809 3.3
      vertex -27.5 21.9019 37.5
      vertex -27.9739 21.6809 37.5
    endloop
  endfacet
  facet normal 0.422645 -0.906295 0
    outer loop
      vertex -27.5 21.9019 37.5
      vertex -27.9739 21.6809 3.3
      vertex -27.5 21.9019 3.3
    endloop
  endfacet
  facet normal -0.573616 0.819124 0
    outer loop
      vertex -30.5 27.0981 2.5
      vertex -30.9284 26.7981 37.5
      vertex -30.5 27.0981 37.5
    endloop
  endfacet
  facet normal -0.573616 0.819124 0
    outer loop
      vertex -30.9284 26.7981 37.5
      vertex -30.5 27.0981 2.5
      vertex -30.9284 26.7981 2.5
    endloop
  endfacet
  facet normal 0.819124 0.573616 -1.99908e-19
    outer loop
      vertex -26.4019 26 37.5
      vertex -26.7019 26.4284 2.5
      vertex -26.7019 26.4284 37.5
    endloop
  endfacet
  facet normal 0.819124 0.573616 -1.99908e-19
    outer loop
      vertex -26.7019 26.4284 2.5
      vertex -26.4019 26 37.5
      vertex -26.4019 26 2.5
    endloop
  endfacet
  facet normal 0.422645 0.906295 -0
    outer loop
      vertex -27.5 27.0981 2.5
      vertex -27.9739 27.3191 37.5
      vertex -27.5 27.0981 37.5
    endloop
  endfacet
  facet normal 0.422645 0.906295 0
    outer loop
      vertex -27.9739 27.3191 37.5
      vertex -27.5 27.0981 2.5
      vertex -27.9739 27.3191 2.5
    endloop
  endfacet
  facet normal 0.258698 -0.965958 0
    outer loop
      vertex -28.4791 21.5456 3.3
      vertex -27.9739 21.6809 37.5
      vertex -28.4791 21.5456 37.5
    endloop
  endfacet
  facet normal 0.258698 -0.965958 0
    outer loop
      vertex -27.9739 21.6809 37.5
      vertex -28.4791 21.5456 3.3
      vertex -27.9739 21.6809 3.3
    endloop
  endfacet
  facet normal 0 0 1
    outer loop
      vertex -27.625 24.5 37.5
      vertex -26 24.5 37.5
      vertex -26.0456 25.0209 37.5
    endloop
  endfacet
  facet normal 0 0 1
    outer loop
      vertex -27.6459 24.7388 37.5
      vertex -26.0456 25.0209 37.5
      vertex -26.1809 25.5261 37.5
    endloop
  endfacet
  facet normal 0 0 1
    outer loop
      vertex -26 24.5 37.5
      vertex -27.625 24.5 37.5
      vertex -26.0456 23.9791 37.5
    endloop
  endfacet
  facet normal 0 0 1
    outer loop
      vertex -27.7079 24.9703 37.5
      vertex -26.1809 25.5261 37.5
      vertex -26.4019 26 37.5
    endloop
  endfacet
  facet normal -0 0 1
    outer loop
      vertex -27.6459 24.2612 37.5
      vertex -26.0456 23.9791 37.5
      vertex -27.625 24.5 37.5
    endloop
  endfacet
  facet normal 0 0 1
    outer loop
      vertex -27.8092 25.1875 37.5
      vertex -26.4019 26 37.5
      vertex -26.7019 26.4284 37.5
    endloop
  endfacet
  facet normal 0 0 1
    outer loop
      vertex -26.0456 23.9791 37.5
      vertex -27.6459 24.2612 37.5
      vertex -26.1809 23.4739 37.5
    endloop
  endfacet
  facet normal 0 0 1
    outer loop
      vertex -27.9467 25.3838 37.5
      vertex -26.7019 26.4284 37.5
      vertex -27.0716 26.7981 37.5
    endloop
  endfacet
  facet normal -0 0 1
    outer loop
      vertex -27.7079 24.0297 37.5
      vertex -26.1809 23.4739 37.5
      vertex -27.6459 24.2612 37.5
    endloop
  endfacet
  facet normal 0 0 1
    outer loop
      vertex -28.1162 25.5533 37.5
      vertex -27.0716 26.7981 37.5
      vertex -27.5 27.0981 37.5
    endloop
  endfacet
  facet normal 0 0 1
    outer loop
      vertex -26.1809 23.4739 37.5
      vertex -27.7079 24.0297 37.5
      vertex -26.4019 23 37.5
    endloop
  endfacet
  facet normal -0 0 1
    outer loop
      vertex -27.8092 23.8125 37.5
      vertex -26.4019 23 37.5
      vertex -27.7079 24.0297 37.5
    endloop
  endfacet
  facet normal 0 0 1
    outer loop
      vertex -26.0456 25.0209 37.5
      vertex -27.6459 24.7388 37.5
      vertex -27.625 24.5 37.5
    endloop
  endfacet
  facet normal 0 0 1
    outer loop
      vertex -26.1809 25.5261 37.5
      vertex -27.7079 24.9703 37.5
      vertex -27.6459 24.7388 37.5
    endloop
  endfacet
  facet normal 0 0 1
    outer loop
      vertex -26.4019 26 37.5
      vertex -27.8092 25.1875 37.5
      vertex -27.7079 24.9703 37.5
    endloop
  endfacet
  facet normal 0 0 1
    outer loop
      vertex -26.7019 26.4284 37.5
      vertex -27.9467 25.3838 37.5
      vertex -27.8092 25.1875 37.5
    endloop
  endfacet
  facet normal 0 0 1
    outer loop
      vertex -28.3125 25.6908 37.5
      vertex -27.5 27.0981 37.5
      vertex -27.9739 27.3191 37.5
    endloop
  endfacet
  facet normal 0 0 1
    outer loop
      vertex -27.0716 26.7981 37.5
      vertex -28.1162 25.5533 37.5
      vertex -27.9467 25.3838 37.5
    endloop
  endfacet
  facet normal 0 0 1
    outer loop
      vertex -27.5 27.0981 37.5
      vertex -28.3125 25.6908 37.5
      vertex -28.1162 25.5533 37.5
    endloop
  endfacet
  facet normal 0 0 1
    outer loop
      vertex -28.5297 25.7921 37.5
      vertex -27.9739 27.3191 37.5
      vertex -28.4791 27.4544 37.5
    endloop
  endfacet
  facet normal 0 0 1
    outer loop
      vertex -27.9739 27.3191 37.5
      vertex -28.5297 25.7921 37.5
      vertex -28.3125 25.6908 37.5
    endloop
  endfacet
  facet normal 0 0 1
    outer loop
      vertex -28.4791 27.4544 37.5
      vertex -28.7612 25.8541 37.5
      vertex -28.5297 25.7921 37.5
    endloop
  endfacet
  facet normal 0 0 1
    outer loop
      vertex -29 27.5 37.5
      vertex -28.7612 25.8541 37.5
      vertex -28.4791 27.4544 37.5
    endloop
  endfacet
  facet normal 0 0 1
    outer loop
      vertex -29 27.5 37.5
      vertex -29 25.875 37.5
      vertex -28.7612 25.8541 37.5
    endloop
  endfacet
  facet normal 0 0 1
    outer loop
      vertex -29 27.5 37.5
      vertex -29.2388 25.8541 37.5
      vertex -29 25.875 37.5
    endloop
  endfacet
  facet normal -0 0 1
    outer loop
      vertex -29.5209 27.4544 37.5
      vertex -29.2388 25.8541 37.5
      vertex -29 27.5 37.5
    endloop
  endfacet
  facet normal 0 0 1
    outer loop
      vertex -29.2388 25.8541 37.5
      vertex -29.5209 27.4544 37.5
      vertex -29.4703 25.7921 37.5
    endloop
  endfacet
  facet normal -0 0 1
    outer loop
      vertex -30.0261 27.3191 37.5
      vertex -29.4703 25.7921 37.5
      vertex -29.5209 27.4544 37.5
    endloop
  endfacet
  facet normal 0 0 1
    outer loop
      vertex -29.4703 25.7921 37.5
      vertex -30.0261 27.3191 37.5
      vertex -29.6875 25.6908 37.5
    endloop
  endfacet
  facet normal -0 0 1
    outer loop
      vertex -30.5 27.0981 37.5
      vertex -29.6875 25.6908 37.5
      vertex -30.0261 27.3191 37.5
    endloop
  endfacet
  facet normal 0 0 1
    outer loop
      vertex -29.6875 25.6908 37.5
      vertex -30.5 27.0981 37.5
      vertex -29.8838 25.5533 37.5
    endloop
  endfacet
  facet normal -0 0 1
    outer loop
      vertex -30.9284 26.7981 37.5
      vertex -29.8838 25.5533 37.5
      vertex -30.5 27.0981 37.5
    endloop
  endfacet
  facet normal 0 0 1
    outer loop
      vertex -29.8838 25.5533 37.5
      vertex -30.9284 26.7981 37.5
      vertex -30.0533 25.3838 37.5
    endloop
  endfacet
  facet normal -0 0 1
    outer loop
      vertex -31.2981 26.4284 37.5
      vertex -30.0533 25.3838 37.5
      vertex -30.9284 26.7981 37.5
    endloop
  endfacet
  facet normal -0 0 1
    outer loop
      vertex -31.5981 26 37.5
      vertex -30.1908 25.1875 37.5
      vertex -31.2981 26.4284 37.5
    endloop
  endfacet
  facet normal 0 0 1
    outer loop
      vertex -30.0533 25.3838 37.5
      vertex -31.2981 26.4284 37.5
      vertex -30.1908 25.1875 37.5
    endloop
  endfacet
  facet normal 0 0 1
    outer loop
      vertex -26.4019 23 37.5
      vertex -27.8092 23.8125 37.5
      vertex -26.7019 22.5716 37.5
    endloop
  endfacet
  facet normal -0 0 1
    outer loop
      vertex -27.9467 23.6162 37.5
      vertex -26.7019 22.5716 37.5
      vertex -27.8092 23.8125 37.5
    endloop
  endfacet
  facet normal 0 0 1
    outer loop
      vertex -26.7019 22.5716 37.5
      vertex -27.9467 23.6162 37.5
      vertex -27.0716 22.2019 37.5
    endloop
  endfacet
  facet normal -0 0 1
    outer loop
      vertex -28.1162 23.4467 37.5
      vertex -27.0716 22.2019 37.5
      vertex -27.9467 23.6162 37.5
    endloop
  endfacet
  facet normal 0 0 1
    outer loop
      vertex -27.0716 22.2019 37.5
      vertex -28.1162 23.4467 37.5
      vertex -27.5 21.9019 37.5
    endloop
  endfacet
  facet normal -0 0 1
    outer loop
      vertex -28.3125 23.3092 37.5
      vertex -27.5 21.9019 37.5
      vertex -28.1162 23.4467 37.5
    endloop
  endfacet
  facet normal 0 0 1
    outer loop
      vertex -27.5 21.9019 37.5
      vertex -28.3125 23.3092 37.5
      vertex -27.9739 21.6809 37.5
    endloop
  endfacet
  facet normal -0 0 1
    outer loop
      vertex -28.5297 23.2079 37.5
      vertex -27.9739 21.6809 37.5
      vertex -28.3125 23.3092 37.5
    endloop
  endfacet
  facet normal 0 0 1
    outer loop
      vertex -27.9739 21.6809 37.5
      vertex -28.5297 23.2079 37.5
      vertex -28.4791 21.5456 37.5
    endloop
  endfacet
  facet normal -0 0 1
    outer loop
      vertex -28.7612 23.1459 37.5
      vertex -28.4791 21.5456 37.5
      vertex -28.5297 23.2079 37.5
    endloop
  endfacet
  facet normal -0 0 1
    outer loop
      vertex -29 23.125 37.5
      vertex -28.4791 21.5456 37.5
      vertex -28.7612 23.1459 37.5
    endloop
  endfacet
  facet normal 0 0 1
    outer loop
      vertex -29 23.125 37.5
      vertex -29 21.5 37.5
      vertex -28.4791 21.5456 37.5
    endloop
  endfacet
  facet normal 0 0 1
    outer loop
      vertex -29.2388 23.1459 37.5
      vertex -29 21.5 37.5
      vertex -29 23.125 37.5
    endloop
  endfacet
  facet normal 0 0 1
    outer loop
      vertex -29.5209 21.5456 37.5
      vertex -29.2388 23.1459 37.5
      vertex -29.4703 23.2079 37.5
    endloop
  endfacet
  facet normal 0 0 1
    outer loop
      vertex -29.2388 23.1459 37.5
      vertex -29.5209 21.5456 37.5
      vertex -29 21.5 37.5
    endloop
  endfacet
  facet normal 0 0 1
    outer loop
      vertex -30.0261 21.6809 37.5
      vertex -29.4703 23.2079 37.5
      vertex -29.6875 23.3092 37.5
    endloop
  endfacet
  facet normal 0 0 1
    outer loop
      vertex -30.5 21.9019 37.5
      vertex -29.6875 23.3092 37.5
      vertex -29.8838 23.4467 37.5
    endloop
  endfacet
  facet normal 0 0 1
    outer loop
      vertex -29.4703 23.2079 37.5
      vertex -30.0261 21.6809 37.5
      vertex -29.5209 21.5456 37.5
    endloop
  endfacet
  facet normal 0 0 1
    outer loop
      vertex -30.9284 22.2019 37.5
      vertex -29.8838 23.4467 37.5
      vertex -30.0533 23.6162 37.5
    endloop
  endfacet
  facet normal 0 0 1
    outer loop
      vertex -31.2981 22.5716 37.5
      vertex -30.0533 23.6162 37.5
      vertex -30.1908 23.8125 37.5
    endloop
  endfacet
  facet normal 0 0 1
    outer loop
      vertex -31.5981 23 37.5
      vertex -30.1908 23.8125 37.5
      vertex -30.2921 24.0297 37.5
    endloop
  endfacet
  facet normal 0 0 1
    outer loop
      vertex -31.8191 23.4739 37.5
      vertex -30.2921 24.0297 37.5
      vertex -30.3541 24.2612 37.5
    endloop
  endfacet
  facet normal 0 0 1
    outer loop
      vertex -29.6875 23.3092 37.5
      vertex -30.5 21.9019 37.5
      vertex -30.0261 21.6809 37.5
    endloop
  endfacet
  facet normal 0 0 1
    outer loop
      vertex -31.9544 23.9791 37.5
      vertex -30.3541 24.2612 37.5
      vertex -30.375 24.5 37.5
    endloop
  endfacet
  facet normal 0 0 1
    outer loop
      vertex -30.1908 25.1875 37.5
      vertex -31.5981 26 37.5
      vertex -30.2921 24.9703 37.5
    endloop
  endfacet
  facet normal -0 0 1
    outer loop
      vertex -31.8191 25.5261 37.5
      vertex -30.2921 24.9703 37.5
      vertex -31.5981 26 37.5
    endloop
  endfacet
  facet normal 0 0 1
    outer loop
      vertex -29.8838 23.4467 37.5
      vertex -30.9284 22.2019 37.5
      vertex -30.5 21.9019 37.5
    endloop
  endfacet
  facet normal 0 0 1
    outer loop
      vertex -30.2921 24.9703 37.5
      vertex -31.8191 25.5261 37.5
      vertex -30.3541 24.7388 37.5
    endloop
  endfacet
  facet normal 0 0 1
    outer loop
      vertex -30.0533 23.6162 37.5
      vertex -31.2981 22.5716 37.5
      vertex -30.9284 22.2019 37.5
    endloop
  endfacet
  facet normal -0 0 1
    outer loop
      vertex -31.9544 25.0209 37.5
      vertex -30.3541 24.7388 37.5
      vertex -31.8191 25.5261 37.5
    endloop
  endfacet
  facet normal 0 0 1
    outer loop
      vertex -30.1908 23.8125 37.5
      vertex -31.5981 23 37.5
      vertex -31.2981 22.5716 37.5
    endloop
  endfacet
  facet normal 0 0 1
    outer loop
      vertex -30.3541 24.7388 37.5
      vertex -31.9544 25.0209 37.5
      vertex -30.375 24.5 37.5
    endloop
  endfacet
  facet normal 0 0 1
    outer loop
      vertex -30.2921 24.0297 37.5
      vertex -31.8191 23.4739 37.5
      vertex -31.5981 23 37.5
    endloop
  endfacet
  facet normal 0 0 1
    outer loop
      vertex -32 24.5 37.5
      vertex -30.375 24.5 37.5
      vertex -31.9544 25.0209 37.5
    endloop
  endfacet
  facet normal 0 0 1
    outer loop
      vertex -30.3541 24.2612 37.5
      vertex -31.9544 23.9791 37.5
      vertex -31.8191 23.4739 37.5
    endloop
  endfacet
  facet normal 0 0 1
    outer loop
      vertex -30.375 24.5 37.5
      vertex -32 24.5 37.5
      vertex -31.9544 23.9791 37.5
    endloop
  endfacet
  facet normal 0.573616 -0.819124 0
    outer loop
      vertex -27.5 21.9019 3.3
      vertex -27.0716 22.2019 37.5
      vertex -27.5 21.9019 37.5
    endloop
  endfacet
  facet normal 0.573616 -0.819124 0
    outer loop
      vertex -27.0716 22.2019 37.5
      vertex -27.5 21.9019 3.3
      vertex -27.0716 22.2019 3.3
    endloop
  endfacet
  facet normal 0.573616 0.819124 -0
    outer loop
      vertex -27.0716 26.7981 2.5
      vertex -27.5 27.0981 37.5
      vertex -27.0716 26.7981 37.5
    endloop
  endfacet
  facet normal 0.573616 0.819124 0
    outer loop
      vertex -27.5 27.0981 37.5
      vertex -27.0716 26.7981 2.5
      vertex -27.5 27.0981 2.5
    endloop
  endfacet
  facet normal 0.0872073 0.99619 -0
    outer loop
      vertex -28.4791 27.4544 2.5
      vertex -29 27.5 37.5
      vertex -28.4791 27.4544 37.5
    endloop
  endfacet
  facet normal 0.0872073 0.99619 0
    outer loop
      vertex -29 27.5 37.5
      vertex -28.4791 27.4544 2.5
      vertex -29 27.5 2.5
    endloop
  endfacet
  facet normal -0.906295 0.422645 -3.09654e-19
    outer loop
      vertex -31.8191 25.5261 2.5
      vertex -31.5981 26 37.5
      vertex -31.5981 26 2.5
    endloop
  endfacet
  facet normal -0.906295 0.422645 -3.09654e-19
    outer loop
      vertex -31.5981 26 37.5
      vertex -31.8191 25.5261 2.5
      vertex -31.8191 25.5261 37.5
    endloop
  endfacet
  facet normal 0.99619 -0.0872073 -5.07494e-20
    outer loop
      vertex -26.0456 23.9791 37.5
      vertex -26 24.5 2.5
      vertex -26 24.5 37.5
    endloop
  endfacet
  facet normal 0.99619 -0.0872073 -5.07494e-20
    outer loop
      vertex -26 24.5 2.5
      vertex -26.0456 23.9791 37.5
      vertex -26.0456 23.9791 2.5
    endloop
  endfacet
  facet normal -0.258698 0.965958 0
    outer loop
      vertex -29.5209 27.4544 2.5
      vertex -30.0261 27.3191 37.5
      vertex -29.5209 27.4544 37.5
    endloop
  endfacet
  facet normal -0.258698 0.965958 0
    outer loop
      vertex -30.0261 27.3191 37.5
      vertex -29.5209 27.4544 2.5
      vertex -30.0261 27.3191 2.5
    endloop
  endfacet
  facet normal -0.0872073 0.99619 0
    outer loop
      vertex -29 27.5 2.5
      vertex -29.5209 27.4544 37.5
      vertex -29 27.5 37.5
    endloop
  endfacet
  facet normal -0.0872073 0.99619 0
    outer loop
      vertex -29.5209 27.4544 37.5
      vertex -29 27.5 2.5
      vertex -29.5209 27.4544 2.5
    endloop
  endfacet
  facet normal -0.906295 -0.422645 3.09654e-19
    outer loop
      vertex -31.5981 23 2.5
      vertex -31.8191 23.4739 37.5
      vertex -31.8191 23.4739 2.5
    endloop
  endfacet
  facet normal -0.906295 -0.422645 3.09654e-19
    outer loop
      vertex -31.8191 23.4739 37.5
      vertex -31.5981 23 2.5
      vertex -31.5981 23 37.5
    endloop
  endfacet
  facet normal -0.819136 -0.5736 -0
    outer loop
      vertex -31.318 22.6 3.3
      vertex -31.5981 23 2.5
      vertex -31.318 22.6 2.5
    endloop
  endfacet
  facet normal -0.819136 -0.5736 0
    outer loop
      vertex -31.5981 23 2.5
      vertex -31.318 22.6 3.3
      vertex -31.5981 23 37.5
    endloop
  endfacet
  facet normal -0.818961 -0.573849 -0
    outer loop
      vertex -31.2981 22.5716 37.5
      vertex -31.318 22.6 3.3
      vertex -31.2981 22.5716 3.3
    endloop
  endfacet
  facet normal -0.819124 -0.573616 2.88485e-07
    outer loop
      vertex -31.318 22.6 3.3
      vertex -31.2981 22.5716 37.5
      vertex -31.5981 23 37.5
    endloop
  endfacet
  facet normal -0.707107 -0.707107 -7.90695e-20
    outer loop
      vertex -30.9284 22.2019 3.3
      vertex -31.2981 22.5716 37.5
      vertex -31.2981 22.5716 3.3
    endloop
  endfacet
  facet normal -0.707107 -0.707107 -7.90695e-20
    outer loop
      vertex -31.2981 22.5716 37.5
      vertex -30.9284 22.2019 3.3
      vertex -30.9284 22.2019 37.5
    endloop
  endfacet
  facet normal -0.965958 0.258698 -2.57957e-19
    outer loop
      vertex -31.9544 25.0209 2.5
      vertex -31.8191 25.5261 37.5
      vertex -31.8191 25.5261 2.5
    endloop
  endfacet
  facet normal -0.965958 0.258698 -2.57957e-19
    outer loop
      vertex -31.8191 25.5261 37.5
      vertex -31.9544 25.0209 2.5
      vertex -31.9544 25.0209 37.5
    endloop
  endfacet
  facet normal -0.422645 -0.906295 0
    outer loop
      vertex -30.5 21.9019 3.3
      vertex -30.0261 21.6809 37.5
      vertex -30.5 21.9019 37.5
    endloop
  endfacet
  facet normal -0.422645 -0.906295 -0
    outer loop
      vertex -30.0261 21.6809 37.5
      vertex -30.5 21.9019 3.3
      vertex -30.0261 21.6809 3.3
    endloop
  endfacet
  facet normal -0.707107 0.707107 7.72622e-20
    outer loop
      vertex -31.2981 26.4284 2.5
      vertex -30.9284 26.7981 37.5
      vertex -30.9284 26.7981 2.5
    endloop
  endfacet
  facet normal -0.707107 0.707107 7.72622e-20
    outer loop
      vertex -30.9284 26.7981 37.5
      vertex -31.2981 26.4284 2.5
      vertex -31.2981 26.4284 37.5
    endloop
  endfacet
  facet normal 0.707107 0.707107 1.31112e-19
    outer loop
      vertex -29.8838 23.4467 37.5
      vertex -30.0533 23.6162 2.5
      vertex -30.0533 23.6162 37.5
    endloop
  endfacet
  facet normal 0.707107 0.707107 1.31112e-19
    outer loop
      vertex -30.0533 23.6162 2.5
      vertex -29.8838 23.4467 37.5
      vertex -29.8838 23.4467 2.5
    endloop
  endfacet
  facet normal 0.906279 -0.42268 -4.51493e-21
    outer loop
      vertex -30.2921 24.9703 37.5
      vertex -30.1908 25.1875 2.5
      vertex -30.1908 25.1875 37.5
    endloop
  endfacet
  facet normal 0.906279 -0.42268 -4.51493e-21
    outer loop
      vertex -30.1908 25.1875 2.5
      vertex -30.2921 24.9703 37.5
      vertex -30.2921 24.9703 2.5
    endloop
  endfacet
  facet normal -0.965957 -0.258701 2.3295e-21
    outer loop
      vertex -27.6459 24.7388 2.5
      vertex -27.7079 24.9703 37.5
      vertex -27.7079 24.9703 2.5
    endloop
  endfacet
  facet normal -0.965957 -0.258701 2.3295e-21
    outer loop
      vertex -27.7079 24.9703 37.5
      vertex -27.6459 24.7388 2.5
      vertex -27.6459 24.7388 37.5
    endloop
  endfacet
  facet normal -0.996192 -0.0871877 3.13304e-20
    outer loop
      vertex -27.625 24.5 2.5
      vertex -27.6459 24.7388 37.5
      vertex -27.6459 24.7388 2.5
    endloop
  endfacet
  facet normal -0.996192 -0.0871877 3.13304e-20
    outer loop
      vertex -27.6459 24.7388 37.5
      vertex -27.625 24.5 2.5
      vertex -27.625 24.5 37.5
    endloop
  endfacet
  facet normal -0.906279 -0.42268 4.51493e-21
    outer loop
      vertex -27.7079 24.9703 2.5
      vertex -27.8092 25.1875 37.5
      vertex -27.8092 25.1875 2.5
    endloop
  endfacet
  facet normal -0.906279 -0.42268 4.51493e-21
    outer loop
      vertex -27.8092 25.1875 37.5
      vertex -27.7079 24.9703 2.5
      vertex -27.7079 24.9703 37.5
    endloop
  endfacet
  facet normal -0.573714 0.819055 0
    outer loop
      vertex -28.1162 23.4467 2.5
      vertex -28.3125 23.3092 37.5
      vertex -28.1162 23.4467 37.5
    endloop
  endfacet
  facet normal -0.573714 0.819055 0
    outer loop
      vertex -28.3125 23.3092 37.5
      vertex -28.1162 23.4467 2.5
      vertex -28.3125 23.3092 2.5
    endloop
  endfacet
  facet normal 0.0871877 0.996192 -0
    outer loop
      vertex -29 23.125 2.5
      vertex -29.2388 23.1459 37.5
      vertex -29 23.125 37.5
    endloop
  endfacet
  facet normal 0.0871877 0.996192 0
    outer loop
      vertex -29.2388 23.1459 37.5
      vertex -29 23.125 2.5
      vertex -29.2388 23.1459 2.5
    endloop
  endfacet
  facet normal -0.42268 0.906279 0
    outer loop
      vertex -28.3125 23.3092 2.5
      vertex -28.5297 23.2079 37.5
      vertex -28.3125 23.3092 37.5
    endloop
  endfacet
  facet normal -0.42268 0.906279 0
    outer loop
      vertex -28.5297 23.2079 37.5
      vertex -28.3125 23.3092 2.5
      vertex -28.5297 23.2079 2.5
    endloop
  endfacet
  facet normal 0.258701 -0.965957 0
    outer loop
      vertex -29.4703 25.7921 2.5
      vertex -29.2388 25.8541 37.5
      vertex -29.4703 25.7921 37.5
    endloop
  endfacet
  facet normal 0.258701 -0.965957 0
    outer loop
      vertex -29.2388 25.8541 37.5
      vertex -29.4703 25.7921 2.5
      vertex -29.2388 25.8541 2.5
    endloop
  endfacet
  facet normal 0.42268 -0.906279 0
    outer loop
      vertex -29.6875 25.6908 2.5
      vertex -29.4703 25.7921 37.5
      vertex -29.6875 25.6908 37.5
    endloop
  endfacet
  facet normal 0.42268 -0.906279 0
    outer loop
      vertex -29.4703 25.7921 37.5
      vertex -29.6875 25.6908 2.5
      vertex -29.4703 25.7921 2.5
    endloop
  endfacet
  facet normal -0.0871877 0.996192 0
    outer loop
      vertex -28.7612 23.1459 2.5
      vertex -29 23.125 37.5
      vertex -28.7612 23.1459 37.5
    endloop
  endfacet
  facet normal -0.0871877 0.996192 0
    outer loop
      vertex -29 23.125 37.5
      vertex -28.7612 23.1459 2.5
      vertex -29 23.125 2.5
    endloop
  endfacet
  facet normal 0.965957 0.258701 2.3295e-21
    outer loop
      vertex -30.2921 24.0297 37.5
      vertex -30.3541 24.2612 2.5
      vertex -30.3541 24.2612 37.5
    endloop
  endfacet
  facet normal 0.965957 0.258701 2.3295e-21
    outer loop
      vertex -30.3541 24.2612 2.5
      vertex -30.2921 24.0297 37.5
      vertex -30.2921 24.0297 2.5
    endloop
  endfacet
  facet normal 0.573714 0.819055 -0
    outer loop
      vertex -29.6875 23.3092 2.5
      vertex -29.8838 23.4467 37.5
      vertex -29.6875 23.3092 37.5
    endloop
  endfacet
  facet normal 0.573714 0.819055 0
    outer loop
      vertex -29.8838 23.4467 37.5
      vertex -29.6875 23.3092 2.5
      vertex -29.8838 23.4467 2.5
    endloop
  endfacet
  facet normal 0.819055 -0.573714 1.64515e-19
    outer loop
      vertex -30.1908 25.1875 37.5
      vertex -30.0533 25.3838 2.5
      vertex -30.0533 25.3838 37.5
    endloop
  endfacet
  facet normal 0.819055 -0.573714 1.64515e-19
    outer loop
      vertex -30.0533 25.3838 2.5
      vertex -30.1908 25.1875 37.5
      vertex -30.1908 25.1875 2.5
    endloop
  endfacet
  facet normal -0.906279 0.42268 -4.51493e-21
    outer loop
      vertex -27.8092 23.8125 2.5
      vertex -27.7079 24.0297 37.5
      vertex -27.7079 24.0297 2.5
    endloop
  endfacet
  facet normal -0.906279 0.42268 -4.51493e-21
    outer loop
      vertex -27.7079 24.0297 37.5
      vertex -27.8092 23.8125 2.5
      vertex -27.8092 23.8125 37.5
    endloop
  endfacet
  facet normal 0.819055 0.573714 -1.64515e-19
    outer loop
      vertex -30.0533 23.6162 37.5
      vertex -30.1908 23.8125 2.5
      vertex -30.1908 23.8125 37.5
    endloop
  endfacet
  facet normal 0.819055 0.573714 -1.64515e-19
    outer loop
      vertex -30.1908 23.8125 2.5
      vertex -30.0533 23.6162 37.5
      vertex -30.0533 23.6162 2.5
    endloop
  endfacet
  facet normal 0.573714 -0.819055 0
    outer loop
      vertex -29.8838 25.5533 2.5
      vertex -29.6875 25.6908 37.5
      vertex -29.8838 25.5533 37.5
    endloop
  endfacet
  facet normal 0.573714 -0.819055 0
    outer loop
      vertex -29.6875 25.6908 37.5
      vertex -29.8838 25.5533 2.5
      vertex -29.6875 25.6908 2.5
    endloop
  endfacet
  facet normal -0.819055 0.573714 1.64515e-19
    outer loop
      vertex -27.9467 23.6162 2.5
      vertex -27.8092 23.8125 37.5
      vertex -27.8092 23.8125 2.5
    endloop
  endfacet
  facet normal -0.819055 0.573714 1.64515e-19
    outer loop
      vertex -27.8092 23.8125 37.5
      vertex -27.9467 23.6162 2.5
      vertex -27.9467 23.6162 37.5
    endloop
  endfacet
  facet normal -0.819055 -0.573714 -1.64515e-19
    outer loop
      vertex -27.8092 25.1875 2.5
      vertex -27.9467 25.3838 37.5
      vertex -27.9467 25.3838 2.5
    endloop
  endfacet
  facet normal -0.819055 -0.573714 -1.64515e-19
    outer loop
      vertex -27.9467 25.3838 37.5
      vertex -27.8092 25.1875 2.5
      vertex -27.8092 25.1875 37.5
    endloop
  endfacet
  facet normal -0.965957 0.258701 -2.3295e-21
    outer loop
      vertex -27.7079 24.0297 2.5
      vertex -27.6459 24.2612 37.5
      vertex -27.6459 24.2612 2.5
    endloop
  endfacet
  facet normal -0.965957 0.258701 -2.3295e-21
    outer loop
      vertex -27.6459 24.2612 37.5
      vertex -27.7079 24.0297 2.5
      vertex -27.7079 24.0297 37.5
    endloop
  endfacet
  facet normal 0.996192 -0.0871877 -3.13304e-20
    outer loop
      vertex -30.375 24.5 37.5
      vertex -30.3541 24.7388 2.5
      vertex -30.3541 24.7388 37.5
    endloop
  endfacet
  facet normal 0.996192 -0.0871877 -3.13304e-20
    outer loop
      vertex -30.3541 24.7388 2.5
      vertex -30.375 24.5 37.5
      vertex -30.375 24.5 2.5
    endloop
  endfacet
  facet normal -0.42268 -0.906279 0
    outer loop
      vertex -28.5297 25.7921 2.5
      vertex -28.3125 25.6908 37.5
      vertex -28.5297 25.7921 37.5
    endloop
  endfacet
  facet normal -0.42268 -0.906279 -0
    outer loop
      vertex -28.3125 25.6908 37.5
      vertex -28.5297 25.7921 2.5
      vertex -28.3125 25.6908 2.5
    endloop
  endfacet
  facet normal -0.707107 -0.707107 1.31112e-19
    outer loop
      vertex -27.9467 25.3838 2.5
      vertex -28.1162 25.5533 37.5
      vertex -28.1162 25.5533 2.5
    endloop
  endfacet
  facet normal -0.707107 -0.707107 1.31112e-19
    outer loop
      vertex -28.1162 25.5533 37.5
      vertex -27.9467 25.3838 2.5
      vertex -27.9467 25.3838 37.5
    endloop
  endfacet
  facet normal -0.258701 0.965957 0
    outer loop
      vertex -28.5297 23.2079 2.5
      vertex -28.7612 23.1459 37.5
      vertex -28.5297 23.2079 37.5
    endloop
  endfacet
  facet normal -0.258701 0.965957 0
    outer loop
      vertex -28.7612 23.1459 37.5
      vertex -28.5297 23.2079 2.5
      vertex -28.7612 23.1459 2.5
    endloop
  endfacet
  facet normal -0.996192 0.0871877 -3.13304e-20
    outer loop
      vertex -27.6459 24.2612 2.5
      vertex -27.625 24.5 37.5
      vertex -27.625 24.5 2.5
    endloop
  endfacet
  facet normal -0.996192 0.0871877 -3.13304e-20
    outer loop
      vertex -27.625 24.5 37.5
      vertex -27.6459 24.2612 2.5
      vertex -27.6459 24.2612 37.5
    endloop
  endfacet
  facet normal -0.573714 -0.819055 0
    outer loop
      vertex -28.3125 25.6908 2.5
      vertex -28.1162 25.5533 37.5
      vertex -28.3125 25.6908 37.5
    endloop
  endfacet
  facet normal -0.573714 -0.819055 -0
    outer loop
      vertex -28.1162 25.5533 37.5
      vertex -28.3125 25.6908 2.5
      vertex -28.1162 25.5533 2.5
    endloop
  endfacet
  facet normal 0.0871877 -0.996192 0
    outer loop
      vertex -29.2388 25.8541 2.5
      vertex -29 25.875 37.5
      vertex -29.2388 25.8541 37.5
    endloop
  endfacet
  facet normal 0.0871877 -0.996192 0
    outer loop
      vertex -29 25.875 37.5
      vertex -29.2388 25.8541 2.5
      vertex -29 25.875 2.5
    endloop
  endfacet
  facet normal 0.258701 0.965957 -0
    outer loop
      vertex -29.2388 23.1459 2.5
      vertex -29.4703 23.2079 37.5
      vertex -29.2388 23.1459 37.5
    endloop
  endfacet
  facet normal 0.258701 0.965957 0
    outer loop
      vertex -29.4703 23.2079 37.5
      vertex -29.2388 23.1459 2.5
      vertex -29.4703 23.2079 2.5
    endloop
  endfacet
  facet normal 0.906279 0.42268 4.51493e-21
    outer loop
      vertex -30.1908 23.8125 37.5
      vertex -30.2921 24.0297 2.5
      vertex -30.2921 24.0297 37.5
    endloop
  endfacet
  facet normal 0.906279 0.42268 4.51493e-21
    outer loop
      vertex -30.2921 24.0297 2.5
      vertex -30.1908 23.8125 37.5
      vertex -30.1908 23.8125 2.5
    endloop
  endfacet
  facet normal -0.0871877 -0.996192 0
    outer loop
      vertex -29 25.875 2.5
      vertex -28.7612 25.8541 37.5
      vertex -29 25.875 37.5
    endloop
  endfacet
  facet normal -0.0871877 -0.996192 -0
    outer loop
      vertex -28.7612 25.8541 37.5
      vertex -29 25.875 2.5
      vertex -28.7612 25.8541 2.5
    endloop
  endfacet
  facet normal -0.707107 0.707107 -1.31112e-19
    outer loop
      vertex -28.1162 23.4467 2.5
      vertex -27.9467 23.6162 37.5
      vertex -27.9467 23.6162 2.5
    endloop
  endfacet
  facet normal -0.707107 0.707107 -1.31112e-19
    outer loop
      vertex -27.9467 23.6162 37.5
      vertex -28.1162 23.4467 2.5
      vertex -28.1162 23.4467 37.5
    endloop
  endfacet
  facet normal 0.996192 0.0871877 3.13304e-20
    outer loop
      vertex -30.3541 24.2612 37.5
      vertex -30.375 24.5 2.5
      vertex -30.375 24.5 37.5
    endloop
  endfacet
  facet normal 0.996192 0.0871877 3.13304e-20
    outer loop
      vertex -30.375 24.5 2.5
      vertex -30.3541 24.2612 37.5
      vertex -30.3541 24.2612 2.5
    endloop
  endfacet
  facet normal -0.258701 -0.965957 0
    outer loop
      vertex -28.7612 25.8541 2.5
      vertex -28.5297 25.7921 37.5
      vertex -28.7612 25.8541 37.5
    endloop
  endfacet
  facet normal -0.258701 -0.965957 -0
    outer loop
      vertex -28.5297 25.7921 37.5
      vertex -28.7612 25.8541 2.5
      vertex -28.5297 25.7921 2.5
    endloop
  endfacet
  facet normal 0.965957 -0.258701 -2.3295e-21
    outer loop
      vertex -30.3541 24.7388 37.5
      vertex -30.2921 24.9703 2.5
      vertex -30.2921 24.9703 37.5
    endloop
  endfacet
  facet normal 0.965957 -0.258701 -2.3295e-21
    outer loop
      vertex -30.2921 24.9703 2.5
      vertex -30.3541 24.7388 37.5
      vertex -30.3541 24.7388 2.5
    endloop
  endfacet
  facet normal 0.42268 0.906279 -0
    outer loop
      vertex -29.4703 23.2079 2.5
      vertex -29.6875 23.3092 37.5
      vertex -29.4703 23.2079 37.5
    endloop
  endfacet
  facet normal 0.42268 0.906279 0
    outer loop
      vertex -29.6875 23.3092 37.5
      vertex -29.4703 23.2079 2.5
      vertex -29.6875 23.3092 2.5
    endloop
  endfacet
  facet normal 0.707107 -0.707107 -1.31112e-19
    outer loop
      vertex -30.0533 25.3838 37.5
      vertex -29.8838 25.5533 2.5
      vertex -29.8838 25.5533 37.5
    endloop
  endfacet
  facet normal 0.707107 -0.707107 -1.31112e-19
    outer loop
      vertex -29.8838 25.5533 2.5
      vertex -30.0533 25.3838 37.5
      vertex -30.0533 25.3838 2.5
    endloop
  endfacet
  facet normal 0.965958 -0.258698 -2.57957e-19
    outer loop
      vertex 31.8191 -25.5261 37.5
      vertex 31.9544 -25.0209 2.5
      vertex 31.9544 -25.0209 37.5
    endloop
  endfacet
  facet normal 0.965958 -0.258698 -2.57957e-19
    outer loop
      vertex 31.9544 -25.0209 2.5
      vertex 31.8191 -25.5261 37.5
      vertex 31.8191 -25.5261 2.5
    endloop
  endfacet
  facet normal 0.965958 0.258698 2.57957e-19
    outer loop
      vertex 31.9544 -23.9791 37.5
      vertex 31.8191 -23.4739 2.5
      vertex 31.8191 -23.4739 37.5
    endloop
  endfacet
  facet normal 0.965958 0.258698 2.57957e-19
    outer loop
      vertex 31.8191 -23.4739 2.5
      vertex 31.9544 -23.9791 37.5
      vertex 31.9544 -23.9791 2.5
    endloop
  endfacet
  facet normal 0.99619 0.0872073 5.07494e-20
    outer loop
      vertex 32 -24.5 37.5
      vertex 31.9544 -23.9791 2.5
      vertex 31.9544 -23.9791 37.5
    endloop
  endfacet
  facet normal 0.99619 0.0872073 5.07494e-20
    outer loop
      vertex 31.9544 -23.9791 2.5
      vertex 32 -24.5 37.5
      vertex 32 -24.5 2.5
    endloop
  endfacet
  facet normal 0.906295 0.422645 3.09654e-19
    outer loop
      vertex 31.8191 -23.4739 37.5
      vertex 31.5981 -23 2.5
      vertex 31.5981 -23 37.5
    endloop
  endfacet
  facet normal 0.906295 0.422645 3.09654e-19
    outer loop
      vertex 31.5981 -23 2.5
      vertex 31.8191 -23.4739 37.5
      vertex 31.8191 -23.4739 2.5
    endloop
  endfacet
  facet normal -0.965958 -0.258698 2.57957e-19
    outer loop
      vertex 26.1809 -25.5261 2.5
      vertex 26.0456 -25.0209 37.5
      vertex 26.0456 -25.0209 2.5
    endloop
  endfacet
  facet normal -0.965958 -0.258698 2.57957e-19
    outer loop
      vertex 26.0456 -25.0209 37.5
      vertex 26.1809 -25.5261 2.5
      vertex 26.1809 -25.5261 37.5
    endloop
  endfacet
  facet normal -0.819136 0.5736 0
    outer loop
      vertex 26.682 -22.6 2.5
      vertex 26.4019 -23 2.5
      vertex 26.682 -22.6 3.3
    endloop
  endfacet
  facet normal -0.818961 0.573849 4.39124e-20
    outer loop
      vertex 26.682 -22.6 3.3
      vertex 26.7019 -22.5716 37.5
      vertex 26.7019 -22.5716 3.3
    endloop
  endfacet
  facet normal -0.819136 0.5736 0
    outer loop
      vertex 26.4019 -23 37.5
      vertex 26.682 -22.6 3.3
      vertex 26.4019 -23 2.5
    endloop
  endfacet
  facet normal -0.819124 0.573616 2.88485e-07
    outer loop
      vertex 26.682 -22.6 3.3
      vertex 26.4019 -23 37.5
      vertex 26.7019 -22.5716 37.5
    endloop
  endfacet
  facet normal -0.422645 0.906295 0
    outer loop
      vertex 27.9739 -21.6809 3.3
      vertex 27.5 -21.9019 37.5
      vertex 27.9739 -21.6809 37.5
    endloop
  endfacet
  facet normal -0.422645 0.906295 0
    outer loop
      vertex 27.5 -21.9019 37.5
      vertex 27.9739 -21.6809 3.3
      vertex 27.5 -21.9019 3.3
    endloop
  endfacet
  facet normal -0.573616 -0.819124 0
    outer loop
      vertex 27.0716 -26.7981 2.5
      vertex 27.5 -27.0981 37.5
      vertex 27.0716 -26.7981 37.5
    endloop
  endfacet
  facet normal -0.573616 -0.819124 -0
    outer loop
      vertex 27.5 -27.0981 37.5
      vertex 27.0716 -26.7981 2.5
      vertex 27.5 -27.0981 2.5
    endloop
  endfacet
  facet normal -0.0872073 -0.99619 0
    outer loop
      vertex 28.4791 -27.4544 2.5
      vertex 29 -27.5 37.5
      vertex 28.4791 -27.4544 37.5
    endloop
  endfacet
  facet normal -0.0872073 -0.99619 -0
    outer loop
      vertex 29 -27.5 37.5
      vertex 28.4791 -27.4544 2.5
      vertex 29 -27.5 2.5
    endloop
  endfacet
  facet normal 0.0872073 -0.99619 0
    outer loop
      vertex 29 -27.5 2.5
      vertex 29.5209 -27.4544 37.5
      vertex 29 -27.5 37.5
    endloop
  endfacet
  facet normal 0.0872073 -0.99619 0
    outer loop
      vertex 29.5209 -27.4544 37.5
      vertex 29 -27.5 2.5
      vertex 29.5209 -27.4544 2.5
    endloop
  endfacet
  facet normal 0.906295 -0.422645 -3.09654e-19
    outer loop
      vertex 31.5981 -26 37.5
      vertex 31.8191 -25.5261 2.5
      vertex 31.8191 -25.5261 37.5
    endloop
  endfacet
  facet normal 0.906295 -0.422645 -3.09654e-19
    outer loop
      vertex 31.8191 -25.5261 2.5
      vertex 31.5981 -26 37.5
      vertex 31.5981 -26 2.5
    endloop
  endfacet
  facet normal 0.707107 0.707107 -7.90695e-20
    outer loop
      vertex 31.2981 -22.5716 37.5
      vertex 30.9284 -22.2019 3.3
      vertex 30.9284 -22.2019 37.5
    endloop
  endfacet
  facet normal 0.707107 0.707107 -7.90695e-20
    outer loop
      vertex 30.9284 -22.2019 3.3
      vertex 31.2981 -22.5716 37.5
      vertex 31.2981 -22.5716 3.3
    endloop
  endfacet
  facet normal 0.707107 -0.707107 7.72622e-20
    outer loop
      vertex 30.9284 -26.7981 37.5
      vertex 31.2981 -26.4284 2.5
      vertex 31.2981 -26.4284 37.5
    endloop
  endfacet
  facet normal 0.707107 -0.707107 7.72622e-20
    outer loop
      vertex 31.2981 -26.4284 2.5
      vertex 30.9284 -26.7981 37.5
      vertex 30.9284 -26.7981 2.5
    endloop
  endfacet
  facet normal -0.99619 0.0872073 -5.07494e-20
    outer loop
      vertex 26 -24.5 2.5
      vertex 26.0456 -23.9791 37.5
      vertex 26.0456 -23.9791 2.5
    endloop
  endfacet
  facet normal -0.99619 0.0872073 -5.07494e-20
    outer loop
      vertex 26.0456 -23.9791 37.5
      vertex 26 -24.5 2.5
      vertex 26 -24.5 37.5
    endloop
  endfacet
  facet normal 0.258698 0.965958 -0
    outer loop
      vertex 30.0261 -21.6809 3.3
      vertex 29.5209 -21.5456 37.5
      vertex 30.0261 -21.6809 37.5
    endloop
  endfacet
  facet normal 0.258698 0.965958 0
    outer loop
      vertex 29.5209 -21.5456 37.5
      vertex 30.0261 -21.6809 3.3
      vertex 29.5209 -21.5456 3.3
    endloop
  endfacet
  facet normal -0.99619 -0.0872073 5.07494e-20
    outer loop
      vertex 26.0456 -25.0209 2.5
      vertex 26 -24.5 37.5
      vertex 26 -24.5 2.5
    endloop
  endfacet
  facet normal -0.99619 -0.0872073 5.07494e-20
    outer loop
      vertex 26 -24.5 37.5
      vertex 26.0456 -25.0209 2.5
      vertex 26.0456 -25.0209 37.5
    endloop
  endfacet
  facet normal 0.819124 -0.573616 1.99908e-19
    outer loop
      vertex 31.2981 -26.4284 37.5
      vertex 31.5981 -26 2.5
      vertex 31.5981 -26 37.5
    endloop
  endfacet
  facet normal 0.819124 -0.573616 1.99908e-19
    outer loop
      vertex 31.5981 -26 2.5
      vertex 31.2981 -26.4284 37.5
      vertex 31.2981 -26.4284 2.5
    endloop
  endfacet
  facet normal -0.258698 -0.965958 0
    outer loop
      vertex 27.9739 -27.3191 2.5
      vertex 28.4791 -27.4544 37.5
      vertex 27.9739 -27.3191 37.5
    endloop
  endfacet
  facet normal -0.258698 -0.965958 -0
    outer loop
      vertex 28.4791 -27.4544 37.5
      vertex 27.9739 -27.3191 2.5
      vertex 28.4791 -27.4544 2.5
    endloop
  endfacet
  facet normal 0.422645 -0.906295 0
    outer loop
      vertex 30.0261 -27.3191 2.5
      vertex 30.5 -27.0981 37.5
      vertex 30.0261 -27.3191 37.5
    endloop
  endfacet
  facet normal 0.422645 -0.906295 0
    outer loop
      vertex 30.5 -27.0981 37.5
      vertex 30.0261 -27.3191 2.5
      vertex 30.5 -27.0981 2.5
    endloop
  endfacet
  facet normal -0.573616 0.819124 0
    outer loop
      vertex 27.5 -21.9019 3.3
      vertex 27.0716 -22.2019 37.5
      vertex 27.5 -21.9019 37.5
    endloop
  endfacet
  facet normal -0.573616 0.819124 0
    outer loop
      vertex 27.0716 -22.2019 37.5
      vertex 27.5 -21.9019 3.3
      vertex 27.0716 -22.2019 3.3
    endloop
  endfacet
  facet normal 0.818961 0.573849 0
    outer loop
      vertex 31.2981 -22.5716 37.5
      vertex 31.318 -22.6 3.3
      vertex 31.2981 -22.5716 3.3
    endloop
  endfacet
  facet normal 0.819124 0.573616 2.88485e-07
    outer loop
      vertex 31.5981 -23 37.5
      vertex 31.318 -22.6 3.3
      vertex 31.2981 -22.5716 37.5
    endloop
  endfacet
  facet normal 0.819136 0.5736 -0
    outer loop
      vertex 31.5981 -23 2.5
      vertex 31.318 -22.6 3.3
      vertex 31.5981 -23 37.5
    endloop
  endfacet
  facet normal 0.819136 0.5736 0
    outer loop
      vertex 31.318 -22.6 3.3
      vertex 31.5981 -23 2.5
      vertex 31.318 -22.6 2.5
    endloop
  endfacet
  facet normal 0.422645 0.906295 -0
    outer loop
      vertex 30.5 -21.9019 3.3
      vertex 30.0261 -21.6809 37.5
      vertex 30.5 -21.9019 37.5
    endloop
  endfacet
  facet normal 0.422645 0.906295 0
    outer loop
      vertex 30.0261 -21.6809 37.5
      vertex 30.5 -21.9019 3.3
      vertex 30.0261 -21.6809 3.3
    endloop
  endfacet
  facet normal 0.258698 -0.965958 0
    outer loop
      vertex 29.5209 -27.4544 2.5
      vertex 30.0261 -27.3191 37.5
      vertex 29.5209 -27.4544 37.5
    endloop
  endfacet
  facet normal 0.258698 -0.965958 0
    outer loop
      vertex 30.0261 -27.3191 37.5
      vertex 29.5209 -27.4544 2.5
      vertex 30.0261 -27.3191 2.5
    endloop
  endfacet
  facet normal 0 0 1
    outer loop
      vertex 30.375 -24.5 37.5
      vertex 32 -24.5 37.5
      vertex 31.9544 -23.9791 37.5
    endloop
  endfacet
  facet normal 0 0 1
    outer loop
      vertex 30.3541 -24.2612 37.5
      vertex 31.9544 -23.9791 37.5
      vertex 31.8191 -23.4739 37.5
    endloop
  endfacet
  facet normal 0 0 1
    outer loop
      vertex 32 -24.5 37.5
      vertex 30.375 -24.5 37.5
      vertex 31.9544 -25.0209 37.5
    endloop
  endfacet
  facet normal 0 0 1
    outer loop
      vertex 30.2921 -24.0297 37.5
      vertex 31.8191 -23.4739 37.5
      vertex 31.5981 -23 37.5
    endloop
  endfacet
  facet normal -0 0 1
    outer loop
      vertex 30.3541 -24.7388 37.5
      vertex 31.9544 -25.0209 37.5
      vertex 30.375 -24.5 37.5
    endloop
  endfacet
  facet normal 0 0 1
    outer loop
      vertex 30.1908 -23.8125 37.5
      vertex 31.5981 -23 37.5
      vertex 31.2981 -22.5716 37.5
    endloop
  endfacet
  facet normal 0 0 1
    outer loop
      vertex 31.9544 -25.0209 37.5
      vertex 30.3541 -24.7388 37.5
      vertex 31.8191 -25.5261 37.5
    endloop
  endfacet
  facet normal 0 0 1
    outer loop
      vertex 30.0533 -23.6162 37.5
      vertex 31.2981 -22.5716 37.5
      vertex 30.9284 -22.2019 37.5
    endloop
  endfacet
  facet normal -0 0 1
    outer loop
      vertex 30.2921 -24.9703 37.5
      vertex 31.8191 -25.5261 37.5
      vertex 30.3541 -24.7388 37.5
    endloop
  endfacet
  facet normal 0 0 1
    outer loop
      vertex 29.8838 -23.4467 37.5
      vertex 30.9284 -22.2019 37.5
      vertex 30.5 -21.9019 37.5
    endloop
  endfacet
  facet normal 0 0 1
    outer loop
      vertex 31.8191 -25.5261 37.5
      vertex 30.2921 -24.9703 37.5
      vertex 31.5981 -26 37.5
    endloop
  endfacet
  facet normal -0 0 1
    outer loop
      vertex 30.1908 -25.1875 37.5
      vertex 31.5981 -26 37.5
      vertex 30.2921 -24.9703 37.5
    endloop
  endfacet
  facet normal 0 0 1
    outer loop
      vertex 31.9544 -23.9791 37.5
      vertex 30.3541 -24.2612 37.5
      vertex 30.375 -24.5 37.5
    endloop
  endfacet
  facet normal 0 0 1
    outer loop
      vertex 31.8191 -23.4739 37.5
      vertex 30.2921 -24.0297 37.5
      vertex 30.3541 -24.2612 37.5
    endloop
  endfacet
  facet normal 0 0 1
    outer loop
      vertex 31.5981 -23 37.5
      vertex 30.1908 -23.8125 37.5
      vertex 30.2921 -24.0297 37.5
    endloop
  endfacet
  facet normal 0 0 1
    outer loop
      vertex 31.2981 -22.5716 37.5
      vertex 30.0533 -23.6162 37.5
      vertex 30.1908 -23.8125 37.5
    endloop
  endfacet
  facet normal 0 0 1
    outer loop
      vertex 29.6875 -23.3092 37.5
      vertex 30.5 -21.9019 37.5
      vertex 30.0261 -21.6809 37.5
    endloop
  endfacet
  facet normal 0 0 1
    outer loop
      vertex 30.9284 -22.2019 37.5
      vertex 29.8838 -23.4467 37.5
      vertex 30.0533 -23.6162 37.5
    endloop
  endfacet
  facet normal 0 0 1
    outer loop
      vertex 30.5 -21.9019 37.5
      vertex 29.6875 -23.3092 37.5
      vertex 29.8838 -23.4467 37.5
    endloop
  endfacet
  facet normal 0 0 1
    outer loop
      vertex 29.4703 -23.2079 37.5
      vertex 30.0261 -21.6809 37.5
      vertex 29.5209 -21.5456 37.5
    endloop
  endfacet
  facet normal 0 0 1
    outer loop
      vertex 30.0261 -21.6809 37.5
      vertex 29.4703 -23.2079 37.5
      vertex 29.6875 -23.3092 37.5
    endloop
  endfacet
  facet normal 0 0 1
    outer loop
      vertex 29.5209 -21.5456 37.5
      vertex 29.2388 -23.1459 37.5
      vertex 29.4703 -23.2079 37.5
    endloop
  endfacet
  facet normal 0 0 1
    outer loop
      vertex 29 -21.5 37.5
      vertex 29.2388 -23.1459 37.5
      vertex 29.5209 -21.5456 37.5
    endloop
  endfacet
  facet normal 0 0 1
    outer loop
      vertex 29 -21.5 37.5
      vertex 29 -23.125 37.5
      vertex 29.2388 -23.1459 37.5
    endloop
  endfacet
  facet normal 0 0 1
    outer loop
      vertex 29 -21.5 37.5
      vertex 28.7612 -23.1459 37.5
      vertex 29 -23.125 37.5
    endloop
  endfacet
  facet normal -0 0 1
    outer loop
      vertex 28.4791 -21.5456 37.5
      vertex 28.7612 -23.1459 37.5
      vertex 29 -21.5 37.5
    endloop
  endfacet
  facet normal 0 0 1
    outer loop
      vertex 28.7612 -23.1459 37.5
      vertex 28.4791 -21.5456 37.5
      vertex 28.5297 -23.2079 37.5
    endloop
  endfacet
  facet normal -0 0 1
    outer loop
      vertex 27.9739 -21.6809 37.5
      vertex 28.5297 -23.2079 37.5
      vertex 28.4791 -21.5456 37.5
    endloop
  endfacet
  facet normal 0 0 1
    outer loop
      vertex 28.5297 -23.2079 37.5
      vertex 27.9739 -21.6809 37.5
      vertex 28.3125 -23.3092 37.5
    endloop
  endfacet
  facet normal -0 0 1
    outer loop
      vertex 27.5 -21.9019 37.5
      vertex 28.3125 -23.3092 37.5
      vertex 27.9739 -21.6809 37.5
    endloop
  endfacet
  facet normal 0 0 1
    outer loop
      vertex 28.3125 -23.3092 37.5
      vertex 27.5 -21.9019 37.5
      vertex 28.1162 -23.4467 37.5
    endloop
  endfacet
  facet normal -0 0 1
    outer loop
      vertex 27.0716 -22.2019 37.5
      vertex 28.1162 -23.4467 37.5
      vertex 27.5 -21.9019 37.5
    endloop
  endfacet
  facet normal 0 0 1
    outer loop
      vertex 28.1162 -23.4467 37.5
      vertex 27.0716 -22.2019 37.5
      vertex 27.9467 -23.6162 37.5
    endloop
  endfacet
  facet normal -0 0 1
    outer loop
      vertex 26.7019 -22.5716 37.5
      vertex 27.9467 -23.6162 37.5
      vertex 27.0716 -22.2019 37.5
    endloop
  endfacet
  facet normal -0 0 1
    outer loop
      vertex 26.4019 -23 37.5
      vertex 27.8092 -23.8125 37.5
      vertex 26.7019 -22.5716 37.5
    endloop
  endfacet
  facet normal 0 0 1
    outer loop
      vertex 27.9467 -23.6162 37.5
      vertex 26.7019 -22.5716 37.5
      vertex 27.8092 -23.8125 37.5
    endloop
  endfacet
  facet normal 0 0 1
    outer loop
      vertex 31.5981 -26 37.5
      vertex 30.1908 -25.1875 37.5
      vertex 31.2981 -26.4284 37.5
    endloop
  endfacet
  facet normal -0 0 1
    outer loop
      vertex 30.0533 -25.3838 37.5
      vertex 31.2981 -26.4284 37.5
      vertex 30.1908 -25.1875 37.5
    endloop
  endfacet
  facet normal 0 0 1
    outer loop
      vertex 31.2981 -26.4284 37.5
      vertex 30.0533 -25.3838 37.5
      vertex 30.9284 -26.7981 37.5
    endloop
  endfacet
  facet normal -0 0 1
    outer loop
      vertex 29.8838 -25.5533 37.5
      vertex 30.9284 -26.7981 37.5
      vertex 30.0533 -25.3838 37.5
    endloop
  endfacet
  facet normal 0 0 1
    outer loop
      vertex 30.9284 -26.7981 37.5
      vertex 29.8838 -25.5533 37.5
      vertex 30.5 -27.0981 37.5
    endloop
  endfacet
  facet normal -0 0 1
    outer loop
      vertex 29.6875 -25.6908 37.5
      vertex 30.5 -27.0981 37.5
      vertex 29.8838 -25.5533 37.5
    endloop
  endfacet
  facet normal 0 0 1
    outer loop
      vertex 30.5 -27.0981 37.5
      vertex 29.6875 -25.6908 37.5
      vertex 30.0261 -27.3191 37.5
    endloop
  endfacet
  facet normal -0 0 1
    outer loop
      vertex 29.4703 -25.7921 37.5
      vertex 30.0261 -27.3191 37.5
      vertex 29.6875 -25.6908 37.5
    endloop
  endfacet
  facet normal 0 0 1
    outer loop
      vertex 30.0261 -27.3191 37.5
      vertex 29.4703 -25.7921 37.5
      vertex 29.5209 -27.4544 37.5
    endloop
  endfacet
  facet normal -0 0 1
    outer loop
      vertex 29.2388 -25.8541 37.5
      vertex 29.5209 -27.4544 37.5
      vertex 29.4703 -25.7921 37.5
    endloop
  endfacet
  facet normal -0 0 1
    outer loop
      vertex 29 -25.875 37.5
      vertex 29.5209 -27.4544 37.5
      vertex 29.2388 -25.8541 37.5
    endloop
  endfacet
  facet normal 0 0 1
    outer loop
      vertex 29 -25.875 37.5
      vertex 29 -27.5 37.5
      vertex 29.5209 -27.4544 37.5
    endloop
  endfacet
  facet normal 0 0 1
    outer loop
      vertex 28.7612 -25.8541 37.5
      vertex 29 -27.5 37.5
      vertex 29 -25.875 37.5
    endloop
  endfacet
  facet normal 0 0 1
    outer loop
      vertex 28.4791 -27.4544 37.5
      vertex 28.7612 -25.8541 37.5
      vertex 28.5297 -25.7921 37.5
    endloop
  endfacet
  facet normal 0 0 1
    outer loop
      vertex 28.7612 -25.8541 37.5
      vertex 28.4791 -27.4544 37.5
      vertex 29 -27.5 37.5
    endloop
  endfacet
  facet normal 0 0 1
    outer loop
      vertex 27.9739 -27.3191 37.5
      vertex 28.5297 -25.7921 37.5
      vertex 28.3125 -25.6908 37.5
    endloop
  endfacet
  facet normal 0 0 1
    outer loop
      vertex 27.5 -27.0981 37.5
      vertex 28.3125 -25.6908 37.5
      vertex 28.1162 -25.5533 37.5
    endloop
  endfacet
  facet normal 0 0 1
    outer loop
      vertex 28.5297 -25.7921 37.5
      vertex 27.9739 -27.3191 37.5
      vertex 28.4791 -27.4544 37.5
    endloop
  endfacet
  facet normal 0 0 1
    outer loop
      vertex 27.0716 -26.7981 37.5
      vertex 28.1162 -25.5533 37.5
      vertex 27.9467 -25.3838 37.5
    endloop
  endfacet
  facet normal 0 0 1
    outer loop
      vertex 26.7019 -26.4284 37.5
      vertex 27.9467 -25.3838 37.5
      vertex 27.8092 -25.1875 37.5
    endloop
  endfacet
  facet normal 0 0 1
    outer loop
      vertex 26.4019 -26 37.5
      vertex 27.8092 -25.1875 37.5
      vertex 27.7079 -24.9703 37.5
    endloop
  endfacet
  facet normal 0 0 1
    outer loop
      vertex 26.1809 -25.5261 37.5
      vertex 27.7079 -24.9703 37.5
      vertex 27.6459 -24.7388 37.5
    endloop
  endfacet
  facet normal 0 0 1
    outer loop
      vertex 28.3125 -25.6908 37.5
      vertex 27.5 -27.0981 37.5
      vertex 27.9739 -27.3191 37.5
    endloop
  endfacet
  facet normal 0 0 1
    outer loop
      vertex 26.0456 -25.0209 37.5
      vertex 27.6459 -24.7388 37.5
      vertex 27.625 -24.5 37.5
    endloop
  endfacet
  facet normal 0 0 1
    outer loop
      vertex 27.8092 -23.8125 37.5
      vertex 26.4019 -23 37.5
      vertex 27.7079 -24.0297 37.5
    endloop
  endfacet
  facet normal -0 0 1
    outer loop
      vertex 26.1809 -23.4739 37.5
      vertex 27.7079 -24.0297 37.5
      vertex 26.4019 -23 37.5
    endloop
  endfacet
  facet normal 0 0 1
    outer loop
      vertex 28.1162 -25.5533 37.5
      vertex 27.0716 -26.7981 37.5
      vertex 27.5 -27.0981 37.5
    endloop
  endfacet
  facet normal 0 0 1
    outer loop
      vertex 27.7079 -24.0297 37.5
      vertex 26.1809 -23.4739 37.5
      vertex 27.6459 -24.2612 37.5
    endloop
  endfacet
  facet normal 0 0 1
    outer loop
      vertex 27.9467 -25.3838 37.5
      vertex 26.7019 -26.4284 37.5
      vertex 27.0716 -26.7981 37.5
    endloop
  endfacet
  facet normal -0 0 1
    outer loop
      vertex 26.0456 -23.9791 37.5
      vertex 27.6459 -24.2612 37.5
      vertex 26.1809 -23.4739 37.5
    endloop
  endfacet
  facet normal 0 0 1
    outer loop
      vertex 27.8092 -25.1875 37.5
      vertex 26.4019 -26 37.5
      vertex 26.7019 -26.4284 37.5
    endloop
  endfacet
  facet normal 0 0 1
    outer loop
      vertex 27.6459 -24.2612 37.5
      vertex 26.0456 -23.9791 37.5
      vertex 27.625 -24.5 37.5
    endloop
  endfacet
  facet normal 0 0 1
    outer loop
      vertex 27.7079 -24.9703 37.5
      vertex 26.1809 -25.5261 37.5
      vertex 26.4019 -26 37.5
    endloop
  endfacet
  facet normal 0 0 1
    outer loop
      vertex 26 -24.5 37.5
      vertex 27.625 -24.5 37.5
      vertex 26.0456 -23.9791 37.5
    endloop
  endfacet
  facet normal 0 0 1
    outer loop
      vertex 27.6459 -24.7388 37.5
      vertex 26.0456 -25.0209 37.5
      vertex 26.1809 -25.5261 37.5
    endloop
  endfacet
  facet normal 0 0 1
    outer loop
      vertex 27.625 -24.5 37.5
      vertex 26 -24.5 37.5
      vertex 26.0456 -25.0209 37.5
    endloop
  endfacet
  facet normal 0.573616 -0.819124 0
    outer loop
      vertex 30.5 -27.0981 2.5
      vertex 30.9284 -26.7981 37.5
      vertex 30.5 -27.0981 37.5
    endloop
  endfacet
  facet normal 0.573616 -0.819124 0
    outer loop
      vertex 30.9284 -26.7981 37.5
      vertex 30.5 -27.0981 2.5
      vertex 30.9284 -26.7981 2.5
    endloop
  endfacet
  facet normal 0.573616 0.819124 -0
    outer loop
      vertex 30.9284 -22.2019 3.3
      vertex 30.5 -21.9019 37.5
      vertex 30.9284 -22.2019 37.5
    endloop
  endfacet
  facet normal 0.573616 0.819124 0
    outer loop
      vertex 30.5 -21.9019 37.5
      vertex 30.9284 -22.2019 3.3
      vertex 30.5 -21.9019 3.3
    endloop
  endfacet
  facet normal 0.0872073 0.99619 -0
    outer loop
      vertex 29.5209 -21.5456 3.3
      vertex 29 -21.5 37.5
      vertex 29.5209 -21.5456 37.5
    endloop
  endfacet
  facet normal 0.0872073 0.99619 0
    outer loop
      vertex 29 -21.5 37.5
      vertex 29.5209 -21.5456 3.3
      vertex 29 -21.5 3.3
    endloop
  endfacet
  facet normal -0.906295 0.422645 -3.09654e-19
    outer loop
      vertex 26.1809 -23.4739 2.5
      vertex 26.4019 -23 37.5
      vertex 26.4019 -23 2.5
    endloop
  endfacet
  facet normal -0.906295 0.422645 -3.09654e-19
    outer loop
      vertex 26.4019 -23 37.5
      vertex 26.1809 -23.4739 2.5
      vertex 26.1809 -23.4739 37.5
    endloop
  endfacet
  facet normal 0.99619 -0.0872073 -5.07494e-20
    outer loop
      vertex 31.9544 -25.0209 37.5
      vertex 32 -24.5 2.5
      vertex 32 -24.5 37.5
    endloop
  endfacet
  facet normal 0.99619 -0.0872073 -5.07494e-20
    outer loop
      vertex 32 -24.5 2.5
      vertex 31.9544 -25.0209 37.5
      vertex 31.9544 -25.0209 2.5
    endloop
  endfacet
  facet normal -0.258698 0.965958 0
    outer loop
      vertex 28.4791 -21.5456 3.3
      vertex 27.9739 -21.6809 37.5
      vertex 28.4791 -21.5456 37.5
    endloop
  endfacet
  facet normal -0.258698 0.965958 0
    outer loop
      vertex 27.9739 -21.6809 37.5
      vertex 28.4791 -21.5456 3.3
      vertex 27.9739 -21.6809 3.3
    endloop
  endfacet
  facet normal -0.0872073 0.99619 0
    outer loop
      vertex 29 -21.5 3.3
      vertex 28.4791 -21.5456 37.5
      vertex 29 -21.5 37.5
    endloop
  endfacet
  facet normal -0.0872073 0.99619 0
    outer loop
      vertex 28.4791 -21.5456 37.5
      vertex 29 -21.5 3.3
      vertex 28.4791 -21.5456 3.3
    endloop
  endfacet
  facet normal -0.906295 -0.422645 3.09654e-19
    outer loop
      vertex 26.4019 -26 2.5
      vertex 26.1809 -25.5261 37.5
      vertex 26.1809 -25.5261 2.5
    endloop
  endfacet
  facet normal -0.906295 -0.422645 3.09654e-19
    outer loop
      vertex 26.1809 -25.5261 37.5
      vertex 26.4019 -26 2.5
      vertex 26.4019 -26 37.5
    endloop
  endfacet
  facet normal -0.819124 -0.573616 -1.99908e-19
    outer loop
      vertex 26.7019 -26.4284 2.5
      vertex 26.4019 -26 37.5
      vertex 26.4019 -26 2.5
    endloop
  endfacet
  facet normal -0.819124 -0.573616 -1.99908e-19
    outer loop
      vertex 26.4019 -26 37.5
      vertex 26.7019 -26.4284 2.5
      vertex 26.7019 -26.4284 37.5
    endloop
  endfacet
  facet normal -0.707107 -0.707107 -7.72622e-20
    outer loop
      vertex 27.0716 -26.7981 2.5
      vertex 26.7019 -26.4284 37.5
      vertex 26.7019 -26.4284 2.5
    endloop
  endfacet
  facet normal -0.707107 -0.707107 -7.72622e-20
    outer loop
      vertex 26.7019 -26.4284 37.5
      vertex 27.0716 -26.7981 2.5
      vertex 27.0716 -26.7981 37.5
    endloop
  endfacet
  facet normal -0.965958 0.258698 -2.57957e-19
    outer loop
      vertex 26.0456 -23.9791 2.5
      vertex 26.1809 -23.4739 37.5
      vertex 26.1809 -23.4739 2.5
    endloop
  endfacet
  facet normal -0.965958 0.258698 -2.57957e-19
    outer loop
      vertex 26.1809 -23.4739 37.5
      vertex 26.0456 -23.9791 2.5
      vertex 26.0456 -23.9791 37.5
    endloop
  endfacet
  facet normal -0.422645 -0.906295 0
    outer loop
      vertex 27.5 -27.0981 2.5
      vertex 27.9739 -27.3191 37.5
      vertex 27.5 -27.0981 37.5
    endloop
  endfacet
  facet normal -0.422645 -0.906295 -0
    outer loop
      vertex 27.9739 -27.3191 37.5
      vertex 27.5 -27.0981 2.5
      vertex 27.9739 -27.3191 2.5
    endloop
  endfacet
  facet normal -0.707107 0.707107 7.90695e-20
    outer loop
      vertex 26.7019 -22.5716 3.3
      vertex 27.0716 -22.2019 37.5
      vertex 27.0716 -22.2019 3.3
    endloop
  endfacet
  facet normal -0.707107 0.707107 7.90695e-20
    outer loop
      vertex 27.0716 -22.2019 37.5
      vertex 26.7019 -22.5716 3.3
      vertex 26.7019 -22.5716 37.5
    endloop
  endfacet
  facet normal 0.707107 0.707107 1.31112e-19
    outer loop
      vertex 28.1162 -25.5533 37.5
      vertex 27.9467 -25.3838 2.5
      vertex 27.9467 -25.3838 37.5
    endloop
  endfacet
  facet normal 0.707107 0.707107 1.31112e-19
    outer loop
      vertex 27.9467 -25.3838 2.5
      vertex 28.1162 -25.5533 37.5
      vertex 28.1162 -25.5533 2.5
    endloop
  endfacet
  facet normal 0.906279 -0.42268 -4.51493e-21
    outer loop
      vertex 27.7079 -24.0297 37.5
      vertex 27.8092 -23.8125 2.5
      vertex 27.8092 -23.8125 37.5
    endloop
  endfacet
  facet normal 0.906279 -0.42268 -4.51493e-21
    outer loop
      vertex 27.8092 -23.8125 2.5
      vertex 27.7079 -24.0297 37.5
      vertex 27.7079 -24.0297 2.5
    endloop
  endfacet
  facet normal -0.965957 -0.258701 2.3295e-21
    outer loop
      vertex 30.3541 -24.2612 2.5
      vertex 30.2921 -24.0297 37.5
      vertex 30.2921 -24.0297 2.5
    endloop
  endfacet
  facet normal -0.965957 -0.258701 2.3295e-21
    outer loop
      vertex 30.2921 -24.0297 37.5
      vertex 30.3541 -24.2612 2.5
      vertex 30.3541 -24.2612 37.5
    endloop
  endfacet
  facet normal -0.996192 -0.0871877 3.13304e-20
    outer loop
      vertex 30.375 -24.5 2.5
      vertex 30.3541 -24.2612 37.5
      vertex 30.3541 -24.2612 2.5
    endloop
  endfacet
  facet normal -0.996192 -0.0871877 3.13304e-20
    outer loop
      vertex 30.3541 -24.2612 37.5
      vertex 30.375 -24.5 2.5
      vertex 30.375 -24.5 37.5
    endloop
  endfacet
  facet normal -0.906279 -0.42268 4.51493e-21
    outer loop
      vertex 30.2921 -24.0297 2.5
      vertex 30.1908 -23.8125 37.5
      vertex 30.1908 -23.8125 2.5
    endloop
  endfacet
  facet normal -0.906279 -0.42268 4.51493e-21
    outer loop
      vertex 30.1908 -23.8125 37.5
      vertex 30.2921 -24.0297 2.5
      vertex 30.2921 -24.0297 37.5
    endloop
  endfacet
  facet normal -0.573714 0.819055 0
    outer loop
      vertex 29.8838 -25.5533 2.5
      vertex 29.6875 -25.6908 37.5
      vertex 29.8838 -25.5533 37.5
    endloop
  endfacet
  facet normal -0.573714 0.819055 0
    outer loop
      vertex 29.6875 -25.6908 37.5
      vertex 29.8838 -25.5533 2.5
      vertex 29.6875 -25.6908 2.5
    endloop
  endfacet
  facet normal 0.0871877 0.996192 -0
    outer loop
      vertex 29 -25.875 2.5
      vertex 28.7612 -25.8541 37.5
      vertex 29 -25.875 37.5
    endloop
  endfacet
  facet normal 0.0871877 0.996192 0
    outer loop
      vertex 28.7612 -25.8541 37.5
      vertex 29 -25.875 2.5
      vertex 28.7612 -25.8541 2.5
    endloop
  endfacet
  facet normal -0.42268 0.906279 0
    outer loop
      vertex 29.6875 -25.6908 2.5
      vertex 29.4703 -25.7921 37.5
      vertex 29.6875 -25.6908 37.5
    endloop
  endfacet
  facet normal -0.42268 0.906279 0
    outer loop
      vertex 29.4703 -25.7921 37.5
      vertex 29.6875 -25.6908 2.5
      vertex 29.4703 -25.7921 2.5
    endloop
  endfacet
  facet normal 0.258701 -0.965957 0
    outer loop
      vertex 28.5297 -23.2079 2.5
      vertex 28.7612 -23.1459 37.5
      vertex 28.5297 -23.2079 37.5
    endloop
  endfacet
  facet normal 0.258701 -0.965957 0
    outer loop
      vertex 28.7612 -23.1459 37.5
      vertex 28.5297 -23.2079 2.5
      vertex 28.7612 -23.1459 2.5
    endloop
  endfacet
  facet normal 0.42268 -0.906279 0
    outer loop
      vertex 28.3125 -23.3092 2.5
      vertex 28.5297 -23.2079 37.5
      vertex 28.3125 -23.3092 37.5
    endloop
  endfacet
  facet normal 0.42268 -0.906279 0
    outer loop
      vertex 28.5297 -23.2079 37.5
      vertex 28.3125 -23.3092 2.5
      vertex 28.5297 -23.2079 2.5
    endloop
  endfacet
  facet normal -0.0871877 0.996192 0
    outer loop
      vertex 29.2388 -25.8541 2.5
      vertex 29 -25.875 37.5
      vertex 29.2388 -25.8541 37.5
    endloop
  endfacet
  facet normal -0.0871877 0.996192 0
    outer loop
      vertex 29 -25.875 37.5
      vertex 29.2388 -25.8541 2.5
      vertex 29 -25.875 2.5
    endloop
  endfacet
  facet normal 0.965957 0.258701 2.3295e-21
    outer loop
      vertex 27.7079 -24.9703 37.5
      vertex 27.6459 -24.7388 2.5
      vertex 27.6459 -24.7388 37.5
    endloop
  endfacet
  facet normal 0.965957 0.258701 2.3295e-21
    outer loop
      vertex 27.6459 -24.7388 2.5
      vertex 27.7079 -24.9703 37.5
      vertex 27.7079 -24.9703 2.5
    endloop
  endfacet
  facet normal 0.573714 0.819055 -0
    outer loop
      vertex 28.3125 -25.6908 2.5
      vertex 28.1162 -25.5533 37.5
      vertex 28.3125 -25.6908 37.5
    endloop
  endfacet
  facet normal 0.573714 0.819055 0
    outer loop
      vertex 28.1162 -25.5533 37.5
      vertex 28.3125 -25.6908 2.5
      vertex 28.1162 -25.5533 2.5
    endloop
  endfacet
  facet normal 0.819055 -0.573714 1.64515e-19
    outer loop
      vertex 27.8092 -23.8125 37.5
      vertex 27.9467 -23.6162 2.5
      vertex 27.9467 -23.6162 37.5
    endloop
  endfacet
  facet normal 0.819055 -0.573714 1.64515e-19
    outer loop
      vertex 27.9467 -23.6162 2.5
      vertex 27.8092 -23.8125 37.5
      vertex 27.8092 -23.8125 2.5
    endloop
  endfacet
  facet normal -0.906279 0.42268 -4.51493e-21
    outer loop
      vertex 30.1908 -25.1875 2.5
      vertex 30.2921 -24.9703 37.5
      vertex 30.2921 -24.9703 2.5
    endloop
  endfacet
  facet normal -0.906279 0.42268 -4.51493e-21
    outer loop
      vertex 30.2921 -24.9703 37.5
      vertex 30.1908 -25.1875 2.5
      vertex 30.1908 -25.1875 37.5
    endloop
  endfacet
  facet normal 0.819055 0.573714 -1.64515e-19
    outer loop
      vertex 27.9467 -25.3838 37.5
      vertex 27.8092 -25.1875 2.5
      vertex 27.8092 -25.1875 37.5
    endloop
  endfacet
  facet normal 0.819055 0.573714 -1.64515e-19
    outer loop
      vertex 27.8092 -25.1875 2.5
      vertex 27.9467 -25.3838 37.5
      vertex 27.9467 -25.3838 2.5
    endloop
  endfacet
  facet normal 0.573714 -0.819055 0
    outer loop
      vertex 28.1162 -23.4467 2.5
      vertex 28.3125 -23.3092 37.5
      vertex 28.1162 -23.4467 37.5
    endloop
  endfacet
  facet normal 0.573714 -0.819055 0
    outer loop
      vertex 28.3125 -23.3092 37.5
      vertex 28.1162 -23.4467 2.5
      vertex 28.3125 -23.3092 2.5
    endloop
  endfacet
  facet normal -0.819055 0.573714 1.64515e-19
    outer loop
      vertex 30.0533 -25.3838 2.5
      vertex 30.1908 -25.1875 37.5
      vertex 30.1908 -25.1875 2.5
    endloop
  endfacet
  facet normal -0.819055 0.573714 1.64515e-19
    outer loop
      vertex 30.1908 -25.1875 37.5
      vertex 30.0533 -25.3838 2.5
      vertex 30.0533 -25.3838 37.5
    endloop
  endfacet
  facet normal -0.819055 -0.573714 -1.64515e-19
    outer loop
      vertex 30.1908 -23.8125 2.5
      vertex 30.0533 -23.6162 37.5
      vertex 30.0533 -23.6162 2.5
    endloop
  endfacet
  facet normal -0.819055 -0.573714 -1.64515e-19
    outer loop
      vertex 30.0533 -23.6162 37.5
      vertex 30.1908 -23.8125 2.5
      vertex 30.1908 -23.8125 37.5
    endloop
  endfacet
  facet normal -0.965957 0.258701 -2.3295e-21
    outer loop
      vertex 30.2921 -24.9703 2.5
      vertex 30.3541 -24.7388 37.5
      vertex 30.3541 -24.7388 2.5
    endloop
  endfacet
  facet normal -0.965957 0.258701 -2.3295e-21
    outer loop
      vertex 30.3541 -24.7388 37.5
      vertex 30.2921 -24.9703 2.5
      vertex 30.2921 -24.9703 37.5
    endloop
  endfacet
  facet normal 0.996192 -0.0871877 -3.13304e-20
    outer loop
      vertex 27.625 -24.5 37.5
      vertex 27.6459 -24.2612 2.5
      vertex 27.6459 -24.2612 37.5
    endloop
  endfacet
  facet normal 0.996192 -0.0871877 -3.13304e-20
    outer loop
      vertex 27.6459 -24.2612 2.5
      vertex 27.625 -24.5 37.5
      vertex 27.625 -24.5 2.5
    endloop
  endfacet
  facet normal -0.42268 -0.906279 0
    outer loop
      vertex 29.4703 -23.2079 2.5
      vertex 29.6875 -23.3092 37.5
      vertex 29.4703 -23.2079 37.5
    endloop
  endfacet
  facet normal -0.42268 -0.906279 -0
    outer loop
      vertex 29.6875 -23.3092 37.5
      vertex 29.4703 -23.2079 2.5
      vertex 29.6875 -23.3092 2.5
    endloop
  endfacet
  facet normal -0.707107 -0.707107 1.31112e-19
    outer loop
      vertex 30.0533 -23.6162 2.5
      vertex 29.8838 -23.4467 37.5
      vertex 29.8838 -23.4467 2.5
    endloop
  endfacet
  facet normal -0.707107 -0.707107 1.31112e-19
    outer loop
      vertex 29.8838 -23.4467 37.5
      vertex 30.0533 -23.6162 2.5
      vertex 30.0533 -23.6162 37.5
    endloop
  endfacet
  facet normal -0.258701 0.965957 0
    outer loop
      vertex 29.4703 -25.7921 2.5
      vertex 29.2388 -25.8541 37.5
      vertex 29.4703 -25.7921 37.5
    endloop
  endfacet
  facet normal -0.258701 0.965957 0
    outer loop
      vertex 29.2388 -25.8541 37.5
      vertex 29.4703 -25.7921 2.5
      vertex 29.2388 -25.8541 2.5
    endloop
  endfacet
  facet normal -0.996192 0.0871877 -3.13304e-20
    outer loop
      vertex 30.3541 -24.7388 2.5
      vertex 30.375 -24.5 37.5
      vertex 30.375 -24.5 2.5
    endloop
  endfacet
  facet normal -0.996192 0.0871877 -3.13304e-20
    outer loop
      vertex 30.375 -24.5 37.5
      vertex 30.3541 -24.7388 2.5
      vertex 30.3541 -24.7388 37.5
    endloop
  endfacet
  facet normal -0.573714 -0.819055 0
    outer loop
      vertex 29.6875 -23.3092 2.5
      vertex 29.8838 -23.4467 37.5
      vertex 29.6875 -23.3092 37.5
    endloop
  endfacet
  facet normal -0.573714 -0.819055 -0
    outer loop
      vertex 29.8838 -23.4467 37.5
      vertex 29.6875 -23.3092 2.5
      vertex 29.8838 -23.4467 2.5
    endloop
  endfacet
  facet normal 0.0871877 -0.996192 0
    outer loop
      vertex 28.7612 -23.1459 2.5
      vertex 29 -23.125 37.5
      vertex 28.7612 -23.1459 37.5
    endloop
  endfacet
  facet normal 0.0871877 -0.996192 0
    outer loop
      vertex 29 -23.125 37.5
      vertex 28.7612 -23.1459 2.5
      vertex 29 -23.125 2.5
    endloop
  endfacet
  facet normal 0.258701 0.965957 -0
    outer loop
      vertex 28.7612 -25.8541 2.5
      vertex 28.5297 -25.7921 37.5
      vertex 28.7612 -25.8541 37.5
    endloop
  endfacet
  facet normal 0.258701 0.965957 0
    outer loop
      vertex 28.5297 -25.7921 37.5
      vertex 28.7612 -25.8541 2.5
      vertex 28.5297 -25.7921 2.5
    endloop
  endfacet
  facet normal 0.906279 0.42268 4.51493e-21
    outer loop
      vertex 27.8092 -25.1875 37.5
      vertex 27.7079 -24.9703 2.5
      vertex 27.7079 -24.9703 37.5
    endloop
  endfacet
  facet normal 0.906279 0.42268 4.51493e-21
    outer loop
      vertex 27.7079 -24.9703 2.5
      vertex 27.8092 -25.1875 37.5
      vertex 27.8092 -25.1875 2.5
    endloop
  endfacet
  facet normal -0.0871877 -0.996192 0
    outer loop
      vertex 29 -23.125 2.5
      vertex 29.2388 -23.1459 37.5
      vertex 29 -23.125 37.5
    endloop
  endfacet
  facet normal -0.0871877 -0.996192 -0
    outer loop
      vertex 29.2388 -23.1459 37.5
      vertex 29 -23.125 2.5
      vertex 29.2388 -23.1459 2.5
    endloop
  endfacet
  facet normal -0.707107 0.707107 -1.31112e-19
    outer loop
      vertex 29.8838 -25.5533 2.5
      vertex 30.0533 -25.3838 37.5
      vertex 30.0533 -25.3838 2.5
    endloop
  endfacet
  facet normal -0.707107 0.707107 -1.31112e-19
    outer loop
      vertex 30.0533 -25.3838 37.5
      vertex 29.8838 -25.5533 2.5
      vertex 29.8838 -25.5533 37.5
    endloop
  endfacet
  facet normal 0.996192 0.0871877 3.13304e-20
    outer loop
      vertex 27.6459 -24.7388 37.5
      vertex 27.625 -24.5 2.5
      vertex 27.625 -24.5 37.5
    endloop
  endfacet
  facet normal 0.996192 0.0871877 3.13304e-20
    outer loop
      vertex 27.625 -24.5 2.5
      vertex 27.6459 -24.7388 37.5
      vertex 27.6459 -24.7388 2.5
    endloop
  endfacet
  facet normal -0.258701 -0.965957 0
    outer loop
      vertex 29.2388 -23.1459 2.5
      vertex 29.4703 -23.2079 37.5
      vertex 29.2388 -23.1459 37.5
    endloop
  endfacet
  facet normal -0.258701 -0.965957 -0
    outer loop
      vertex 29.4703 -23.2079 37.5
      vertex 29.2388 -23.1459 2.5
      vertex 29.4703 -23.2079 2.5
    endloop
  endfacet
  facet normal 0.965957 -0.258701 -2.3295e-21
    outer loop
      vertex 27.6459 -24.2612 37.5
      vertex 27.7079 -24.0297 2.5
      vertex 27.7079 -24.0297 37.5
    endloop
  endfacet
  facet normal 0.965957 -0.258701 -2.3295e-21
    outer loop
      vertex 27.7079 -24.0297 2.5
      vertex 27.6459 -24.2612 37.5
      vertex 27.6459 -24.2612 2.5
    endloop
  endfacet
  facet normal 0.42268 0.906279 -0
    outer loop
      vertex 28.5297 -25.7921 2.5
      vertex 28.3125 -25.6908 37.5
      vertex 28.5297 -25.7921 37.5
    endloop
  endfacet
  facet normal 0.42268 0.906279 0
    outer loop
      vertex 28.3125 -25.6908 37.5
      vertex 28.5297 -25.7921 2.5
      vertex 28.3125 -25.6908 2.5
    endloop
  endfacet
  facet normal 0.707107 -0.707107 -1.31112e-19
    outer loop
      vertex 27.9467 -23.6162 37.5
      vertex 28.1162 -23.4467 2.5
      vertex 28.1162 -23.4467 37.5
    endloop
  endfacet
  facet normal 0.707107 -0.707107 -1.31112e-19
    outer loop
      vertex 28.1162 -23.4467 2.5
      vertex 27.9467 -23.6162 37.5
      vertex 27.9467 -23.6162 2.5
    endloop
  endfacet
  facet normal 0.965958 -0.258698 -2.57957e-19
    outer loop
      vertex 31.8191 23.4739 37.5
      vertex 31.9544 23.9791 2.5
      vertex 31.9544 23.9791 37.5
    endloop
  endfacet
  facet normal 0.965958 -0.258698 -2.57957e-19
    outer loop
      vertex 31.9544 23.9791 2.5
      vertex 31.8191 23.4739 37.5
      vertex 31.8191 23.4739 2.5
    endloop
  endfacet
  facet normal 0.965958 0.258698 2.57957e-19
    outer loop
      vertex 31.9544 25.0209 37.5
      vertex 31.8191 25.5261 2.5
      vertex 31.8191 25.5261 37.5
    endloop
  endfacet
  facet normal 0.965958 0.258698 2.57957e-19
    outer loop
      vertex 31.8191 25.5261 2.5
      vertex 31.9544 25.0209 37.5
      vertex 31.9544 25.0209 2.5
    endloop
  endfacet
  facet normal 0.99619 0.0872073 5.07494e-20
    outer loop
      vertex 32 24.5 37.5
      vertex 31.9544 25.0209 2.5
      vertex 31.9544 25.0209 37.5
    endloop
  endfacet
  facet normal 0.99619 0.0872073 5.07494e-20
    outer loop
      vertex 31.9544 25.0209 2.5
      vertex 32 24.5 37.5
      vertex 32 24.5 2.5
    endloop
  endfacet
  facet normal 0.906295 0.422645 3.09654e-19
    outer loop
      vertex 31.8191 25.5261 37.5
      vertex 31.5981 26 2.5
      vertex 31.5981 26 37.5
    endloop
  endfacet
  facet normal 0.906295 0.422645 3.09654e-19
    outer loop
      vertex 31.5981 26 2.5
      vertex 31.8191 25.5261 37.5
      vertex 31.8191 25.5261 2.5
    endloop
  endfacet
  facet normal -0.965958 -0.258698 2.57957e-19
    outer loop
      vertex 26.1809 23.4739 2.5
      vertex 26.0456 23.9791 37.5
      vertex 26.0456 23.9791 2.5
    endloop
  endfacet
  facet normal -0.965958 -0.258698 2.57957e-19
    outer loop
      vertex 26.0456 23.9791 37.5
      vertex 26.1809 23.4739 2.5
      vertex 26.1809 23.4739 37.5
    endloop
  endfacet
  facet normal -0.819124 0.573616 1.99908e-19
    outer loop
      vertex 26.4019 26 2.5
      vertex 26.7019 26.4284 37.5
      vertex 26.7019 26.4284 2.5
    endloop
  endfacet
  facet normal -0.819124 0.573616 1.99908e-19
    outer loop
      vertex 26.7019 26.4284 37.5
      vertex 26.4019 26 2.5
      vertex 26.4019 26 37.5
    endloop
  endfacet
  facet normal -0.422645 0.906295 0
    outer loop
      vertex 27.9739 27.3191 2.5
      vertex 27.5 27.0981 37.5
      vertex 27.9739 27.3191 37.5
    endloop
  endfacet
  facet normal -0.422645 0.906295 0
    outer loop
      vertex 27.5 27.0981 37.5
      vertex 27.9739 27.3191 2.5
      vertex 27.5 27.0981 2.5
    endloop
  endfacet
  facet normal -0.573616 -0.819124 0
    outer loop
      vertex 27.0716 22.2019 3.3
      vertex 27.5 21.9019 37.5
      vertex 27.0716 22.2019 37.5
    endloop
  endfacet
  facet normal -0.573616 -0.819124 -0
    outer loop
      vertex 27.5 21.9019 37.5
      vertex 27.0716 22.2019 3.3
      vertex 27.5 21.9019 3.3
    endloop
  endfacet
  facet normal -0.0872073 -0.99619 0
    outer loop
      vertex 28.4791 21.5456 3.3
      vertex 29 21.5 37.5
      vertex 28.4791 21.5456 37.5
    endloop
  endfacet
  facet normal -0.0872073 -0.99619 -0
    outer loop
      vertex 29 21.5 37.5
      vertex 28.4791 21.5456 3.3
      vertex 29 21.5 3.3
    endloop
  endfacet
  facet normal 0.0872073 -0.99619 0
    outer loop
      vertex 29 21.5 3.3
      vertex 29.5209 21.5456 37.5
      vertex 29 21.5 37.5
    endloop
  endfacet
  facet normal 0.0872073 -0.99619 0
    outer loop
      vertex 29.5209 21.5456 37.5
      vertex 29 21.5 3.3
      vertex 29.5209 21.5456 3.3
    endloop
  endfacet
  facet normal 0.906295 -0.422645 -3.09654e-19
    outer loop
      vertex 31.5981 23 37.5
      vertex 31.8191 23.4739 2.5
      vertex 31.8191 23.4739 37.5
    endloop
  endfacet
  facet normal 0.906295 -0.422645 -3.09654e-19
    outer loop
      vertex 31.8191 23.4739 2.5
      vertex 31.5981 23 37.5
      vertex 31.5981 23 2.5
    endloop
  endfacet
  facet normal 0.707107 0.707107 -7.72622e-20
    outer loop
      vertex 31.2981 26.4284 37.5
      vertex 30.9284 26.7981 2.5
      vertex 30.9284 26.7981 37.5
    endloop
  endfacet
  facet normal 0.707107 0.707107 -7.72622e-20
    outer loop
      vertex 30.9284 26.7981 2.5
      vertex 31.2981 26.4284 37.5
      vertex 31.2981 26.4284 2.5
    endloop
  endfacet
  facet normal 0.707107 -0.707107 7.90695e-20
    outer loop
      vertex 30.9284 22.2019 37.5
      vertex 31.2981 22.5716 3.3
      vertex 31.2981 22.5716 37.5
    endloop
  endfacet
  facet normal 0.707107 -0.707107 7.90695e-20
    outer loop
      vertex 31.2981 22.5716 3.3
      vertex 30.9284 22.2019 37.5
      vertex 30.9284 22.2019 3.3
    endloop
  endfacet
  facet normal -0.99619 0.0872073 -5.07494e-20
    outer loop
      vertex 26 24.5 2.5
      vertex 26.0456 25.0209 37.5
      vertex 26.0456 25.0209 2.5
    endloop
  endfacet
  facet normal -0.99619 0.0872073 -5.07494e-20
    outer loop
      vertex 26.0456 25.0209 37.5
      vertex 26 24.5 2.5
      vertex 26 24.5 37.5
    endloop
  endfacet
  facet normal 0.258698 0.965958 -0
    outer loop
      vertex 30.0261 27.3191 2.5
      vertex 29.5209 27.4544 37.5
      vertex 30.0261 27.3191 37.5
    endloop
  endfacet
  facet normal 0.258698 0.965958 0
    outer loop
      vertex 29.5209 27.4544 37.5
      vertex 30.0261 27.3191 2.5
      vertex 29.5209 27.4544 2.5
    endloop
  endfacet
  facet normal -0.99619 -0.0872073 5.07494e-20
    outer loop
      vertex 26.0456 23.9791 2.5
      vertex 26 24.5 37.5
      vertex 26 24.5 2.5
    endloop
  endfacet
  facet normal -0.99619 -0.0872073 5.07494e-20
    outer loop
      vertex 26 24.5 37.5
      vertex 26.0456 23.9791 2.5
      vertex 26.0456 23.9791 37.5
    endloop
  endfacet
  facet normal 0.819136 -0.5736 0
    outer loop
      vertex 31.5981 23 37.5
      vertex 31.318 22.6 3.3
      vertex 31.5981 23 2.5
    endloop
  endfacet
  facet normal 0.819124 -0.573616 2.88485e-07
    outer loop
      vertex 31.2981 22.5716 37.5
      vertex 31.318 22.6 3.3
      vertex 31.5981 23 37.5
    endloop
  endfacet
  facet normal 0.818961 -0.573849 4.39124e-20
    outer loop
      vertex 31.318 22.6 3.3
      vertex 31.2981 22.5716 37.5
      vertex 31.2981 22.5716 3.3
    endloop
  endfacet
  facet normal 0.819136 -0.5736 -2.92152e-18
    outer loop
      vertex 31.5981 23 2.5
      vertex 31.318 22.6 3.3
      vertex 31.318 22.6 2.5
    endloop
  endfacet
  facet normal -0.258698 -0.965958 0
    outer loop
      vertex 27.9739 21.6809 3.3
      vertex 28.4791 21.5456 37.5
      vertex 27.9739 21.6809 37.5
    endloop
  endfacet
  facet normal -0.258698 -0.965958 -0
    outer loop
      vertex 28.4791 21.5456 37.5
      vertex 27.9739 21.6809 3.3
      vertex 28.4791 21.5456 3.3
    endloop
  endfacet
  facet normal 0.422645 -0.906295 0
    outer loop
      vertex 30.0261 21.6809 3.3
      vertex 30.5 21.9019 37.5
      vertex 30.0261 21.6809 37.5
    endloop
  endfacet
  facet normal 0.422645 -0.906295 0
    outer loop
      vertex 30.5 21.9019 37.5
      vertex 30.0261 21.6809 3.3
      vertex 30.5 21.9019 3.3
    endloop
  endfacet
  facet normal -0.573616 0.819124 0
    outer loop
      vertex 27.5 27.0981 2.5
      vertex 27.0716 26.7981 37.5
      vertex 27.5 27.0981 37.5
    endloop
  endfacet
  facet normal -0.573616 0.819124 0
    outer loop
      vertex 27.0716 26.7981 37.5
      vertex 27.5 27.0981 2.5
      vertex 27.0716 26.7981 2.5
    endloop
  endfacet
  facet normal 0.819124 0.573616 -1.99908e-19
    outer loop
      vertex 31.5981 26 37.5
      vertex 31.2981 26.4284 2.5
      vertex 31.2981 26.4284 37.5
    endloop
  endfacet
  facet normal 0.819124 0.573616 -1.99908e-19
    outer loop
      vertex 31.2981 26.4284 2.5
      vertex 31.5981 26 37.5
      vertex 31.5981 26 2.5
    endloop
  endfacet
  facet normal 0.422645 0.906295 -0
    outer loop
      vertex 30.5 27.0981 2.5
      vertex 30.0261 27.3191 37.5
      vertex 30.5 27.0981 37.5
    endloop
  endfacet
  facet normal 0.422645 0.906295 0
    outer loop
      vertex 30.0261 27.3191 37.5
      vertex 30.5 27.0981 2.5
      vertex 30.0261 27.3191 2.5
    endloop
  endfacet
  facet normal 0.258698 -0.965958 0
    outer loop
      vertex 29.5209 21.5456 3.3
      vertex 30.0261 21.6809 37.5
      vertex 29.5209 21.5456 37.5
    endloop
  endfacet
  facet normal 0.258698 -0.965958 0
    outer loop
      vertex 30.0261 21.6809 37.5
      vertex 29.5209 21.5456 3.3
      vertex 30.0261 21.6809 3.3
    endloop
  endfacet
  facet normal 0 0 1
    outer loop
      vertex 30.375 24.5 37.5
      vertex 32 24.5 37.5
      vertex 31.9544 25.0209 37.5
    endloop
  endfacet
  facet normal 0 0 1
    outer loop
      vertex 30.3541 24.7388 37.5
      vertex 31.9544 25.0209 37.5
      vertex 31.8191 25.5261 37.5
    endloop
  endfacet
  facet normal 0 0 1
    outer loop
      vertex 32 24.5 37.5
      vertex 30.375 24.5 37.5
      vertex 31.9544 23.9791 37.5
    endloop
  endfacet
  facet normal 0 0 1
    outer loop
      vertex 30.2921 24.9703 37.5
      vertex 31.8191 25.5261 37.5
      vertex 31.5981 26 37.5
    endloop
  endfacet
  facet normal -0 0 1
    outer loop
      vertex 30.3541 24.2612 37.5
      vertex 31.9544 23.9791 37.5
      vertex 30.375 24.5 37.5
    endloop
  endfacet
  facet normal 0 0 1
    outer loop
      vertex 30.1908 25.1875 37.5
      vertex 31.5981 26 37.5
      vertex 31.2981 26.4284 37.5
    endloop
  endfacet
  facet normal 0 0 1
    outer loop
      vertex 31.9544 23.9791 37.5
      vertex 30.3541 24.2612 37.5
      vertex 31.8191 23.4739 37.5
    endloop
  endfacet
  facet normal 0 0 1
    outer loop
      vertex 30.0533 25.3838 37.5
      vertex 31.2981 26.4284 37.5
      vertex 30.9284 26.7981 37.5
    endloop
  endfacet
  facet normal -0 0 1
    outer loop
      vertex 30.2921 24.0297 37.5
      vertex 31.8191 23.4739 37.5
      vertex 30.3541 24.2612 37.5
    endloop
  endfacet
  facet normal 0 0 1
    outer loop
      vertex 29.8838 25.5533 37.5
      vertex 30.9284 26.7981 37.5
      vertex 30.5 27.0981 37.5
    endloop
  endfacet
  facet normal 0 0 1
    outer loop
      vertex 31.8191 23.4739 37.5
      vertex 30.2921 24.0297 37.5
      vertex 31.5981 23 37.5
    endloop
  endfacet
  facet normal -0 0 1
    outer loop
      vertex 30.1908 23.8125 37.5
      vertex 31.5981 23 37.5
      vertex 30.2921 24.0297 37.5
    endloop
  endfacet
  facet normal 0 0 1
    outer loop
      vertex 31.9544 25.0209 37.5
      vertex 30.3541 24.7388 37.5
      vertex 30.375 24.5 37.5
    endloop
  endfacet
  facet normal 0 0 1
    outer loop
      vertex 31.8191 25.5261 37.5
      vertex 30.2921 24.9703 37.5
      vertex 30.3541 24.7388 37.5
    endloop
  endfacet
  facet normal 0 0 1
    outer loop
      vertex 31.5981 26 37.5
      vertex 30.1908 25.1875 37.5
      vertex 30.2921 24.9703 37.5
    endloop
  endfacet
  facet normal 0 0 1
    outer loop
      vertex 31.2981 26.4284 37.5
      vertex 30.0533 25.3838 37.5
      vertex 30.1908 25.1875 37.5
    endloop
  endfacet
  facet normal 0 0 1
    outer loop
      vertex 29.6875 25.6908 37.5
      vertex 30.5 27.0981 37.5
      vertex 30.0261 27.3191 37.5
    endloop
  endfacet
  facet normal 0 0 1
    outer loop
      vertex 30.9284 26.7981 37.5
      vertex 29.8838 25.5533 37.5
      vertex 30.0533 25.3838 37.5
    endloop
  endfacet
  facet normal 0 0 1
    outer loop
      vertex 30.5 27.0981 37.5
      vertex 29.6875 25.6908 37.5
      vertex 29.8838 25.5533 37.5
    endloop
  endfacet
  facet normal 0 0 1
    outer loop
      vertex 29.4703 25.7921 37.5
      vertex 30.0261 27.3191 37.5
      vertex 29.5209 27.4544 37.5
    endloop
  endfacet
  facet normal 0 0 1
    outer loop
      vertex 30.0261 27.3191 37.5
      vertex 29.4703 25.7921 37.5
      vertex 29.6875 25.6908 37.5
    endloop
  endfacet
  facet normal 0 0 1
    outer loop
      vertex 29.5209 27.4544 37.5
      vertex 29.2388 25.8541 37.5
      vertex 29.4703 25.7921 37.5
    endloop
  endfacet
  facet normal 0 0 1
    outer loop
      vertex 29 27.5 37.5
      vertex 29.2388 25.8541 37.5
      vertex 29.5209 27.4544 37.5
    endloop
  endfacet
  facet normal 0 0 1
    outer loop
      vertex 29 27.5 37.5
      vertex 29 25.875 37.5
      vertex 29.2388 25.8541 37.5
    endloop
  endfacet
  facet normal 0 0 1
    outer loop
      vertex 29 27.5 37.5
      vertex 28.7612 25.8541 37.5
      vertex 29 25.875 37.5
    endloop
  endfacet
  facet normal -0 0 1
    outer loop
      vertex 28.4791 27.4544 37.5
      vertex 28.7612 25.8541 37.5
      vertex 29 27.5 37.5
    endloop
  endfacet
  facet normal 0 0 1
    outer loop
      vertex 28.7612 25.8541 37.5
      vertex 28.4791 27.4544 37.5
      vertex 28.5297 25.7921 37.5
    endloop
  endfacet
  facet normal -0 0 1
    outer loop
      vertex 27.9739 27.3191 37.5
      vertex 28.5297 25.7921 37.5
      vertex 28.4791 27.4544 37.5
    endloop
  endfacet
  facet normal 0 0 1
    outer loop
      vertex 28.5297 25.7921 37.5
      vertex 27.9739 27.3191 37.5
      vertex 28.3125 25.6908 37.5
    endloop
  endfacet
  facet normal -0 0 1
    outer loop
      vertex 27.5 27.0981 37.5
      vertex 28.3125 25.6908 37.5
      vertex 27.9739 27.3191 37.5
    endloop
  endfacet
  facet normal 0 0 1
    outer loop
      vertex 28.3125 25.6908 37.5
      vertex 27.5 27.0981 37.5
      vertex 28.1162 25.5533 37.5
    endloop
  endfacet
  facet normal -0 0 1
    outer loop
      vertex 27.0716 26.7981 37.5
      vertex 28.1162 25.5533 37.5
      vertex 27.5 27.0981 37.5
    endloop
  endfacet
  facet normal 0 0 1
    outer loop
      vertex 28.1162 25.5533 37.5
      vertex 27.0716 26.7981 37.5
      vertex 27.9467 25.3838 37.5
    endloop
  endfacet
  facet normal -0 0 1
    outer loop
      vertex 26.7019 26.4284 37.5
      vertex 27.9467 25.3838 37.5
      vertex 27.0716 26.7981 37.5
    endloop
  endfacet
  facet normal -0 0 1
    outer loop
      vertex 26.4019 26 37.5
      vertex 27.8092 25.1875 37.5
      vertex 26.7019 26.4284 37.5
    endloop
  endfacet
  facet normal 0 0 1
    outer loop
      vertex 27.9467 25.3838 37.5
      vertex 26.7019 26.4284 37.5
      vertex 27.8092 25.1875 37.5
    endloop
  endfacet
  facet normal 0 0 1
    outer loop
      vertex 31.5981 23 37.5
      vertex 30.1908 23.8125 37.5
      vertex 31.2981 22.5716 37.5
    endloop
  endfacet
  facet normal -0 0 1
    outer loop
      vertex 30.0533 23.6162 37.5
      vertex 31.2981 22.5716 37.5
      vertex 30.1908 23.8125 37.5
    endloop
  endfacet
  facet normal 0 0 1
    outer loop
      vertex 31.2981 22.5716 37.5
      vertex 30.0533 23.6162 37.5
      vertex 30.9284 22.2019 37.5
    endloop
  endfacet
  facet normal -0 0 1
    outer loop
      vertex 29.8838 23.4467 37.5
      vertex 30.9284 22.2019 37.5
      vertex 30.0533 23.6162 37.5
    endloop
  endfacet
  facet normal 0 0 1
    outer loop
      vertex 30.9284 22.2019 37.5
      vertex 29.8838 23.4467 37.5
      vertex 30.5 21.9019 37.5
    endloop
  endfacet
  facet normal -0 0 1
    outer loop
      vertex 29.6875 23.3092 37.5
      vertex 30.5 21.9019 37.5
      vertex 29.8838 23.4467 37.5
    endloop
  endfacet
  facet normal 0 0 1
    outer loop
      vertex 30.5 21.9019 37.5
      vertex 29.6875 23.3092 37.5
      vertex 30.0261 21.6809 37.5
    endloop
  endfacet
  facet normal -0 0 1
    outer loop
      vertex 29.4703 23.2079 37.5
      vertex 30.0261 21.6809 37.5
      vertex 29.6875 23.3092 37.5
    endloop
  endfacet
  facet normal 0 0 1
    outer loop
      vertex 30.0261 21.6809 37.5
      vertex 29.4703 23.2079 37.5
      vertex 29.5209 21.5456 37.5
    endloop
  endfacet
  facet normal -0 0 1
    outer loop
      vertex 29.2388 23.1459 37.5
      vertex 29.5209 21.5456 37.5
      vertex 29.4703 23.2079 37.5
    endloop
  endfacet
  facet normal -0 0 1
    outer loop
      vertex 29 23.125 37.5
      vertex 29.5209 21.5456 37.5
      vertex 29.2388 23.1459 37.5
    endloop
  endfacet
  facet normal 0 0 1
    outer loop
      vertex 29 23.125 37.5
      vertex 29 21.5 37.5
      vertex 29.5209 21.5456 37.5
    endloop
  endfacet
  facet normal 0 0 1
    outer loop
      vertex 28.7612 23.1459 37.5
      vertex 29 21.5 37.5
      vertex 29 23.125 37.5
    endloop
  endfacet
  facet normal 0 0 1
    outer loop
      vertex 28.4791 21.5456 37.5
      vertex 28.7612 23.1459 37.5
      vertex 28.5297 23.2079 37.5
    endloop
  endfacet
  facet normal 0 0 1
    outer loop
      vertex 28.7612 23.1459 37.5
      vertex 28.4791 21.5456 37.5
      vertex 29 21.5 37.5
    endloop
  endfacet
  facet normal 0 0 1
    outer loop
      vertex 27.9739 21.6809 37.5
      vertex 28.5297 23.2079 37.5
      vertex 28.3125 23.3092 37.5
    endloop
  endfacet
  facet normal 0 0 1
    outer loop
      vertex 27.5 21.9019 37.5
      vertex 28.3125 23.3092 37.5
      vertex 28.1162 23.4467 37.5
    endloop
  endfacet
  facet normal 0 0 1
    outer loop
      vertex 28.5297 23.2079 37.5
      vertex 27.9739 21.6809 37.5
      vertex 28.4791 21.5456 37.5
    endloop
  endfacet
  facet normal 0 0 1
    outer loop
      vertex 27.0716 22.2019 37.5
      vertex 28.1162 23.4467 37.5
      vertex 27.9467 23.6162 37.5
    endloop
  endfacet
  facet normal 0 0 1
    outer loop
      vertex 26.7019 22.5716 37.5
      vertex 27.9467 23.6162 37.5
      vertex 27.8092 23.8125 37.5
    endloop
  endfacet
  facet normal 0 0 1
    outer loop
      vertex 26.4019 23 37.5
      vertex 27.8092 23.8125 37.5
      vertex 27.7079 24.0297 37.5
    endloop
  endfacet
  facet normal 0 0 1
    outer loop
      vertex 26.1809 23.4739 37.5
      vertex 27.7079 24.0297 37.5
      vertex 27.6459 24.2612 37.5
    endloop
  endfacet
  facet normal 0 0 1
    outer loop
      vertex 28.3125 23.3092 37.5
      vertex 27.5 21.9019 37.5
      vertex 27.9739 21.6809 37.5
    endloop
  endfacet
  facet normal 0 0 1
    outer loop
      vertex 26.0456 23.9791 37.5
      vertex 27.6459 24.2612 37.5
      vertex 27.625 24.5 37.5
    endloop
  endfacet
  facet normal 0 0 1
    outer loop
      vertex 27.8092 25.1875 37.5
      vertex 26.4019 26 37.5
      vertex 27.7079 24.9703 37.5
    endloop
  endfacet
  facet normal -0 0 1
    outer loop
      vertex 26.1809 25.5261 37.5
      vertex 27.7079 24.9703 37.5
      vertex 26.4019 26 37.5
    endloop
  endfacet
  facet normal 0 0 1
    outer loop
      vertex 28.1162 23.4467 37.5
      vertex 27.0716 22.2019 37.5
      vertex 27.5 21.9019 37.5
    endloop
  endfacet
  facet normal 0 0 1
    outer loop
      vertex 27.7079 24.9703 37.5
      vertex 26.1809 25.5261 37.5
      vertex 27.6459 24.7388 37.5
    endloop
  endfacet
  facet normal 0 0 1
    outer loop
      vertex 27.9467 23.6162 37.5
      vertex 26.7019 22.5716 37.5
      vertex 27.0716 22.2019 37.5
    endloop
  endfacet
  facet normal -0 0 1
    outer loop
      vertex 26.0456 25.0209 37.5
      vertex 27.6459 24.7388 37.5
      vertex 26.1809 25.5261 37.5
    endloop
  endfacet
  facet normal 0 0 1
    outer loop
      vertex 27.8092 23.8125 37.5
      vertex 26.4019 23 37.5
      vertex 26.7019 22.5716 37.5
    endloop
  endfacet
  facet normal 0 0 1
    outer loop
      vertex 27.6459 24.7388 37.5
      vertex 26.0456 25.0209 37.5
      vertex 27.625 24.5 37.5
    endloop
  endfacet
  facet normal 0 0 1
    outer loop
      vertex 27.7079 24.0297 37.5
      vertex 26.1809 23.4739 37.5
      vertex 26.4019 23 37.5
    endloop
  endfacet
  facet normal 0 0 1
    outer loop
      vertex 26 24.5 37.5
      vertex 27.625 24.5 37.5
      vertex 26.0456 25.0209 37.5
    endloop
  endfacet
  facet normal 0 0 1
    outer loop
      vertex 27.6459 24.2612 37.5
      vertex 26.0456 23.9791 37.5
      vertex 26.1809 23.4739 37.5
    endloop
  endfacet
  facet normal 0 0 1
    outer loop
      vertex 27.625 24.5 37.5
      vertex 26 24.5 37.5
      vertex 26.0456 23.9791 37.5
    endloop
  endfacet
  facet normal 0.573616 -0.819124 0
    outer loop
      vertex 30.5 21.9019 3.3
      vertex 30.9284 22.2019 37.5
      vertex 30.5 21.9019 37.5
    endloop
  endfacet
  facet normal 0.573616 -0.819124 0
    outer loop
      vertex 30.9284 22.2019 37.5
      vertex 30.5 21.9019 3.3
      vertex 30.9284 22.2019 3.3
    endloop
  endfacet
  facet normal 0.573616 0.819124 -0
    outer loop
      vertex 30.9284 26.7981 2.5
      vertex 30.5 27.0981 37.5
      vertex 30.9284 26.7981 37.5
    endloop
  endfacet
  facet normal 0.573616 0.819124 0
    outer loop
      vertex 30.5 27.0981 37.5
      vertex 30.9284 26.7981 2.5
      vertex 30.5 27.0981 2.5
    endloop
  endfacet
  facet normal 0.0872073 0.99619 -0
    outer loop
      vertex 29.5209 27.4544 2.5
      vertex 29 27.5 37.5
      vertex 29.5209 27.4544 37.5
    endloop
  endfacet
  facet normal 0.0872073 0.99619 0
    outer loop
      vertex 29 27.5 37.5
      vertex 29.5209 27.4544 2.5
      vertex 29 27.5 2.5
    endloop
  endfacet
  facet normal -0.906295 0.422645 -3.09654e-19
    outer loop
      vertex 26.1809 25.5261 2.5
      vertex 26.4019 26 37.5
      vertex 26.4019 26 2.5
    endloop
  endfacet
  facet normal -0.906295 0.422645 -3.09654e-19
    outer loop
      vertex 26.4019 26 37.5
      vertex 26.1809 25.5261 2.5
      vertex 26.1809 25.5261 37.5
    endloop
  endfacet
  facet normal 0.99619 -0.0872073 -5.07494e-20
    outer loop
      vertex 31.9544 23.9791 37.5
      vertex 32 24.5 2.5
      vertex 32 24.5 37.5
    endloop
  endfacet
  facet normal 0.99619 -0.0872073 -5.07494e-20
    outer loop
      vertex 32 24.5 2.5
      vertex 31.9544 23.9791 37.5
      vertex 31.9544 23.9791 2.5
    endloop
  endfacet
  facet normal -0.258698 0.965958 0
    outer loop
      vertex 28.4791 27.4544 2.5
      vertex 27.9739 27.3191 37.5
      vertex 28.4791 27.4544 37.5
    endloop
  endfacet
  facet normal -0.258698 0.965958 0
    outer loop
      vertex 27.9739 27.3191 37.5
      vertex 28.4791 27.4544 2.5
      vertex 27.9739 27.3191 2.5
    endloop
  endfacet
  facet normal -0.0872073 0.99619 0
    outer loop
      vertex 29 27.5 2.5
      vertex 28.4791 27.4544 37.5
      vertex 29 27.5 37.5
    endloop
  endfacet
  facet normal -0.0872073 0.99619 0
    outer loop
      vertex 28.4791 27.4544 37.5
      vertex 29 27.5 2.5
      vertex 28.4791 27.4544 2.5
    endloop
  endfacet
  facet normal -0.906295 -0.422645 3.09654e-19
    outer loop
      vertex 26.4019 23 2.5
      vertex 26.1809 23.4739 37.5
      vertex 26.1809 23.4739 2.5
    endloop
  endfacet
  facet normal -0.906295 -0.422645 3.09654e-19
    outer loop
      vertex 26.1809 23.4739 37.5
      vertex 26.4019 23 2.5
      vertex 26.4019 23 37.5
    endloop
  endfacet
  facet normal -0.819136 -0.5736 -0
    outer loop
      vertex 26.682 22.6 3.3
      vertex 26.4019 23 2.5
      vertex 26.682 22.6 2.5
    endloop
  endfacet
  facet normal -0.819136 -0.5736 0
    outer loop
      vertex 26.4019 23 2.5
      vertex 26.682 22.6 3.3
      vertex 26.4019 23 37.5
    endloop
  endfacet
  facet normal -0.818961 -0.573849 -0
    outer loop
      vertex 26.7019 22.5716 37.5
      vertex 26.682 22.6 3.3
      vertex 26.7019 22.5716 3.3
    endloop
  endfacet
  facet normal -0.819124 -0.573616 2.88485e-07
    outer loop
      vertex 26.682 22.6 3.3
      vertex 26.7019 22.5716 37.5
      vertex 26.4019 23 37.5
    endloop
  endfacet
  facet normal -0.707107 -0.707107 -7.90695e-20
    outer loop
      vertex 27.0716 22.2019 3.3
      vertex 26.7019 22.5716 37.5
      vertex 26.7019 22.5716 3.3
    endloop
  endfacet
  facet normal -0.707107 -0.707107 -7.90695e-20
    outer loop
      vertex 26.7019 22.5716 37.5
      vertex 27.0716 22.2019 3.3
      vertex 27.0716 22.2019 37.5
    endloop
  endfacet
  facet normal -0.965958 0.258698 -2.57957e-19
    outer loop
      vertex 26.0456 25.0209 2.5
      vertex 26.1809 25.5261 37.5
      vertex 26.1809 25.5261 2.5
    endloop
  endfacet
  facet normal -0.965958 0.258698 -2.57957e-19
    outer loop
      vertex 26.1809 25.5261 37.5
      vertex 26.0456 25.0209 2.5
      vertex 26.0456 25.0209 37.5
    endloop
  endfacet
  facet normal -0.422645 -0.906295 0
    outer loop
      vertex 27.5 21.9019 3.3
      vertex 27.9739 21.6809 37.5
      vertex 27.5 21.9019 37.5
    endloop
  endfacet
  facet normal -0.422645 -0.906295 -0
    outer loop
      vertex 27.9739 21.6809 37.5
      vertex 27.5 21.9019 3.3
      vertex 27.9739 21.6809 3.3
    endloop
  endfacet
  facet normal -0.707107 0.707107 7.72622e-20
    outer loop
      vertex 26.7019 26.4284 2.5
      vertex 27.0716 26.7981 37.5
      vertex 27.0716 26.7981 2.5
    endloop
  endfacet
  facet normal -0.707107 0.707107 7.72622e-20
    outer loop
      vertex 27.0716 26.7981 37.5
      vertex 26.7019 26.4284 2.5
      vertex 26.7019 26.4284 37.5
    endloop
  endfacet
  facet normal 0.707107 0.707107 1.31112e-19
    outer loop
      vertex 28.1162 23.4467 37.5
      vertex 27.9467 23.6162 2.5
      vertex 27.9467 23.6162 37.5
    endloop
  endfacet
  facet normal 0.707107 0.707107 1.31112e-19
    outer loop
      vertex 27.9467 23.6162 2.5
      vertex 28.1162 23.4467 37.5
      vertex 28.1162 23.4467 2.5
    endloop
  endfacet
  facet normal 0.906279 -0.42268 -4.51493e-21
    outer loop
      vertex 27.7079 24.9703 37.5
      vertex 27.8092 25.1875 2.5
      vertex 27.8092 25.1875 37.5
    endloop
  endfacet
  facet normal 0.906279 -0.42268 -4.51493e-21
    outer loop
      vertex 27.8092 25.1875 2.5
      vertex 27.7079 24.9703 37.5
      vertex 27.7079 24.9703 2.5
    endloop
  endfacet
  facet normal -0.965957 -0.258701 2.3295e-21
    outer loop
      vertex 30.3541 24.7388 2.5
      vertex 30.2921 24.9703 37.5
      vertex 30.2921 24.9703 2.5
    endloop
  endfacet
  facet normal -0.965957 -0.258701 2.3295e-21
    outer loop
      vertex 30.2921 24.9703 37.5
      vertex 30.3541 24.7388 2.5
      vertex 30.3541 24.7388 37.5
    endloop
  endfacet
  facet normal -0.996192 -0.0871877 3.13304e-20
    outer loop
      vertex 30.375 24.5 2.5
      vertex 30.3541 24.7388 37.5
      vertex 30.3541 24.7388 2.5
    endloop
  endfacet
  facet normal -0.996192 -0.0871877 3.13304e-20
    outer loop
      vertex 30.3541 24.7388 37.5
      vertex 30.375 24.5 2.5
      vertex 30.375 24.5 37.5
    endloop
  endfacet
  facet normal -0.906279 -0.42268 4.51493e-21
    outer loop
      vertex 30.2921 24.9703 2.5
      vertex 30.1908 25.1875 37.5
      vertex 30.1908 25.1875 2.5
    endloop
  endfacet
  facet normal -0.906279 -0.42268 4.51493e-21
    outer loop
      vertex 30.1908 25.1875 37.5
      vertex 30.2921 24.9703 2.5
      vertex 30.2921 24.9703 37.5
    endloop
  endfacet
  facet normal -0.573714 0.819055 0
    outer loop
      vertex 29.8838 23.4467 2.5
      vertex 29.6875 23.3092 37.5
      vertex 29.8838 23.4467 37.5
    endloop
  endfacet
  facet normal -0.573714 0.819055 0
    outer loop
      vertex 29.6875 23.3092 37.5
      vertex 29.8838 23.4467 2.5
      vertex 29.6875 23.3092 2.5
    endloop
  endfacet
  facet normal 0.0871877 0.996192 -0
    outer loop
      vertex 29 23.125 2.5
      vertex 28.7612 23.1459 37.5
      vertex 29 23.125 37.5
    endloop
  endfacet
  facet normal 0.0871877 0.996192 0
    outer loop
      vertex 28.7612 23.1459 37.5
      vertex 29 23.125 2.5
      vertex 28.7612 23.1459 2.5
    endloop
  endfacet
  facet normal -0.42268 0.906279 0
    outer loop
      vertex 29.6875 23.3092 2.5
      vertex 29.4703 23.2079 37.5
      vertex 29.6875 23.3092 37.5
    endloop
  endfacet
  facet normal -0.42268 0.906279 0
    outer loop
      vertex 29.4703 23.2079 37.5
      vertex 29.6875 23.3092 2.5
      vertex 29.4703 23.2079 2.5
    endloop
  endfacet
  facet normal 0.258701 -0.965957 0
    outer loop
      vertex 28.5297 25.7921 2.5
      vertex 28.7612 25.8541 37.5
      vertex 28.5297 25.7921 37.5
    endloop
  endfacet
  facet normal 0.258701 -0.965957 0
    outer loop
      vertex 28.7612 25.8541 37.5
      vertex 28.5297 25.7921 2.5
      vertex 28.7612 25.8541 2.5
    endloop
  endfacet
  facet normal 0.42268 -0.906279 0
    outer loop
      vertex 28.3125 25.6908 2.5
      vertex 28.5297 25.7921 37.5
      vertex 28.3125 25.6908 37.5
    endloop
  endfacet
  facet normal 0.42268 -0.906279 0
    outer loop
      vertex 28.5297 25.7921 37.5
      vertex 28.3125 25.6908 2.5
      vertex 28.5297 25.7921 2.5
    endloop
  endfacet
  facet normal -0.0871877 0.996192 0
    outer loop
      vertex 29.2388 23.1459 2.5
      vertex 29 23.125 37.5
      vertex 29.2388 23.1459 37.5
    endloop
  endfacet
  facet normal -0.0871877 0.996192 0
    outer loop
      vertex 29 23.125 37.5
      vertex 29.2388 23.1459 2.5
      vertex 29 23.125 2.5
    endloop
  endfacet
  facet normal 0.965957 0.258701 2.3295e-21
    outer loop
      vertex 27.7079 24.0297 37.5
      vertex 27.6459 24.2612 2.5
      vertex 27.6459 24.2612 37.5
    endloop
  endfacet
  facet normal 0.965957 0.258701 2.3295e-21
    outer loop
      vertex 27.6459 24.2612 2.5
      vertex 27.7079 24.0297 37.5
      vertex 27.7079 24.0297 2.5
    endloop
  endfacet
  facet normal 0.573714 0.819055 -0
    outer loop
      vertex 28.3125 23.3092 2.5
      vertex 28.1162 23.4467 37.5
      vertex 28.3125 23.3092 37.5
    endloop
  endfacet
  facet normal 0.573714 0.819055 0
    outer loop
      vertex 28.1162 23.4467 37.5
      vertex 28.3125 23.3092 2.5
      vertex 28.1162 23.4467 2.5
    endloop
  endfacet
  facet normal 0.819055 -0.573714 1.64515e-19
    outer loop
      vertex 27.8092 25.1875 37.5
      vertex 27.9467 25.3838 2.5
      vertex 27.9467 25.3838 37.5
    endloop
  endfacet
  facet normal 0.819055 -0.573714 1.64515e-19
    outer loop
      vertex 27.9467 25.3838 2.5
      vertex 27.8092 25.1875 37.5
      vertex 27.8092 25.1875 2.5
    endloop
  endfacet
  facet normal -0.906279 0.42268 -4.51493e-21
    outer loop
      vertex 30.1908 23.8125 2.5
      vertex 30.2921 24.0297 37.5
      vertex 30.2921 24.0297 2.5
    endloop
  endfacet
  facet normal -0.906279 0.42268 -4.51493e-21
    outer loop
      vertex 30.2921 24.0297 37.5
      vertex 30.1908 23.8125 2.5
      vertex 30.1908 23.8125 37.5
    endloop
  endfacet
  facet normal 0.819055 0.573714 -1.64515e-19
    outer loop
      vertex 27.9467 23.6162 37.5
      vertex 27.8092 23.8125 2.5
      vertex 27.8092 23.8125 37.5
    endloop
  endfacet
  facet normal 0.819055 0.573714 -1.64515e-19
    outer loop
      vertex 27.8092 23.8125 2.5
      vertex 27.9467 23.6162 37.5
      vertex 27.9467 23.6162 2.5
    endloop
  endfacet
  facet normal 0.573714 -0.819055 0
    outer loop
      vertex 28.1162 25.5533 2.5
      vertex 28.3125 25.6908 37.5
      vertex 28.1162 25.5533 37.5
    endloop
  endfacet
  facet normal 0.573714 -0.819055 0
    outer loop
      vertex 28.3125 25.6908 37.5
      vertex 28.1162 25.5533 2.5
      vertex 28.3125 25.6908 2.5
    endloop
  endfacet
  facet normal -0.819055 0.573714 1.64515e-19
    outer loop
      vertex 30.0533 23.6162 2.5
      vertex 30.1908 23.8125 37.5
      vertex 30.1908 23.8125 2.5
    endloop
  endfacet
  facet normal -0.819055 0.573714 1.64515e-19
    outer loop
      vertex 30.1908 23.8125 37.5
      vertex 30.0533 23.6162 2.5
      vertex 30.0533 23.6162 37.5
    endloop
  endfacet
  facet normal -0.819055 -0.573714 -1.64515e-19
    outer loop
      vertex 30.1908 25.1875 2.5
      vertex 30.0533 25.3838 37.5
      vertex 30.0533 25.3838 2.5
    endloop
  endfacet
  facet normal -0.819055 -0.573714 -1.64515e-19
    outer loop
      vertex 30.0533 25.3838 37.5
      vertex 30.1908 25.1875 2.5
      vertex 30.1908 25.1875 37.5
    endloop
  endfacet
  facet normal -0.965957 0.258701 -2.3295e-21
    outer loop
      vertex 30.2921 24.0297 2.5
      vertex 30.3541 24.2612 37.5
      vertex 30.3541 24.2612 2.5
    endloop
  endfacet
  facet normal -0.965957 0.258701 -2.3295e-21
    outer loop
      vertex 30.3541 24.2612 37.5
      vertex 30.2921 24.0297 2.5
      vertex 30.2921 24.0297 37.5
    endloop
  endfacet
  facet normal 0.996192 -0.0871877 -3.13304e-20
    outer loop
      vertex 27.625 24.5 37.5
      vertex 27.6459 24.7388 2.5
      vertex 27.6459 24.7388 37.5
    endloop
  endfacet
  facet normal 0.996192 -0.0871877 -3.13304e-20
    outer loop
      vertex 27.6459 24.7388 2.5
      vertex 27.625 24.5 37.5
      vertex 27.625 24.5 2.5
    endloop
  endfacet
  facet normal -0.42268 -0.906279 0
    outer loop
      vertex 29.4703 25.7921 2.5
      vertex 29.6875 25.6908 37.5
      vertex 29.4703 25.7921 37.5
    endloop
  endfacet
  facet normal -0.42268 -0.906279 -0
    outer loop
      vertex 29.6875 25.6908 37.5
      vertex 29.4703 25.7921 2.5
      vertex 29.6875 25.6908 2.5
    endloop
  endfacet
  facet normal -0.707107 -0.707107 1.31112e-19
    outer loop
      vertex 30.0533 25.3838 2.5
      vertex 29.8838 25.5533 37.5
      vertex 29.8838 25.5533 2.5
    endloop
  endfacet
  facet normal -0.707107 -0.707107 1.31112e-19
    outer loop
      vertex 29.8838 25.5533 37.5
      vertex 30.0533 25.3838 2.5
      vertex 30.0533 25.3838 37.5
    endloop
  endfacet
  facet normal -0.258701 0.965957 0
    outer loop
      vertex 29.4703 23.2079 2.5
      vertex 29.2388 23.1459 37.5
      vertex 29.4703 23.2079 37.5
    endloop
  endfacet
  facet normal -0.258701 0.965957 0
    outer loop
      vertex 29.2388 23.1459 37.5
      vertex 29.4703 23.2079 2.5
      vertex 29.2388 23.1459 2.5
    endloop
  endfacet
  facet normal -0.996192 0.0871877 -3.13304e-20
    outer loop
      vertex 30.3541 24.2612 2.5
      vertex 30.375 24.5 37.5
      vertex 30.375 24.5 2.5
    endloop
  endfacet
  facet normal -0.996192 0.0871877 -3.13304e-20
    outer loop
      vertex 30.375 24.5 37.5
      vertex 30.3541 24.2612 2.5
      vertex 30.3541 24.2612 37.5
    endloop
  endfacet
  facet normal -0.573714 -0.819055 0
    outer loop
      vertex 29.6875 25.6908 2.5
      vertex 29.8838 25.5533 37.5
      vertex 29.6875 25.6908 37.5
    endloop
  endfacet
  facet normal -0.573714 -0.819055 -0
    outer loop
      vertex 29.8838 25.5533 37.5
      vertex 29.6875 25.6908 2.5
      vertex 29.8838 25.5533 2.5
    endloop
  endfacet
  facet normal 0.0871877 -0.996192 0
    outer loop
      vertex 28.7612 25.8541 2.5
      vertex 29 25.875 37.5
      vertex 28.7612 25.8541 37.5
    endloop
  endfacet
  facet normal 0.0871877 -0.996192 0
    outer loop
      vertex 29 25.875 37.5
      vertex 28.7612 25.8541 2.5
      vertex 29 25.875 2.5
    endloop
  endfacet
  facet normal 0.258701 0.965957 -0
    outer loop
      vertex 28.7612 23.1459 2.5
      vertex 28.5297 23.2079 37.5
      vertex 28.7612 23.1459 37.5
    endloop
  endfacet
  facet normal 0.258701 0.965957 0
    outer loop
      vertex 28.5297 23.2079 37.5
      vertex 28.7612 23.1459 2.5
      vertex 28.5297 23.2079 2.5
    endloop
  endfacet
  facet normal 0.906279 0.42268 4.51493e-21
    outer loop
      vertex 27.8092 23.8125 37.5
      vertex 27.7079 24.0297 2.5
      vertex 27.7079 24.0297 37.5
    endloop
  endfacet
  facet normal 0.906279 0.42268 4.51493e-21
    outer loop
      vertex 27.7079 24.0297 2.5
      vertex 27.8092 23.8125 37.5
      vertex 27.8092 23.8125 2.5
    endloop
  endfacet
  facet normal -0.0871877 -0.996192 0
    outer loop
      vertex 29 25.875 2.5
      vertex 29.2388 25.8541 37.5
      vertex 29 25.875 37.5
    endloop
  endfacet
  facet normal -0.0871877 -0.996192 -0
    outer loop
      vertex 29.2388 25.8541 37.5
      vertex 29 25.875 2.5
      vertex 29.2388 25.8541 2.5
    endloop
  endfacet
  facet normal -0.707107 0.707107 -1.31112e-19
    outer loop
      vertex 29.8838 23.4467 2.5
      vertex 30.0533 23.6162 37.5
      vertex 30.0533 23.6162 2.5
    endloop
  endfacet
  facet normal -0.707107 0.707107 -1.31112e-19
    outer loop
      vertex 30.0533 23.6162 37.5
      vertex 29.8838 23.4467 2.5
      vertex 29.8838 23.4467 37.5
    endloop
  endfacet
  facet normal 0.996192 0.0871877 3.13304e-20
    outer loop
      vertex 27.6459 24.2612 37.5
      vertex 27.625 24.5 2.5
      vertex 27.625 24.5 37.5
    endloop
  endfacet
  facet normal 0.996192 0.0871877 3.13304e-20
    outer loop
      vertex 27.625 24.5 2.5
      vertex 27.6459 24.2612 37.5
      vertex 27.6459 24.2612 2.5
    endloop
  endfacet
  facet normal -0.258701 -0.965957 0
    outer loop
      vertex 29.2388 25.8541 2.5
      vertex 29.4703 25.7921 37.5
      vertex 29.2388 25.8541 37.5
    endloop
  endfacet
  facet normal -0.258701 -0.965957 -0
    outer loop
      vertex 29.4703 25.7921 37.5
      vertex 29.2388 25.8541 2.5
      vertex 29.4703 25.7921 2.5
    endloop
  endfacet
  facet normal 0.965957 -0.258701 -2.3295e-21
    outer loop
      vertex 27.6459 24.7388 37.5
      vertex 27.7079 24.9703 2.5
      vertex 27.7079 24.9703 37.5
    endloop
  endfacet
  facet normal 0.965957 -0.258701 -2.3295e-21
    outer loop
      vertex 27.7079 24.9703 2.5
      vertex 27.6459 24.7388 37.5
      vertex 27.6459 24.7388 2.5
    endloop
  endfacet
  facet normal 0.42268 0.906279 -0
    outer loop
      vertex 28.5297 23.2079 2.5
      vertex 28.3125 23.3092 37.5
      vertex 28.5297 23.2079 37.5
    endloop
  endfacet
  facet normal 0.42268 0.906279 0
    outer loop
      vertex 28.3125 23.3092 37.5
      vertex 28.5297 23.2079 2.5
      vertex 28.3125 23.3092 2.5
    endloop
  endfacet
  facet normal 0.707107 -0.707107 -1.31112e-19
    outer loop
      vertex 27.9467 25.3838 37.5
      vertex 28.1162 25.5533 2.5
      vertex 28.1162 25.5533 37.5
    endloop
  endfacet
  facet normal 0.707107 -0.707107 -1.31112e-19
    outer loop
      vertex 28.1162 25.5533 2.5
      vertex 27.9467 25.3838 37.5
      vertex 27.9467 25.3838 2.5
    endloop
  endfacet
  facet normal 0.25877 0.965939 -0
    outer loop
      vertex -23.316 -20.1206 1.1
      vertex -23.6527 -20.0304 2.5
      vertex -23.316 -20.1206 2.5
    endloop
  endfacet
  facet normal 0.25877 0.965939 0
    outer loop
      vertex -23.6527 -20.0304 2.5
      vertex -23.316 -20.1206 1.1
      vertex -23.6527 -20.0304 1.1
    endloop
  endfacet
  facet normal 0 1 -0
    outer loop
      vertex -24 -20 1.1
      vertex -34 -20 2.5
      vertex -24 -20 2.5
    endloop
  endfacet
  facet normal 0 1 0
    outer loop
      vertex -34 -20 2.5
      vertex -24 -20 1.1
      vertex -34 -20 1.1
    endloop
  endfacet
  facet normal -0.906256 -0.422728 -6.55615e-18
    outer loop
      vertex -35.732 -28 1.1
      vertex -35.8794 -27.684 2.5
      vertex -35.8794 -27.684 1.1
    endloop
  endfacet
  facet normal -0.906256 -0.422728 -6.55615e-18
    outer loop
      vertex -35.8794 -27.684 2.5
      vertex -35.732 -28 1.1
      vertex -35.732 -28 2.5
    endloop
  endfacet
  facet normal 0 1 -0
    outer loop
      vertex 24 -29 1.1
      vertex -24 -29 2.5
      vertex 24 -29 2.5
    endloop
  endfacet
  facet normal 0 1 0
    outer loop
      vertex -24 -29 2.5
      vertex 24 -29 1.1
      vertex -24 -29 1.1
    endloop
  endfacet
  facet normal 0 1 0
    outer loop
      vertex 24 -29 2.5
      vertex 36 -29 32.5
      vertex 34 -29 2.5
    endloop
  endfacet
  facet normal 0 1 -0
    outer loop
      vertex 36 -29 1.1
      vertex 34 -29 2.5
      vertex 36 -29 32.5
    endloop
  endfacet
  facet normal 0 1 0
    outer loop
      vertex 34 -29 2.5
      vertex 36 -29 1.1
      vertex 34 -29 1.1
    endloop
  endfacet
  facet normal 0 1 0
    outer loop
      vertex 36 -29 32.5
      vertex 24 -29 2.5
      vertex -36 -29 32.5
    endloop
  endfacet
  facet normal 0 1 -0
    outer loop
      vertex -24 -29 2.5
      vertex -36 -29 32.5
      vertex 24 -29 2.5
    endloop
  endfacet
  facet normal 0 1 -0
    outer loop
      vertex -34 -29 2.5
      vertex -36 -29 32.5
      vertex -24 -29 2.5
    endloop
  endfacet
  facet normal 0 1 0
    outer loop
      vertex -36 -29 1.1
      vertex -34 -29 2.5
      vertex -34 -29 1.1
    endloop
  endfacet
  facet normal 0 1 0
    outer loop
      vertex -34 -29 2.5
      vertex -36 -29 1.1
      vertex -36 -29 32.5
    endloop
  endfacet
  facet normal -0.087199 -0.996191 0
    outer loop
      vertex -34.3473 -28.9696 1.1
      vertex -34 -29 2.5
      vertex -34.3473 -28.9696 2.5
    endloop
  endfacet
  facet normal -0.087199 -0.996191 -0
    outer loop
      vertex -34 -29 2.5
      vertex -34.3473 -28.9696 1.1
      vertex -34 -29 1.1
    endloop
  endfacet
  facet normal -0.087199 0.996191 0
    outer loop
      vertex -34 -20 1.1
      vertex -34.3473 -20.0304 2.5
      vertex -34 -20 2.5
    endloop
  endfacet
  facet normal -0.087199 0.996191 0
    outer loop
      vertex -34.3473 -20.0304 2.5
      vertex -34 -20 1.1
      vertex -34.3473 -20.0304 1.1
    endloop
  endfacet
  facet normal 0.965939 -0.25877 -1.79211e-18
    outer loop
      vertex -22.1206 -27.684 2.5
      vertex -22.0304 -27.3473 1.1
      vertex -22.0304 -27.3473 2.5
    endloop
  endfacet
  facet normal 0.965939 -0.25877 -1.79211e-18
    outer loop
      vertex -22.0304 -27.3473 1.1
      vertex -22.1206 -27.684 2.5
      vertex -22.1206 -27.684 1.1
    endloop
  endfacet
  facet normal 0.707107 -0.707107 2.46774e-18
    outer loop
      vertex -22.7144 -28.5321 2.5
      vertex -22.4679 -28.2856 1.1
      vertex -22.4679 -28.2856 2.5
    endloop
  endfacet
  facet normal 0.707107 -0.707107 2.46774e-18
    outer loop
      vertex -22.4679 -28.2856 1.1
      vertex -22.7144 -28.5321 2.5
      vertex -22.7144 -28.5321 1.1
    endloop
  endfacet
  facet normal 0.573424 -0.819259 0
    outer loop
      vertex -23 -28.732 1.1
      vertex -22.7144 -28.5321 2.5
      vertex -23 -28.732 2.5
    endloop
  endfacet
  facet normal 0.573424 -0.819259 0
    outer loop
      vertex -22.7144 -28.5321 2.5
      vertex -23 -28.732 1.1
      vertex -22.7144 -28.5321 1.1
    endloop
  endfacet
  facet normal -0.819259 -0.573424 -1.72693e-18
    outer loop
      vertex -35.5321 -28.2856 1.1
      vertex -35.732 -28 2.5
      vertex -35.732 -28 1.1
    endloop
  endfacet
  facet normal -0.819259 -0.573424 -1.72693e-18
    outer loop
      vertex -35.732 -28 2.5
      vertex -35.5321 -28.2856 1.1
      vertex -35.5321 -28.2856 2.5
    endloop
  endfacet
  facet normal 0.906256 -0.422728 3.59957e-18
    outer loop
      vertex -22.268 -28 2.5
      vertex -22.1206 -27.684 1.1
      vertex -22.1206 -27.684 2.5
    endloop
  endfacet
  facet normal 0.906256 -0.422728 3.59957e-18
    outer loop
      vertex -22.1206 -27.684 1.1
      vertex -22.268 -28 2.5
      vertex -22.268 -28 1.1
    endloop
  endfacet
  facet normal 0.996191 -0.087199 -1.63359e-18
    outer loop
      vertex -22.0304 -27.3473 2.5
      vertex -22 -27 1.1
      vertex -22 -27 2.5
    endloop
  endfacet
  facet normal 0.996191 -0.087199 -1.63359e-18
    outer loop
      vertex -22 -27 1.1
      vertex -22.0304 -27.3473 2.5
      vertex -22.0304 -27.3473 1.1
    endloop
  endfacet
  facet normal 0.087199 0.996191 -0
    outer loop
      vertex -23.6527 -20.0304 1.1
      vertex -24 -20 2.5
      vertex -23.6527 -20.0304 2.5
    endloop
  endfacet
  facet normal 0.087199 0.996191 0
    outer loop
      vertex -24 -20 2.5
      vertex -23.6527 -20.0304 1.1
      vertex -24 -20 1.1
    endloop
  endfacet
  facet normal 0.819259 -0.573424 1.72693e-18
    outer loop
      vertex -22.4679 -28.2856 2.5
      vertex -22.268 -28 1.1
      vertex -22.268 -28 2.5
    endloop
  endfacet
  facet normal 0.819259 -0.573424 1.72693e-18
    outer loop
      vertex -22.268 -28 1.1
      vertex -22.4679 -28.2856 2.5
      vertex -22.4679 -28.2856 1.1
    endloop
  endfacet
  facet normal -0.707107 0.707107 -4.89545e-19
    outer loop
      vertex -35.5321 -20.7144 1.1
      vertex -35.2856 -20.4679 2.5
      vertex -35.2856 -20.4679 1.1
    endloop
  endfacet
  facet normal -0.707107 0.707107 -4.89545e-19
    outer loop
      vertex -35.2856 -20.4679 2.5
      vertex -35.5321 -20.7144 1.1
      vertex -35.5321 -20.7144 2.5
    endloop
  endfacet
  facet normal -0.573424 -0.819259 0
    outer loop
      vertex -35.2856 -28.5321 1.1
      vertex -35 -28.732 2.5
      vertex -35.2856 -28.5321 2.5
    endloop
  endfacet
  facet normal -0.573424 -0.819259 -0
    outer loop
      vertex -35 -28.732 2.5
      vertex -35.2856 -28.5321 1.1
      vertex -35 -28.732 1.1
    endloop
  endfacet
  facet normal 0.573424 0.819259 -0
    outer loop
      vertex -22.7144 -20.4679 1.1
      vertex -23 -20.268 2.5
      vertex -22.7144 -20.4679 2.5
    endloop
  endfacet
  facet normal 0.573424 0.819259 0
    outer loop
      vertex -23 -20.268 2.5
      vertex -22.7144 -20.4679 1.1
      vertex -23 -20.268 1.1
    endloop
  endfacet
  facet normal 0.819259 0.573424 -1.72693e-18
    outer loop
      vertex -22.268 -21 2.5
      vertex -22.4679 -20.7144 1.1
      vertex -22.4679 -20.7144 2.5
    endloop
  endfacet
  facet normal 0.819259 0.573424 -1.72693e-18
    outer loop
      vertex -22.4679 -20.7144 1.1
      vertex -22.268 -21 2.5
      vertex -22.268 -21 1.1
    endloop
  endfacet
  facet normal 0.25877 -0.965939 0
    outer loop
      vertex -23.6527 -28.9696 1.1
      vertex -23.316 -28.8794 2.5
      vertex -23.6527 -28.9696 2.5
    endloop
  endfacet
  facet normal 0.25877 -0.965939 0
    outer loop
      vertex -23.316 -28.8794 2.5
      vertex -23.6527 -28.9696 1.1
      vertex -23.316 -28.8794 1.1
    endloop
  endfacet
  facet normal 0.087199 -0.996191 0
    outer loop
      vertex -24 -29 1.1
      vertex -23.6527 -28.9696 2.5
      vertex -24 -29 2.5
    endloop
  endfacet
  facet normal 0.087199 -0.996191 0
    outer loop
      vertex -23.6527 -28.9696 2.5
      vertex -24 -29 1.1
      vertex -23.6527 -28.9696 1.1
    endloop
  endfacet
  facet normal 1 -0 0
    outer loop
      vertex -22 -27 2.5
      vertex -22 -22.6 1.1
      vertex -22 -22.6 2.5
    endloop
  endfacet
  facet normal 1 0 0
    outer loop
      vertex -22 -22.6 1.1
      vertex -22 -27 2.5
      vertex -22 -27 1.1
    endloop
  endfacet
  facet normal -1 0 0
    outer loop
      vertex -36 -27 1.1
      vertex -36 -22.6 2.5
      vertex -36 -22.6 1.1
    endloop
  endfacet
  facet normal -1 -0 0
    outer loop
      vertex -36 -22.6 2.5
      vertex -36 -27 1.1
      vertex -36 -27 2.5
    endloop
  endfacet
  facet normal -0.25877 0.965939 0
    outer loop
      vertex -34.3473 -20.0304 1.1
      vertex -34.684 -20.1206 2.5
      vertex -34.3473 -20.0304 2.5
    endloop
  endfacet
  facet normal -0.25877 0.965939 0
    outer loop
      vertex -34.684 -20.1206 2.5
      vertex -34.3473 -20.0304 1.1
      vertex -34.684 -20.1206 1.1
    endloop
  endfacet
  facet normal 0.422728 0.906256 -0
    outer loop
      vertex -23 -20.268 1.1
      vertex -23.316 -20.1206 2.5
      vertex -23 -20.268 2.5
    endloop
  endfacet
  facet normal 0.422728 0.906256 0
    outer loop
      vertex -23.316 -20.1206 2.5
      vertex -23 -20.268 1.1
      vertex -23.316 -20.1206 1.1
    endloop
  endfacet
  facet normal 0.707107 0.707107 -2.46774e-18
    outer loop
      vertex -22.4679 -20.7144 2.5
      vertex -22.7144 -20.4679 1.1
      vertex -22.7144 -20.4679 2.5
    endloop
  endfacet
  facet normal 0.707107 0.707107 -2.46774e-18
    outer loop
      vertex -22.7144 -20.4679 1.1
      vertex -22.4679 -20.7144 2.5
      vertex -22.4679 -20.7144 1.1
    endloop
  endfacet
  facet normal -0.965939 -0.25877 3.35051e-18
    outer loop
      vertex -35.8794 -27.684 1.1
      vertex -35.9696 -27.3473 2.5
      vertex -35.9696 -27.3473 1.1
    endloop
  endfacet
  facet normal -0.965939 -0.25877 3.35051e-18
    outer loop
      vertex -35.9696 -27.3473 2.5
      vertex -35.8794 -27.684 1.1
      vertex -35.8794 -27.684 2.5
    endloop
  endfacet
  facet normal -0.573424 0.819259 0
    outer loop
      vertex -35 -20.268 1.1
      vertex -35.2856 -20.4679 2.5
      vertex -35 -20.268 2.5
    endloop
  endfacet
  facet normal -0.573424 0.819259 0
    outer loop
      vertex -35.2856 -20.4679 2.5
      vertex -35 -20.268 1.1
      vertex -35.2856 -20.4679 1.1
    endloop
  endfacet
  facet normal -0.996191 -0.087199 1.63359e-18
    outer loop
      vertex -35.9696 -27.3473 1.1
      vertex -36 -27 2.5
      vertex -36 -27 1.1
    endloop
  endfacet
  facet normal -0.996191 -0.087199 1.63359e-18
    outer loop
      vertex -36 -27 2.5
      vertex -35.9696 -27.3473 1.1
      vertex -35.9696 -27.3473 2.5
    endloop
  endfacet
  facet normal -0.422728 -0.906256 0
    outer loop
      vertex -35 -28.732 1.1
      vertex -34.684 -28.8794 2.5
      vertex -35 -28.732 2.5
    endloop
  endfacet
  facet normal -0.422728 -0.906256 -0
    outer loop
      vertex -34.684 -28.8794 2.5
      vertex -35 -28.732 1.1
      vertex -34.684 -28.8794 1.1
    endloop
  endfacet
  facet normal -0.707107 -0.707107 4.89545e-19
    outer loop
      vertex -35.2856 -28.5321 1.1
      vertex -35.5321 -28.2856 2.5
      vertex -35.5321 -28.2856 1.1
    endloop
  endfacet
  facet normal -0.707107 -0.707107 4.89545e-19
    outer loop
      vertex -35.5321 -28.2856 2.5
      vertex -35.2856 -28.5321 1.1
      vertex -35.2856 -28.5321 2.5
    endloop
  endfacet
  facet normal -0.422728 0.906256 0
    outer loop
      vertex -34.684 -20.1206 1.1
      vertex -35 -20.268 2.5
      vertex -34.684 -20.1206 2.5
    endloop
  endfacet
  facet normal -0.422728 0.906256 0
    outer loop
      vertex -35 -20.268 2.5
      vertex -34.684 -20.1206 1.1
      vertex -35 -20.268 1.1
    endloop
  endfacet
  facet normal 0.422728 -0.906256 0
    outer loop
      vertex -23.316 -28.8794 1.1
      vertex -23 -28.732 2.5
      vertex -23.316 -28.8794 2.5
    endloop
  endfacet
  facet normal 0.422728 -0.906256 0
    outer loop
      vertex -23 -28.732 2.5
      vertex -23.316 -28.8794 1.1
      vertex -23 -28.732 1.1
    endloop
  endfacet
  facet normal -0.819259 0.573424 1.72693e-18
    outer loop
      vertex -35.732 -21 1.1
      vertex -35.5321 -20.7144 2.5
      vertex -35.5321 -20.7144 1.1
    endloop
  endfacet
  facet normal -0.819259 0.573424 1.72693e-18
    outer loop
      vertex -35.5321 -20.7144 2.5
      vertex -35.732 -21 1.1
      vertex -35.732 -21 2.5
    endloop
  endfacet
  facet normal 0 0 1
    outer loop
      vertex -22.7144 -20.4679 2.5
      vertex -22.268 -21 2.5
      vertex -22.4679 -20.7144 2.5
    endloop
  endfacet
  facet normal 0 0 1
    outer loop
      vertex -23 -20.268 2.5
      vertex -22.268 -21 2.5
      vertex -22.7144 -20.4679 2.5
    endloop
  endfacet
  facet normal 0 0 1
    outer loop
      vertex -23.316 -20.1206 2.5
      vertex -22.268 -21 2.5
      vertex -23 -20.268 2.5
    endloop
  endfacet
  facet normal 0 0 1
    outer loop
      vertex -23.6527 -20.0304 2.5
      vertex -22.268 -21 2.5
      vertex -23.316 -20.1206 2.5
    endloop
  endfacet
  facet normal 0 0 1
    outer loop
      vertex -24 -20 2.5
      vertex -22.268 -21 2.5
      vertex -23.6527 -20.0304 2.5
    endloop
  endfacet
  facet normal -0 0 1
    outer loop
      vertex -34 -20 2.5
      vertex -22.268 -21 2.5
      vertex -24 -20 2.5
    endloop
  endfacet
  facet normal 0 0 1
    outer loop
      vertex -35.732 -21 2.5
      vertex -34 -20 2.5
      vertex -34.3473 -20.0304 2.5
    endloop
  endfacet
  facet normal 0 0 1
    outer loop
      vertex -35.732 -21 2.5
      vertex -34.3473 -20.0304 2.5
      vertex -34.684 -20.1206 2.5
    endloop
  endfacet
  facet normal 0 0 1
    outer loop
      vertex -35.732 -21 2.5
      vertex -34.684 -20.1206 2.5
      vertex -35 -20.268 2.5
    endloop
  endfacet
  facet normal 0 0 1
    outer loop
      vertex -35.732 -21 2.5
      vertex -35 -20.268 2.5
      vertex -35.2856 -20.4679 2.5
    endloop
  endfacet
  facet normal 0 0 1
    outer loop
      vertex -35.732 -21 2.5
      vertex -35.2856 -20.4679 2.5
      vertex -35.5321 -20.7144 2.5
    endloop
  endfacet
  facet normal 0 0 1
    outer loop
      vertex -34 -20 2.5
      vertex -35.732 -21 2.5
      vertex -22.268 -21 2.5
    endloop
  endfacet
  facet normal 0 0 1
    outer loop
      vertex -36 -22.6 2.5
      vertex -32 -24.5 2.5
      vertex -31.9544 -23.9791 2.5
    endloop
  endfacet
  facet normal 0 0 1
    outer loop
      vertex -36 -22.6 2.5
      vertex -31.9544 -23.9791 2.5
      vertex -31.8191 -23.4739 2.5
    endloop
  endfacet
  facet normal 0 0 1
    outer loop
      vertex -32 -24.5 2.5
      vertex -36 -27 2.5
      vertex -34 -29 2.5
    endloop
  endfacet
  facet normal 0 0 1
    outer loop
      vertex -34 -29 2.5
      vertex -36 -27 2.5
      vertex -34.3473 -28.9696 2.5
    endloop
  endfacet
  facet normal 0 0 1
    outer loop
      vertex -36 -22.6 2.5
      vertex -31.8191 -23.4739 2.5
      vertex -31.5981 -23 2.5
    endloop
  endfacet
  facet normal 0 0 1
    outer loop
      vertex -34.3473 -28.9696 2.5
      vertex -36 -27 2.5
      vertex -34.684 -28.8794 2.5
    endloop
  endfacet
  facet normal 0 0 1
    outer loop
      vertex -34.684 -28.8794 2.5
      vertex -36 -27 2.5
      vertex -35 -28.732 2.5
    endloop
  endfacet
  facet normal 0 0 1
    outer loop
      vertex -35 -28.732 2.5
      vertex -36 -27 2.5
      vertex -35.2856 -28.5321 2.5
    endloop
  endfacet
  facet normal -0 0 1
    outer loop
      vertex -36 -22.6 2.5
      vertex -31.5981 -23 2.5
      vertex -31.318 -22.6 2.5
    endloop
  endfacet
  facet normal 0 0 1
    outer loop
      vertex -35.2856 -28.5321 2.5
      vertex -36 -27 2.5
      vertex -35.5321 -28.2856 2.5
    endloop
  endfacet
  facet normal 0 0 1
    outer loop
      vertex -35.5321 -28.2856 2.5
      vertex -36 -27 2.5
      vertex -35.732 -28 2.5
    endloop
  endfacet
  facet normal 0 0 1
    outer loop
      vertex -35.732 -28 2.5
      vertex -36 -27 2.5
      vertex -35.8794 -27.684 2.5
    endloop
  endfacet
  facet normal 0 0 1
    outer loop
      vertex -32 -24.5 2.5
      vertex -36 -22.6 2.5
      vertex -36 -27 2.5
    endloop
  endfacet
  facet normal 0 0 1
    outer loop
      vertex -35.8794 -27.684 2.5
      vertex -36 -27 2.5
      vertex -35.9696 -27.3473 2.5
    endloop
  endfacet
  facet normal -0 0 1
    outer loop
      vertex -26 -24.5 2.5
      vertex -22 -27 2.5
      vertex -22 -22.6 2.5
    endloop
  endfacet
  facet normal -0 0 1
    outer loop
      vertex -26.0456 -25.0209 2.5
      vertex -22 -27 2.5
      vertex -26 -24.5 2.5
    endloop
  endfacet
  facet normal -0 0 1
    outer loop
      vertex -26.4019 -26 2.5
      vertex -22 -27 2.5
      vertex -26.1809 -25.5261 2.5
    endloop
  endfacet
  facet normal 0 0 1
    outer loop
      vertex -22 -27 2.5
      vertex -24 -29 2.5
      vertex -22.0304 -27.3473 2.5
    endloop
  endfacet
  facet normal 0 0 1
    outer loop
      vertex -22.0304 -27.3473 2.5
      vertex -24 -29 2.5
      vertex -22.1206 -27.684 2.5
    endloop
  endfacet
  facet normal 0 0 1
    outer loop
      vertex -22.1206 -27.684 2.5
      vertex -24 -29 2.5
      vertex -22.268 -28 2.5
    endloop
  endfacet
  facet normal 0 0 1
    outer loop
      vertex -22.268 -28 2.5
      vertex -24 -29 2.5
      vertex -22.4679 -28.2856 2.5
    endloop
  endfacet
  facet normal 0 0 1
    outer loop
      vertex -22.4679 -28.2856 2.5
      vertex -24 -29 2.5
      vertex -22.7144 -28.5321 2.5
    endloop
  endfacet
  facet normal 0 0 1
    outer loop
      vertex -22.7144 -28.5321 2.5
      vertex -24 -29 2.5
      vertex -23 -28.732 2.5
    endloop
  endfacet
  facet normal -0 0 1
    outer loop
      vertex -26.1809 -25.5261 2.5
      vertex -22 -27 2.5
      vertex -26.0456 -25.0209 2.5
    endloop
  endfacet
  facet normal 0 0 1
    outer loop
      vertex -22 -22.6 2.5
      vertex -26.0456 -23.9791 2.5
      vertex -26 -24.5 2.5
    endloop
  endfacet
  facet normal 0 0 1
    outer loop
      vertex -22 -22.6 2.5
      vertex -26.1809 -23.4739 2.5
      vertex -26.0456 -23.9791 2.5
    endloop
  endfacet
  facet normal 0 0 1
    outer loop
      vertex -22 -22.6 2.5
      vertex -26.4019 -23 2.5
      vertex -26.1809 -23.4739 2.5
    endloop
  endfacet
  facet normal 0 -0 1
    outer loop
      vertex -26.4019 -23 2.5
      vertex -22 -22.6 2.5
      vertex -26.682 -22.6 2.5
    endloop
  endfacet
  facet normal 0 0 1
    outer loop
      vertex -23 -28.732 2.5
      vertex -24 -29 2.5
      vertex -23.316 -28.8794 2.5
    endloop
  endfacet
  facet normal 0 0 1
    outer loop
      vertex -23.316 -28.8794 2.5
      vertex -24 -29 2.5
      vertex -23.6527 -28.9696 2.5
    endloop
  endfacet
  facet normal 0 0 1
    outer loop
      vertex -22 -27 2.5
      vertex -26.4019 -26 2.5
      vertex -24 -29 2.5
    endloop
  endfacet
  facet normal -0 0 1
    outer loop
      vertex -26.7019 -26.4284 2.5
      vertex -24 -29 2.5
      vertex -26.4019 -26 2.5
    endloop
  endfacet
  facet normal -0 0 1
    outer loop
      vertex -27.0716 -26.7981 2.5
      vertex -24 -29 2.5
      vertex -26.7019 -26.4284 2.5
    endloop
  endfacet
  facet normal -0 0 1
    outer loop
      vertex -27.5 -27.0981 2.5
      vertex -24 -29 2.5
      vertex -27.0716 -26.7981 2.5
    endloop
  endfacet
  facet normal -0 0 1
    outer loop
      vertex -27.9739 -27.3191 2.5
      vertex -24 -29 2.5
      vertex -27.5 -27.0981 2.5
    endloop
  endfacet
  facet normal -0 0 1
    outer loop
      vertex -28.4791 -27.4544 2.5
      vertex -24 -29 2.5
      vertex -27.9739 -27.3191 2.5
    endloop
  endfacet
  facet normal -0 0 1
    outer loop
      vertex -29 -27.5 2.5
      vertex -24 -29 2.5
      vertex -28.4791 -27.4544 2.5
    endloop
  endfacet
  facet normal 0 0 1
    outer loop
      vertex -34 -29 2.5
      vertex -29 -27.5 2.5
      vertex -29.5209 -27.4544 2.5
    endloop
  endfacet
  facet normal 0 0 1
    outer loop
      vertex -34 -29 2.5
      vertex -29.5209 -27.4544 2.5
      vertex -30.0261 -27.3191 2.5
    endloop
  endfacet
  facet normal 0 0 1
    outer loop
      vertex -29 -27.5 2.5
      vertex -34 -29 2.5
      vertex -24 -29 2.5
    endloop
  endfacet
  facet normal 0 0 1
    outer loop
      vertex -30.5 -27.0981 2.5
      vertex -34 -29 2.5
      vertex -30.0261 -27.3191 2.5
    endloop
  endfacet
  facet normal 0 0 1
    outer loop
      vertex -30.9284 -26.7981 2.5
      vertex -34 -29 2.5
      vertex -30.5 -27.0981 2.5
    endloop
  endfacet
  facet normal 0 0 1
    outer loop
      vertex -31.2981 -26.4284 2.5
      vertex -34 -29 2.5
      vertex -30.9284 -26.7981 2.5
    endloop
  endfacet
  facet normal 0 0 1
    outer loop
      vertex -31.5981 -26 2.5
      vertex -34 -29 2.5
      vertex -31.2981 -26.4284 2.5
    endloop
  endfacet
  facet normal 0 0 1
    outer loop
      vertex -31.8191 -25.5261 2.5
      vertex -34 -29 2.5
      vertex -31.5981 -26 2.5
    endloop
  endfacet
  facet normal 0 0 1
    outer loop
      vertex -31.9544 -25.0209 2.5
      vertex -34 -29 2.5
      vertex -31.8191 -25.5261 2.5
    endloop
  endfacet
  facet normal 0 0 1
    outer loop
      vertex -34 -29 2.5
      vertex -31.9544 -25.0209 2.5
      vertex -32 -24.5 2.5
    endloop
  endfacet
  facet normal 0 0 1
    outer loop
      vertex -27.6459 -24.2612 2.5
      vertex -27.6459 -24.7388 2.5
      vertex -27.625 -24.5 2.5
    endloop
  endfacet
  facet normal 0 0 1
    outer loop
      vertex -27.7079 -24.0297 2.5
      vertex -27.6459 -24.7388 2.5
      vertex -27.6459 -24.2612 2.5
    endloop
  endfacet
  facet normal 0 0 1
    outer loop
      vertex -27.7079 -24.0297 2.5
      vertex -27.7079 -24.9703 2.5
      vertex -27.6459 -24.7388 2.5
    endloop
  endfacet
  facet normal 0 0 1
    outer loop
      vertex -27.8092 -23.8125 2.5
      vertex -27.7079 -24.9703 2.5
      vertex -27.7079 -24.0297 2.5
    endloop
  endfacet
  facet normal 0 0 1
    outer loop
      vertex -27.8092 -23.8125 2.5
      vertex -27.8092 -25.1875 2.5
      vertex -27.7079 -24.9703 2.5
    endloop
  endfacet
  facet normal 0 0 1
    outer loop
      vertex -27.9467 -23.6162 2.5
      vertex -27.8092 -25.1875 2.5
      vertex -27.8092 -23.8125 2.5
    endloop
  endfacet
  facet normal 0 0 1
    outer loop
      vertex -27.9467 -23.6162 2.5
      vertex -27.9467 -25.3838 2.5
      vertex -27.8092 -25.1875 2.5
    endloop
  endfacet
  facet normal 0 0 1
    outer loop
      vertex -28.1162 -23.4467 2.5
      vertex -27.9467 -25.3838 2.5
      vertex -27.9467 -23.6162 2.5
    endloop
  endfacet
  facet normal 0 0 1
    outer loop
      vertex -28.1162 -23.4467 2.5
      vertex -28.1162 -25.5533 2.5
      vertex -27.9467 -25.3838 2.5
    endloop
  endfacet
  facet normal 0 0 1
    outer loop
      vertex -28.3125 -23.3092 2.5
      vertex -28.1162 -25.5533 2.5
      vertex -28.1162 -23.4467 2.5
    endloop
  endfacet
  facet normal 0 0 1
    outer loop
      vertex -28.3125 -23.3092 2.5
      vertex -28.3125 -25.6908 2.5
      vertex -28.1162 -25.5533 2.5
    endloop
  endfacet
  facet normal 0 0 1
    outer loop
      vertex -28.5297 -23.2079 2.5
      vertex -28.3125 -25.6908 2.5
      vertex -28.3125 -23.3092 2.5
    endloop
  endfacet
  facet normal 0 0 1
    outer loop
      vertex -28.5297 -23.2079 2.5
      vertex -28.5297 -25.7921 2.5
      vertex -28.3125 -25.6908 2.5
    endloop
  endfacet
  facet normal 0 0 1
    outer loop
      vertex -28.7612 -23.1459 2.5
      vertex -28.5297 -25.7921 2.5
      vertex -28.5297 -23.2079 2.5
    endloop
  endfacet
  facet normal 0 0 1
    outer loop
      vertex -28.7612 -23.1459 2.5
      vertex -28.7612 -25.8541 2.5
      vertex -28.5297 -25.7921 2.5
    endloop
  endfacet
  facet normal 0 0 1
    outer loop
      vertex -29 -23.125 2.5
      vertex -28.7612 -25.8541 2.5
      vertex -28.7612 -23.1459 2.5
    endloop
  endfacet
  facet normal 0 0 1
    outer loop
      vertex -29 -23.125 2.5
      vertex -29 -25.875 2.5
      vertex -28.7612 -25.8541 2.5
    endloop
  endfacet
  facet normal -0 0 1
    outer loop
      vertex -29.2388 -23.1459 2.5
      vertex -29 -25.875 2.5
      vertex -29 -23.125 2.5
    endloop
  endfacet
  facet normal 0 0 1
    outer loop
      vertex -29.2388 -23.1459 2.5
      vertex -29.2388 -25.8541 2.5
      vertex -29 -25.875 2.5
    endloop
  endfacet
  facet normal -0 0 1
    outer loop
      vertex -29.4703 -23.2079 2.5
      vertex -29.2388 -25.8541 2.5
      vertex -29.2388 -23.1459 2.5
    endloop
  endfacet
  facet normal 0 0 1
    outer loop
      vertex -29.4703 -23.2079 2.5
      vertex -29.4703 -25.7921 2.5
      vertex -29.2388 -25.8541 2.5
    endloop
  endfacet
  facet normal -0 0 1
    outer loop
      vertex -29.6875 -23.3092 2.5
      vertex -29.4703 -25.7921 2.5
      vertex -29.4703 -23.2079 2.5
    endloop
  endfacet
  facet normal 0 0 1
    outer loop
      vertex -29.6875 -23.3092 2.5
      vertex -29.6875 -25.6908 2.5
      vertex -29.4703 -25.7921 2.5
    endloop
  endfacet
  facet normal -0 0 1
    outer loop
      vertex -29.8838 -23.4467 2.5
      vertex -29.6875 -25.6908 2.5
      vertex -29.6875 -23.3092 2.5
    endloop
  endfacet
  facet normal 0 0 1
    outer loop
      vertex -29.8838 -23.4467 2.5
      vertex -29.8838 -25.5533 2.5
      vertex -29.6875 -25.6908 2.5
    endloop
  endfacet
  facet normal -0 0 1
    outer loop
      vertex -30.0533 -23.6162 2.5
      vertex -29.8838 -25.5533 2.5
      vertex -29.8838 -23.4467 2.5
    endloop
  endfacet
  facet normal 0 0 1
    outer loop
      vertex -30.0533 -23.6162 2.5
      vertex -30.0533 -25.3838 2.5
      vertex -29.8838 -25.5533 2.5
    endloop
  endfacet
  facet normal -0 0 1
    outer loop
      vertex -30.1908 -23.8125 2.5
      vertex -30.0533 -25.3838 2.5
      vertex -30.0533 -23.6162 2.5
    endloop
  endfacet
  facet normal 0 0 1
    outer loop
      vertex -30.1908 -23.8125 2.5
      vertex -30.1908 -25.1875 2.5
      vertex -30.0533 -25.3838 2.5
    endloop
  endfacet
  facet normal -0 0 1
    outer loop
      vertex -30.2921 -24.0297 2.5
      vertex -30.1908 -25.1875 2.5
      vertex -30.1908 -23.8125 2.5
    endloop
  endfacet
  facet normal 0 0 1
    outer loop
      vertex -30.2921 -24.0297 2.5
      vertex -30.2921 -24.9703 2.5
      vertex -30.1908 -25.1875 2.5
    endloop
  endfacet
  facet normal -0 0 1
    outer loop
      vertex -30.3541 -24.2612 2.5
      vertex -30.2921 -24.9703 2.5
      vertex -30.2921 -24.0297 2.5
    endloop
  endfacet
  facet normal 0 0 1
    outer loop
      vertex -30.3541 -24.2612 2.5
      vertex -30.3541 -24.7388 2.5
      vertex -30.2921 -24.9703 2.5
    endloop
  endfacet
  facet normal 0 -0 1
    outer loop
      vertex -30.3541 -24.7388 2.5
      vertex -30.3541 -24.2612 2.5
      vertex -30.375 -24.5 2.5
    endloop
  endfacet
  facet normal -0.25877 -0.965939 0
    outer loop
      vertex -34.684 -28.8794 1.1
      vertex -34.3473 -28.9696 2.5
      vertex -34.684 -28.8794 2.5
    endloop
  endfacet
  facet normal -0.25877 -0.965939 -0
    outer loop
      vertex -34.3473 -28.9696 2.5
      vertex -34.684 -28.8794 1.1
      vertex -34.3473 -28.9696 1.1
    endloop
  endfacet
  facet normal 0.965939 0.25877 1.79211e-18
    outer loop
      vertex -22.0304 27.3473 2.5
      vertex -22.1206 27.684 1.1
      vertex -22.1206 27.684 2.5
    endloop
  endfacet
  facet normal 0.965939 0.25877 1.79211e-18
    outer loop
      vertex -22.1206 27.684 1.1
      vertex -22.0304 27.3473 2.5
      vertex -22.0304 27.3473 1.1
    endloop
  endfacet
  facet normal 0.25877 0.965939 -0
    outer loop
      vertex -23.316 28.8794 1.1
      vertex -23.6527 28.9696 2.5
      vertex -23.316 28.8794 2.5
    endloop
  endfacet
  facet normal 0.25877 0.965939 0
    outer loop
      vertex -23.6527 28.9696 2.5
      vertex -23.316 28.8794 1.1
      vertex -23.6527 28.9696 1.1
    endloop
  endfacet
  facet normal 0 -1 0
    outer loop
      vertex -24 29 1.1
      vertex 24 29 2.5
      vertex -24 29 2.5
    endloop
  endfacet
  facet normal 0 -1 -0
    outer loop
      vertex 24 29 2.5
      vertex -24 29 1.1
      vertex 24 29 1.1
    endloop
  endfacet
  facet normal 0 -1 0
    outer loop
      vertex -24 29 2.5
      vertex -36 29 32.5
      vertex -34 29 2.5
    endloop
  endfacet
  facet normal 0 -1 0
    outer loop
      vertex -36 29 1.1
      vertex -34 29 2.5
      vertex -36 29 32.5
    endloop
  endfacet
  facet normal 0 -1 -0
    outer loop
      vertex -34 29 2.5
      vertex -36 29 1.1
      vertex -34 29 1.1
    endloop
  endfacet
  facet normal 0 -1 0
    outer loop
      vertex -36 29 32.5
      vertex -24 29 2.5
      vertex 36 29 32.5
    endloop
  endfacet
  facet normal 0 -1 0
    outer loop
      vertex 24 29 2.5
      vertex 36 29 32.5
      vertex -24 29 2.5
    endloop
  endfacet
  facet normal 0 -1 0
    outer loop
      vertex 34 29 2.5
      vertex 36 29 32.5
      vertex 24 29 2.5
    endloop
  endfacet
  facet normal 0 -1 0
    outer loop
      vertex 36 29 1.1
      vertex 34 29 2.5
      vertex 34 29 1.1
    endloop
  endfacet
  facet normal 0 -1 0
    outer loop
      vertex 34 29 2.5
      vertex 36 29 1.1
      vertex 36 29 32.5
    endloop
  endfacet
  facet normal 0 -1 0
    outer loop
      vertex -34 20 1.1
      vertex -24 20 2.5
      vertex -34 20 2.5
    endloop
  endfacet
  facet normal 0 -1 -0
    outer loop
      vertex -24 20 2.5
      vertex -34 20 1.1
      vertex -24 20 1.1
    endloop
  endfacet
  facet normal -0.087199 -0.996191 0
    outer loop
      vertex -34.3473 20.0304 1.1
      vertex -34 20 2.5
      vertex -34.3473 20.0304 2.5
    endloop
  endfacet
  facet normal -0.087199 -0.996191 -0
    outer loop
      vertex -34 20 2.5
      vertex -34.3473 20.0304 1.1
      vertex -34 20 1.1
    endloop
  endfacet
  facet normal -0.087199 0.996191 0
    outer loop
      vertex -34 29 1.1
      vertex -34.3473 28.9696 2.5
      vertex -34 29 2.5
    endloop
  endfacet
  facet normal -0.087199 0.996191 0
    outer loop
      vertex -34.3473 28.9696 2.5
      vertex -34 29 1.1
      vertex -34.3473 28.9696 1.1
    endloop
  endfacet
  facet normal 0.707107 -0.707107 2.46774e-18
    outer loop
      vertex -22.7144 20.4679 2.5
      vertex -22.4679 20.7144 1.1
      vertex -22.4679 20.7144 2.5
    endloop
  endfacet
  facet normal 0.707107 -0.707107 2.46774e-18
    outer loop
      vertex -22.4679 20.7144 1.1
      vertex -22.7144 20.4679 2.5
      vertex -22.7144 20.4679 1.1
    endloop
  endfacet
  facet normal -0.965939 0.25877 -3.35051e-18
    outer loop
      vertex -35.9696 27.3473 1.1
      vertex -35.8794 27.684 2.5
      vertex -35.8794 27.684 1.1
    endloop
  endfacet
  facet normal -0.965939 0.25877 -3.35051e-18
    outer loop
      vertex -35.8794 27.684 2.5
      vertex -35.9696 27.3473 1.1
      vertex -35.9696 27.3473 2.5
    endloop
  endfacet
  facet normal 0.573424 -0.819259 0
    outer loop
      vertex -23 20.268 1.1
      vertex -22.7144 20.4679 2.5
      vertex -23 20.268 2.5
    endloop
  endfacet
  facet normal 0.573424 -0.819259 0
    outer loop
      vertex -22.7144 20.4679 2.5
      vertex -23 20.268 1.1
      vertex -22.7144 20.4679 1.1
    endloop
  endfacet
  facet normal -0.707107 -0.707107 4.89545e-19
    outer loop
      vertex -35.2856 20.4679 1.1
      vertex -35.5321 20.7144 2.5
      vertex -35.5321 20.7144 1.1
    endloop
  endfacet
  facet normal -0.707107 -0.707107 4.89545e-19
    outer loop
      vertex -35.5321 20.7144 2.5
      vertex -35.2856 20.4679 1.1
      vertex -35.2856 20.4679 2.5
    endloop
  endfacet
  facet normal -0.819259 -0.573424 -1.72693e-18
    outer loop
      vertex -35.5321 20.7144 1.1
      vertex -35.732 21 2.5
      vertex -35.732 21 1.1
    endloop
  endfacet
  facet normal -0.819259 -0.573424 -1.72693e-18
    outer loop
      vertex -35.732 21 2.5
      vertex -35.5321 20.7144 1.1
      vertex -35.5321 20.7144 2.5
    endloop
  endfacet
  facet normal 0.087199 0.996191 -0
    outer loop
      vertex -23.6527 28.9696 1.1
      vertex -24 29 2.5
      vertex -23.6527 28.9696 2.5
    endloop
  endfacet
  facet normal 0.087199 0.996191 0
    outer loop
      vertex -24 29 2.5
      vertex -23.6527 28.9696 1.1
      vertex -24 29 1.1
    endloop
  endfacet
  facet normal 0.819259 -0.573424 1.72693e-18
    outer loop
      vertex -22.4679 20.7144 2.5
      vertex -22.268 21 1.1
      vertex -22.268 21 2.5
    endloop
  endfacet
  facet normal 0.819259 -0.573424 1.72693e-18
    outer loop
      vertex -22.268 21 1.1
      vertex -22.4679 20.7144 2.5
      vertex -22.4679 20.7144 1.1
    endloop
  endfacet
  facet normal -0.707107 0.707107 -4.89545e-19
    outer loop
      vertex -35.5321 28.2856 1.1
      vertex -35.2856 28.5321 2.5
      vertex -35.2856 28.5321 1.1
    endloop
  endfacet
  facet normal -0.707107 0.707107 -4.89545e-19
    outer loop
      vertex -35.2856 28.5321 2.5
      vertex -35.5321 28.2856 1.1
      vertex -35.5321 28.2856 2.5
    endloop
  endfacet
  facet normal -0.573424 -0.819259 0
    outer loop
      vertex -35.2856 20.4679 1.1
      vertex -35 20.268 2.5
      vertex -35.2856 20.4679 2.5
    endloop
  endfacet
  facet normal -0.573424 -0.819259 -0
    outer loop
      vertex -35 20.268 2.5
      vertex -35.2856 20.4679 1.1
      vertex -35 20.268 1.1
    endloop
  endfacet
  facet normal 0.573424 0.819259 -0
    outer loop
      vertex -22.7144 28.5321 1.1
      vertex -23 28.732 2.5
      vertex -22.7144 28.5321 2.5
    endloop
  endfacet
  facet normal 0.573424 0.819259 0
    outer loop
      vertex -23 28.732 2.5
      vertex -22.7144 28.5321 1.1
      vertex -23 28.732 1.1
    endloop
  endfacet
  facet normal 0.819259 0.573424 -1.72693e-18
    outer loop
      vertex -22.268 28 2.5
      vertex -22.4679 28.2856 1.1
      vertex -22.4679 28.2856 2.5
    endloop
  endfacet
  facet normal 0.819259 0.573424 -1.72693e-18
    outer loop
      vertex -22.4679 28.2856 1.1
      vertex -22.268 28 2.5
      vertex -22.268 28 1.1
    endloop
  endfacet
  facet normal 0.25877 -0.965939 0
    outer loop
      vertex -23.6527 20.0304 1.1
      vertex -23.316 20.1206 2.5
      vertex -23.6527 20.0304 2.5
    endloop
  endfacet
  facet normal 0.25877 -0.965939 0
    outer loop
      vertex -23.316 20.1206 2.5
      vertex -23.6527 20.0304 1.1
      vertex -23.316 20.1206 1.1
    endloop
  endfacet
  facet normal 0.087199 -0.996191 0
    outer loop
      vertex -24 20 1.1
      vertex -23.6527 20.0304 2.5
      vertex -24 20 2.5
    endloop
  endfacet
  facet normal 0.087199 -0.996191 0
    outer loop
      vertex -23.6527 20.0304 2.5
      vertex -24 20 1.1
      vertex -23.6527 20.0304 1.1
    endloop
  endfacet
  facet normal 1 -0 0
    outer loop
      vertex -22 22.6 2.5
      vertex -22 27 1.1
      vertex -22 27 2.5
    endloop
  endfacet
  facet normal 1 0 0
    outer loop
      vertex -22 27 1.1
      vertex -22 22.6 2.5
      vertex -22 22.6 1.1
    endloop
  endfacet
  facet normal 0.996191 0.087199 1.63359e-18
    outer loop
      vertex -22 27 2.5
      vertex -22.0304 27.3473 1.1
      vertex -22.0304 27.3473 2.5
    endloop
  endfacet
  facet normal 0.996191 0.087199 1.63359e-18
    outer loop
      vertex -22.0304 27.3473 1.1
      vertex -22 27 2.5
      vertex -22 27 1.1
    endloop
  endfacet
  facet normal -1 0 0
    outer loop
      vertex -36 22.6 1.1
      vertex -36 27 2.5
      vertex -36 27 1.1
    endloop
  endfacet
  facet normal -1 -0 0
    outer loop
      vertex -36 27 2.5
      vertex -36 22.6 1.1
      vertex -36 22.6 2.5
    endloop
  endfacet
  facet normal -0.25877 0.965939 0
    outer loop
      vertex -34.3473 28.9696 1.1
      vertex -34.684 28.8794 2.5
      vertex -34.3473 28.9696 2.5
    endloop
  endfacet
  facet normal -0.25877 0.965939 0
    outer loop
      vertex -34.684 28.8794 2.5
      vertex -34.3473 28.9696 1.1
      vertex -34.684 28.8794 1.1
    endloop
  endfacet
  facet normal -0.906256 0.422728 6.55615e-18
    outer loop
      vertex -35.8794 27.684 1.1
      vertex -35.732 28 2.5
      vertex -35.732 28 1.1
    endloop
  endfacet
  facet normal -0.906256 0.422728 6.55615e-18
    outer loop
      vertex -35.732 28 2.5
      vertex -35.8794 27.684 1.1
      vertex -35.8794 27.684 2.5
    endloop
  endfacet
  facet normal 0.906256 0.422728 -3.59957e-18
    outer loop
      vertex -22.1206 27.684 2.5
      vertex -22.268 28 1.1
      vertex -22.268 28 2.5
    endloop
  endfacet
  facet normal 0.906256 0.422728 -3.59957e-18
    outer loop
      vertex -22.268 28 1.1
      vertex -22.1206 27.684 2.5
      vertex -22.1206 27.684 1.1
    endloop
  endfacet
  facet normal 0.707107 0.707107 -2.46774e-18
    outer loop
      vertex -22.4679 28.2856 2.5
      vertex -22.7144 28.5321 1.1
      vertex -22.7144 28.5321 2.5
    endloop
  endfacet
  facet normal 0.707107 0.707107 -2.46774e-18
    outer loop
      vertex -22.7144 28.5321 1.1
      vertex -22.4679 28.2856 2.5
      vertex -22.4679 28.2856 1.1
    endloop
  endfacet
  facet normal -0.996191 0.087199 -1.63359e-18
    outer loop
      vertex -36 27 1.1
      vertex -35.9696 27.3473 2.5
      vertex -35.9696 27.3473 1.1
    endloop
  endfacet
  facet normal -0.996191 0.087199 -1.63359e-18
    outer loop
      vertex -35.9696 27.3473 2.5
      vertex -36 27 1.1
      vertex -36 27 2.5
    endloop
  endfacet
  facet normal 0.422728 0.906256 -0
    outer loop
      vertex -23 28.732 1.1
      vertex -23.316 28.8794 2.5
      vertex -23 28.732 2.5
    endloop
  endfacet
  facet normal 0.422728 0.906256 0
    outer loop
      vertex -23.316 28.8794 2.5
      vertex -23 28.732 1.1
      vertex -23.316 28.8794 1.1
    endloop
  endfacet
  facet normal -0.573424 0.819259 0
    outer loop
      vertex -35 28.732 1.1
      vertex -35.2856 28.5321 2.5
      vertex -35 28.732 2.5
    endloop
  endfacet
  facet normal -0.573424 0.819259 0
    outer loop
      vertex -35.2856 28.5321 2.5
      vertex -35 28.732 1.1
      vertex -35.2856 28.5321 1.1
    endloop
  endfacet
  facet normal -0.422728 -0.906256 0
    outer loop
      vertex -35 20.268 1.1
      vertex -34.684 20.1206 2.5
      vertex -35 20.268 2.5
    endloop
  endfacet
  facet normal -0.422728 -0.906256 -0
    outer loop
      vertex -34.684 20.1206 2.5
      vertex -35 20.268 1.1
      vertex -34.684 20.1206 1.1
    endloop
  endfacet
  facet normal -0.422728 0.906256 0
    outer loop
      vertex -34.684 28.8794 1.1
      vertex -35 28.732 2.5
      vertex -34.684 28.8794 2.5
    endloop
  endfacet
  facet normal -0.422728 0.906256 0
    outer loop
      vertex -35 28.732 2.5
      vertex -34.684 28.8794 1.1
      vertex -35 28.732 1.1
    endloop
  endfacet
  facet normal 0.422728 -0.906256 0
    outer loop
      vertex -23.316 20.1206 1.1
      vertex -23 20.268 2.5
      vertex -23.316 20.1206 2.5
    endloop
  endfacet
  facet normal 0.422728 -0.906256 0
    outer loop
      vertex -23 20.268 2.5
      vertex -23.316 20.1206 1.1
      vertex -23 20.268 1.1
    endloop
  endfacet
  facet normal -0.819259 0.573424 1.72693e-18
    outer loop
      vertex -35.732 28 1.1
      vertex -35.5321 28.2856 2.5
      vertex -35.5321 28.2856 1.1
    endloop
  endfacet
  facet normal -0.819259 0.573424 1.72693e-18
    outer loop
      vertex -35.5321 28.2856 2.5
      vertex -35.732 28 1.1
      vertex -35.732 28 2.5
    endloop
  endfacet
  facet normal 0 0 1
    outer loop
      vertex -22 27 2.5
      vertex -26.0456 25.0209 2.5
      vertex -26 24.5 2.5
    endloop
  endfacet
  facet normal 0 0 1
    outer loop
      vertex -22 27 2.5
      vertex -26.1809 25.5261 2.5
      vertex -26.0456 25.0209 2.5
    endloop
  endfacet
  facet normal 0 0 1
    outer loop
      vertex -22 27 2.5
      vertex -26.4019 26 2.5
      vertex -26.1809 25.5261 2.5
    endloop
  endfacet
  facet normal 0 0 1
    outer loop
      vertex -24 29 2.5
      vertex -26.7019 26.4284 2.5
      vertex -26.4019 26 2.5
    endloop
  endfacet
  facet normal 0 0 1
    outer loop
      vertex -24 29 2.5
      vertex -27.0716 26.7981 2.5
      vertex -26.7019 26.4284 2.5
    endloop
  endfacet
  facet normal 0 0 1
    outer loop
      vertex -24 29 2.5
      vertex -27.5 27.0981 2.5
      vertex -27.0716 26.7981 2.5
    endloop
  endfacet
  facet normal 0 0 1
    outer loop
      vertex -24 29 2.5
      vertex -27.9739 27.3191 2.5
      vertex -27.5 27.0981 2.5
    endloop
  endfacet
  facet normal 0 0 1
    outer loop
      vertex -24 29 2.5
      vertex -28.4791 27.4544 2.5
      vertex -27.9739 27.3191 2.5
    endloop
  endfacet
  facet normal 0 0 1
    outer loop
      vertex -24 29 2.5
      vertex -29 27.5 2.5
      vertex -28.4791 27.4544 2.5
    endloop
  endfacet
  facet normal -0 0 1
    outer loop
      vertex -34 29 2.5
      vertex -29 27.5 2.5
      vertex -24 29 2.5
    endloop
  endfacet
  facet normal 0 0 1
    outer loop
      vertex -29 27.5 2.5
      vertex -34 29 2.5
      vertex -29.5209 27.4544 2.5
    endloop
  endfacet
  facet normal 0 0 1
    outer loop
      vertex -31.8191 25.5261 2.5
      vertex -36 27 2.5
      vertex -31.9544 25.0209 2.5
    endloop
  endfacet
  facet normal 0 0 1
    outer loop
      vertex -31.5981 26 2.5
      vertex -36 27 2.5
      vertex -31.8191 25.5261 2.5
    endloop
  endfacet
  facet normal -0 0 1
    outer loop
      vertex -36 27 2.5
      vertex -31.5981 26 2.5
      vertex -34 29 2.5
    endloop
  endfacet
  facet normal 0 0 1
    outer loop
      vertex -31.2981 26.4284 2.5
      vertex -34 29 2.5
      vertex -31.5981 26 2.5
    endloop
  endfacet
  facet normal 0 0 1
    outer loop
      vertex -30.9284 26.7981 2.5
      vertex -34 29 2.5
      vertex -31.2981 26.4284 2.5
    endloop
  endfacet
  facet normal 0 0 1
    outer loop
      vertex -30.5 27.0981 2.5
      vertex -34 29 2.5
      vertex -30.9284 26.7981 2.5
    endloop
  endfacet
  facet normal 0 0 1
    outer loop
      vertex -30.0261 27.3191 2.5
      vertex -34 29 2.5
      vertex -30.5 27.0981 2.5
    endloop
  endfacet
  facet normal 0 0 1
    outer loop
      vertex -29.5209 27.4544 2.5
      vertex -34 29 2.5
      vertex -30.0261 27.3191 2.5
    endloop
  endfacet
  facet normal 0 0 1
    outer loop
      vertex -24 29 2.5
      vertex -22 27 2.5
      vertex -22.0304 27.3473 2.5
    endloop
  endfacet
  facet normal 0 0 1
    outer loop
      vertex -24 29 2.5
      vertex -22.0304 27.3473 2.5
      vertex -22.1206 27.684 2.5
    endloop
  endfacet
  facet normal 0 0 1
    outer loop
      vertex -24 29 2.5
      vertex -22.1206 27.684 2.5
      vertex -22.268 28 2.5
    endloop
  endfacet
  facet normal 0 0 1
    outer loop
      vertex -24 29 2.5
      vertex -22.268 28 2.5
      vertex -22.4679 28.2856 2.5
    endloop
  endfacet
  facet normal 0 0 1
    outer loop
      vertex -24 29 2.5
      vertex -22.4679 28.2856 2.5
      vertex -22.7144 28.5321 2.5
    endloop
  endfacet
  facet normal 0 0 1
    outer loop
      vertex -24 29 2.5
      vertex -22.7144 28.5321 2.5
      vertex -23 28.732 2.5
    endloop
  endfacet
  facet normal 0 0 1
    outer loop
      vertex -24 29 2.5
      vertex -23 28.732 2.5
      vertex -23.316 28.8794 2.5
    endloop
  endfacet
  facet normal 0 0 1
    outer loop
      vertex -24 29 2.5
      vertex -23.316 28.8794 2.5
      vertex -23.6527 28.9696 2.5
    endloop
  endfacet
  facet normal 0 0 1
    outer loop
      vertex -26.4019 26 2.5
      vertex -22 27 2.5
      vertex -24 29 2.5
    endloop
  endfacet
  facet normal 0 0 1
    outer loop
      vertex -22 27 2.5
      vertex -26 24.5 2.5
      vertex -22 22.6 2.5
    endloop
  endfacet
  facet normal -0 0 1
    outer loop
      vertex -26.0456 23.9791 2.5
      vertex -22 22.6 2.5
      vertex -26 24.5 2.5
    endloop
  endfacet
  facet normal -0 0 1
    outer loop
      vertex -26.1809 23.4739 2.5
      vertex -22 22.6 2.5
      vertex -26.0456 23.9791 2.5
    endloop
  endfacet
  facet normal -0 0 1
    outer loop
      vertex -26.4019 23 2.5
      vertex -22 22.6 2.5
      vertex -26.1809 23.4739 2.5
    endloop
  endfacet
  facet normal 0 0 1
    outer loop
      vertex -22 22.6 2.5
      vertex -26.4019 23 2.5
      vertex -26.682 22.6 2.5
    endloop
  endfacet
  facet normal 0 0 1
    outer loop
      vertex -31.9544 25.0209 2.5
      vertex -36 27 2.5
      vertex -32 24.5 2.5
    endloop
  endfacet
  facet normal 0 0 1
    outer loop
      vertex -36 22.6 2.5
      vertex -32 24.5 2.5
      vertex -36 27 2.5
    endloop
  endfacet
  facet normal 0 0 1
    outer loop
      vertex -36 27 2.5
      vertex -34 29 2.5
      vertex -34.3473 28.9696 2.5
    endloop
  endfacet
  facet normal 0 0 1
    outer loop
      vertex -36 27 2.5
      vertex -34.3473 28.9696 2.5
      vertex -34.684 28.8794 2.5
    endloop
  endfacet
  facet normal 0 0 1
    outer loop
      vertex -32 24.5 2.5
      vertex -36 22.6 2.5
      vertex -31.9544 23.9791 2.5
    endloop
  endfacet
  facet normal 0 0 1
    outer loop
      vertex -36 27 2.5
      vertex -34.684 28.8794 2.5
      vertex -35 28.732 2.5
    endloop
  endfacet
  facet normal 0 0 1
    outer loop
      vertex -36 27 2.5
      vertex -35 28.732 2.5
      vertex -35.2856 28.5321 2.5
    endloop
  endfacet
  facet normal 0 0 1
    outer loop
      vertex -36 27 2.5
      vertex -35.2856 28.5321 2.5
      vertex -35.5321 28.2856 2.5
    endloop
  endfacet
  facet normal 0 0 1
    outer loop
      vertex -31.9544 23.9791 2.5
      vertex -36 22.6 2.5
      vertex -31.8191 23.4739 2.5
    endloop
  endfacet
  facet normal 0 0 1
    outer loop
      vertex -36 27 2.5
      vertex -35.5321 28.2856 2.5
      vertex -35.732 28 2.5
    endloop
  endfacet
  facet normal 0 0 1
    outer loop
      vertex -36 27 2.5
      vertex -35.732 28 2.5
      vertex -35.8794 27.684 2.5
    endloop
  endfacet
  facet normal 0 0 1
    outer loop
      vertex -36 27 2.5
      vertex -35.8794 27.684 2.5
      vertex -35.9696 27.3473 2.5
    endloop
  endfacet
  facet normal 0 0 1
    outer loop
      vertex -31.8191 23.4739 2.5
      vertex -36 22.6 2.5
      vertex -31.5981 23 2.5
    endloop
  endfacet
  facet normal 0 0 1
    outer loop
      vertex -31.5981 23 2.5
      vertex -36 22.6 2.5
      vertex -31.318 22.6 2.5
    endloop
  endfacet
  facet normal 0 0 1
    outer loop
      vertex -22.268 21 2.5
      vertex -22.7144 20.4679 2.5
      vertex -22.4679 20.7144 2.5
    endloop
  endfacet
  facet normal 0 0 1
    outer loop
      vertex -22.268 21 2.5
      vertex -23 20.268 2.5
      vertex -22.7144 20.4679 2.5
    endloop
  endfacet
  facet normal 0 0 1
    outer loop
      vertex -22.268 21 2.5
      vertex -23.316 20.1206 2.5
      vertex -23 20.268 2.5
    endloop
  endfacet
  facet normal 0 0 1
    outer loop
      vertex -22.268 21 2.5
      vertex -23.6527 20.0304 2.5
      vertex -23.316 20.1206 2.5
    endloop
  endfacet
  facet normal 0 0 1
    outer loop
      vertex -22.268 21 2.5
      vertex -24 20 2.5
      vertex -23.6527 20.0304 2.5
    endloop
  endfacet
  facet normal 0 0 1
    outer loop
      vertex -22.268 21 2.5
      vertex -34 20 2.5
      vertex -24 20 2.5
    endloop
  endfacet
  facet normal -0 0 1
    outer loop
      vertex -35.732 21 2.5
      vertex -34 20 2.5
      vertex -22.268 21 2.5
    endloop
  endfacet
  facet normal 0 0 1
    outer loop
      vertex -34 20 2.5
      vertex -35.732 21 2.5
      vertex -34.3473 20.0304 2.5
    endloop
  endfacet
  facet normal 0 0 1
    outer loop
      vertex -34.3473 20.0304 2.5
      vertex -35.732 21 2.5
      vertex -34.684 20.1206 2.5
    endloop
  endfacet
  facet normal 0 0 1
    outer loop
      vertex -34.684 20.1206 2.5
      vertex -35.732 21 2.5
      vertex -35 20.268 2.5
    endloop
  endfacet
  facet normal 0 0 1
    outer loop
      vertex -35 20.268 2.5
      vertex -35.732 21 2.5
      vertex -35.2856 20.4679 2.5
    endloop
  endfacet
  facet normal 0 0 1
    outer loop
      vertex -35.2856 20.4679 2.5
      vertex -35.732 21 2.5
      vertex -35.5321 20.7144 2.5
    endloop
  endfacet
  facet normal 0 0 1
    outer loop
      vertex -27.6459 24.7388 2.5
      vertex -27.6459 24.2612 2.5
      vertex -27.625 24.5 2.5
    endloop
  endfacet
  facet normal 0 0 1
    outer loop
      vertex -27.7079 24.9703 2.5
      vertex -27.6459 24.2612 2.5
      vertex -27.6459 24.7388 2.5
    endloop
  endfacet
  facet normal 0 0 1
    outer loop
      vertex -27.7079 24.9703 2.5
      vertex -27.7079 24.0297 2.5
      vertex -27.6459 24.2612 2.5
    endloop
  endfacet
  facet normal 0 0 1
    outer loop
      vertex -27.8092 25.1875 2.5
      vertex -27.7079 24.0297 2.5
      vertex -27.7079 24.9703 2.5
    endloop
  endfacet
  facet normal 0 0 1
    outer loop
      vertex -27.8092 25.1875 2.5
      vertex -27.8092 23.8125 2.5
      vertex -27.7079 24.0297 2.5
    endloop
  endfacet
  facet normal 0 0 1
    outer loop
      vertex -27.9467 25.3838 2.5
      vertex -27.8092 23.8125 2.5
      vertex -27.8092 25.1875 2.5
    endloop
  endfacet
  facet normal 0 0 1
    outer loop
      vertex -27.9467 25.3838 2.5
      vertex -27.9467 23.6162 2.5
      vertex -27.8092 23.8125 2.5
    endloop
  endfacet
  facet normal 0 0 1
    outer loop
      vertex -28.1162 25.5533 2.5
      vertex -27.9467 23.6162 2.5
      vertex -27.9467 25.3838 2.5
    endloop
  endfacet
  facet normal 0 0 1
    outer loop
      vertex -28.1162 25.5533 2.5
      vertex -28.1162 23.4467 2.5
      vertex -27.9467 23.6162 2.5
    endloop
  endfacet
  facet normal 0 0 1
    outer loop
      vertex -28.3125 25.6908 2.5
      vertex -28.1162 23.4467 2.5
      vertex -28.1162 25.5533 2.5
    endloop
  endfacet
  facet normal 0 0 1
    outer loop
      vertex -28.3125 25.6908 2.5
      vertex -28.3125 23.3092 2.5
      vertex -28.1162 23.4467 2.5
    endloop
  endfacet
  facet normal 0 0 1
    outer loop
      vertex -28.5297 25.7921 2.5
      vertex -28.3125 23.3092 2.5
      vertex -28.3125 25.6908 2.5
    endloop
  endfacet
  facet normal 0 0 1
    outer loop
      vertex -28.5297 25.7921 2.5
      vertex -28.5297 23.2079 2.5
      vertex -28.3125 23.3092 2.5
    endloop
  endfacet
  facet normal 0 0 1
    outer loop
      vertex -28.7612 25.8541 2.5
      vertex -28.5297 23.2079 2.5
      vertex -28.5297 25.7921 2.5
    endloop
  endfacet
  facet normal 0 0 1
    outer loop
      vertex -28.7612 25.8541 2.5
      vertex -28.7612 23.1459 2.5
      vertex -28.5297 23.2079 2.5
    endloop
  endfacet
  facet normal 0 0 1
    outer loop
      vertex -29 25.875 2.5
      vertex -28.7612 23.1459 2.5
      vertex -28.7612 25.8541 2.5
    endloop
  endfacet
  facet normal 0 0 1
    outer loop
      vertex -29 25.875 2.5
      vertex -29 23.125 2.5
      vertex -28.7612 23.1459 2.5
    endloop
  endfacet
  facet normal -0 0 1
    outer loop
      vertex -29.2388 25.8541 2.5
      vertex -29 23.125 2.5
      vertex -29 25.875 2.5
    endloop
  endfacet
  facet normal 0 0 1
    outer loop
      vertex -29.2388 25.8541 2.5
      vertex -29.2388 23.1459 2.5
      vertex -29 23.125 2.5
    endloop
  endfacet
  facet normal -0 0 1
    outer loop
      vertex -29.4703 25.7921 2.5
      vertex -29.2388 23.1459 2.5
      vertex -29.2388 25.8541 2.5
    endloop
  endfacet
  facet normal 0 0 1
    outer loop
      vertex -29.4703 25.7921 2.5
      vertex -29.4703 23.2079 2.5
      vertex -29.2388 23.1459 2.5
    endloop
  endfacet
  facet normal -0 0 1
    outer loop
      vertex -29.6875 25.6908 2.5
      vertex -29.4703 23.2079 2.5
      vertex -29.4703 25.7921 2.5
    endloop
  endfacet
  facet normal 0 0 1
    outer loop
      vertex -29.6875 25.6908 2.5
      vertex -29.6875 23.3092 2.5
      vertex -29.4703 23.2079 2.5
    endloop
  endfacet
  facet normal -0 0 1
    outer loop
      vertex -29.8838 25.5533 2.5
      vertex -29.6875 23.3092 2.5
      vertex -29.6875 25.6908 2.5
    endloop
  endfacet
  facet normal 0 0 1
    outer loop
      vertex -29.8838 25.5533 2.5
      vertex -29.8838 23.4467 2.5
      vertex -29.6875 23.3092 2.5
    endloop
  endfacet
  facet normal -0 0 1
    outer loop
      vertex -30.0533 25.3838 2.5
      vertex -29.8838 23.4467 2.5
      vertex -29.8838 25.5533 2.5
    endloop
  endfacet
  facet normal 0 0 1
    outer loop
      vertex -30.0533 25.3838 2.5
      vertex -30.0533 23.6162 2.5
      vertex -29.8838 23.4467 2.5
    endloop
  endfacet
  facet normal -0 0 1
    outer loop
      vertex -30.1908 25.1875 2.5
      vertex -30.0533 23.6162 2.5
      vertex -30.0533 25.3838 2.5
    endloop
  endfacet
  facet normal 0 0 1
    outer loop
      vertex -30.1908 25.1875 2.5
      vertex -30.1908 23.8125 2.5
      vertex -30.0533 23.6162 2.5
    endloop
  endfacet
  facet normal -0 0 1
    outer loop
      vertex -30.2921 24.9703 2.5
      vertex -30.1908 23.8125 2.5
      vertex -30.1908 25.1875 2.5
    endloop
  endfacet
  facet normal 0 0 1
    outer loop
      vertex -30.2921 24.9703 2.5
      vertex -30.2921 24.0297 2.5
      vertex -30.1908 23.8125 2.5
    endloop
  endfacet
  facet normal -0 0 1
    outer loop
      vertex -30.3541 24.7388 2.5
      vertex -30.2921 24.0297 2.5
      vertex -30.2921 24.9703 2.5
    endloop
  endfacet
  facet normal 0 0 1
    outer loop
      vertex -30.3541 24.7388 2.5
      vertex -30.3541 24.2612 2.5
      vertex -30.2921 24.0297 2.5
    endloop
  endfacet
  facet normal 0 -0 1
    outer loop
      vertex -30.3541 24.2612 2.5
      vertex -30.3541 24.7388 2.5
      vertex -30.375 24.5 2.5
    endloop
  endfacet
  facet normal -0.25877 -0.965939 0
    outer loop
      vertex -34.684 20.1206 1.1
      vertex -34.3473 20.0304 2.5
      vertex -34.684 20.1206 2.5
    endloop
  endfacet
  facet normal -0.25877 -0.965939 -0
    outer loop
      vertex -34.3473 20.0304 2.5
      vertex -34.684 20.1206 1.1
      vertex -34.3473 20.0304 1.1
    endloop
  endfacet
  facet normal 0.25877 0.965939 -0
    outer loop
      vertex 34.684 -20.1206 1.1
      vertex 34.3473 -20.0304 2.5
      vertex 34.684 -20.1206 2.5
    endloop
  endfacet
  facet normal 0.25877 0.965939 0
    outer loop
      vertex 34.3473 -20.0304 2.5
      vertex 34.684 -20.1206 1.1
      vertex 34.3473 -20.0304 1.1
    endloop
  endfacet
  facet normal 0 1 -0
    outer loop
      vertex 34 -20 1.1
      vertex 24 -20 2.5
      vertex 34 -20 2.5
    endloop
  endfacet
  facet normal 0 1 0
    outer loop
      vertex 24 -20 2.5
      vertex 34 -20 1.1
      vertex 24 -20 1.1
    endloop
  endfacet
  facet normal -0.906256 -0.422728 -3.59957e-18
    outer loop
      vertex 22.268 -28 1.1
      vertex 22.1206 -27.684 2.5
      vertex 22.1206 -27.684 1.1
    endloop
  endfacet
  facet normal -0.906256 -0.422728 -3.59957e-18
    outer loop
      vertex 22.1206 -27.684 2.5
      vertex 22.268 -28 1.1
      vertex 22.268 -28 2.5
    endloop
  endfacet
  facet normal -0.087199 -0.996191 0
    outer loop
      vertex 23.6527 -28.9696 1.1
      vertex 24 -29 2.5
      vertex 23.6527 -28.9696 2.5
    endloop
  endfacet
  facet normal -0.087199 -0.996191 -0
    outer loop
      vertex 24 -29 2.5
      vertex 23.6527 -28.9696 1.1
      vertex 24 -29 1.1
    endloop
  endfacet
  facet normal -0.087199 0.996191 0
    outer loop
      vertex 24 -20 1.1
      vertex 23.6527 -20.0304 2.5
      vertex 24 -20 2.5
    endloop
  endfacet
  facet normal -0.087199 0.996191 0
    outer loop
      vertex 23.6527 -20.0304 2.5
      vertex 24 -20 1.1
      vertex 23.6527 -20.0304 1.1
    endloop
  endfacet
  facet normal 0.965939 -0.25877 -3.35051e-18
    outer loop
      vertex 35.8794 -27.684 2.5
      vertex 35.9696 -27.3473 1.1
      vertex 35.9696 -27.3473 2.5
    endloop
  endfacet
  facet normal 0.965939 -0.25877 -3.35051e-18
    outer loop
      vertex 35.9696 -27.3473 1.1
      vertex 35.8794 -27.684 2.5
      vertex 35.8794 -27.684 1.1
    endloop
  endfacet
  facet normal 0.707107 -0.707107 -4.89545e-19
    outer loop
      vertex 35.2856 -28.5321 2.5
      vertex 35.5321 -28.2856 1.1
      vertex 35.5321 -28.2856 2.5
    endloop
  endfacet
  facet normal 0.707107 -0.707107 -4.89545e-19
    outer loop
      vertex 35.5321 -28.2856 1.1
      vertex 35.2856 -28.5321 2.5
      vertex 35.2856 -28.5321 1.1
    endloop
  endfacet
  facet normal 0.573424 -0.819259 0
    outer loop
      vertex 35 -28.732 1.1
      vertex 35.2856 -28.5321 2.5
      vertex 35 -28.732 2.5
    endloop
  endfacet
  facet normal 0.573424 -0.819259 0
    outer loop
      vertex 35.2856 -28.5321 2.5
      vertex 35 -28.732 1.1
      vertex 35.2856 -28.5321 1.1
    endloop
  endfacet
  facet normal -0.819259 -0.573424 -1.72693e-18
    outer loop
      vertex 22.4679 -28.2856 1.1
      vertex 22.268 -28 2.5
      vertex 22.268 -28 1.1
    endloop
  endfacet
  facet normal -0.819259 -0.573424 -1.72693e-18
    outer loop
      vertex 22.268 -28 2.5
      vertex 22.4679 -28.2856 1.1
      vertex 22.4679 -28.2856 2.5
    endloop
  endfacet
  facet normal 0.906256 -0.422728 6.55615e-18
    outer loop
      vertex 35.732 -28 2.5
      vertex 35.8794 -27.684 1.1
      vertex 35.8794 -27.684 2.5
    endloop
  endfacet
  facet normal 0.906256 -0.422728 6.55615e-18
    outer loop
      vertex 35.8794 -27.684 1.1
      vertex 35.732 -28 2.5
      vertex 35.732 -28 1.1
    endloop
  endfacet
  facet normal 0.996191 -0.087199 -1.63359e-18
    outer loop
      vertex 35.9696 -27.3473 2.5
      vertex 36 -27 1.1
      vertex 36 -27 2.5
    endloop
  endfacet
  facet normal 0.996191 -0.087199 -1.63359e-18
    outer loop
      vertex 36 -27 1.1
      vertex 35.9696 -27.3473 2.5
      vertex 35.9696 -27.3473 1.1
    endloop
  endfacet
  facet normal 0.087199 0.996191 -0
    outer loop
      vertex 34.3473 -20.0304 1.1
      vertex 34 -20 2.5
      vertex 34.3473 -20.0304 2.5
    endloop
  endfacet
  facet normal 0.087199 0.996191 0
    outer loop
      vertex 34 -20 2.5
      vertex 34.3473 -20.0304 1.1
      vertex 34 -20 1.1
    endloop
  endfacet
  facet normal 0.819259 -0.573424 1.72693e-18
    outer loop
      vertex 35.5321 -28.2856 2.5
      vertex 35.732 -28 1.1
      vertex 35.732 -28 2.5
    endloop
  endfacet
  facet normal 0.819259 -0.573424 1.72693e-18
    outer loop
      vertex 35.732 -28 1.1
      vertex 35.5321 -28.2856 2.5
      vertex 35.5321 -28.2856 1.1
    endloop
  endfacet
  facet normal -0.707107 0.707107 2.46774e-18
    outer loop
      vertex 22.4679 -20.7144 1.1
      vertex 22.7144 -20.4679 2.5
      vertex 22.7144 -20.4679 1.1
    endloop
  endfacet
  facet normal -0.707107 0.707107 2.46774e-18
    outer loop
      vertex 22.7144 -20.4679 2.5
      vertex 22.4679 -20.7144 1.1
      vertex 22.4679 -20.7144 2.5
    endloop
  endfacet
  facet normal -0.573424 -0.819259 0
    outer loop
      vertex 22.7144 -28.5321 1.1
      vertex 23 -28.732 2.5
      vertex 22.7144 -28.5321 2.5
    endloop
  endfacet
  facet normal -0.573424 -0.819259 -0
    outer loop
      vertex 23 -28.732 2.5
      vertex 22.7144 -28.5321 1.1
      vertex 23 -28.732 1.1
    endloop
  endfacet
  facet normal 0.573424 0.819259 -0
    outer loop
      vertex 35.2856 -20.4679 1.1
      vertex 35 -20.268 2.5
      vertex 35.2856 -20.4679 2.5
    endloop
  endfacet
  facet normal 0.573424 0.819259 0
    outer loop
      vertex 35 -20.268 2.5
      vertex 35.2856 -20.4679 1.1
      vertex 35 -20.268 1.1
    endloop
  endfacet
  facet normal 0.819259 0.573424 -1.72693e-18
    outer loop
      vertex 35.732 -21 2.5
      vertex 35.5321 -20.7144 1.1
      vertex 35.5321 -20.7144 2.5
    endloop
  endfacet
  facet normal 0.819259 0.573424 -1.72693e-18
    outer loop
      vertex 35.5321 -20.7144 1.1
      vertex 35.732 -21 2.5
      vertex 35.732 -21 1.1
    endloop
  endfacet
  facet normal 0.25877 -0.965939 0
    outer loop
      vertex 34.3473 -28.9696 1.1
      vertex 34.684 -28.8794 2.5
      vertex 34.3473 -28.9696 2.5
    endloop
  endfacet
  facet normal 0.25877 -0.965939 0
    outer loop
      vertex 34.684 -28.8794 2.5
      vertex 34.3473 -28.9696 1.1
      vertex 34.684 -28.8794 1.1
    endloop
  endfacet
  facet normal 0.087199 -0.996191 0
    outer loop
      vertex 34 -29 1.1
      vertex 34.3473 -28.9696 2.5
      vertex 34 -29 2.5
    endloop
  endfacet
  facet normal 0.087199 -0.996191 0
    outer loop
      vertex 34.3473 -28.9696 2.5
      vertex 34 -29 1.1
      vertex 34.3473 -28.9696 1.1
    endloop
  endfacet
  facet normal 1 -0 0
    outer loop
      vertex 36 -27 2.5
      vertex 36 -22.6 1.1
      vertex 36 -22.6 2.5
    endloop
  endfacet
  facet normal 1 0 0
    outer loop
      vertex 36 -22.6 1.1
      vertex 36 -27 2.5
      vertex 36 -27 1.1
    endloop
  endfacet
  facet normal -1 0 0
    outer loop
      vertex 22 -27 1.1
      vertex 22 -22.6 2.5
      vertex 22 -22.6 1.1
    endloop
  endfacet
  facet normal -1 -0 0
    outer loop
      vertex 22 -22.6 2.5
      vertex 22 -27 1.1
      vertex 22 -27 2.5
    endloop
  endfacet
  facet normal -0.25877 0.965939 0
    outer loop
      vertex 23.6527 -20.0304 1.1
      vertex 23.316 -20.1206 2.5
      vertex 23.6527 -20.0304 2.5
    endloop
  endfacet
  facet normal -0.25877 0.965939 0
    outer loop
      vertex 23.316 -20.1206 2.5
      vertex 23.6527 -20.0304 1.1
      vertex 23.316 -20.1206 1.1
    endloop
  endfacet
  facet normal 0.707107 0.707107 4.89545e-19
    outer loop
      vertex 35.5321 -20.7144 2.5
      vertex 35.2856 -20.4679 1.1
      vertex 35.2856 -20.4679 2.5
    endloop
  endfacet
  facet normal 0.707107 0.707107 4.89545e-19
    outer loop
      vertex 35.2856 -20.4679 1.1
      vertex 35.5321 -20.7144 2.5
      vertex 35.5321 -20.7144 1.1
    endloop
  endfacet
  facet normal -0.965939 -0.25877 1.79211e-18
    outer loop
      vertex 22.1206 -27.684 1.1
      vertex 22.0304 -27.3473 2.5
      vertex 22.0304 -27.3473 1.1
    endloop
  endfacet
  facet normal -0.965939 -0.25877 1.79211e-18
    outer loop
      vertex 22.0304 -27.3473 2.5
      vertex 22.1206 -27.684 1.1
      vertex 22.1206 -27.684 2.5
    endloop
  endfacet
  facet normal 0.422728 0.906256 -0
    outer loop
      vertex 35 -20.268 1.1
      vertex 34.684 -20.1206 2.5
      vertex 35 -20.268 2.5
    endloop
  endfacet
  facet normal 0.422728 0.906256 0
    outer loop
      vertex 34.684 -20.1206 2.5
      vertex 35 -20.268 1.1
      vertex 34.684 -20.1206 1.1
    endloop
  endfacet
  facet normal -0.573424 0.819259 0
    outer loop
      vertex 23 -20.268 1.1
      vertex 22.7144 -20.4679 2.5
      vertex 23 -20.268 2.5
    endloop
  endfacet
  facet normal -0.573424 0.819259 0
    outer loop
      vertex 22.7144 -20.4679 2.5
      vertex 23 -20.268 1.1
      vertex 22.7144 -20.4679 1.1
    endloop
  endfacet
  facet normal -0.996191 -0.087199 1.63359e-18
    outer loop
      vertex 22.0304 -27.3473 1.1
      vertex 22 -27 2.5
      vertex 22 -27 1.1
    endloop
  endfacet
  facet normal -0.996191 -0.087199 1.63359e-18
    outer loop
      vertex 22 -27 2.5
      vertex 22.0304 -27.3473 1.1
      vertex 22.0304 -27.3473 2.5
    endloop
  endfacet
  facet normal -0.422728 -0.906256 0
    outer loop
      vertex 23 -28.732 1.1
      vertex 23.316 -28.8794 2.5
      vertex 23 -28.732 2.5
    endloop
  endfacet
  facet normal -0.422728 -0.906256 -0
    outer loop
      vertex 23.316 -28.8794 2.5
      vertex 23 -28.732 1.1
      vertex 23.316 -28.8794 1.1
    endloop
  endfacet
  facet normal -0.707107 -0.707107 -2.46774e-18
    outer loop
      vertex 22.7144 -28.5321 1.1
      vertex 22.4679 -28.2856 2.5
      vertex 22.4679 -28.2856 1.1
    endloop
  endfacet
  facet normal -0.707107 -0.707107 -2.46774e-18
    outer loop
      vertex 22.4679 -28.2856 2.5
      vertex 22.7144 -28.5321 1.1
      vertex 22.7144 -28.5321 2.5
    endloop
  endfacet
  facet normal -0.422728 0.906256 0
    outer loop
      vertex 23.316 -20.1206 1.1
      vertex 23 -20.268 2.5
      vertex 23.316 -20.1206 2.5
    endloop
  endfacet
  facet normal -0.422728 0.906256 0
    outer loop
      vertex 23 -20.268 2.5
      vertex 23.316 -20.1206 1.1
      vertex 23 -20.268 1.1
    endloop
  endfacet
  facet normal 0.422728 -0.906256 0
    outer loop
      vertex 34.684 -28.8794 1.1
      vertex 35 -28.732 2.5
      vertex 34.684 -28.8794 2.5
    endloop
  endfacet
  facet normal 0.422728 -0.906256 0
    outer loop
      vertex 35 -28.732 2.5
      vertex 34.684 -28.8794 1.1
      vertex 35 -28.732 1.1
    endloop
  endfacet
  facet normal -0.819259 0.573424 1.72693e-18
    outer loop
      vertex 22.268 -21 1.1
      vertex 22.4679 -20.7144 2.5
      vertex 22.4679 -20.7144 1.1
    endloop
  endfacet
  facet normal -0.819259 0.573424 1.72693e-18
    outer loop
      vertex 22.4679 -20.7144 2.5
      vertex 22.268 -21 1.1
      vertex 22.268 -21 2.5
    endloop
  endfacet
  facet normal 0 0 1
    outer loop
      vertex 22 -22.6 2.5
      vertex 26 -24.5 2.5
      vertex 26.0456 -23.9791 2.5
    endloop
  endfacet
  facet normal 0 0 1
    outer loop
      vertex 22 -22.6 2.5
      vertex 26.0456 -23.9791 2.5
      vertex 26.1809 -23.4739 2.5
    endloop
  endfacet
  facet normal 0 0 1
    outer loop
      vertex 26 -24.5 2.5
      vertex 22 -27 2.5
      vertex 24 -29 2.5
    endloop
  endfacet
  facet normal 0 0 1
    outer loop
      vertex 24 -29 2.5
      vertex 22 -27 2.5
      vertex 23.6527 -28.9696 2.5
    endloop
  endfacet
  facet normal 0 0 1
    outer loop
      vertex 22 -22.6 2.5
      vertex 26.1809 -23.4739 2.5
      vertex 26.4019 -23 2.5
    endloop
  endfacet
  facet normal 0 0 1
    outer loop
      vertex 23.6527 -28.9696 2.5
      vertex 22 -27 2.5
      vertex 23.316 -28.8794 2.5
    endloop
  endfacet
  facet normal 0 0 1
    outer loop
      vertex 23.316 -28.8794 2.5
      vertex 22 -27 2.5
      vertex 23 -28.732 2.5
    endloop
  endfacet
  facet normal 0 0 1
    outer loop
      vertex 23 -28.732 2.5
      vertex 22 -27 2.5
      vertex 22.7144 -28.5321 2.5
    endloop
  endfacet
  facet normal -0 0 1
    outer loop
      vertex 22 -22.6 2.5
      vertex 26.4019 -23 2.5
      vertex 26.682 -22.6 2.5
    endloop
  endfacet
  facet normal 0 0 1
    outer loop
      vertex 22.7144 -28.5321 2.5
      vertex 22 -27 2.5
      vertex 22.4679 -28.2856 2.5
    endloop
  endfacet
  facet normal 0 0 1
    outer loop
      vertex 22.4679 -28.2856 2.5
      vertex 22 -27 2.5
      vertex 22.268 -28 2.5
    endloop
  endfacet
  facet normal 0 0 1
    outer loop
      vertex 22.268 -28 2.5
      vertex 22 -27 2.5
      vertex 22.1206 -27.684 2.5
    endloop
  endfacet
  facet normal 0 0 1
    outer loop
      vertex 26 -24.5 2.5
      vertex 22 -22.6 2.5
      vertex 22 -27 2.5
    endloop
  endfacet
  facet normal 0 0 1
    outer loop
      vertex 22.1206 -27.684 2.5
      vertex 22 -27 2.5
      vertex 22.0304 -27.3473 2.5
    endloop
  endfacet
  facet normal -0 0 1
    outer loop
      vertex 32 -24.5 2.5
      vertex 36 -27 2.5
      vertex 36 -22.6 2.5
    endloop
  endfacet
  facet normal -0 0 1
    outer loop
      vertex 31.9544 -25.0209 2.5
      vertex 36 -27 2.5
      vertex 32 -24.5 2.5
    endloop
  endfacet
  facet normal -0 0 1
    outer loop
      vertex 31.5981 -26 2.5
      vertex 36 -27 2.5
      vertex 31.8191 -25.5261 2.5
    endloop
  endfacet
  facet normal 0 0 1
    outer loop
      vertex 36 -27 2.5
      vertex 34 -29 2.5
      vertex 35.9696 -27.3473 2.5
    endloop
  endfacet
  facet normal 0 0 1
    outer loop
      vertex 35.9696 -27.3473 2.5
      vertex 34 -29 2.5
      vertex 35.8794 -27.684 2.5
    endloop
  endfacet
  facet normal 0 0 1
    outer loop
      vertex 35.8794 -27.684 2.5
      vertex 34 -29 2.5
      vertex 35.732 -28 2.5
    endloop
  endfacet
  facet normal 0 0 1
    outer loop
      vertex 35.732 -28 2.5
      vertex 34 -29 2.5
      vertex 35.5321 -28.2856 2.5
    endloop
  endfacet
  facet normal 0 0 1
    outer loop
      vertex 35.5321 -28.2856 2.5
      vertex 34 -29 2.5
      vertex 35.2856 -28.5321 2.5
    endloop
  endfacet
  facet normal 0 0 1
    outer loop
      vertex 35.2856 -28.5321 2.5
      vertex 34 -29 2.5
      vertex 35 -28.732 2.5
    endloop
  endfacet
  facet normal -0 0 1
    outer loop
      vertex 31.8191 -25.5261 2.5
      vertex 36 -27 2.5
      vertex 31.9544 -25.0209 2.5
    endloop
  endfacet
  facet normal 0 0 1
    outer loop
      vertex 36 -22.6 2.5
      vertex 31.9544 -23.9791 2.5
      vertex 32 -24.5 2.5
    endloop
  endfacet
  facet normal 0 0 1
    outer loop
      vertex 36 -22.6 2.5
      vertex 31.8191 -23.4739 2.5
      vertex 31.9544 -23.9791 2.5
    endloop
  endfacet
  facet normal 0 0 1
    outer loop
      vertex 36 -22.6 2.5
      vertex 31.5981 -23 2.5
      vertex 31.8191 -23.4739 2.5
    endloop
  endfacet
  facet normal 0 -0 1
    outer loop
      vertex 31.5981 -23 2.5
      vertex 36 -22.6 2.5
      vertex 31.318 -22.6 2.5
    endloop
  endfacet
  facet normal 0 0 1
    outer loop
      vertex 35 -28.732 2.5
      vertex 34 -29 2.5
      vertex 34.684 -28.8794 2.5
    endloop
  endfacet
  facet normal 0 0 1
    outer loop
      vertex 34.684 -28.8794 2.5
      vertex 34 -29 2.5
      vertex 34.3473 -28.9696 2.5
    endloop
  endfacet
  facet normal 0 0 1
    outer loop
      vertex 36 -27 2.5
      vertex 31.5981 -26 2.5
      vertex 34 -29 2.5
    endloop
  endfacet
  facet normal -0 0 1
    outer loop
      vertex 31.2981 -26.4284 2.5
      vertex 34 -29 2.5
      vertex 31.5981 -26 2.5
    endloop
  endfacet
  facet normal -0 0 1
    outer loop
      vertex 30.9284 -26.7981 2.5
      vertex 34 -29 2.5
      vertex 31.2981 -26.4284 2.5
    endloop
  endfacet
  facet normal -0 0 1
    outer loop
      vertex 30.5 -27.0981 2.5
      vertex 34 -29 2.5
      vertex 30.9284 -26.7981 2.5
    endloop
  endfacet
  facet normal -0 0 1
    outer loop
      vertex 30.0261 -27.3191 2.5
      vertex 34 -29 2.5
      vertex 30.5 -27.0981 2.5
    endloop
  endfacet
  facet normal -0 0 1
    outer loop
      vertex 29.5209 -27.4544 2.5
      vertex 34 -29 2.5
      vertex 30.0261 -27.3191 2.5
    endloop
  endfacet
  facet normal -0 0 1
    outer loop
      vertex 29 -27.5 2.5
      vertex 34 -29 2.5
      vertex 29.5209 -27.4544 2.5
    endloop
  endfacet
  facet normal 0 0 1
    outer loop
      vertex 24 -29 2.5
      vertex 29 -27.5 2.5
      vertex 28.4791 -27.4544 2.5
    endloop
  endfacet
  facet normal 0 0 1
    outer loop
      vertex 24 -29 2.5
      vertex 28.4791 -27.4544 2.5
      vertex 27.9739 -27.3191 2.5
    endloop
  endfacet
  facet normal 0 0 1
    outer loop
      vertex 29 -27.5 2.5
      vertex 24 -29 2.5
      vertex 34 -29 2.5
    endloop
  endfacet
  facet normal 0 0 1
    outer loop
      vertex 27.5 -27.0981 2.5
      vertex 24 -29 2.5
      vertex 27.9739 -27.3191 2.5
    endloop
  endfacet
  facet normal 0 0 1
    outer loop
      vertex 27.0716 -26.7981 2.5
      vertex 24 -29 2.5
      vertex 27.5 -27.0981 2.5
    endloop
  endfacet
  facet normal 0 0 1
    outer loop
      vertex 26.7019 -26.4284 2.5
      vertex 24 -29 2.5
      vertex 27.0716 -26.7981 2.5
    endloop
  endfacet
  facet normal 0 0 1
    outer loop
      vertex 26.4019 -26 2.5
      vertex 24 -29 2.5
      vertex 26.7019 -26.4284 2.5
    endloop
  endfacet
  facet normal 0 0 1
    outer loop
      vertex 26.1809 -25.5261 2.5
      vertex 24 -29 2.5
      vertex 26.4019 -26 2.5
    endloop
  endfacet
  facet normal 0 0 1
    outer loop
      vertex 26.0456 -25.0209 2.5
      vertex 24 -29 2.5
      vertex 26.1809 -25.5261 2.5
    endloop
  endfacet
  facet normal 0 0 1
    outer loop
      vertex 24 -29 2.5
      vertex 26.0456 -25.0209 2.5
      vertex 26 -24.5 2.5
    endloop
  endfacet
  facet normal 0 0 1
    outer loop
      vertex 35.2856 -20.4679 2.5
      vertex 35.732 -21 2.5
      vertex 35.5321 -20.7144 2.5
    endloop
  endfacet
  facet normal 0 0 1
    outer loop
      vertex 35 -20.268 2.5
      vertex 35.732 -21 2.5
      vertex 35.2856 -20.4679 2.5
    endloop
  endfacet
  facet normal 0 0 1
    outer loop
      vertex 34.684 -20.1206 2.5
      vertex 35.732 -21 2.5
      vertex 35 -20.268 2.5
    endloop
  endfacet
  facet normal 0 0 1
    outer loop
      vertex 34.3473 -20.0304 2.5
      vertex 35.732 -21 2.5
      vertex 34.684 -20.1206 2.5
    endloop
  endfacet
  facet normal 0 0 1
    outer loop
      vertex 34 -20 2.5
      vertex 35.732 -21 2.5
      vertex 34.3473 -20.0304 2.5
    endloop
  endfacet
  facet normal -0 0 1
    outer loop
      vertex 24 -20 2.5
      vertex 35.732 -21 2.5
      vertex 34 -20 2.5
    endloop
  endfacet
  facet normal 0 0 1
    outer loop
      vertex 22.268 -21 2.5
      vertex 24 -20 2.5
      vertex 23.6527 -20.0304 2.5
    endloop
  endfacet
  facet normal 0 0 1
    outer loop
      vertex 22.268 -21 2.5
      vertex 23.6527 -20.0304 2.5
      vertex 23.316 -20.1206 2.5
    endloop
  endfacet
  facet normal 0 0 1
    outer loop
      vertex 22.268 -21 2.5
      vertex 23.316 -20.1206 2.5
      vertex 23 -20.268 2.5
    endloop
  endfacet
  facet normal 0 0 1
    outer loop
      vertex 22.268 -21 2.5
      vertex 23 -20.268 2.5
      vertex 22.7144 -20.4679 2.5
    endloop
  endfacet
  facet normal 0 0 1
    outer loop
      vertex 22.268 -21 2.5
      vertex 22.7144 -20.4679 2.5
      vertex 22.4679 -20.7144 2.5
    endloop
  endfacet
  facet normal 0 0 1
    outer loop
      vertex 24 -20 2.5
      vertex 22.268 -21 2.5
      vertex 35.732 -21 2.5
    endloop
  endfacet
  facet normal 0 0 1
    outer loop
      vertex 30.3541 -24.2612 2.5
      vertex 30.3541 -24.7388 2.5
      vertex 30.375 -24.5 2.5
    endloop
  endfacet
  facet normal 0 0 1
    outer loop
      vertex 30.2921 -24.0297 2.5
      vertex 30.3541 -24.7388 2.5
      vertex 30.3541 -24.2612 2.5
    endloop
  endfacet
  facet normal 0 0 1
    outer loop
      vertex 30.2921 -24.0297 2.5
      vertex 30.2921 -24.9703 2.5
      vertex 30.3541 -24.7388 2.5
    endloop
  endfacet
  facet normal 0 0 1
    outer loop
      vertex 30.1908 -23.8125 2.5
      vertex 30.2921 -24.9703 2.5
      vertex 30.2921 -24.0297 2.5
    endloop
  endfacet
  facet normal 0 0 1
    outer loop
      vertex 30.1908 -23.8125 2.5
      vertex 30.1908 -25.1875 2.5
      vertex 30.2921 -24.9703 2.5
    endloop
  endfacet
  facet normal 0 0 1
    outer loop
      vertex 30.0533 -23.6162 2.5
      vertex 30.1908 -25.1875 2.5
      vertex 30.1908 -23.8125 2.5
    endloop
  endfacet
  facet normal 0 0 1
    outer loop
      vertex 30.0533 -23.6162 2.5
      vertex 30.0533 -25.3838 2.5
      vertex 30.1908 -25.1875 2.5
    endloop
  endfacet
  facet normal 0 0 1
    outer loop
      vertex 29.8838 -23.4467 2.5
      vertex 30.0533 -25.3838 2.5
      vertex 30.0533 -23.6162 2.5
    endloop
  endfacet
  facet normal 0 0 1
    outer loop
      vertex 29.8838 -23.4467 2.5
      vertex 29.8838 -25.5533 2.5
      vertex 30.0533 -25.3838 2.5
    endloop
  endfacet
  facet normal 0 0 1
    outer loop
      vertex 29.6875 -23.3092 2.5
      vertex 29.8838 -25.5533 2.5
      vertex 29.8838 -23.4467 2.5
    endloop
  endfacet
  facet normal 0 0 1
    outer loop
      vertex 29.6875 -23.3092 2.5
      vertex 29.6875 -25.6908 2.5
      vertex 29.8838 -25.5533 2.5
    endloop
  endfacet
  facet normal 0 0 1
    outer loop
      vertex 29.4703 -23.2079 2.5
      vertex 29.6875 -25.6908 2.5
      vertex 29.6875 -23.3092 2.5
    endloop
  endfacet
  facet normal 0 0 1
    outer loop
      vertex 29.4703 -23.2079 2.5
      vertex 29.4703 -25.7921 2.5
      vertex 29.6875 -25.6908 2.5
    endloop
  endfacet
  facet normal 0 0 1
    outer loop
      vertex 29.2388 -23.1459 2.5
      vertex 29.4703 -25.7921 2.5
      vertex 29.4703 -23.2079 2.5
    endloop
  endfacet
  facet normal 0 0 1
    outer loop
      vertex 29.2388 -23.1459 2.5
      vertex 29.2388 -25.8541 2.5
      vertex 29.4703 -25.7921 2.5
    endloop
  endfacet
  facet normal 0 0 1
    outer loop
      vertex 29 -23.125 2.5
      vertex 29.2388 -25.8541 2.5
      vertex 29.2388 -23.1459 2.5
    endloop
  endfacet
  facet normal 0 0 1
    outer loop
      vertex 29 -23.125 2.5
      vertex 29 -25.875 2.5
      vertex 29.2388 -25.8541 2.5
    endloop
  endfacet
  facet normal -0 0 1
    outer loop
      vertex 28.7612 -23.1459 2.5
      vertex 29 -25.875 2.5
      vertex 29 -23.125 2.5
    endloop
  endfacet
  facet normal 0 0 1
    outer loop
      vertex 28.7612 -23.1459 2.5
      vertex 28.7612 -25.8541 2.5
      vertex 29 -25.875 2.5
    endloop
  endfacet
  facet normal -0 0 1
    outer loop
      vertex 28.5297 -23.2079 2.5
      vertex 28.7612 -25.8541 2.5
      vertex 28.7612 -23.1459 2.5
    endloop
  endfacet
  facet normal 0 0 1
    outer loop
      vertex 28.5297 -23.2079 2.5
      vertex 28.5297 -25.7921 2.5
      vertex 28.7612 -25.8541 2.5
    endloop
  endfacet
  facet normal -0 0 1
    outer loop
      vertex 28.3125 -23.3092 2.5
      vertex 28.5297 -25.7921 2.5
      vertex 28.5297 -23.2079 2.5
    endloop
  endfacet
  facet normal 0 0 1
    outer loop
      vertex 28.3125 -23.3092 2.5
      vertex 28.3125 -25.6908 2.5
      vertex 28.5297 -25.7921 2.5
    endloop
  endfacet
  facet normal -0 0 1
    outer loop
      vertex 28.1162 -23.4467 2.5
      vertex 28.3125 -25.6908 2.5
      vertex 28.3125 -23.3092 2.5
    endloop
  endfacet
  facet normal 0 0 1
    outer loop
      vertex 28.1162 -23.4467 2.5
      vertex 28.1162 -25.5533 2.5
      vertex 28.3125 -25.6908 2.5
    endloop
  endfacet
  facet normal -0 0 1
    outer loop
      vertex 27.9467 -23.6162 2.5
      vertex 28.1162 -25.5533 2.5
      vertex 28.1162 -23.4467 2.5
    endloop
  endfacet
  facet normal 0 0 1
    outer loop
      vertex 27.9467 -23.6162 2.5
      vertex 27.9467 -25.3838 2.5
      vertex 28.1162 -25.5533 2.5
    endloop
  endfacet
  facet normal -0 0 1
    outer loop
      vertex 27.8092 -23.8125 2.5
      vertex 27.9467 -25.3838 2.5
      vertex 27.9467 -23.6162 2.5
    endloop
  endfacet
  facet normal 0 0 1
    outer loop
      vertex 27.8092 -23.8125 2.5
      vertex 27.8092 -25.1875 2.5
      vertex 27.9467 -25.3838 2.5
    endloop
  endfacet
  facet normal -0 0 1
    outer loop
      vertex 27.7079 -24.0297 2.5
      vertex 27.8092 -25.1875 2.5
      vertex 27.8092 -23.8125 2.5
    endloop
  endfacet
  facet normal 0 0 1
    outer loop
      vertex 27.7079 -24.0297 2.5
      vertex 27.7079 -24.9703 2.5
      vertex 27.8092 -25.1875 2.5
    endloop
  endfacet
  facet normal -0 0 1
    outer loop
      vertex 27.6459 -24.2612 2.5
      vertex 27.7079 -24.9703 2.5
      vertex 27.7079 -24.0297 2.5
    endloop
  endfacet
  facet normal 0 0 1
    outer loop
      vertex 27.6459 -24.2612 2.5
      vertex 27.6459 -24.7388 2.5
      vertex 27.7079 -24.9703 2.5
    endloop
  endfacet
  facet normal 0 -0 1
    outer loop
      vertex 27.6459 -24.7388 2.5
      vertex 27.6459 -24.2612 2.5
      vertex 27.625 -24.5 2.5
    endloop
  endfacet
  facet normal -0.25877 -0.965939 0
    outer loop
      vertex 23.316 -28.8794 1.1
      vertex 23.6527 -28.9696 2.5
      vertex 23.316 -28.8794 2.5
    endloop
  endfacet
  facet normal -0.25877 -0.965939 -0
    outer loop
      vertex 23.6527 -28.9696 2.5
      vertex 23.316 -28.8794 1.1
      vertex 23.6527 -28.9696 1.1
    endloop
  endfacet
  facet normal 0.965939 0.25877 3.35051e-18
    outer loop
      vertex 35.9696 27.3473 2.5
      vertex 35.8794 27.684 1.1
      vertex 35.8794 27.684 2.5
    endloop
  endfacet
  facet normal 0.965939 0.25877 3.35051e-18
    outer loop
      vertex 35.8794 27.684 1.1
      vertex 35.9696 27.3473 2.5
      vertex 35.9696 27.3473 1.1
    endloop
  endfacet
  facet normal 0.25877 0.965939 -0
    outer loop
      vertex 34.684 28.8794 1.1
      vertex 34.3473 28.9696 2.5
      vertex 34.684 28.8794 2.5
    endloop
  endfacet
  facet normal 0.25877 0.965939 0
    outer loop
      vertex 34.3473 28.9696 2.5
      vertex 34.684 28.8794 1.1
      vertex 34.3473 28.9696 1.1
    endloop
  endfacet
  facet normal 0 -1 0
    outer loop
      vertex 24 20 1.1
      vertex 34 20 2.5
      vertex 24 20 2.5
    endloop
  endfacet
  facet normal 0 -1 -0
    outer loop
      vertex 34 20 2.5
      vertex 24 20 1.1
      vertex 34 20 1.1
    endloop
  endfacet
  facet normal -0.087199 -0.996191 0
    outer loop
      vertex 23.6527 20.0304 1.1
      vertex 24 20 2.5
      vertex 23.6527 20.0304 2.5
    endloop
  endfacet
  facet normal -0.087199 -0.996191 -0
    outer loop
      vertex 24 20 2.5
      vertex 23.6527 20.0304 1.1
      vertex 24 20 1.1
    endloop
  endfacet
  facet normal -0.087199 0.996191 0
    outer loop
      vertex 24 29 1.1
      vertex 23.6527 28.9696 2.5
      vertex 24 29 2.5
    endloop
  endfacet
  facet normal -0.087199 0.996191 0
    outer loop
      vertex 23.6527 28.9696 2.5
      vertex 24 29 1.1
      vertex 23.6527 28.9696 1.1
    endloop
  endfacet
  facet normal 0.707107 -0.707107 -4.89545e-19
    outer loop
      vertex 35.2856 20.4679 2.5
      vertex 35.5321 20.7144 1.1
      vertex 35.5321 20.7144 2.5
    endloop
  endfacet
  facet normal 0.707107 -0.707107 -4.89545e-19
    outer loop
      vertex 35.5321 20.7144 1.1
      vertex 35.2856 20.4679 2.5
      vertex 35.2856 20.4679 1.1
    endloop
  endfacet
  facet normal -0.965939 0.25877 -1.79211e-18
    outer loop
      vertex 22.0304 27.3473 1.1
      vertex 22.1206 27.684 2.5
      vertex 22.1206 27.684 1.1
    endloop
  endfacet
  facet normal -0.965939 0.25877 -1.79211e-18
    outer loop
      vertex 22.1206 27.684 2.5
      vertex 22.0304 27.3473 1.1
      vertex 22.0304 27.3473 2.5
    endloop
  endfacet
  facet normal 0.573424 -0.819259 0
    outer loop
      vertex 35 20.268 1.1
      vertex 35.2856 20.4679 2.5
      vertex 35 20.268 2.5
    endloop
  endfacet
  facet normal 0.573424 -0.819259 0
    outer loop
      vertex 35.2856 20.4679 2.5
      vertex 35 20.268 1.1
      vertex 35.2856 20.4679 1.1
    endloop
  endfacet
  facet normal -0.819259 -0.573424 -1.72693e-18
    outer loop
      vertex 22.4679 20.7144 1.1
      vertex 22.268 21 2.5
      vertex 22.268 21 1.1
    endloop
  endfacet
  facet normal -0.819259 -0.573424 -1.72693e-18
    outer loop
      vertex 22.268 21 2.5
      vertex 22.4679 20.7144 1.1
      vertex 22.4679 20.7144 2.5
    endloop
  endfacet
  facet normal 0.087199 0.996191 -0
    outer loop
      vertex 34.3473 28.9696 1.1
      vertex 34 29 2.5
      vertex 34.3473 28.9696 2.5
    endloop
  endfacet
  facet normal 0.087199 0.996191 0
    outer loop
      vertex 34 29 2.5
      vertex 34.3473 28.9696 1.1
      vertex 34 29 1.1
    endloop
  endfacet
  facet normal 0.819259 -0.573424 1.72693e-18
    outer loop
      vertex 35.5321 20.7144 2.5
      vertex 35.732 21 1.1
      vertex 35.732 21 2.5
    endloop
  endfacet
  facet normal 0.819259 -0.573424 1.72693e-18
    outer loop
      vertex 35.732 21 1.1
      vertex 35.5321 20.7144 2.5
      vertex 35.5321 20.7144 1.1
    endloop
  endfacet
  facet normal -0.707107 0.707107 2.46774e-18
    outer loop
      vertex 22.4679 28.2856 1.1
      vertex 22.7144 28.5321 2.5
      vertex 22.7144 28.5321 1.1
    endloop
  endfacet
  facet normal -0.707107 0.707107 2.46774e-18
    outer loop
      vertex 22.7144 28.5321 2.5
      vertex 22.4679 28.2856 1.1
      vertex 22.4679 28.2856 2.5
    endloop
  endfacet
  facet normal -0.573424 -0.819259 0
    outer loop
      vertex 22.7144 20.4679 1.1
      vertex 23 20.268 2.5
      vertex 22.7144 20.4679 2.5
    endloop
  endfacet
  facet normal -0.573424 -0.819259 -0
    outer loop
      vertex 23 20.268 2.5
      vertex 22.7144 20.4679 1.1
      vertex 23 20.268 1.1
    endloop
  endfacet
  facet normal 0.573424 0.819259 -0
    outer loop
      vertex 35.2856 28.5321 1.1
      vertex 35 28.732 2.5
      vertex 35.2856 28.5321 2.5
    endloop
  endfacet
  facet normal 0.573424 0.819259 0
    outer loop
      vertex 35 28.732 2.5
      vertex 35.2856 28.5321 1.1
      vertex 35 28.732 1.1
    endloop
  endfacet
  facet normal 0.819259 0.573424 -1.72693e-18
    outer loop
      vertex 35.732 28 2.5
      vertex 35.5321 28.2856 1.1
      vertex 35.5321 28.2856 2.5
    endloop
  endfacet
  facet normal 0.819259 0.573424 -1.72693e-18
    outer loop
      vertex 35.5321 28.2856 1.1
      vertex 35.732 28 2.5
      vertex 35.732 28 1.1
    endloop
  endfacet
  facet normal 0.25877 -0.965939 0
    outer loop
      vertex 34.3473 20.0304 1.1
      vertex 34.684 20.1206 2.5
      vertex 34.3473 20.0304 2.5
    endloop
  endfacet
  facet normal 0.25877 -0.965939 0
    outer loop
      vertex 34.684 20.1206 2.5
      vertex 34.3473 20.0304 1.1
      vertex 34.684 20.1206 1.1
    endloop
  endfacet
  facet normal 0.087199 -0.996191 0
    outer loop
      vertex 34 20 1.1
      vertex 34.3473 20.0304 2.5
      vertex 34 20 2.5
    endloop
  endfacet
  facet normal 0.087199 -0.996191 0
    outer loop
      vertex 34.3473 20.0304 2.5
      vertex 34 20 1.1
      vertex 34.3473 20.0304 1.1
    endloop
  endfacet
  facet normal 1 -0 0
    outer loop
      vertex 36 22.6 2.5
      vertex 36 27 1.1
      vertex 36 27 2.5
    endloop
  endfacet
  facet normal 1 0 0
    outer loop
      vertex 36 27 1.1
      vertex 36 22.6 2.5
      vertex 36 22.6 1.1
    endloop
  endfacet
  facet normal 0.996191 0.087199 1.63359e-18
    outer loop
      vertex 36 27 2.5
      vertex 35.9696 27.3473 1.1
      vertex 35.9696 27.3473 2.5
    endloop
  endfacet
  facet normal 0.996191 0.087199 1.63359e-18
    outer loop
      vertex 35.9696 27.3473 1.1
      vertex 36 27 2.5
      vertex 36 27 1.1
    endloop
  endfacet
  facet normal -1 0 0
    outer loop
      vertex 22 22.6 1.1
      vertex 22 27 2.5
      vertex 22 27 1.1
    endloop
  endfacet
  facet normal -1 -0 0
    outer loop
      vertex 22 27 2.5
      vertex 22 22.6 1.1
      vertex 22 22.6 2.5
    endloop
  endfacet
  facet normal -0.25877 0.965939 0
    outer loop
      vertex 23.6527 28.9696 1.1
      vertex 23.316 28.8794 2.5
      vertex 23.6527 28.9696 2.5
    endloop
  endfacet
  facet normal -0.25877 0.965939 0
    outer loop
      vertex 23.316 28.8794 2.5
      vertex 23.6527 28.9696 1.1
      vertex 23.316 28.8794 1.1
    endloop
  endfacet
  facet normal -0.906256 0.422728 3.59957e-18
    outer loop
      vertex 22.1206 27.684 1.1
      vertex 22.268 28 2.5
      vertex 22.268 28 1.1
    endloop
  endfacet
  facet normal -0.906256 0.422728 3.59957e-18
    outer loop
      vertex 22.268 28 2.5
      vertex 22.1206 27.684 1.1
      vertex 22.1206 27.684 2.5
    endloop
  endfacet
  facet normal 0.906256 0.422728 -6.55615e-18
    outer loop
      vertex 35.8794 27.684 2.5
      vertex 35.732 28 1.1
      vertex 35.732 28 2.5
    endloop
  endfacet
  facet normal 0.906256 0.422728 -6.55615e-18
    outer loop
      vertex 35.732 28 1.1
      vertex 35.8794 27.684 2.5
      vertex 35.8794 27.684 1.1
    endloop
  endfacet
  facet normal 0.707107 0.707107 4.89545e-19
    outer loop
      vertex 35.5321 28.2856 2.5
      vertex 35.2856 28.5321 1.1
      vertex 35.2856 28.5321 2.5
    endloop
  endfacet
  facet normal 0.707107 0.707107 4.89545e-19
    outer loop
      vertex 35.2856 28.5321 1.1
      vertex 35.5321 28.2856 2.5
      vertex 35.5321 28.2856 1.1
    endloop
  endfacet
  facet normal -0.996191 0.087199 -1.63359e-18
    outer loop
      vertex 22 27 1.1
      vertex 22.0304 27.3473 2.5
      vertex 22.0304 27.3473 1.1
    endloop
  endfacet
  facet normal -0.996191 0.087199 -1.63359e-18
    outer loop
      vertex 22.0304 27.3473 2.5
      vertex 22 27 1.1
      vertex 22 27 2.5
    endloop
  endfacet
  facet normal 0.422728 0.906256 -0
    outer loop
      vertex 35 28.732 1.1
      vertex 34.684 28.8794 2.5
      vertex 35 28.732 2.5
    endloop
  endfacet
  facet normal 0.422728 0.906256 0
    outer loop
      vertex 34.684 28.8794 2.5
      vertex 35 28.732 1.1
      vertex 34.684 28.8794 1.1
    endloop
  endfacet
  facet normal -0.573424 0.819259 0
    outer loop
      vertex 23 28.732 1.1
      vertex 22.7144 28.5321 2.5
      vertex 23 28.732 2.5
    endloop
  endfacet
  facet normal -0.573424 0.819259 0
    outer loop
      vertex 22.7144 28.5321 2.5
      vertex 23 28.732 1.1
      vertex 22.7144 28.5321 1.1
    endloop
  endfacet
  facet normal -0.422728 -0.906256 0
    outer loop
      vertex 23 20.268 1.1
      vertex 23.316 20.1206 2.5
      vertex 23 20.268 2.5
    endloop
  endfacet
  facet normal -0.422728 -0.906256 -0
    outer loop
      vertex 23.316 20.1206 2.5
      vertex 23 20.268 1.1
      vertex 23.316 20.1206 1.1
    endloop
  endfacet
  facet normal -0.707107 -0.707107 -2.46774e-18
    outer loop
      vertex 22.7144 20.4679 1.1
      vertex 22.4679 20.7144 2.5
      vertex 22.4679 20.7144 1.1
    endloop
  endfacet
  facet normal -0.707107 -0.707107 -2.46774e-18
    outer loop
      vertex 22.4679 20.7144 2.5
      vertex 22.7144 20.4679 1.1
      vertex 22.7144 20.4679 2.5
    endloop
  endfacet
  facet normal -0.422728 0.906256 0
    outer loop
      vertex 23.316 28.8794 1.1
      vertex 23 28.732 2.5
      vertex 23.316 28.8794 2.5
    endloop
  endfacet
  facet normal -0.422728 0.906256 0
    outer loop
      vertex 23 28.732 2.5
      vertex 23.316 28.8794 1.1
      vertex 23 28.732 1.1
    endloop
  endfacet
  facet normal 0.422728 -0.906256 0
    outer loop
      vertex 34.684 20.1206 1.1
      vertex 35 20.268 2.5
      vertex 34.684 20.1206 2.5
    endloop
  endfacet
  facet normal 0.422728 -0.906256 0
    outer loop
      vertex 35 20.268 2.5
      vertex 34.684 20.1206 1.1
      vertex 35 20.268 1.1
    endloop
  endfacet
  facet normal -0.819259 0.573424 1.72693e-18
    outer loop
      vertex 22.268 28 1.1
      vertex 22.4679 28.2856 2.5
      vertex 22.4679 28.2856 1.1
    endloop
  endfacet
  facet normal -0.819259 0.573424 1.72693e-18
    outer loop
      vertex 22.4679 28.2856 2.5
      vertex 22.268 28 1.1
      vertex 22.268 28 2.5
    endloop
  endfacet
  facet normal 0 0 1
    outer loop
      vertex 36 27 2.5
      vertex 31.9544 25.0209 2.5
      vertex 32 24.5 2.5
    endloop
  endfacet
  facet normal 0 0 1
    outer loop
      vertex 36 27 2.5
      vertex 31.8191 25.5261 2.5
      vertex 31.9544 25.0209 2.5
    endloop
  endfacet
  facet normal 0 0 1
    outer loop
      vertex 36 27 2.5
      vertex 31.5981 26 2.5
      vertex 31.8191 25.5261 2.5
    endloop
  endfacet
  facet normal 0 0 1
    outer loop
      vertex 34 29 2.5
      vertex 31.2981 26.4284 2.5
      vertex 31.5981 26 2.5
    endloop
  endfacet
  facet normal 0 0 1
    outer loop
      vertex 34 29 2.5
      vertex 30.9284 26.7981 2.5
      vertex 31.2981 26.4284 2.5
    endloop
  endfacet
  facet normal 0 0 1
    outer loop
      vertex 34 29 2.5
      vertex 30.5 27.0981 2.5
      vertex 30.9284 26.7981 2.5
    endloop
  endfacet
  facet normal 0 0 1
    outer loop
      vertex 34 29 2.5
      vertex 30.0261 27.3191 2.5
      vertex 30.5 27.0981 2.5
    endloop
  endfacet
  facet normal 0 0 1
    outer loop
      vertex 34 29 2.5
      vertex 29.5209 27.4544 2.5
      vertex 30.0261 27.3191 2.5
    endloop
  endfacet
  facet normal 0 0 1
    outer loop
      vertex 34 29 2.5
      vertex 29 27.5 2.5
      vertex 29.5209 27.4544 2.5
    endloop
  endfacet
  facet normal -0 0 1
    outer loop
      vertex 24 29 2.5
      vertex 29 27.5 2.5
      vertex 34 29 2.5
    endloop
  endfacet
  facet normal 0 0 1
    outer loop
      vertex 29 27.5 2.5
      vertex 24 29 2.5
      vertex 28.4791 27.4544 2.5
    endloop
  endfacet
  facet normal 0 0 1
    outer loop
      vertex 26.1809 25.5261 2.5
      vertex 22 27 2.5
      vertex 26.0456 25.0209 2.5
    endloop
  endfacet
  facet normal 0 0 1
    outer loop
      vertex 26.4019 26 2.5
      vertex 22 27 2.5
      vertex 26.1809 25.5261 2.5
    endloop
  endfacet
  facet normal -0 0 1
    outer loop
      vertex 22 27 2.5
      vertex 26.4019 26 2.5
      vertex 24 29 2.5
    endloop
  endfacet
  facet normal 0 0 1
    outer loop
      vertex 26.7019 26.4284 2.5
      vertex 24 29 2.5
      vertex 26.4019 26 2.5
    endloop
  endfacet
  facet normal 0 0 1
    outer loop
      vertex 27.0716 26.7981 2.5
      vertex 24 29 2.5
      vertex 26.7019 26.4284 2.5
    endloop
  endfacet
  facet normal 0 0 1
    outer loop
      vertex 27.5 27.0981 2.5
      vertex 24 29 2.5
      vertex 27.0716 26.7981 2.5
    endloop
  endfacet
  facet normal 0 0 1
    outer loop
      vertex 27.9739 27.3191 2.5
      vertex 24 29 2.5
      vertex 27.5 27.0981 2.5
    endloop
  endfacet
  facet normal 0 0 1
    outer loop
      vertex 28.4791 27.4544 2.5
      vertex 24 29 2.5
      vertex 27.9739 27.3191 2.5
    endloop
  endfacet
  facet normal 0 0 1
    outer loop
      vertex 34 29 2.5
      vertex 36 27 2.5
      vertex 35.9696 27.3473 2.5
    endloop
  endfacet
  facet normal 0 0 1
    outer loop
      vertex 34 29 2.5
      vertex 35.9696 27.3473 2.5
      vertex 35.8794 27.684 2.5
    endloop
  endfacet
  facet normal 0 0 1
    outer loop
      vertex 34 29 2.5
      vertex 35.8794 27.684 2.5
      vertex 35.732 28 2.5
    endloop
  endfacet
  facet normal 0 0 1
    outer loop
      vertex 34 29 2.5
      vertex 35.732 28 2.5
      vertex 35.5321 28.2856 2.5
    endloop
  endfacet
  facet normal 0 0 1
    outer loop
      vertex 34 29 2.5
      vertex 35.5321 28.2856 2.5
      vertex 35.2856 28.5321 2.5
    endloop
  endfacet
  facet normal 0 0 1
    outer loop
      vertex 34 29 2.5
      vertex 35.2856 28.5321 2.5
      vertex 35 28.732 2.5
    endloop
  endfacet
  facet normal 0 0 1
    outer loop
      vertex 34 29 2.5
      vertex 35 28.732 2.5
      vertex 34.684 28.8794 2.5
    endloop
  endfacet
  facet normal 0 0 1
    outer loop
      vertex 34 29 2.5
      vertex 34.684 28.8794 2.5
      vertex 34.3473 28.9696 2.5
    endloop
  endfacet
  facet normal 0 0 1
    outer loop
      vertex 31.5981 26 2.5
      vertex 36 27 2.5
      vertex 34 29 2.5
    endloop
  endfacet
  facet normal 0 0 1
    outer loop
      vertex 36 27 2.5
      vertex 32 24.5 2.5
      vertex 36 22.6 2.5
    endloop
  endfacet
  facet normal -0 0 1
    outer loop
      vertex 31.9544 23.9791 2.5
      vertex 36 22.6 2.5
      vertex 32 24.5 2.5
    endloop
  endfacet
  facet normal -0 0 1
    outer loop
      vertex 31.8191 23.4739 2.5
      vertex 36 22.6 2.5
      vertex 31.9544 23.9791 2.5
    endloop
  endfacet
  facet normal -0 0 1
    outer loop
      vertex 31.5981 23 2.5
      vertex 36 22.6 2.5
      vertex 31.8191 23.4739 2.5
    endloop
  endfacet
  facet normal 0 0 1
    outer loop
      vertex 36 22.6 2.5
      vertex 31.5981 23 2.5
      vertex 31.318 22.6 2.5
    endloop
  endfacet
  facet normal 0 0 1
    outer loop
      vertex 26.0456 25.0209 2.5
      vertex 22 27 2.5
      vertex 26 24.5 2.5
    endloop
  endfacet
  facet normal 0 0 1
    outer loop
      vertex 22 22.6 2.5
      vertex 26 24.5 2.5
      vertex 22 27 2.5
    endloop
  endfacet
  facet normal 0 0 1
    outer loop
      vertex 22 27 2.5
      vertex 24 29 2.5
      vertex 23.6527 28.9696 2.5
    endloop
  endfacet
  facet normal 0 0 1
    outer loop
      vertex 22 27 2.5
      vertex 23.6527 28.9696 2.5
      vertex 23.316 28.8794 2.5
    endloop
  endfacet
  facet normal 0 0 1
    outer loop
      vertex 26 24.5 2.5
      vertex 22 22.6 2.5
      vertex 26.0456 23.9791 2.5
    endloop
  endfacet
  facet normal 0 0 1
    outer loop
      vertex 22 27 2.5
      vertex 23.316 28.8794 2.5
      vertex 23 28.732 2.5
    endloop
  endfacet
  facet normal 0 0 1
    outer loop
      vertex 22 27 2.5
      vertex 23 28.732 2.5
      vertex 22.7144 28.5321 2.5
    endloop
  endfacet
  facet normal 0 0 1
    outer loop
      vertex 22 27 2.5
      vertex 22.7144 28.5321 2.5
      vertex 22.4679 28.2856 2.5
    endloop
  endfacet
  facet normal 0 0 1
    outer loop
      vertex 26.0456 23.9791 2.5
      vertex 22 22.6 2.5
      vertex 26.1809 23.4739 2.5
    endloop
  endfacet
  facet normal 0 0 1
    outer loop
      vertex 22 27 2.5
      vertex 22.4679 28.2856 2.5
      vertex 22.268 28 2.5
    endloop
  endfacet
  facet normal 0 0 1
    outer loop
      vertex 22 27 2.5
      vertex 22.268 28 2.5
      vertex 22.1206 27.684 2.5
    endloop
  endfacet
  facet normal 0 0 1
    outer loop
      vertex 22 27 2.5
      vertex 22.1206 27.684 2.5
      vertex 22.0304 27.3473 2.5
    endloop
  endfacet
  facet normal 0 0 1
    outer loop
      vertex 26.1809 23.4739 2.5
      vertex 22 22.6 2.5
      vertex 26.4019 23 2.5
    endloop
  endfacet
  facet normal 0 0 1
    outer loop
      vertex 26.4019 23 2.5
      vertex 22 22.6 2.5
      vertex 26.682 22.6 2.5
    endloop
  endfacet
  facet normal 0 0 1
    outer loop
      vertex 35.732 21 2.5
      vertex 35.2856 20.4679 2.5
      vertex 35.5321 20.7144 2.5
    endloop
  endfacet
  facet normal 0 0 1
    outer loop
      vertex 35.732 21 2.5
      vertex 35 20.268 2.5
      vertex 35.2856 20.4679 2.5
    endloop
  endfacet
  facet normal 0 0 1
    outer loop
      vertex 35.732 21 2.5
      vertex 34.684 20.1206 2.5
      vertex 35 20.268 2.5
    endloop
  endfacet
  facet normal 0 0 1
    outer loop
      vertex 35.732 21 2.5
      vertex 34.3473 20.0304 2.5
      vertex 34.684 20.1206 2.5
    endloop
  endfacet
  facet normal 0 0 1
    outer loop
      vertex 35.732 21 2.5
      vertex 34 20 2.5
      vertex 34.3473 20.0304 2.5
    endloop
  endfacet
  facet normal 0 0 1
    outer loop
      vertex 35.732 21 2.5
      vertex 24 20 2.5
      vertex 34 20 2.5
    endloop
  endfacet
  facet normal -0 0 1
    outer loop
      vertex 22.268 21 2.5
      vertex 24 20 2.5
      vertex 35.732 21 2.5
    endloop
  endfacet
  facet normal 0 0 1
    outer loop
      vertex 24 20 2.5
      vertex 22.268 21 2.5
      vertex 23.6527 20.0304 2.5
    endloop
  endfacet
  facet normal 0 0 1
    outer loop
      vertex 23.6527 20.0304 2.5
      vertex 22.268 21 2.5
      vertex 23.316 20.1206 2.5
    endloop
  endfacet
  facet normal 0 0 1
    outer loop
      vertex 23.316 20.1206 2.5
      vertex 22.268 21 2.5
      vertex 23 20.268 2.5
    endloop
  endfacet
  facet normal 0 0 1
    outer loop
      vertex 23 20.268 2.5
      vertex 22.268 21 2.5
      vertex 22.7144 20.4679 2.5
    endloop
  endfacet
  facet normal 0 0 1
    outer loop
      vertex 22.7144 20.4679 2.5
      vertex 22.268 21 2.5
      vertex 22.4679 20.7144 2.5
    endloop
  endfacet
  facet normal 0 0 1
    outer loop
      vertex 30.3541 24.7388 2.5
      vertex 30.3541 24.2612 2.5
      vertex 30.375 24.5 2.5
    endloop
  endfacet
  facet normal 0 0 1
    outer loop
      vertex 30.2921 24.9703 2.5
      vertex 30.3541 24.2612 2.5
      vertex 30.3541 24.7388 2.5
    endloop
  endfacet
  facet normal 0 0 1
    outer loop
      vertex 30.2921 24.9703 2.5
      vertex 30.2921 24.0297 2.5
      vertex 30.3541 24.2612 2.5
    endloop
  endfacet
  facet normal 0 0 1
    outer loop
      vertex 30.1908 25.1875 2.5
      vertex 30.2921 24.0297 2.5
      vertex 30.2921 24.9703 2.5
    endloop
  endfacet
  facet normal 0 0 1
    outer loop
      vertex 30.1908 25.1875 2.5
      vertex 30.1908 23.8125 2.5
      vertex 30.2921 24.0297 2.5
    endloop
  endfacet
  facet normal 0 0 1
    outer loop
      vertex 30.0533 25.3838 2.5
      vertex 30.1908 23.8125 2.5
      vertex 30.1908 25.1875 2.5
    endloop
  endfacet
  facet normal 0 0 1
    outer loop
      vertex 30.0533 25.3838 2.5
      vertex 30.0533 23.6162 2.5
      vertex 30.1908 23.8125 2.5
    endloop
  endfacet
  facet normal 0 0 1
    outer loop
      vertex 29.8838 25.5533 2.5
      vertex 30.0533 23.6162 2.5
      vertex 30.0533 25.3838 2.5
    endloop
  endfacet
  facet normal 0 0 1
    outer loop
      vertex 29.8838 25.5533 2.5
      vertex 29.8838 23.4467 2.5
      vertex 30.0533 23.6162 2.5
    endloop
  endfacet
  facet normal 0 0 1
    outer loop
      vertex 29.6875 25.6908 2.5
      vertex 29.8838 23.4467 2.5
      vertex 29.8838 25.5533 2.5
    endloop
  endfacet
  facet normal 0 0 1
    outer loop
      vertex 29.6875 25.6908 2.5
      vertex 29.6875 23.3092 2.5
      vertex 29.8838 23.4467 2.5
    endloop
  endfacet
  facet normal 0 0 1
    outer loop
      vertex 29.4703 25.7921 2.5
      vertex 29.6875 23.3092 2.5
      vertex 29.6875 25.6908 2.5
    endloop
  endfacet
  facet normal 0 0 1
    outer loop
      vertex 29.4703 25.7921 2.5
      vertex 29.4703 23.2079 2.5
      vertex 29.6875 23.3092 2.5
    endloop
  endfacet
  facet normal 0 0 1
    outer loop
      vertex 29.2388 25.8541 2.5
      vertex 29.4703 23.2079 2.5
      vertex 29.4703 25.7921 2.5
    endloop
  endfacet
  facet normal 0 0 1
    outer loop
      vertex 29.2388 25.8541 2.5
      vertex 29.2388 23.1459 2.5
      vertex 29.4703 23.2079 2.5
    endloop
  endfacet
  facet normal 0 0 1
    outer loop
      vertex 29 25.875 2.5
      vertex 29.2388 23.1459 2.5
      vertex 29.2388 25.8541 2.5
    endloop
  endfacet
  facet normal 0 0 1
    outer loop
      vertex 29 25.875 2.5
      vertex 29 23.125 2.5
      vertex 29.2388 23.1459 2.5
    endloop
  endfacet
  facet normal -0 0 1
    outer loop
      vertex 28.7612 25.8541 2.5
      vertex 29 23.125 2.5
      vertex 29 25.875 2.5
    endloop
  endfacet
  facet normal 0 0 1
    outer loop
      vertex 28.7612 25.8541 2.5
      vertex 28.7612 23.1459 2.5
      vertex 29 23.125 2.5
    endloop
  endfacet
  facet normal -0 0 1
    outer loop
      vertex 28.5297 25.7921 2.5
      vertex 28.7612 23.1459 2.5
      vertex 28.7612 25.8541 2.5
    endloop
  endfacet
  facet normal 0 0 1
    outer loop
      vertex 28.5297 25.7921 2.5
      vertex 28.5297 23.2079 2.5
      vertex 28.7612 23.1459 2.5
    endloop
  endfacet
  facet normal -0 0 1
    outer loop
      vertex 28.3125 25.6908 2.5
      vertex 28.5297 23.2079 2.5
      vertex 28.5297 25.7921 2.5
    endloop
  endfacet
  facet normal 0 0 1
    outer loop
      vertex 28.3125 25.6908 2.5
      vertex 28.3125 23.3092 2.5
      vertex 28.5297 23.2079 2.5
    endloop
  endfacet
  facet normal -0 0 1
    outer loop
      vertex 28.1162 25.5533 2.5
      vertex 28.3125 23.3092 2.5
      vertex 28.3125 25.6908 2.5
    endloop
  endfacet
  facet normal 0 0 1
    outer loop
      vertex 28.1162 25.5533 2.5
      vertex 28.1162 23.4467 2.5
      vertex 28.3125 23.3092 2.5
    endloop
  endfacet
  facet normal -0 0 1
    outer loop
      vertex 27.9467 25.3838 2.5
      vertex 28.1162 23.4467 2.5
      vertex 28.1162 25.5533 2.5
    endloop
  endfacet
  facet normal 0 0 1
    outer loop
      vertex 27.9467 25.3838 2.5
      vertex 27.9467 23.6162 2.5
      vertex 28.1162 23.4467 2.5
    endloop
  endfacet
  facet normal -0 0 1
    outer loop
      vertex 27.8092 25.1875 2.5
      vertex 27.9467 23.6162 2.5
      vertex 27.9467 25.3838 2.5
    endloop
  endfacet
  facet normal 0 0 1
    outer loop
      vertex 27.8092 25.1875 2.5
      vertex 27.8092 23.8125 2.5
      vertex 27.9467 23.6162 2.5
    endloop
  endfacet
  facet normal -0 0 1
    outer loop
      vertex 27.7079 24.9703 2.5
      vertex 27.8092 23.8125 2.5
      vertex 27.8092 25.1875 2.5
    endloop
  endfacet
  facet normal 0 0 1
    outer loop
      vertex 27.7079 24.9703 2.5
      vertex 27.7079 24.0297 2.5
      vertex 27.8092 23.8125 2.5
    endloop
  endfacet
  facet normal -0 0 1
    outer loop
      vertex 27.6459 24.7388 2.5
      vertex 27.7079 24.0297 2.5
      vertex 27.7079 24.9703 2.5
    endloop
  endfacet
  facet normal 0 0 1
    outer loop
      vertex 27.6459 24.7388 2.5
      vertex 27.6459 24.2612 2.5
      vertex 27.7079 24.0297 2.5
    endloop
  endfacet
  facet normal 0 -0 1
    outer loop
      vertex 27.6459 24.2612 2.5
      vertex 27.6459 24.7388 2.5
      vertex 27.625 24.5 2.5
    endloop
  endfacet
  facet normal -0.25877 -0.965939 0
    outer loop
      vertex 23.316 20.1206 1.1
      vertex 23.6527 20.0304 2.5
      vertex 23.316 20.1206 2.5
    endloop
  endfacet
  facet normal -0.25877 -0.965939 -0
    outer loop
      vertex 23.6527 20.0304 2.5
      vertex 23.316 20.1206 1.1
      vertex 23.6527 20.0304 1.1
    endloop
  endfacet
  facet normal 1 -0 0
    outer loop
      vertex 36 -31 32.5
      vertex 36 -29 1.1
      vertex 36 -29 32.5
    endloop
  endfacet
  facet normal 1 0 0
    outer loop
      vertex 36 -29 1.1
      vertex 36 -31 32.5
      vertex 36 -31 1.1
    endloop
  endfacet
  facet normal -0 0 1
    outer loop
      vertex -36 -29 32.5
      vertex 36 -31 32.5
      vertex 36 -29 32.5
    endloop
  endfacet
  facet normal 0 0 1
    outer loop
      vertex 36 -31 32.5
      vertex -36 -29 32.5
      vertex -36 -31 32.5
    endloop
  endfacet
  facet normal -1 0 0
    outer loop
      vertex -36 -31 1.1
      vertex -36 -29 32.5
      vertex -36 -29 1.1
    endloop
  endfacet
  facet normal -1 -0 0
    outer loop
      vertex -36 -29 32.5
      vertex -36 -31 1.1
      vertex -36 -31 32.5
    endloop
  endfacet
  facet normal 0 -1 0
    outer loop
      vertex -36 -31 1.1
      vertex 36 -31 32.5
      vertex -36 -31 32.5
    endloop
  endfacet
  facet normal 0 -1 -0
    outer loop
      vertex 36 -31 32.5
      vertex -36 -31 1.1
      vertex 36 -31 1.1
    endloop
  endfacet
  facet normal 1 -0 0
    outer loop
      vertex 36 29 32.5
      vertex 36 31 1.1
      vertex 36 31 32.5
    endloop
  endfacet
  facet normal 1 0 0
    outer loop
      vertex 36 31 1.1
      vertex 36 29 32.5
      vertex 36 29 1.1
    endloop
  endfacet
  facet normal -0 0 1
    outer loop
      vertex -36 31 32.5
      vertex 36 29 32.5
      vertex 36 31 32.5
    endloop
  endfacet
  facet normal 0 0 1
    outer loop
      vertex 36 29 32.5
      vertex -36 31 32.5
      vertex -36 29 32.5
    endloop
  endfacet
  facet normal -1 0 0
    outer loop
      vertex -36 29 1.1
      vertex -36 31 32.5
      vertex -36 31 1.1
    endloop
  endfacet
  facet normal -1 -0 0
    outer loop
      vertex -36 31 32.5
      vertex -36 29 1.1
      vertex -36 29 32.5
    endloop
  endfacet
  facet normal 0 1 -0
    outer loop
      vertex 36 31 1.1
      vertex -36 31 32.5
      vertex 36 31 32.5
    endloop
  endfacet
  facet normal 0 1 0
    outer loop
      vertex -36 31 32.5
      vertex 36 31 1.1
      vertex -36 31 1.1
    endloop
  endfacet
  facet normal 0.207992 -4.45739e-19 0.978131
    outer loop
      vertex 45.6438 -10 27.3741
      vertex 46.4 -14 27.2133
      vertex 46.4 -10 27.2133
    endloop
  endfacet
  facet normal 0.207992 -4.45739e-19 0.978131
    outer loop
      vertex 46.4 -14 27.2133
      vertex 45.6438 -10 27.3741
      vertex 45.6438 -14 27.3741
    endloop
  endfacet
  facet normal -0.978151 0 0.207898
    outer loop
      vertex 44.6043 -14 22.4833
      vertex 45.6438 -10 27.3741
      vertex 44.6043 -10 22.4833
    endloop
  endfacet
  facet normal -0.978151 0 0.207898
    outer loop
      vertex 45.6438 -10 27.3741
      vertex 44.6043 -14 22.4833
      vertex 45.6438 -14 27.3741
    endloop
  endfacet
  facet normal -0.207918 -5.38928e-18 -0.978146
    outer loop
      vertex 44.6043 -14 22.4833
      vertex 46.4 -10 22.1016
      vertex 46.4 -14 22.1016
    endloop
  endfacet
  facet normal -0.207918 -5.38928e-18 -0.978146
    outer loop
      vertex 46.4 -10 22.1016
      vertex 44.6043 -14 22.4833
      vertex 44.6043 -10 22.4833
    endloop
  endfacet
  facet normal 0 -1 0
    outer loop
      vertex 44.6043 -14 22.4833
      vertex 46.4 -14 27.2133
      vertex 45.6438 -14 27.3741
    endloop
  endfacet
  facet normal 0 -1 -0
    outer loop
      vertex 46.4 -14 27.2133
      vertex 44.6043 -14 22.4833
      vertex 46.4 -14 22.1016
    endloop
  endfacet
  facet normal 0 -1 0
    outer loop
      vertex 46.4 -14 27.2133
      vertex 46.4 -14 22.1016
      vertex 49.6 -14 25.8599
    endloop
  endfacet
  facet normal 0 -1 0
    outer loop
      vertex 49.6 -14 1.1
      vertex 46.4 -14 22.1016
      vertex 46.4 -14 1.1
    endloop
  endfacet
  facet normal 0 -1 0
    outer loop
      vertex 46.4 -14 22.1016
      vertex 49.6 -14 1.1
      vertex 49.6 -14 25.8599
    endloop
  endfacet
  facet normal 0 -1 0
    outer loop
      vertex 46.4 -14 30.1
      vertex 46.4 -14 27.2133
      vertex 48.0622 -14 30.1
    endloop
  endfacet
  facet normal 0 -1 0
    outer loop
      vertex 48.0622 -14 30.1
      vertex 56.3035 -14 52.0382
      vertex 52.88 -14 52.7659
    endloop
  endfacet
  facet normal 0 -1 0
    outer loop
      vertex 49.6 -14 25.8599
      vertex 48.0622 -14 30.1
      vertex 46.4 -14 27.2133
    endloop
  endfacet
  facet normal 0 -1 0
    outer loop
      vertex 50.6899 -14 25.6282
      vertex 48.0622 -14 30.1
      vertex 49.6 -14 25.8599
    endloop
  endfacet
  facet normal 0 -1 0
    outer loop
      vertex 48.0622 -14 30.1
      vertex 50.6899 -14 25.6282
      vertex 56.3035 -14 52.0382
    endloop
  endfacet
  facet normal 0 1 0
    outer loop
      vertex 46.4 -10 27.2133
      vertex 44.6043 -10 22.4833
      vertex 45.6438 -10 27.3741
    endloop
  endfacet
  facet normal -0 1 0
    outer loop
      vertex 44.6043 -10 22.4833
      vertex 46.4 -10 27.2133
      vertex 46.4 -10 22.1016
    endloop
  endfacet
  facet normal 0.207992 -4.45739e-19 0.978131
    outer loop
      vertex 45.6438 14 27.3741
      vertex 46.4 10 27.2133
      vertex 46.4 14 27.2133
    endloop
  endfacet
  facet normal 0.207992 -4.45739e-19 0.978131
    outer loop
      vertex 46.4 10 27.2133
      vertex 45.6438 14 27.3741
      vertex 45.6438 10 27.3741
    endloop
  endfacet
  facet normal -0.978151 0 0.207898
    outer loop
      vertex 44.6043 10 22.4833
      vertex 45.6438 14 27.3741
      vertex 44.6043 14 22.4833
    endloop
  endfacet
  facet normal -0.978151 0 0.207898
    outer loop
      vertex 45.6438 14 27.3741
      vertex 44.6043 10 22.4833
      vertex 45.6438 10 27.3741
    endloop
  endfacet
  facet normal 0 1 0
    outer loop
      vertex 56.3035 14 52.0382
      vertex 48.0622 14 30.1
      vertex 52.88 14 52.7659
    endloop
  endfacet
  facet normal 0 1 0
    outer loop
      vertex 48.0622 14 30.1
      vertex 46.4 14 27.2133
      vertex 46.4 14 30.1
    endloop
  endfacet
  facet normal 0 1 0
    outer loop
      vertex 48.0622 14 30.1
      vertex 49.6 14 25.8599
      vertex 46.4 14 27.2133
    endloop
  endfacet
  facet normal 0 1 -0
    outer loop
      vertex 50.6899 14 25.6282
      vertex 48.0622 14 30.1
      vertex 56.3035 14 52.0382
    endloop
  endfacet
  facet normal 0 1 0
    outer loop
      vertex 48.0622 14 30.1
      vertex 50.6899 14 25.6282
      vertex 49.6 14 25.8599
    endloop
  endfacet
  facet normal 0 1 0
    outer loop
      vertex 46.4 14 22.1016
      vertex 46.4 14 27.2133
      vertex 49.6 14 25.8599
    endloop
  endfacet
  facet normal -0 1 0
    outer loop
      vertex 44.6043 14 22.4833
      vertex 46.4 14 27.2133
      vertex 46.4 14 22.1016
    endloop
  endfacet
  facet normal 0 1 0
    outer loop
      vertex 46.4 14 27.2133
      vertex 44.6043 14 22.4833
      vertex 45.6438 14 27.3741
    endloop
  endfacet
  facet normal 0 1 -0
    outer loop
      vertex 49.6 14 1.1
      vertex 46.4 14 22.1016
      vertex 49.6 14 25.8599
    endloop
  endfacet
  facet normal 0 1 0
    outer loop
      vertex 46.4 14 22.1016
      vertex 49.6 14 1.1
      vertex 46.4 14 1.1
    endloop
  endfacet
  facet normal -0.207918 -5.38928e-18 -0.978146
    outer loop
      vertex 44.6043 10 22.4833
      vertex 46.4 14 22.1016
      vertex 46.4 10 22.1016
    endloop
  endfacet
  facet normal -0.207918 -5.38928e-18 -0.978146
    outer loop
      vertex 46.4 14 22.1016
      vertex 44.6043 10 22.4833
      vertex 44.6043 14 22.4833
    endloop
  endfacet
  facet normal 0 -1 0
    outer loop
      vertex 44.6043 10 22.4833
      vertex 46.4 10 27.2133
      vertex 45.6438 10 27.3741
    endloop
  endfacet
  facet normal 0 -1 -0
    outer loop
      vertex 46.4 10 27.2133
      vertex 44.6043 10 22.4833
      vertex 46.4 10 22.1016
    endloop
  endfacet
  facet normal 0 1 -0
    outer loop
      vertex 51.0018 -12.5 27.0955
      vertex 49.6 -12.5 30.1
      vertex 56.3035 -12.5 52.0382
    endloop
  endfacet
  facet normal 0 1 0
    outer loop
      vertex 49.6 -12.5 30.1
      vertex 51.0018 -12.5 27.0955
      vertex 49.6 -12.5 27.3934
    endloop
  endfacet
  facet normal 0 1 0
    outer loop
      vertex 49.6 -12.5 30.1
      vertex 54.3472 -12.5 52.4541
      vertex 56.3035 -12.5 52.0382
    endloop
  endfacet
  facet normal 0 1 0
    outer loop
      vertex 54.3472 -12.5 52.4541
      vertex 49.6 -12.5 30.1
      vertex 49.5957 -12.5 30.1
    endloop
  endfacet
  facet normal 0.207948 0 0.97814
    outer loop
      vertex 56.3035 14 52.0382
      vertex 54.3472 12.5 52.4541
      vertex 56.3035 12.5 52.0382
    endloop
  endfacet
  facet normal 0.207872 0 0.978156
    outer loop
      vertex 54.3472 12.5 52.4541
      vertex 52.88 14 52.7659
      vertex 54.3472 -12.5 52.4541
    endloop
  endfacet
  facet normal 0.207915 4.45983e-05 0.978147
    outer loop
      vertex 52.88 14 52.7659
      vertex 54.3472 12.5 52.4541
      vertex 56.3035 14 52.0382
    endloop
  endfacet
  facet normal 0.207948 3.4479e-18 0.97814
    outer loop
      vertex 54.3472 -12.5 52.4541
      vertex 56.3035 -14 52.0382
      vertex 56.3035 -12.5 52.0382
    endloop
  endfacet
  facet normal 0.207915 -4.45983e-05 0.978147
    outer loop
      vertex 54.3472 -12.5 52.4541
      vertex 52.88 -14 52.7659
      vertex 56.3035 -14 52.0382
    endloop
  endfacet
  facet normal 0.207872 -0 0.978156
    outer loop
      vertex 52.88 -14 52.7659
      vertex 54.3472 -12.5 52.4541
      vertex 52.88 14 52.7659
    endloop
  endfacet
  facet normal -0.207941 8.50451e-19 -0.978141
    outer loop
      vertex 49.6 -14 25.8599
      vertex 50.6899 14 25.6282
      vertex 50.6899 -14 25.6282
    endloop
  endfacet
  facet normal -0.207941 8.50451e-19 -0.978141
    outer loop
      vertex 50.6899 14 25.6282
      vertex 49.6 -14 25.8599
      vertex 49.6 14 25.8599
    endloop
  endfacet
  facet normal -0.978174 0.000141739 0.207786
    outer loop
      vertex 48.8881 -9.54737 33.9855
      vertex 49.8549 -5.27043 38.5339
      vertex 48.852 -9.46634 33.8155
    endloop
  endfacet
  facet normal -0.978173 -0.000145571 0.20779
    outer loop
      vertex 50.2915 -5.27043 40.588
      vertex 51.3329 -9.41671 45.4875
      vertex 51.3726 -9.4 45.6744
    endloop
  endfacet
  facet normal -0.97811 -0.000196269 0.20809
    outer loop
      vertex 48.9208 -9.65735 34.1391
      vertex 49.8549 -5.27043 38.5339
      vertex 48.8881 -9.54737 33.9855
    endloop
  endfacet
  facet normal -0.97816 -6.97669e-05 0.207851
    outer loop
      vertex 50.2915 -5.27043 40.588
      vertex 51.2944 -9.46634 45.3063
      vertex 51.3329 -9.41671 45.4875
    endloop
  endfacet
  facet normal -0.978212 0.000305521 0.207611
    outer loop
      vertex 48.9489 -9.79293 34.2717
      vertex 49.8549 -5.27043 38.5339
      vertex 48.9208 -9.65735 34.1391
    endloop
  endfacet
  facet normal -0.978158 -5.54452e-05 0.207863
    outer loop
      vertex 50.2915 -5.27043 40.588
      vertex 51.2583 -9.54737 45.1364
      vertex 51.2944 -9.46634 45.3063
    endloop
  endfacet
  facet normal -0.978124 -0.000100496 0.208023
    outer loop
      vertex 48.9718 -9.95 34.3793
      vertex 49.8549 -5.27043 38.5339
      vertex 48.9489 -9.79293 34.2717
    endloop
  endfacet
  facet normal -0.978125 0.000114509 0.208016
    outer loop
      vertex 50.2915 -5.27043 40.588
      vertex 51.2256 -9.65735 44.9827
      vertex 51.2583 -9.54737 45.1364
    endloop
  endfacet
  facet normal -0.978109 -0.00016366 0.208091
    outer loop
      vertex 48.9887 -10.1238 34.4586
      vertex 49.8549 -5.27043 38.5339
      vertex 48.9718 -9.95 34.3793
    endloop
  endfacet
  facet normal -0.978137 5.7216e-05 0.207962
    outer loop
      vertex 50.2915 -5.27043 40.588
      vertex 51.1974 -9.79293 44.8501
      vertex 51.2256 -9.65735 44.9827
    endloop
  endfacet
  facet normal -0.978158 3.46853e-05 0.207865
    outer loop
      vertex 48.999 -10.309 34.5071
      vertex 49.8549 -5.27043 38.5339
      vertex 48.9887 -10.1238 34.4586
    endloop
  endfacet
  facet normal -0.978204 -0.000252964 0.207647
    outer loop
      vertex 50.2915 -5.27043 40.588
      vertex 51.1746 -9.95 44.7425
      vertex 51.1974 -9.79293 44.8501
    endloop
  endfacet
  facet normal -0.978132 -6.55035e-05 0.207985
    outer loop
      vertex 49.0025 -10.5 34.5235
      vertex 49.8549 -5.27043 38.5339
      vertex 48.999 -10.309 34.5071
    endloop
  endfacet
  facet normal -0.978091 0.000241266 0.208179
    outer loop
      vertex 50.2915 -5.27043 40.588
      vertex 51.1577 -10.1238 44.6633
      vertex 51.1746 -9.95 44.7425
    endloop
  endfacet
  facet normal -0.978149 -2.34929e-06 0.207906
    outer loop
      vertex 49.8549 -5.27043 38.5339
      vertex 49.0025 -10.5 34.5235
      vertex 50.2915 -5.27043 40.588
    endloop
  endfacet
  facet normal -0.978178 -0.000120201 0.207767
    outer loop
      vertex 50.2915 -5.27043 40.588
      vertex 51.1474 -10.309 44.6147
      vertex 51.1577 -10.1238 44.6633
    endloop
  endfacet
  facet normal -0.978149 4.78981e-07 0.207904
    outer loop
      vertex 51.1439 -10.5 44.5984
      vertex 50.2915 -5.27043 40.588
      vertex 49.0025 -10.5 34.5235
    endloop
  endfacet
  facet normal -0.978106 0.000163487 0.208107
    outer loop
      vertex 50.2915 -5.27043 40.588
      vertex 51.1439 -10.5 44.5984
      vertex 51.1474 -10.309 44.6147
    endloop
  endfacet
  facet normal -0.978149 7.27853e-05 0.207904
    outer loop
      vertex 48.999 -10.691 34.5071
      vertex 51.1439 -10.5 44.5984
      vertex 49.0025 -10.5 34.5235
    endloop
  endfacet
  facet normal -0.978148 -0.000181225 0.207908
    outer loop
      vertex 48.999 -10.691 34.5071
      vertex 51.1474 -10.691 44.6147
      vertex 51.1439 -10.5 44.5984
    endloop
  endfacet
  facet normal -0.978148 -4.65684e-05 0.207908
    outer loop
      vertex 48.9887 -10.8762 34.4586
      vertex 51.1474 -10.691 44.6147
      vertex 48.999 -10.691 34.5071
    endloop
  endfacet
  facet normal -0.978149 0.000157852 0.207905
    outer loop
      vertex 48.9887 -10.8762 34.4586
      vertex 51.1577 -10.8762 44.6633
      vertex 51.1474 -10.691 44.6147
    endloop
  endfacet
  facet normal -0.978149 0.000252444 0.207905
    outer loop
      vertex 48.9718 -11.05 34.3793
      vertex 51.1577 -10.8762 44.6633
      vertex 48.9887 -10.8762 34.4586
    endloop
  endfacet
  facet normal -0.978147 -0.000367293 0.207915
    outer loop
      vertex 48.9718 -11.05 34.3793
      vertex 51.1746 -11.05 44.7425
      vertex 51.1577 -10.8762 44.6633
    endloop
  endfacet
  facet normal -0.978147 0.000177838 0.207915
    outer loop
      vertex 48.9489 -11.2071 34.2717
      vertex 51.1746 -11.05 44.7425
      vertex 48.9718 -11.05 34.3793
    endloop
  endfacet
  facet normal -0.978148 0.000442073 0.207911
    outer loop
      vertex 48.9489 -11.2071 34.2717
      vertex 51.1974 -11.2071 44.8501
      vertex 51.1746 -11.05 44.7425
    endloop
  endfacet
  facet normal -0.978148 -0.000612845 0.207911
    outer loop
      vertex 48.9208 -11.3426 34.1391
      vertex 51.1974 -11.2071 44.8501
      vertex 48.9489 -11.2071 34.2717
    endloop
  endfacet
  facet normal -0.978149 -0.000115196 0.207905
    outer loop
      vertex 48.9208 -11.3426 34.1391
      vertex 51.2256 -11.3426 44.9827
      vertex 51.1974 -11.2071 44.8501
    endloop
  endfacet
  facet normal -0.978149 0.000466148 0.207905
    outer loop
      vertex 48.8881 -11.4526 33.9855
      vertex 51.2256 -11.3426 44.9827
      vertex 48.9208 -11.3426 34.1391
    endloop
  endfacet
  facet normal -0.978148 -0.000266897 0.207912
    outer loop
      vertex 48.8881 -11.4526 33.9855
      vertex 51.2583 -11.4526 45.1364
      vertex 51.2256 -11.3426 44.9827
    endloop
  endfacet
  facet normal -0.978147 -0.000418056 0.207912
    outer loop
      vertex 48.852 -11.5337 33.8155
      vertex 51.2583 -11.4526 45.1364
      vertex 48.8881 -11.4526 33.9855
    endloop
  endfacet
  facet normal -0.978148 0.000153119 0.207908
    outer loop
      vertex 48.852 -11.5337 33.8155
      vertex 51.2944 -11.5337 45.3063
      vertex 51.2583 -11.4526 45.1364
    endloop
  endfacet
  facet normal -0.978178 0.000242156 0.20777
    outer loop
      vertex 48.0622 -14 30.1
      vertex 48.852 -11.5337 33.8155
      vertex 48.8135 -11.5833 33.6343
    endloop
  endfacet
  facet normal -0.978148 2.40446e-05 0.207908
    outer loop
      vertex 48.852 -11.5337 33.8155
      vertex 48.0622 -14 30.1
      vertex 51.2944 -11.5337 45.3063
    endloop
  endfacet
  facet normal -0.978155 7.7596e-05 0.207877
    outer loop
      vertex 48.0622 -14 30.1
      vertex 48.8135 -11.5833 33.6343
      vertex 48.7738 -11.6 33.4475
    endloop
  endfacet
  facet normal -0.978154 0.000189006 0.207882
    outer loop
      vertex 51.2944 -11.5337 45.3063
      vertex 48.0622 -14 30.1
      vertex 51.3329 -11.5833 45.4875
    endloop
  endfacet
  facet normal -0.978178 -0.000242156 0.20777
    outer loop
      vertex 48.852 11.5337 33.8155
      vertex 48.0622 14 30.1
      vertex 48.8135 11.5833 33.6343
    endloop
  endfacet
  facet normal -0.978166 -0.000566041 0.207826
    outer loop
      vertex 48.0622 14 30.1
      vertex 51.3329 11.5833 45.4875
      vertex 51.3726 11.6 45.6744
    endloop
  endfacet
  facet normal -0.978148 -2.40446e-05 0.207908
    outer loop
      vertex 51.2944 11.5337 45.3063
      vertex 48.0622 14 30.1
      vertex 48.852 11.5337 33.8155
    endloop
  endfacet
  facet normal -0.978154 -0.000189006 0.207882
    outer loop
      vertex 48.0622 14 30.1
      vertex 51.2944 11.5337 45.3063
      vertex 51.3329 11.5833 45.4875
    endloop
  endfacet
  facet normal -0.978148 0.000409479 0.207908
    outer loop
      vertex 48.8881 11.4526 33.9855
      vertex 51.2944 11.5337 45.3063
      vertex 48.852 11.5337 33.8155
    endloop
  endfacet
  facet normal -0.978148 -0.000161691 0.207912
    outer loop
      vertex 48.8881 11.4526 33.9855
      vertex 51.2583 11.4526 45.1364
      vertex 51.2944 11.5337 45.3063
    endloop
  endfacet
  facet normal -0.978147 -0.000455908 0.207912
    outer loop
      vertex 48.9208 11.3426 34.1391
      vertex 51.2583 11.4526 45.1364
      vertex 48.8881 11.4526 33.9855
    endloop
  endfacet
  facet normal -0.978149 0.000277143 0.207905
    outer loop
      vertex 48.9208 11.3426 34.1391
      vertex 51.2256 11.3426 44.9827
      vertex 51.2583 11.4526 45.1364
    endloop
  endfacet
  facet normal -0.978149 0.000606685 0.207905
    outer loop
      vertex 48.9489 11.2071 34.2717
      vertex 51.2256 11.3426 44.9827
      vertex 48.9208 11.3426 34.1391
    endloop
  endfacet
  facet normal -0.978148 0.000109035 0.207911
    outer loop
      vertex 48.9489 11.2071 34.2717
      vertex 51.1974 11.2071 44.8501
      vertex 51.2256 11.3426 44.9827
    endloop
  endfacet
  facet normal -0.978148 -0.000180554 0.207911
    outer loop
      vertex 48.9718 11.05 34.3793
      vertex 51.1974 11.2071 44.8501
      vertex 48.9489 11.2071 34.2717
    endloop
  endfacet
  facet normal -0.978147 -0.000444788 0.207915
    outer loop
      vertex 48.9718 11.05 34.3793
      vertex 51.1746 11.05 44.7425
      vertex 51.1974 11.2071 44.8501
    endloop
  endfacet
  facet normal -0.978147 -0.000247664 0.207915
    outer loop
      vertex 48.9887 10.8762 34.4586
      vertex 51.1746 11.05 44.7425
      vertex 48.9718 11.05 34.3793
    endloop
  endfacet
  facet normal -0.978149 0.000372067 0.207905
    outer loop
      vertex 48.9887 10.8762 34.4586
      vertex 51.1577 10.8762 44.6633
      vertex 51.1746 11.05 44.7425
    endloop
  endfacet
  facet normal -0.978149 4.55922e-05 0.207905
    outer loop
      vertex 48.999 10.691 34.5071
      vertex 51.1577 10.8762 44.6633
      vertex 48.9887 10.8762 34.4586
    endloop
  endfacet
  facet normal -0.978148 -0.00015883 0.207908
    outer loop
      vertex 48.999 10.691 34.5071
      vertex 51.1474 10.691 44.6147
      vertex 51.1577 10.8762 44.6633
    endloop
  endfacet
  facet normal -0.978148 -7.23724e-05 0.207908
    outer loop
      vertex 49.0025 10.5 34.5235
      vertex 51.1474 10.691 44.6147
      vertex 48.999 10.691 34.5071
    endloop
  endfacet
  facet normal -0.978149 0.000181635 0.207904
    outer loop
      vertex 49.0025 10.5 34.5235
      vertex 51.1439 10.5 44.5984
      vertex 51.1474 10.691 44.6147
    endloop
  endfacet
  facet normal -0.978132 6.55035e-05 0.207985
    outer loop
      vertex 49.8549 5.27043 38.5339
      vertex 49.0025 10.5 34.5235
      vertex 48.999 10.309 34.5071
    endloop
  endfacet
  facet normal -0.978149 4.78981e-07 0.207904
    outer loop
      vertex 49.0025 10.5 34.5235
      vertex 49.8549 5.27043 38.5339
      vertex 51.1439 10.5 44.5984
    endloop
  endfacet
  facet normal -0.978158 -3.46853e-05 0.207865
    outer loop
      vertex 49.8549 5.27043 38.5339
      vertex 48.999 10.309 34.5071
      vertex 48.9887 10.1238 34.4586
    endloop
  endfacet
  facet normal -0.978149 -2.34929e-06 0.207906
    outer loop
      vertex 50.2915 5.27043 40.588
      vertex 51.1439 10.5 44.5984
      vertex 49.8549 5.27043 38.5339
    endloop
  endfacet
  facet normal -0.978109 0.00016366 0.208091
    outer loop
      vertex 49.8549 5.27043 38.5339
      vertex 48.9887 10.1238 34.4586
      vertex 48.9718 9.95 34.3793
    endloop
  endfacet
  facet normal -0.978106 -0.000163487 0.208107
    outer loop
      vertex 51.1439 10.5 44.5984
      vertex 50.2915 5.27043 40.588
      vertex 51.1474 10.309 44.6147
    endloop
  endfacet
  facet normal -0.978124 0.000100496 0.208023
    outer loop
      vertex 49.8549 5.27043 38.5339
      vertex 48.9718 9.95 34.3793
      vertex 48.9489 9.79293 34.2717
    endloop
  endfacet
  facet normal -0.978178 0.000120201 0.207767
    outer loop
      vertex 51.1474 10.309 44.6147
      vertex 50.2915 5.27043 40.588
      vertex 51.1577 10.1238 44.6633
    endloop
  endfacet
  facet normal -0.978212 -0.000305521 0.207611
    outer loop
      vertex 49.8549 5.27043 38.5339
      vertex 48.9489 9.79293 34.2717
      vertex 48.9208 9.65735 34.1391
    endloop
  endfacet
  facet normal -0.978091 -0.000241266 0.208179
    outer loop
      vertex 51.1577 10.1238 44.6633
      vertex 50.2915 5.27043 40.588
      vertex 51.1746 9.95 44.7425
    endloop
  endfacet
  facet normal -0.97811 0.000196269 0.20809
    outer loop
      vertex 49.8549 5.27043 38.5339
      vertex 48.9208 9.65735 34.1391
      vertex 48.8881 9.54737 33.9855
    endloop
  endfacet
  facet normal -0.978204 0.000252964 0.207647
    outer loop
      vertex 51.1746 9.95 44.7425
      vertex 50.2915 5.27043 40.588
      vertex 51.1974 9.79293 44.8501
    endloop
  endfacet
  facet normal -0.978174 -0.000141739 0.207786
    outer loop
      vertex 49.8549 5.27043 38.5339
      vertex 48.8881 9.54737 33.9855
      vertex 48.852 9.46634 33.8155
    endloop
  endfacet
  facet normal -0.978137 -5.7216e-05 0.207962
    outer loop
      vertex 51.1974 9.79293 44.8501
      vertex 50.2915 5.27043 40.588
      vertex 51.2256 9.65735 44.9827
    endloop
  endfacet
  facet normal -0.978161 -6.59797e-05 0.20785
    outer loop
      vertex 49.8549 5.27043 38.5339
      vertex 48.852 9.46634 33.8155
      vertex 48.8135 9.41671 33.6343
    endloop
  endfacet
  facet normal -0.978125 -0.000114509 0.208016
    outer loop
      vertex 51.2256 9.65735 44.9827
      vertex 50.2915 5.27043 40.588
      vertex 51.2583 9.54737 45.1364
    endloop
  endfacet
  facet normal -0.978153 -2.21581e-05 0.207886
    outer loop
      vertex 49.8549 5.27043 38.5339
      vertex 48.8135 9.41671 33.6343
      vertex 48.7738 9.4 33.4475
    endloop
  endfacet
  facet normal -0.978158 5.54452e-05 0.207863
    outer loop
      vertex 51.2583 9.54737 45.1364
      vertex 50.2915 5.27043 40.588
      vertex 51.2944 9.46634 45.3063
    endloop
  endfacet
  facet normal -0.978155 -7.7596e-05 0.207877
    outer loop
      vertex 48.8135 11.5833 33.6343
      vertex 48.0622 14 30.1
      vertex 48.7738 11.6 33.4475
    endloop
  endfacet
  facet normal -0.978057 0.000588941 0.208334
    outer loop
      vertex 48.0622 14 30.1
      vertex 48.734 11.5833 33.2607
      vertex 48.7738 11.6 33.4475
    endloop
  endfacet
  facet normal -0.97816 -7.10744e-05 0.207852
    outer loop
      vertex 48.0622 14 30.1
      vertex 48.6955 11.5337 33.0795
      vertex 48.734 11.5833 33.2607
    endloop
  endfacet
  facet normal -0.978174 -0.000149558 0.207789
    outer loop
      vertex 48.0622 14 30.1
      vertex 48.6594 11.4526 32.9095
      vertex 48.6955 11.5337 33.0795
    endloop
  endfacet
  facet normal -0.97811 0.000196551 0.20809
    outer loop
      vertex 48.0622 14 30.1
      vertex 48.6267 11.3426 32.7559
      vertex 48.6594 11.4526 32.9095
    endloop
  endfacet
  facet normal -0.978212 -0.000304775 0.20761
    outer loop
      vertex 48.0622 14 30.1
      vertex 48.5986 11.2071 32.6233
      vertex 48.6267 11.3426 32.7559
    endloop
  endfacet
  facet normal -0.978122 9.39349e-05 0.208032
    outer loop
      vertex 48.0622 14 30.1
      vertex 48.5757 11.05 32.5157
      vertex 48.5986 11.2071 32.6233
    endloop
  endfacet
  facet normal -0.978106 0.000156758 0.208105
    outer loop
      vertex 48.0622 14 30.1
      vertex 48.5588 10.8762 32.4364
      vertex 48.5757 11.05 32.5157
    endloop
  endfacet
  facet normal -0.978158 -3.37882e-05 0.207862
    outer loop
      vertex 48.0622 14 30.1
      vertex 48.5485 10.691 32.3879
      vertex 48.5588 10.8762 32.4364
    endloop
  endfacet
  facet normal -0.978129 6.43715e-05 0.207997
    outer loop
      vertex 48.0622 14 30.1
      vertex 48.545 10.5 32.3715
      vertex 48.5485 10.691 32.3879
    endloop
  endfacet
  facet normal -0.978176 -8.40055e-05 0.207779
    outer loop
      vertex 48.0622 14 30.1
      vertex 48.5485 10.309 32.3879
      vertex 48.545 10.5 32.3715
    endloop
  endfacet
  facet normal -0.978122 8.06622e-05 0.208033
    outer loop
      vertex 48.0622 14 30.1
      vertex 48.5588 10.1238 32.4364
      vertex 48.5485 10.309 32.3879
    endloop
  endfacet
  facet normal -0.978498 -0.00103895 0.206255
    outer loop
      vertex 48.0622 14 30.1
      vertex 48.5757 9.95 32.5157
      vertex 48.5588 10.1238 32.4364
    endloop
  endfacet
  facet normal -0.97816 6.97669e-05 0.207851
    outer loop
      vertex 51.2944 9.46634 45.3063
      vertex 50.2915 5.27043 40.588
      vertex 51.3329 9.41671 45.4875
    endloop
  endfacet
  facet normal -0.978034 0.000697096 0.208444
    outer loop
      vertex 48.734 9.41671 33.2607
      vertex 49.8549 5.27043 38.5339
      vertex 48.7738 9.4 33.4475
    endloop
  endfacet
  facet normal -0.978174 -0.000177575 0.207786
    outer loop
      vertex 48.6955 9.46634 33.0795
      vertex 49.8549 5.27043 38.5339
      vertex 48.734 9.41671 33.2607
    endloop
  endfacet
  facet normal -0.978188 0 0.207721
    outer loop
      vertex 48.6955 -9.46634 33.0795
      vertex 48.6955 9.46634 33.0795
      vertex 48.6594 9.54737 32.9095
    endloop
  endfacet
  facet normal -0.978081 0 0.208224
    outer loop
      vertex 48.6594 -9.54737 32.9095
      vertex 48.6594 9.54737 32.9095
      vertex 48.6267 9.65735 32.7559
    endloop
  endfacet
  facet normal -0.978146 0 0.207917
    outer loop
      vertex 48.6955 9.46634 33.0795
      vertex 48.6955 -9.46634 33.0795
      vertex 49.8549 5.27043 38.5339
    endloop
  endfacet
  facet normal -0.978275 0 0.207312
    outer loop
      vertex 48.6267 -9.65735 32.7559
      vertex 48.6267 9.65735 32.7559
      vertex 48.5986 9.79293 32.6233
    endloop
  endfacet
  facet normal -0.978094 0 0.208163
    outer loop
      vertex 48.5986 -9.79293 32.6233
      vertex 48.5986 9.79293 32.6233
      vertex 48.5757 9.95 32.5157
    endloop
  endfacet
  facet normal -0.978145 0 0.207922
    outer loop
      vertex 48.5757 -9.95 32.5157
      vertex 48.5757 9.95 32.5157
      vertex 48.0622 14 30.1
    endloop
  endfacet
  facet normal -0.978153 2.21581e-05 0.207886
    outer loop
      vertex 48.8135 -9.41671 33.6343
      vertex 49.8549 -5.27043 38.5339
      vertex 48.7738 -9.4 33.4475
    endloop
  endfacet
  facet normal -0.978146 0 0.207917
    outer loop
      vertex 49.8549 5.27043 38.5339
      vertex 48.6955 -9.46634 33.0795
      vertex 49.8549 -5.27043 38.5339
    endloop
  endfacet
  facet normal -0.978034 -0.000697096 0.208444
    outer loop
      vertex 49.8549 -5.27043 38.5339
      vertex 48.734 -9.41671 33.2607
      vertex 48.7738 -9.4 33.4475
    endloop
  endfacet
  facet normal -0.978174 0.000177575 0.207786
    outer loop
      vertex 49.8549 -5.27043 38.5339
      vertex 48.6955 -9.46634 33.0795
      vertex 48.734 -9.41671 33.2607
    endloop
  endfacet
  facet normal -0.978188 0 0.207721
    outer loop
      vertex 48.6594 9.54737 32.9095
      vertex 48.6594 -9.54737 32.9095
      vertex 48.6955 -9.46634 33.0795
    endloop
  endfacet
  facet normal -0.978081 0 0.208224
    outer loop
      vertex 48.6267 9.65735 32.7559
      vertex 48.6267 -9.65735 32.7559
      vertex 48.6594 -9.54737 32.9095
    endloop
  endfacet
  facet normal -0.978275 0 0.207312
    outer loop
      vertex 48.5986 9.79293 32.6233
      vertex 48.5986 -9.79293 32.6233
      vertex 48.6267 -9.65735 32.7559
    endloop
  endfacet
  facet normal -0.978094 0 0.208163
    outer loop
      vertex 48.5757 9.95 32.5157
      vertex 48.5757 -9.95 32.5157
      vertex 48.5986 -9.79293 32.6233
    endloop
  endfacet
  facet normal -0.978145 0 0.207922
    outer loop
      vertex 48.0622 -14 30.1
      vertex 48.5757 -9.95 32.5157
      vertex 48.0622 14 30.1
    endloop
  endfacet
  facet normal -0.978498 0.00103895 0.206255
    outer loop
      vertex 48.5757 -9.95 32.5157
      vertex 48.0622 -14 30.1
      vertex 48.5588 -10.1238 32.4364
    endloop
  endfacet
  facet normal -0.978122 -8.06622e-05 0.208033
    outer loop
      vertex 48.5588 -10.1238 32.4364
      vertex 48.0622 -14 30.1
      vertex 48.5485 -10.309 32.3879
    endloop
  endfacet
  facet normal -0.978176 8.40055e-05 0.207779
    outer loop
      vertex 48.5485 -10.309 32.3879
      vertex 48.0622 -14 30.1
      vertex 48.545 -10.5 32.3715
    endloop
  endfacet
  facet normal -0.978147 -9.61368e-06 0.207912
    outer loop
      vertex 52.88 -14 52.7659
      vertex 51.3329 -11.5833 45.4875
      vertex 48.0622 -14 30.1
    endloop
  endfacet
  facet normal -0.978057 -0.000588941 0.208334
    outer loop
      vertex 48.734 -11.5833 33.2607
      vertex 48.0622 -14 30.1
      vertex 48.7738 -11.6 33.4475
    endloop
  endfacet
  facet normal -0.97816 7.10744e-05 0.207852
    outer loop
      vertex 48.6955 -11.5337 33.0795
      vertex 48.0622 -14 30.1
      vertex 48.734 -11.5833 33.2607
    endloop
  endfacet
  facet normal -0.978174 0.000149558 0.207789
    outer loop
      vertex 48.6594 -11.4526 32.9095
      vertex 48.0622 -14 30.1
      vertex 48.6955 -11.5337 33.0795
    endloop
  endfacet
  facet normal -0.97811 -0.000196551 0.20809
    outer loop
      vertex 48.6267 -11.3426 32.7559
      vertex 48.0622 -14 30.1
      vertex 48.6594 -11.4526 32.9095
    endloop
  endfacet
  facet normal -0.978212 0.000304775 0.20761
    outer loop
      vertex 48.5986 -11.2071 32.6233
      vertex 48.0622 -14 30.1
      vertex 48.6267 -11.3426 32.7559
    endloop
  endfacet
  facet normal -0.978122 -9.39349e-05 0.208032
    outer loop
      vertex 48.5757 -11.05 32.5157
      vertex 48.0622 -14 30.1
      vertex 48.5986 -11.2071 32.6233
    endloop
  endfacet
  facet normal -0.978106 -0.000156758 0.208105
    outer loop
      vertex 48.5588 -10.8762 32.4364
      vertex 48.0622 -14 30.1
      vertex 48.5757 -11.05 32.5157
    endloop
  endfacet
  facet normal -0.978158 3.37882e-05 0.207862
    outer loop
      vertex 48.5485 -10.691 32.3879
      vertex 48.0622 -14 30.1
      vertex 48.5588 -10.8762 32.4364
    endloop
  endfacet
  facet normal -0.978129 -6.43715e-05 0.207997
    outer loop
      vertex 48.545 -10.5 32.3715
      vertex 48.0622 -14 30.1
      vertex 48.5485 -10.691 32.3879
    endloop
  endfacet
  facet normal -0.978147 2.06597e-05 0.207912
    outer loop
      vertex 48.0622 14 30.1
      vertex 51.3726 11.6 45.6744
      vertex 52.88 14 52.7659
    endloop
  endfacet
  facet normal -0.978067 -0.00113793 0.208287
    outer loop
      vertex 51.4124 11.5833 45.8612
      vertex 52.88 14 52.7659
      vertex 51.3726 11.6 45.6744
    endloop
  endfacet
  facet normal -0.978157 0.00012305 0.207865
    outer loop
      vertex 51.4509 11.5337 46.0424
      vertex 52.88 14 52.7659
      vertex 51.4124 11.5833 45.8612
    endloop
  endfacet
  facet normal -0.978155 8.69719e-05 0.207878
    outer loop
      vertex 51.487 11.4526 46.2123
      vertex 52.88 14 52.7659
      vertex 51.4509 11.5337 46.0424
    endloop
  endfacet
  facet normal -0.978134 -0.000174642 0.207975
    outer loop
      vertex 51.5197 11.3426 46.366
      vertex 52.88 14 52.7659
      vertex 51.487 11.4526 46.2123
    endloop
  endfacet
  facet normal -0.978185 0.000431993 0.207734
    outer loop
      vertex 51.5478 11.2071 46.4986
      vertex 52.88 14 52.7659
      vertex 51.5197 11.3426 46.366
    endloop
  endfacet
  facet normal -0.978134 -0.000134301 0.207976
    outer loop
      vertex 51.5707 11.05 46.6062
      vertex 52.88 14 52.7659
      vertex 51.5478 11.2071 46.4986
    endloop
  endfacet
  facet normal -0.978118 -0.000301768 0.208052
    outer loop
      vertex 51.5876 10.8762 46.6854
      vertex 52.88 14 52.7659
      vertex 51.5707 11.05 46.6062
    endloop
  endfacet
  facet normal -0.978164 0.000138918 0.207836
    outer loop
      vertex 51.5979 10.691 46.734
      vertex 52.88 14 52.7659
      vertex 51.5876 10.8762 46.6854
    endloop
  endfacet
  facet normal -0.978183 0.000316134 0.207743
    outer loop
      vertex 51.6013 10.5 46.7503
      vertex 52.88 14 52.7659
      vertex 51.5979 10.691 46.734
    endloop
  endfacet
  facet normal -0.978105 -0.00034914 0.208113
    outer loop
      vertex 51.5979 10.309 46.734
      vertex 52.88 14 52.7659
      vertex 51.6013 10.5 46.7503
    endloop
  endfacet
  facet normal -0.978125 -0.000189309 0.208019
    outer loop
      vertex 51.5876 10.1238 46.6854
      vertex 52.88 14 52.7659
      vertex 51.5979 10.309 46.734
    endloop
  endfacet
  facet normal -0.978217 0.00052495 0.207584
    outer loop
      vertex 51.5707 9.95 46.6062
      vertex 52.88 14 52.7659
      vertex 51.5876 10.1238 46.6854
    endloop
  endfacet
  facet normal -0.97819 0.000324608 0.20771
    outer loop
      vertex 51.5478 9.79293 46.4986
      vertex 52.88 14 52.7659
      vertex 51.5707 9.95 46.6062
    endloop
  endfacet
  facet normal -0.978275 0 0.207312
    outer loop
      vertex 51.5478 -9.79293 46.4986
      vertex 51.5478 9.79293 46.4986
      vertex 51.5197 9.65735 46.366
    endloop
  endfacet
  facet normal -0.978109 0 0.208095
    outer loop
      vertex 51.5197 -9.65735 46.366
      vertex 51.5197 9.65735 46.366
      vertex 51.487 9.54737 46.2123
    endloop
  endfacet
  facet normal -0.978173 0.000145571 0.20779
    outer loop
      vertex 51.3329 9.41671 45.4875
      vertex 50.2915 5.27043 40.588
      vertex 51.3726 9.4 45.6744
    endloop
  endfacet
  facet normal -0.978034 -0.000697096 0.208444
    outer loop
      vertex 51.3726 9.4 45.6744
      vertex 50.2915 5.27043 40.588
      vertex 51.4124 9.41671 45.8612
    endloop
  endfacet
  facet normal -0.978174 0.000177575 0.207786
    outer loop
      vertex 51.4124 9.41671 45.8612
      vertex 50.2915 5.27043 40.588
      vertex 51.4509 9.46634 46.0424
    endloop
  endfacet
  facet normal -0.978146 0 0.207917
    outer loop
      vertex 51.4509 -9.46634 46.0424
      vertex 51.4509 9.46634 46.0424
      vertex 50.2915 5.27043 40.588
    endloop
  endfacet
  facet normal -0.978163 0 0.207838
    outer loop
      vertex 51.4509 9.46634 46.0424
      vertex 51.4509 -9.46634 46.0424
      vertex 51.487 9.54737 46.2123
    endloop
  endfacet
  facet normal -0.978146 7.21849e-18 0.207917
    outer loop
      vertex 51.4509 -9.46634 46.0424
      vertex 50.2915 5.27043 40.588
      vertex 50.2915 -5.27043 40.588
    endloop
  endfacet
  facet normal -0.978161 6.59797e-05 0.20785
    outer loop
      vertex 48.852 -9.46634 33.8155
      vertex 49.8549 -5.27043 38.5339
      vertex 48.8135 -9.41671 33.6343
    endloop
  endfacet
  facet normal -0.978034 0.000697096 0.208444
    outer loop
      vertex 51.4124 -9.41671 45.8612
      vertex 50.2915 -5.27043 40.588
      vertex 51.3726 -9.4 45.6744
    endloop
  endfacet
  facet normal -0.978174 -0.000177575 0.207786
    outer loop
      vertex 51.4509 -9.46634 46.0424
      vertex 50.2915 -5.27043 40.588
      vertex 51.4124 -9.41671 45.8612
    endloop
  endfacet
  facet normal -0.978163 0 0.207838
    outer loop
      vertex 51.487 9.54737 46.2123
      vertex 51.4509 -9.46634 46.0424
      vertex 51.487 -9.54737 46.2123
    endloop
  endfacet
  facet normal -0.978109 -2.24624e-20 0.208095
    outer loop
      vertex 51.5197 -9.65735 46.366
      vertex 51.487 9.54737 46.2123
      vertex 51.487 -9.54737 46.2123
    endloop
  endfacet
  facet normal -0.978275 0 0.207312
    outer loop
      vertex 51.5197 9.65735 46.366
      vertex 51.5197 -9.65735 46.366
      vertex 51.5478 -9.79293 46.4986
    endloop
  endfacet
  facet normal -0.978146 0 0.207918
    outer loop
      vertex 51.5478 9.79293 46.4986
      vertex 51.5478 -9.79293 46.4986
      vertex 52.88 14 52.7659
    endloop
  endfacet
  facet normal -0.97819 -0.000324608 0.20771
    outer loop
      vertex 52.88 -14 52.7659
      vertex 51.5478 -9.79293 46.4986
      vertex 51.5707 -9.95 46.6062
    endloop
  endfacet
  facet normal -0.978217 -0.00052495 0.207584
    outer loop
      vertex 52.88 -14 52.7659
      vertex 51.5707 -9.95 46.6062
      vertex 51.5876 -10.1238 46.6854
    endloop
  endfacet
  facet normal -0.978125 0.000189309 0.208019
    outer loop
      vertex 52.88 -14 52.7659
      vertex 51.5876 -10.1238 46.6854
      vertex 51.5979 -10.309 46.734
    endloop
  endfacet
  facet normal -0.978105 0.00034914 0.208113
    outer loop
      vertex 52.88 -14 52.7659
      vertex 51.5979 -10.309 46.734
      vertex 51.6013 -10.5 46.7503
    endloop
  endfacet
  facet normal -0.978183 -0.000316134 0.207743
    outer loop
      vertex 52.88 -14 52.7659
      vertex 51.6013 -10.5 46.7503
      vertex 51.5979 -10.691 46.734
    endloop
  endfacet
  facet normal -0.978187 -0.000594115 0.207727
    outer loop
      vertex 51.3329 -11.5833 45.4875
      vertex 52.88 -14 52.7659
      vertex 51.3726 -11.6 45.6744
    endloop
  endfacet
  facet normal -0.978146 2.5373e-18 0.207918
    outer loop
      vertex 51.5478 -9.79293 46.4986
      vertex 52.88 -14 52.7659
      vertex 52.88 14 52.7659
    endloop
  endfacet
  facet normal -0.978164 -0.000138918 0.207836
    outer loop
      vertex 51.5876 -10.8762 46.6854
      vertex 52.88 -14 52.7659
      vertex 51.5979 -10.691 46.734
    endloop
  endfacet
  facet normal -0.978118 0.000301768 0.208052
    outer loop
      vertex 51.5707 -11.05 46.6062
      vertex 52.88 -14 52.7659
      vertex 51.5876 -10.8762 46.6854
    endloop
  endfacet
  facet normal -0.978134 0.000134301 0.207976
    outer loop
      vertex 51.5478 -11.2071 46.4986
      vertex 52.88 -14 52.7659
      vertex 51.5707 -11.05 46.6062
    endloop
  endfacet
  facet normal -0.978185 -0.000431993 0.207734
    outer loop
      vertex 51.5197 -11.3426 46.366
      vertex 52.88 -14 52.7659
      vertex 51.5478 -11.2071 46.4986
    endloop
  endfacet
  facet normal -0.978134 0.000174642 0.207975
    outer loop
      vertex 51.487 -11.4526 46.2123
      vertex 52.88 -14 52.7659
      vertex 51.5197 -11.3426 46.366
    endloop
  endfacet
  facet normal -0.978155 -8.69719e-05 0.207878
    outer loop
      vertex 51.4509 -11.5337 46.0424
      vertex 52.88 -14 52.7659
      vertex 51.487 -11.4526 46.2123
    endloop
  endfacet
  facet normal -0.978157 -0.00012305 0.207865
    outer loop
      vertex 51.4124 -11.5833 45.8612
      vertex 52.88 -14 52.7659
      vertex 51.4509 -11.5337 46.0424
    endloop
  endfacet
  facet normal -0.978067 0.00113793 0.208287
    outer loop
      vertex 51.3726 -11.6 45.6744
      vertex 52.88 -14 52.7659
      vertex 51.4124 -11.5833 45.8612
    endloop
  endfacet
  facet normal 0.978148 0 -0.20791
    outer loop
      vertex 56.3035 -12.5 52.0382
      vertex 56.3035 -14 52.0382
      vertex 51.0018 -12.5 27.0955
    endloop
  endfacet
  facet normal 0.978148 2.47849e-16 -0.20791
    outer loop
      vertex 51.0018 12.5 27.0955
      vertex 56.3035 14 52.0382
      vertex 56.3035 12.5 52.0382
    endloop
  endfacet
  facet normal 0.978148 1.0956e-05 -0.207911
    outer loop
      vertex 56.3035 14 52.0382
      vertex 51.0018 12.5 27.0955
      vertex 50.6899 14 25.6282
    endloop
  endfacet
  facet normal 0.978145 0 -0.207922
    outer loop
      vertex 51.0018 -12.5 27.0955
      vertex 50.6899 14 25.6282
      vertex 51.0018 12.5 27.0955
    endloop
  endfacet
  facet normal 0.978145 2.58342e-19 -0.207922
    outer loop
      vertex 51.0018 -12.5 27.0955
      vertex 50.6899 -14 25.6282
      vertex 50.6899 14 25.6282
    endloop
  endfacet
  facet normal 0.978148 -1.0956e-05 -0.207911
    outer loop
      vertex 50.6899 -14 25.6282
      vertex 51.0018 -12.5 27.0955
      vertex 56.3035 -14 52.0382
    endloop
  endfacet
  facet normal 0 -1 0
    outer loop
      vertex 49.6 12.5 30.1
      vertex 54.3472 12.5 52.4541
      vertex 49.5957 12.5 30.1
    endloop
  endfacet
  facet normal 0 -1 -0
    outer loop
      vertex 54.3472 12.5 52.4541
      vertex 49.6 12.5 30.1
      vertex 56.3035 12.5 52.0382
    endloop
  endfacet
  facet normal 0 -1 0
    outer loop
      vertex 51.0018 12.5 27.0955
      vertex 49.6 12.5 30.1
      vertex 49.6 12.5 27.3934
    endloop
  endfacet
  facet normal 0 -1 0
    outer loop
      vertex 49.6 12.5 30.1
      vertex 51.0018 12.5 27.0955
      vertex 56.3035 12.5 52.0382
    endloop
  endfacet
  facet normal 0.978174 0.000146975 -0.207788
    outer loop
      vertex 52.7255 -9.54737 44.8245
      vertex 51.7587 -5.5 40.2761
      vertex 52.7616 -9.46634 44.9945
    endloop
  endfacet
  facet normal 0.978173 -0.000153245 -0.20779
    outer loop
      vertex 51.3221 -5.5 38.222
      vertex 50.2807 -9.41671 33.3225
      vertex 50.241 -9.4 33.1356
    endloop
  endfacet
  facet normal 0.978182 0.000194118 -0.207748
    outer loop
      vertex 52.6929 -9.65735 44.6709
      vertex 51.7587 -5.5 40.2761
      vertex 52.7255 -9.54737 44.8245
    endloop
  endfacet
  facet normal 0.978143 3.41048e-05 -0.207934
    outer loop
      vertex 51.3221 -5.5 38.222
      vertex 50.3192 -9.46634 33.5036
      vertex 50.2807 -9.41671 33.3225
    endloop
  endfacet
  facet normal 0.978151 2.98169e-05 -0.207897
    outer loop
      vertex 52.6647 -9.79293 44.5382
      vertex 51.7587 -5.5 40.2761
      vertex 52.6929 -9.65735 44.6709
    endloop
  endfacet
  facet normal 0.978174 -0.000146975 -0.207788
    outer loop
      vertex 51.3221 -5.5 38.222
      vertex 50.3553 -9.54737 33.6736
      vertex 50.3192 -9.46634 33.5036
    endloop
  endfacet
  facet normal 0.978108 -0.000179105 -0.208098
    outer loop
      vertex 52.6418 -9.95 44.4307
      vertex 51.7587 -5.5 40.2761
      vertex 52.6647 -9.79293 44.5382
    endloop
  endfacet
  facet normal 0.978126 0.000118109 -0.208014
    outer loop
      vertex 51.3221 -5.5 38.222
      vertex 50.388 -9.65735 33.8273
      vertex 50.3553 -9.54737 33.6736
    endloop
  endfacet
  facet normal 0.978193 0.000211617 -0.207698
    outer loop
      vertex 52.625 -10.1238 44.3514
      vertex 51.7587 -5.5 40.2761
      vertex 52.6418 -9.95 44.4307
    endloop
  endfacet
  facet normal 0.978137 5.87344e-05 -0.20796
    outer loop
      vertex 51.3221 -5.5 38.222
      vertex 50.4162 -9.79293 33.9599
      vertex 50.388 -9.65735 33.8273
    endloop
  endfacet
  facet normal 0.978059 -0.000367217 -0.208326
    outer loop
      vertex 52.6146 -10.309 44.3029
      vertex 51.7587 -5.5 40.2761
      vertex 52.625 -10.1238 44.3514
    endloop
  endfacet
  facet normal 0.978186 -0.000180226 -0.20773
    outer loop
      vertex 51.3221 -5.5 38.222
      vertex 50.439 -9.95 34.0674
      vertex 50.4162 -9.79293 33.9599
    endloop
  endfacet
  facet normal 0.978245 0.000398734 -0.207451
    outer loop
      vertex 52.6112 -10.5 44.2865
      vertex 51.7587 -5.5 40.2761
      vertex 52.6146 -10.309 44.3029
    endloop
  endfacet
  facet normal 0.978111 0.000166431 -0.208085
    outer loop
      vertex 51.3221 -5.5 38.222
      vertex 50.4559 -10.1238 34.1467
      vertex 50.439 -9.95 34.0674
    endloop
  endfacet
  facet normal 0.978149 1.71058e-05 -0.207906
    outer loop
      vertex 51.7587 -5.5 40.2761
      vertex 52.6112 -10.5 44.2865
      vertex 51.3221 -5.5 38.222
    endloop
  endfacet
  facet normal 0.978177 -0.00012157 -0.207772
    outer loop
      vertex 51.3221 -5.5 38.222
      vertex 50.4662 -10.309 34.1953
      vertex 50.4559 -10.1238 34.1467
    endloop
  endfacet
  facet normal 0.978147 8.28817e-06 -0.207913
    outer loop
      vertex 50.4697 -10.5 34.2116
      vertex 51.3221 -5.5 38.222
      vertex 52.6112 -10.5 44.2865
    endloop
  endfacet
  facet normal 0.978108 0.000164209 -0.208099
    outer loop
      vertex 51.3221 -5.5 38.222
      vertex 50.4697 -10.5 34.2116
      vertex 50.4662 -10.309 34.1953
    endloop
  endfacet
  facet normal 0.978147 -0.000440167 -0.207913
    outer loop
      vertex 52.6146 -10.691 44.3029
      vertex 50.4697 -10.5 34.2116
      vertex 52.6112 -10.5 44.2865
    endloop
  endfacet
  facet normal 0.978148 -0.000181225 -0.207908
    outer loop
      vertex 52.6146 -10.691 44.3029
      vertex 50.4662 -10.691 34.1953
      vertex 50.4697 -10.5 34.2116
    endloop
  endfacet
  facet normal 0.978148 0.000481589 -0.207908
    outer loop
      vertex 52.625 -10.8762 44.3514
      vertex 50.4662 -10.691 34.1953
      vertex 52.6146 -10.691 44.3029
    endloop
  endfacet
  facet normal 0.978147 0.000160367 -0.207914
    outer loop
      vertex 52.625 -10.8762 44.3514
      vertex 50.4559 -10.8762 34.1467
      vertex 50.4662 -10.691 34.1953
    endloop
  endfacet
  facet normal 0.978147 -0.000314731 -0.207914
    outer loop
      vertex 52.6418 -11.05 44.4307
      vertex 50.4559 -10.8762 34.1467
      vertex 52.625 -10.8762 44.3514
    endloop
  endfacet
  facet normal 0.978147 -0.00024858 -0.207913
    outer loop
      vertex 52.6418 -11.05 44.4307
      vertex 50.439 -11.05 34.0674
      vertex 50.4559 -10.8762 34.1467
    endloop
  endfacet
  facet normal 0.978147 0.000311557 -0.207913
    outer loop
      vertex 52.6647 -11.2071 44.5382
      vertex 50.439 -11.05 34.0674
      vertex 52.6418 -11.05 44.4307
    endloop
  endfacet
  facet normal 0.978147 0.000311075 -0.207913
    outer loop
      vertex 52.6647 -11.2071 44.5382
      vertex 50.4162 -11.2071 33.9599
      vertex 50.439 -11.05 34.0674
    endloop
  endfacet
  facet normal 0.978147 -4.63292e-05 -0.207913
    outer loop
      vertex 52.6929 -11.3426 44.6709
      vertex 50.4162 -11.2071 33.9599
      vertex 52.6647 -11.2071 44.5382
    endloop
  endfacet
  facet normal 0.978147 -0.000106369 -0.207914
    outer loop
      vertex 52.6929 -11.3426 44.6709
      vertex 50.388 -11.3426 33.8273
      vertex 50.4162 -11.2071 33.9599
    endloop
  endfacet
  facet normal 0.978147 -0.000435674 -0.207914
    outer loop
      vertex 52.7255 -11.4526 44.8245
      vertex 50.388 -11.3426 33.8273
      vertex 52.6929 -11.3426 44.6709
    endloop
  endfacet
  facet normal 0.978148 -0.000266897 -0.207912
    outer loop
      vertex 52.7255 -11.4526 44.8245
      vertex 50.3553 -11.4526 33.6736
      vertex 50.388 -11.3426 33.8273
    endloop
  endfacet
  facet normal 0.978147 -0.000418056 -0.207912
    outer loop
      vertex 52.7616 -11.5337 44.9945
      vertex 50.3553 -11.4526 33.6736
      vertex 52.7255 -11.4526 44.8245
    endloop
  endfacet
  facet normal 0.978149 0.000405687 -0.207906
    outer loop
      vertex 52.7616 -11.5337 44.9945
      vertex 50.3192 -11.5337 33.5036
      vertex 50.3553 -11.4526 33.6736
    endloop
  endfacet
  facet normal 0.978147 0.0021111 -0.207906
    outer loop
      vertex 52.8002 -11.5833 45.1756
      vertex 50.3192 -11.5337 33.5036
      vertex 52.7616 -11.5337 44.9945
    endloop
  endfacet
  facet normal 0.978147 -0.00010465 -0.207915
    outer loop
      vertex 52.8002 -11.5833 45.1756
      vertex 50.2807 -11.5833 33.3225
      vertex 50.3192 -11.5337 33.5036
    endloop
  endfacet
  facet normal 0.978158 -0.000970381 -0.20786
    outer loop
      vertex 49.5957 -12.5 30.1
      vertex 52.8002 -11.5833 45.1756
      vertex 52.8399 -11.6 45.3625
    endloop
  endfacet
  facet normal 0.978147 -2.56335e-05 -0.207915
    outer loop
      vertex 52.8002 -11.5833 45.1756
      vertex 49.5957 -12.5 30.1
      vertex 50.2807 -11.5833 33.3225
    endloop
  endfacet
  facet normal 0.978147 2.56335e-05 -0.207915
    outer loop
      vertex 50.2807 11.5833 33.3225
      vertex 49.5957 12.5 30.1
      vertex 52.8002 11.5833 45.1756
    endloop
  endfacet
  facet normal 0.97819 0.000776206 -0.207711
    outer loop
      vertex 49.5957 12.5 30.1
      vertex 50.2807 11.5833 33.3225
      vertex 50.241 11.6 33.1356
    endloop
  endfacet
  facet normal 0.978145 -0.00207672 -0.207915
    outer loop
      vertex 52.7616 11.5337 44.9945
      vertex 50.2807 11.5833 33.3225
      vertex 52.8002 11.5833 45.1756
    endloop
  endfacet
  facet normal 0.978149 0.00013903 -0.207906
    outer loop
      vertex 52.7616 11.5337 44.9945
      vertex 50.3192 11.5337 33.5036
      vertex 50.2807 11.5833 33.3225
    endloop
  endfacet
  facet normal 0.978149 0.000405687 -0.207906
    outer loop
      vertex 52.7255 11.4526 44.8245
      vertex 50.3192 11.5337 33.5036
      vertex 52.7616 11.5337 44.9945
    endloop
  endfacet
  facet normal 0.978147 -0.000418056 -0.207912
    outer loop
      vertex 52.7255 11.4526 44.8245
      vertex 50.3553 11.4526 33.6736
      vertex 50.3192 11.5337 33.5036
    endloop
  endfacet
  facet normal 0.978147 0.000433317 -0.207912
    outer loop
      vertex 52.6929 11.3426 44.6709
      vertex 50.3553 11.4526 33.6736
      vertex 52.7255 11.4526 44.8245
    endloop
  endfacet
  facet normal 0.978147 0.000264539 -0.207914
    outer loop
      vertex 52.6929 11.3426 44.6709
      vertex 50.388 11.3426 33.8273
      vertex 50.3553 11.4526 33.6736
    endloop
  endfacet
  facet normal 0.978147 4.7073e-05 -0.207914
    outer loop
      vertex 52.6647 11.2071 44.5382
      vertex 50.388 11.3426 33.8273
      vertex 52.6929 11.3426 44.6709
    endloop
  endfacet
  facet normal 0.978147 0.000107112 -0.207913
    outer loop
      vertex 52.6647 11.2071 44.5382
      vertex 50.4162 11.2071 33.9599
      vertex 50.388 11.3426 33.8273
    endloop
  endfacet
  facet normal 0.978147 -0.000311552 -0.207913
    outer loop
      vertex 52.6418 11.05 44.4307
      vertex 50.4162 11.2071 33.9599
      vertex 52.6647 11.2071 44.5382
    endloop
  endfacet
  facet normal 0.978147 -0.00031107 -0.207913
    outer loop
      vertex 52.6418 11.05 44.4307
      vertex 50.439 11.05 34.0674
      vertex 50.4162 11.2071 33.9599
    endloop
  endfacet
  facet normal 0.978147 0.000314221 -0.207913
    outer loop
      vertex 52.625 10.8762 44.3514
      vertex 50.439 11.05 34.0674
      vertex 52.6418 11.05 44.4307
    endloop
  endfacet
  facet normal 0.978147 0.00024807 -0.207914
    outer loop
      vertex 52.625 10.8762 44.3514
      vertex 50.4559 10.8762 34.1467
      vertex 50.439 11.05 34.0674
    endloop
  endfacet
  facet normal 0.978147 -0.000480055 -0.207914
    outer loop
      vertex 52.6146 10.691 44.3029
      vertex 50.4559 10.8762 34.1467
      vertex 52.625 10.8762 44.3514
    endloop
  endfacet
  facet normal 0.978148 -0.00015883 -0.207908
    outer loop
      vertex 52.6146 10.691 44.3029
      vertex 50.4662 10.691 34.1953
      vertex 50.4559 10.8762 34.1467
    endloop
  endfacet
  facet normal 0.978148 0.000439747 -0.207908
    outer loop
      vertex 52.6112 10.5 44.2865
      vertex 50.4662 10.691 34.1953
      vertex 52.6146 10.691 44.3029
    endloop
  endfacet
  facet normal 0.978147 0.000180806 -0.207913
    outer loop
      vertex 52.6112 10.5 44.2865
      vertex 50.4697 10.5 34.2116
      vertex 50.4662 10.691 34.1953
    endloop
  endfacet
  facet normal 0.978245 -0.000398734 -0.207451
    outer loop
      vertex 51.7587 5.5 40.2761
      vertex 52.6112 10.5 44.2865
      vertex 52.6146 10.309 44.3029
    endloop
  endfacet
  facet normal 0.978147 -1.12748e-05 -0.207913
    outer loop
      vertex 52.6112 10.5 44.2865
      vertex 51.7587 5.5 40.2761
      vertex 50.4697 10.5 34.2116
    endloop
  endfacet
  facet normal 0.978059 0.000367217 -0.208326
    outer loop
      vertex 51.7587 5.5 40.2761
      vertex 52.6146 10.309 44.3029
      vertex 52.625 10.1238 44.3514
    endloop
  endfacet
  facet normal 0.978149 -2.45716e-06 -0.207906
    outer loop
      vertex 51.3221 5.5 38.222
      vertex 50.4697 10.5 34.2116
      vertex 51.7587 5.5 40.2761
    endloop
  endfacet
  facet normal 0.978193 -0.000211617 -0.207698
    outer loop
      vertex 51.7587 5.5 40.2761
      vertex 52.625 10.1238 44.3514
      vertex 52.6418 9.95 44.4307
    endloop
  endfacet
  facet normal 0.978108 -0.000164209 -0.208099
    outer loop
      vertex 50.4697 10.5 34.2116
      vertex 51.3221 5.5 38.222
      vertex 50.4662 10.309 34.1953
    endloop
  endfacet
  facet normal 0.978108 0.000179105 -0.208098
    outer loop
      vertex 51.7587 5.5 40.2761
      vertex 52.6418 9.95 44.4307
      vertex 52.6647 9.79293 44.5382
    endloop
  endfacet
  facet normal 0.978177 0.00012157 -0.207772
    outer loop
      vertex 50.4662 10.309 34.1953
      vertex 51.3221 5.5 38.222
      vertex 50.4559 10.1238 34.1467
    endloop
  endfacet
  facet normal 0.978151 -2.98169e-05 -0.207897
    outer loop
      vertex 51.7587 5.5 40.2761
      vertex 52.6647 9.79293 44.5382
      vertex 52.6929 9.65735 44.6709
    endloop
  endfacet
  facet normal 0.978111 -0.000166431 -0.208085
    outer loop
      vertex 50.4559 10.1238 34.1467
      vertex 51.3221 5.5 38.222
      vertex 50.439 9.95 34.0674
    endloop
  endfacet
  facet normal 0.978182 -0.000194118 -0.207748
    outer loop
      vertex 51.7587 5.5 40.2761
      vertex 52.6929 9.65735 44.6709
      vertex 52.7255 9.54737 44.8245
    endloop
  endfacet
  facet normal 0.978186 0.000180226 -0.20773
    outer loop
      vertex 50.439 9.95 34.0674
      vertex 51.3221 5.5 38.222
      vertex 50.4162 9.79293 33.9599
    endloop
  endfacet
  facet normal 0.978174 -0.000146975 -0.207788
    outer loop
      vertex 51.7587 5.5 40.2761
      vertex 52.7255 9.54737 44.8245
      vertex 52.7616 9.46634 44.9945
    endloop
  endfacet
  facet normal 0.978143 -2.92534e-05 -0.207932
    outer loop
      vertex 50.2929 7.5 33.3802
      vertex 50.4162 9.79293 33.9599
      vertex 51.3221 5.5 38.222
    endloop
  endfacet
  facet normal 0.97806 0.000518615 -0.208323
    outer loop
      vertex 51.7587 5.5 40.2761
      vertex 52.7616 9.46634 44.9945
      vertex 52.8002 9.41671 45.1756
    endloop
  endfacet
  facet normal 0.978127 -8.85078e-06 -0.208009
    outer loop
      vertex 50.4162 9.79293 33.9599
      vertex 50.2929 7.5 33.3802
      vertex 50.388 9.65735 33.8273
    endloop
  endfacet
  facet normal 0.978173 -0.000175707 -0.207792
    outer loop
      vertex 51.7587 5.5 40.2761
      vertex 52.8002 9.41671 45.1756
      vertex 52.8399 9.4 45.3625
    endloop
  endfacet
  facet normal 0.978107 1.14292e-05 -0.208103
    outer loop
      vertex 50.388 9.65735 33.8273
      vertex 50.2929 7.5 33.3802
      vertex 50.3553 9.54737 33.6736
    endloop
  endfacet
  facet normal 0.978148 6.81865e-05 -0.207911
    outer loop
      vertex 54.3472 12.5 52.4541
      vertex 52.8399 11.6 45.3625
      vertex 49.5957 12.5 30.1
    endloop
  endfacet
  facet normal 0.978152 -9.25755e-05 -0.207892
    outer loop
      vertex 54.3472 12.5 52.4541
      vertex 52.8796 11.5833 45.5493
      vertex 52.8399 11.6 45.3625
    endloop
  endfacet
  facet normal 0.978154 -0.000181405 -0.20788
    outer loop
      vertex 54.3472 12.5 52.4541
      vertex 52.9181 11.5337 45.7305
      vertex 52.8796 11.5833 45.5493
    endloop
  endfacet
  facet normal 0.978158 -0.000310229 -0.207863
    outer loop
      vertex 54.3472 12.5 52.4541
      vertex 52.9542 11.4526 45.9005
      vertex 52.9181 11.5337 45.7305
    endloop
  endfacet
  facet normal 0.978136 0.000374847 -0.207967
    outer loop
      vertex 54.3472 12.5 52.4541
      vertex 52.9869 11.3426 46.0541
      vertex 52.9542 11.4526 45.9005
    endloop
  endfacet
  facet normal 0.978146 9.98778e-05 -0.20792
    outer loop
      vertex 54.3472 12.5 52.4541
      vertex 53.0151 11.2071 46.1867
      vertex 52.9869 11.3426 46.0541
    endloop
  endfacet
  facet normal 0.978166 -0.000380603 -0.207825
    outer loop
      vertex 54.3472 12.5 52.4541
      vertex 53.0379 11.05 46.2943
      vertex 53.0151 11.2071 46.1867
    endloop
  endfacet
  facet normal 0.978137 0.000225344 -0.207962
    outer loop
      vertex 54.3472 12.5 52.4541
      vertex 53.0548 10.8762 46.3736
      vertex 53.0379 11.05 46.2943
    endloop
  endfacet
  facet normal 0.978152 -4.24185e-05 -0.207893
    outer loop
      vertex 54.3472 12.5 52.4541
      vertex 53.0651 10.691 46.4221
      vertex 53.0548 10.8762 46.3736
    endloop
  endfacet
  facet normal 0.978138 0.000176961 -0.207956
    outer loop
      vertex 54.3472 12.5 52.4541
      vertex 53.0686 10.5 46.4384
      vertex 53.0651 10.691 46.4221
    endloop
  endfacet
  facet normal 0.978163 -0.0001873 -0.20784
    outer loop
      vertex 54.3472 12.5 52.4541
      vertex 53.0651 10.309 46.4221
      vertex 53.0686 10.5 46.4384
    endloop
  endfacet
  facet normal 0.978145 5.05589e-05 -0.207923
    outer loop
      vertex 54.3472 12.5 52.4541
      vertex 53.0548 10.1238 46.3736
      vertex 53.0651 10.309 46.4221
    endloop
  endfacet
  facet normal 0.978174 -0.000307671 -0.207789
    outer loop
      vertex 54.3472 12.5 52.4541
      vertex 53.0379 9.95 46.2943
      vertex 53.0548 10.1238 46.3736
    endloop
  endfacet
  facet normal 0.978096 0.000616993 -0.208155
    outer loop
      vertex 54.3472 12.5 52.4541
      vertex 53.0151 9.79293 46.1867
      vertex 53.0379 9.95 46.2943
    endloop
  endfacet
  facet normal 0.978168 -0.000207721 -0.207814
    outer loop
      vertex 54.3472 12.5 52.4541
      vertex 52.9869 9.65735 46.0541
      vertex 53.0151 9.79293 46.1867
    endloop
  endfacet
  facet normal 0.97815 0 -0.207903
    outer loop
      vertex 52.9869 -9.65735 46.0541
      vertex 52.9869 9.65735 46.0541
      vertex 54.3472 12.5 52.4541
    endloop
  endfacet
  facet normal 0.978081 0 -0.208224
    outer loop
      vertex 52.9869 9.65735 46.0541
      vertex 52.9869 -9.65735 46.0541
      vertex 52.9542 9.54737 45.9005
    endloop
  endfacet
  facet normal 0.978143 -3.36221e-05 -0.207934
    outer loop
      vertex 50.3192 9.46634 33.5036
      vertex 50.2929 7.5 33.3802
      vertex 50.2807 9.41671 33.3225
    endloop
  endfacet
  facet normal 0.978155 -5.78813e-05 -0.207879
    outer loop
      vertex 51.7587 5.5 40.2761
      vertex 52.8399 9.4 45.3625
      vertex 52.8796 9.41671 45.5493
    endloop
  endfacet
  facet normal 0.978193 -4.90486e-05 -0.207699
    outer loop
      vertex 50.3553 9.54737 33.6736
      vertex 50.2929 7.5 33.3802
      vertex 50.3192 9.46634 33.5036
    endloop
  endfacet
  facet normal 0.978175 -0.000194063 -0.207782
    outer loop
      vertex 52.9181 9.46634 45.7305
      vertex 51.7587 5.5 40.2761
      vertex 52.8796 9.41671 45.5493
    endloop
  endfacet
  facet normal 0.978081 0 -0.208224
    outer loop
      vertex 52.9542 -9.54737 45.9005
      vertex 52.9542 9.54737 45.9005
      vertex 52.9869 -9.65735 46.0541
    endloop
  endfacet
  facet normal 0.978188 0 -0.207721
    outer loop
      vertex 52.9181 -9.46634 45.7305
      vertex 52.9181 9.46634 45.7305
      vertex 52.9542 -9.54737 45.9005
    endloop
  endfacet
  facet normal 0.97806 -0.000518615 -0.208323
    outer loop
      vertex 52.7616 -9.46634 44.9945
      vertex 51.7587 -5.5 40.2761
      vertex 52.8002 -9.41671 45.1756
    endloop
  endfacet
  facet normal 0.978142 5.08598e-05 -0.20794
    outer loop
      vertex 51.3221 -5.5 38.222
      vertex 50.241 -9.4 33.1356
      vertex 50.2929 -7.5 33.3802
    endloop
  endfacet
  facet normal 0.978173 0.000175707 -0.207792
    outer loop
      vertex 52.8002 -9.41671 45.1756
      vertex 51.7587 -5.5 40.2761
      vertex 52.8399 -9.4 45.3625
    endloop
  endfacet
  facet normal 0.978146 0 -0.207917
    outer loop
      vertex 51.7587 5.5 40.2761
      vertex 52.9181 -9.46634 45.7305
      vertex 51.7587 -5.5 40.2761
    endloop
  endfacet
  facet normal 0.978155 5.78813e-05 -0.207879
    outer loop
      vertex 51.7587 -5.5 40.2761
      vertex 52.8796 -9.41671 45.5493
      vertex 52.8399 -9.4 45.3625
    endloop
  endfacet
  facet normal 0.978175 0.000194063 -0.207782
    outer loop
      vertex 51.7587 -5.5 40.2761
      vertex 52.9181 -9.46634 45.7305
      vertex 52.8796 -9.41671 45.5493
    endloop
  endfacet
  facet normal 0.978146 0 -0.207917
    outer loop
      vertex 52.9181 9.46634 45.7305
      vertex 52.9181 -9.46634 45.7305
      vertex 51.7587 5.5 40.2761
    endloop
  endfacet
  facet normal 0.978188 0 -0.207721
    outer loop
      vertex 52.9542 9.54737 45.9005
      vertex 52.9542 -9.54737 45.9005
      vertex 52.9181 9.46634 45.7305
    endloop
  endfacet
  facet normal 0.97815 0 -0.207903
    outer loop
      vertex 54.3472 -12.5 52.4541
      vertex 52.9869 -9.65735 46.0541
      vertex 54.3472 12.5 52.4541
    endloop
  endfacet
  facet normal 0.978168 0.000207721 -0.207814
    outer loop
      vertex 52.9869 -9.65735 46.0541
      vertex 54.3472 -12.5 52.4541
      vertex 53.0151 -9.79293 46.1867
    endloop
  endfacet
  facet normal 0.978096 -0.000616993 -0.208155
    outer loop
      vertex 53.0151 -9.79293 46.1867
      vertex 54.3472 -12.5 52.4541
      vertex 53.0379 -9.95 46.2943
    endloop
  endfacet
  facet normal 0.978174 0.000307671 -0.207789
    outer loop
      vertex 53.0379 -9.95 46.2943
      vertex 54.3472 -12.5 52.4541
      vertex 53.0548 -10.1238 46.3736
    endloop
  endfacet
  facet normal 0.978145 -5.05589e-05 -0.207923
    outer loop
      vertex 53.0548 -10.1238 46.3736
      vertex 54.3472 -12.5 52.4541
      vertex 53.0651 -10.309 46.4221
    endloop
  endfacet
  facet normal 0.978163 0.0001873 -0.20784
    outer loop
      vertex 53.0651 -10.309 46.4221
      vertex 54.3472 -12.5 52.4541
      vertex 53.0686 -10.5 46.4384
    endloop
  endfacet
  facet normal 0.978148 -6.81865e-05 -0.207911
    outer loop
      vertex 49.5957 -12.5 30.1
      vertex 52.8399 -11.6 45.3625
      vertex 54.3472 -12.5 52.4541
    endloop
  endfacet
  facet normal 0.978152 9.25755e-05 -0.207892
    outer loop
      vertex 52.8796 -11.5833 45.5493
      vertex 54.3472 -12.5 52.4541
      vertex 52.8399 -11.6 45.3625
    endloop
  endfacet
  facet normal 0.978154 0.000181405 -0.20788
    outer loop
      vertex 52.9181 -11.5337 45.7305
      vertex 54.3472 -12.5 52.4541
      vertex 52.8796 -11.5833 45.5493
    endloop
  endfacet
  facet normal 0.978158 0.000310229 -0.207863
    outer loop
      vertex 52.9542 -11.4526 45.9005
      vertex 54.3472 -12.5 52.4541
      vertex 52.9181 -11.5337 45.7305
    endloop
  endfacet
  facet normal 0.978136 -0.000374847 -0.207967
    outer loop
      vertex 52.9869 -11.3426 46.0541
      vertex 54.3472 -12.5 52.4541
      vertex 52.9542 -11.4526 45.9005
    endloop
  endfacet
  facet normal 0.978146 -9.98778e-05 -0.20792
    outer loop
      vertex 53.0151 -11.2071 46.1867
      vertex 54.3472 -12.5 52.4541
      vertex 52.9869 -11.3426 46.0541
    endloop
  endfacet
  facet normal 0.978166 0.000380603 -0.207825
    outer loop
      vertex 53.0379 -11.05 46.2943
      vertex 54.3472 -12.5 52.4541
      vertex 53.0151 -11.2071 46.1867
    endloop
  endfacet
  facet normal 0.978137 -0.000225344 -0.207962
    outer loop
      vertex 53.0548 -10.8762 46.3736
      vertex 54.3472 -12.5 52.4541
      vertex 53.0379 -11.05 46.2943
    endloop
  endfacet
  facet normal 0.978152 4.24185e-05 -0.207893
    outer loop
      vertex 53.0651 -10.691 46.4221
      vertex 54.3472 -12.5 52.4541
      vertex 53.0548 -10.8762 46.3736
    endloop
  endfacet
  facet normal 0.978138 -0.000176961 -0.207956
    outer loop
      vertex 53.0686 -10.5 46.4384
      vertex 54.3472 -12.5 52.4541
      vertex 53.0651 -10.691 46.4221
    endloop
  endfacet
  facet normal 0.978158 0.000970381 -0.20786
    outer loop
      vertex 52.8002 11.5833 45.1756
      vertex 49.5957 12.5 30.1
      vertex 52.8399 11.6 45.3625
    endloop
  endfacet
  facet normal 0.978151 0.000128385 -0.207895
    outer loop
      vertex 50.2013 11.5833 32.9488
      vertex 49.5957 12.5 30.1
      vertex 50.241 11.6 33.1356
    endloop
  endfacet
  facet normal 0.978154 0.000177935 -0.20788
    outer loop
      vertex 50.1628 11.5337 32.7676
      vertex 49.5957 12.5 30.1
      vertex 50.2013 11.5833 32.9488
    endloop
  endfacet
  facet normal 0.9781 -0.000557351 -0.208134
    outer loop
      vertex 50.1266 11.4526 32.5977
      vertex 49.5957 12.5 30.1
      vertex 50.1628 11.5337 32.7676
    endloop
  endfacet
  facet normal 0.978181 0.000391311 -0.207754
    outer loop
      vertex 50.094 11.3426 32.444
      vertex 49.5957 12.5 30.1
      vertex 50.1266 11.4526 32.5977
    endloop
  endfacet
  facet normal 0.978136 -5.4442e-05 -0.207964
    outer loop
      vertex 50.0658 11.2071 32.3114
      vertex 49.5957 12.5 30.1
      vertex 50.094 11.3426 32.444
    endloop
  endfacet
  facet normal 0.978129 -0.000117208 -0.207999
    outer loop
      vertex 50.0429 11.05 32.2038
      vertex 49.5957 12.5 30.1
      vertex 50.0658 11.2071 32.3114
    endloop
  endfacet
  facet normal 0.978167 0.000151464 -0.207822
    outer loop
      vertex 50.0261 10.8762 32.1246
      vertex 49.5957 12.5 30.1
      vertex 50.0429 11.05 32.2038
    endloop
  endfacet
  facet normal 0.978093 -0.000298251 -0.208167
    outer loop
      vertex 50.0157 10.691 32.076
      vertex 49.5957 12.5 30.1
      vertex 50.0261 10.8762 32.1246
    endloop
  endfacet
  facet normal 0.978206 0.000306754 -0.207637
    outer loop
      vertex 50.0123 10.5 32.0597
      vertex 49.5957 12.5 30.1
      vertex 50.0157 10.691 32.076
    endloop
  endfacet
  facet normal 0.978066 -0.000365233 -0.208294
    outer loop
      vertex 50.0157 10.309 32.076
      vertex 49.5957 12.5 30.1
      vertex 50.0123 10.5 32.0597
    endloop
  endfacet
  facet normal 0.978071 0.000269398 -0.208273
    outer loop
      vertex 49.5957 7.5 30.1
      vertex 50.0157 10.309 32.076
      vertex 50.0261 10.1238 32.1246
    endloop
  endfacet
  facet normal 0.978176 -0.000130032 -0.207777
    outer loop
      vertex 49.5957 7.5 30.1
      vertex 50.0261 10.1238 32.1246
      vertex 50.0429 9.95 32.2038
    endloop
  endfacet
  facet normal 0.978123 9.59906e-05 -0.208029
    outer loop
      vertex 49.5957 7.5 30.1
      vertex 50.0429 9.95 32.2038
      vertex 50.0658 9.79293 32.3114
    endloop
  endfacet
  facet normal 0.978153 -4.3773e-05 -0.207888
    outer loop
      vertex 50.2929 7.5 33.3802
      vertex 50.2013 9.41671 32.9488
      vertex 50.241 9.4 33.1356
    endloop
  endfacet
  facet normal 0.978163 -3.29558e-05 -0.207842
    outer loop
      vertex 50.2929 7.5 33.3802
      vertex 50.1628 9.46634 32.7676
      vertex 50.2013 9.41671 32.9488
    endloop
  endfacet
  facet normal 0.978022 -0.000248011 -0.208502
    outer loop
      vertex 50.2929 7.5 33.3802
      vertex 50.1266 9.54737 32.5977
      vertex 50.1628 9.46634 32.7676
    endloop
  endfacet
  facet normal 0.978149 -8.99239e-06 -0.207904
    outer loop
      vertex 49.5957 7.5 30.1
      vertex 50.1266 9.54737 32.5977
      vertex 50.2929 7.5 33.3802
    endloop
  endfacet
  facet normal 0.978196 -0.000289304 -0.207684
    outer loop
      vertex 50.1266 9.54737 32.5977
      vertex 49.5957 7.5 30.1
      vertex 50.094 9.65735 32.444
    endloop
  endfacet
  facet normal 0.978134 4.24709e-05 -0.207976
    outer loop
      vertex 50.094 9.65735 32.444
      vertex 49.5957 7.5 30.1
      vertex 50.0658 9.79293 32.3114
    endloop
  endfacet
  facet normal 0.978149 -9.49668e-20 -0.207906
    outer loop
      vertex 50.0157 10.309 32.076
      vertex 49.5957 7.5 30.1
      vertex 49.5957 12.5 30.1
    endloop
  endfacet
  facet normal 0.978177 -2.86211e-05 -0.207775
    outer loop
      vertex 50.2807 9.41671 33.3225
      vertex 50.2929 7.5 33.3802
      vertex 50.241 9.4 33.1356
    endloop
  endfacet
  facet normal 0.978146 0 -0.20792
    outer loop
      vertex 51.3221 -5.5 38.222
      vertex 50.2929 7.5 33.3802
      vertex 51.3221 5.5 38.222
    endloop
  endfacet
  facet normal 0.978146 0 -0.20792
    outer loop
      vertex 50.2929 7.5 33.3802
      vertex 51.3221 -5.5 38.222
      vertex 50.2929 -7.5 33.3802
    endloop
  endfacet
  facet normal 0.978153 4.3773e-05 -0.207888
    outer loop
      vertex 50.2013 -9.41671 32.9488
      vertex 50.2929 -7.5 33.3802
      vertex 50.241 -9.4 33.1356
    endloop
  endfacet
  facet normal 0.978163 3.29558e-05 -0.207842
    outer loop
      vertex 50.1628 -9.46634 32.7676
      vertex 50.2929 -7.5 33.3802
      vertex 50.2013 -9.41671 32.9488
    endloop
  endfacet
  facet normal 0.978022 0.000248011 -0.208502
    outer loop
      vertex 50.1266 -9.54737 32.5977
      vertex 50.2929 -7.5 33.3802
      vertex 50.1628 -9.46634 32.7676
    endloop
  endfacet
  facet normal 0.978149 8.99239e-06 -0.207904
    outer loop
      vertex 50.2929 -7.5 33.3802
      vertex 50.1266 -9.54737 32.5977
      vertex 49.5957 -7.5 30.1
    endloop
  endfacet
  facet normal 0.978196 0.000289304 -0.207684
    outer loop
      vertex 50.094 -9.65735 32.444
      vertex 49.5957 -7.5 30.1
      vertex 50.1266 -9.54737 32.5977
    endloop
  endfacet
  facet normal 0.978134 -4.24709e-05 -0.207976
    outer loop
      vertex 50.0658 -9.79293 32.3114
      vertex 49.5957 -7.5 30.1
      vertex 50.094 -9.65735 32.444
    endloop
  endfacet
  facet normal 0.978123 -9.59906e-05 -0.208029
    outer loop
      vertex 50.0429 -9.95 32.2038
      vertex 49.5957 -7.5 30.1
      vertex 50.0658 -9.79293 32.3114
    endloop
  endfacet
  facet normal 0.978176 0.000130032 -0.207777
    outer loop
      vertex 50.0261 -10.1238 32.1246
      vertex 49.5957 -7.5 30.1
      vertex 50.0429 -9.95 32.2038
    endloop
  endfacet
  facet normal 0.978071 -0.000269398 -0.208273
    outer loop
      vertex 50.0157 -10.309 32.076
      vertex 49.5957 -7.5 30.1
      vertex 50.0261 -10.1238 32.1246
    endloop
  endfacet
  facet normal 0.978066 0.000365233 -0.208294
    outer loop
      vertex 49.5957 -12.5 30.1
      vertex 50.0157 -10.309 32.076
      vertex 50.0123 -10.5 32.0597
    endloop
  endfacet
  facet normal 0.978206 -0.000306754 -0.207637
    outer loop
      vertex 49.5957 -12.5 30.1
      vertex 50.0123 -10.5 32.0597
      vertex 50.0157 -10.691 32.076
    endloop
  endfacet
  facet normal 0.978093 0.000298251 -0.208167
    outer loop
      vertex 49.5957 -12.5 30.1
      vertex 50.0157 -10.691 32.076
      vertex 50.0261 -10.8762 32.1246
    endloop
  endfacet
  facet normal 0.978167 -0.000151464 -0.207822
    outer loop
      vertex 49.5957 -12.5 30.1
      vertex 50.0261 -10.8762 32.1246
      vertex 50.0429 -11.05 32.2038
    endloop
  endfacet
  facet normal 0.978149 -9.49668e-20 -0.207906
    outer loop
      vertex 50.0157 -10.309 32.076
      vertex 49.5957 -12.5 30.1
      vertex 49.5957 -7.5 30.1
    endloop
  endfacet
  facet normal 0.978129 0.000117208 -0.207999
    outer loop
      vertex 50.0658 -11.2071 32.3114
      vertex 49.5957 -12.5 30.1
      vertex 50.0429 -11.05 32.2038
    endloop
  endfacet
  facet normal 0.978136 5.4442e-05 -0.207964
    outer loop
      vertex 50.094 -11.3426 32.444
      vertex 49.5957 -12.5 30.1
      vertex 50.0658 -11.2071 32.3114
    endloop
  endfacet
  facet normal 0.978181 -0.000391311 -0.207754
    outer loop
      vertex 50.1266 -11.4526 32.5977
      vertex 49.5957 -12.5 30.1
      vertex 50.094 -11.3426 32.444
    endloop
  endfacet
  facet normal 0.9781 0.000557351 -0.208134
    outer loop
      vertex 50.1628 -11.5337 32.7676
      vertex 49.5957 -12.5 30.1
      vertex 50.1266 -11.4526 32.5977
    endloop
  endfacet
  facet normal 0.978154 -0.000177935 -0.20788
    outer loop
      vertex 50.2013 -11.5833 32.9488
      vertex 49.5957 -12.5 30.1
      vertex 50.1628 -11.5337 32.7676
    endloop
  endfacet
  facet normal 0.978151 -0.000128385 -0.207895
    outer loop
      vertex 50.241 -11.6 33.1356
      vertex 49.5957 -12.5 30.1
      vertex 50.2013 -11.5833 32.9488
    endloop
  endfacet
  facet normal 0.97819 -0.000776206 -0.207711
    outer loop
      vertex 50.2807 -11.5833 33.3225
      vertex 49.5957 -12.5 30.1
      vertex 50.241 -11.6 33.1356
    endloop
  endfacet
  facet normal 0.207883 0 0.978154
    outer loop
      vertex 51.0018 12.5 27.0955
      vertex 50.0725 7.5 27.293
      vertex 51.0018 -12.5 27.0955
    endloop
  endfacet
  facet normal 0.20787 2.37666e-06 0.978156
    outer loop
      vertex 49.6 12.5 27.3934
      vertex 50.0725 7.5 27.293
      vertex 51.0018 12.5 27.0955
    endloop
  endfacet
  facet normal 0.207846 1.00154e-18 0.978161
    outer loop
      vertex 50.0725 7.5 27.293
      vertex 49.6 12.5 27.3934
      vertex 49.6 7.5 27.3934
    endloop
  endfacet
  facet normal 0.207883 -0 0.978154
    outer loop
      vertex 50.0725 -7.5 27.293
      vertex 51.0018 -12.5 27.0955
      vertex 50.0725 7.5 27.293
    endloop
  endfacet
  facet normal 0.207846 -0 0.978161
    outer loop
      vertex 49.6 -12.5 27.3934
      vertex 50.0725 -7.5 27.293
      vertex 49.6 -7.5 27.3934
    endloop
  endfacet
  facet normal 0.20787 -2.37666e-06 0.978156
    outer loop
      vertex 50.0725 -7.5 27.293
      vertex 49.6 -12.5 27.3934
      vertex 51.0018 -12.5 27.0955
    endloop
  endfacet
  facet normal 0.207846 3.33845e-19 0.978161
    outer loop
      vertex 49.6 7.5 27.3934
      vertex 50.0725 -7.5 27.293
      vertex 50.0725 7.5 27.293
    endloop
  endfacet
  facet normal 0.207846 3.33845e-19 0.978161
    outer loop
      vertex 50.0725 -7.5 27.293
      vertex 49.6 7.5 27.3934
      vertex 49.6 -7.5 27.3934
    endloop
  endfacet
  facet normal -0.0538113 -0.965934 -0.253132
    outer loop
      vertex 48.8135 -9.41671 33.6343
      vertex 50.3192 -9.46634 33.5036
      vertex 48.852 -9.46634 33.8155
    endloop
  endfacet
  facet normal -0.0538213 -0.9659 -0.253261
    outer loop
      vertex 50.3192 -9.46634 33.5036
      vertex 48.8135 -9.41671 33.6343
      vertex 50.2807 -9.41671 33.3225
    endloop
  endfacet
  facet normal -0.0181195 -0.996194 -0.0852626
    outer loop
      vertex 48.7738 -9.4 33.4475
      vertex 50.2807 -9.41671 33.3225
      vertex 48.8135 -9.41671 33.6343
    endloop
  endfacet
  facet normal -0.0181158 -0.996198 -0.0852181
    outer loop
      vertex 50.2807 -9.41671 33.3225
      vertex 48.7738 -9.4 33.4475
      vertex 50.241 -9.4 33.1356
    endloop
  endfacet
  facet normal -0.200773 -0.259088 -0.944756
    outer loop
      vertex 48.999 -10.309 34.5071
      vertex 50.4559 -10.1238 34.1467
      vertex 50.4662 -10.309 34.1953
    endloop
  endfacet
  facet normal -0.200862 -0.258612 -0.944867
    outer loop
      vertex 50.4559 -10.1238 34.1467
      vertex 48.999 -10.309 34.5071
      vertex 48.9887 -10.1238 34.4586
    endloop
  endfacet
  facet normal 0.0181231 -0.996195 0.0852522
    outer loop
      vertex 48.734 -9.41671 33.2607
      vertex 50.241 -9.4 33.1356
      vertex 48.7738 -9.4 33.4475
    endloop
  endfacet
  facet normal 0.0181238 -0.996194 0.0852617
    outer loop
      vertex 50.241 -9.4 33.1356
      vertex 48.734 -9.41671 33.2607
      vertex 50.2013 -9.41671 32.9488
    endloop
  endfacet
  facet normal 0.0538078 -0.965934 0.253133
    outer loop
      vertex 48.6955 -9.46634 33.0795
      vertex 50.2013 -9.41671 32.9488
      vertex 48.734 -9.41671 33.2607
    endloop
  endfacet
  facet normal 0.0538078 -0.965934 0.253133
    outer loop
      vertex 50.2013 -9.41671 32.9488
      vertex 48.6955 -9.46634 33.0795
      vertex 50.1628 -9.46634 32.7676
    endloop
  endfacet
  facet normal -0.170377 -0.57326 -0.801464
    outer loop
      vertex 48.9718 -9.95 34.3793
      vertex 50.4162 -9.79293 33.9599
      vertex 50.439 -9.95 34.0674
    endloop
  endfacet
  facet normal -0.170253 -0.573675 -0.801193
    outer loop
      vertex 50.4162 -9.79293 33.9599
      vertex 48.9718 -9.95 34.3793
      vertex 48.9489 -9.79293 34.2717
    endloop
  endfacet
  facet normal -0.0879307 0.906188 -0.413633
    outer loop
      vertex 50.3553 -11.4526 33.6736
      vertex 48.852 -11.5337 33.8155
      vertex 48.8881 -11.4526 33.9855
    endloop
  endfacet
  facet normal -0.0879307 0.906188 -0.413633
    outer loop
      vertex 48.852 -11.5337 33.8155
      vertex 50.3553 -11.4526 33.6736
      vertex 50.3192 -11.5337 33.5036
    endloop
  endfacet
  facet normal -0.0878684 -0.906328 -0.413339
    outer loop
      vertex 48.852 -9.46634 33.8155
      vertex 50.3553 -9.54737 33.6736
      vertex 48.8881 -9.54737 33.9855
    endloop
  endfacet
  facet normal -0.0878684 -0.906328 -0.413339
    outer loop
      vertex 50.3553 -9.54737 33.6736
      vertex 48.852 -9.46634 33.8155
      vertex 50.3192 -9.46634 33.5036
    endloop
  endfacet
  facet normal -0.053781 0.965973 -0.252989
    outer loop
      vertex 50.3192 -11.5337 33.5036
      vertex 48.8135 -11.5833 33.6343
      vertex 48.852 -11.5337 33.8155
    endloop
  endfacet
  facet normal -0.053791 0.965939 -0.253118
    outer loop
      vertex 48.8135 -11.5833 33.6343
      vertex 50.3192 -11.5337 33.5036
      vertex 50.2807 -11.5833 33.3225
    endloop
  endfacet
  facet normal 0.170316 -0.573675 0.80118
    outer loop
      vertex 48.5986 -9.79293 32.6233
      vertex 50.0429 -9.95 32.2038
      vertex 50.0658 -9.79293 32.3114
    endloop
  endfacet
  facet normal 0.170316 -0.573675 0.80118
    outer loop
      vertex 50.0429 -9.95 32.2038
      vertex 48.5986 -9.79293 32.6233
      vertex 48.5757 -9.95 32.5157
    endloop
  endfacet
  facet normal 0.119258 0.819059 0.561177
    outer loop
      vertex 50.1266 -11.4526 32.5977
      vertex 48.6267 -11.3426 32.7559
      vertex 48.6594 -11.4526 32.9095
    endloop
  endfacet
  facet normal 0.119247 0.819191 0.560986
    outer loop
      vertex 48.6267 -11.3426 32.7559
      vertex 50.1266 -11.4526 32.5977
      vertex 50.094 -11.3426 32.444
    endloop
  endfacet
  facet normal 0.119243 -0.819108 0.561109
    outer loop
      vertex 48.6267 -9.65735 32.7559
      vertex 50.1266 -9.54737 32.5977
      vertex 48.6594 -9.54737 32.9095
    endloop
  endfacet
  facet normal 0.119233 -0.81924 0.560918
    outer loop
      vertex 50.1266 -9.54737 32.5977
      vertex 48.6267 -9.65735 32.7559
      vertex 50.094 -9.65735 32.444
    endloop
  endfacet
  facet normal -0.200773 0.259088 -0.944756
    outer loop
      vertex 50.4559 -10.8762 34.1467
      vertex 48.999 -10.691 34.5071
      vertex 50.4662 -10.691 34.1953
    endloop
  endfacet
  facet normal -0.200862 0.258612 -0.944867
    outer loop
      vertex 48.999 -10.691 34.5071
      vertex 50.4559 -10.8762 34.1467
      vertex 48.9887 -10.8762 34.4586
    endloop
  endfacet
  facet normal 0.0181123 0.996199 0.0852016
    outer loop
      vertex 50.241 -11.6 33.1356
      vertex 48.734 -11.5833 33.2607
      vertex 48.7738 -11.6 33.4475
    endloop
  endfacet
  facet normal 0.0181131 0.996198 0.085211
    outer loop
      vertex 48.734 -11.5833 33.2607
      vertex 50.241 -11.6 33.1356
      vertex 50.2013 -11.5833 32.9488
    endloop
  endfacet
  facet normal 0.0537775 0.965973 0.25299
    outer loop
      vertex 50.2013 -11.5833 32.9488
      vertex 48.6955 -11.5337 33.0795
      vertex 48.734 -11.5833 33.2607
    endloop
  endfacet
  facet normal 0.0537775 0.965973 0.25299
    outer loop
      vertex 48.6955 -11.5337 33.0795
      vertex 50.2013 -11.5833 32.9488
      vertex 50.1628 -11.5337 32.7676
    endloop
  endfacet
  facet normal 0.170327 0.573602 0.80123
    outer loop
      vertex 50.0429 -11.05 32.2038
      vertex 48.5986 -11.2071 32.6233
      vertex 50.0658 -11.2071 32.3114
    endloop
  endfacet
  facet normal 0.170327 0.573602 0.80123
    outer loop
      vertex 48.5986 -11.2071 32.6233
      vertex 50.0429 -11.05 32.2038
      vertex 48.5757 -11.05 32.5157
    endloop
  endfacet
  facet normal 0.087925 0.906188 0.413634
    outer loop
      vertex 50.1628 -11.5337 32.7676
      vertex 48.6594 -11.4526 32.9095
      vertex 48.6955 -11.5337 33.0795
    endloop
  endfacet
  facet normal 0.0879358 0.906116 0.413789
    outer loop
      vertex 48.6594 -11.4526 32.9095
      vertex 50.1628 -11.5337 32.7676
      vertex 50.1266 -11.4526 32.5977
    endloop
  endfacet
  facet normal 0.188487 -0.422267 0.886659
    outer loop
      vertex 48.5757 -9.95 32.5157
      vertex 50.0261 -10.1238 32.1246
      vertex 50.0429 -9.95 32.2038
    endloop
  endfacet
  facet normal 0.188368 -0.422775 0.886442
    outer loop
      vertex 50.0261 -10.1238 32.1246
      vertex 48.5757 -9.95 32.5157
      vertex 48.5588 -10.1238 32.4364
    endloop
  endfacet
  facet normal -0.188438 -0.422775 -0.886427
    outer loop
      vertex 48.9887 -10.1238 34.4586
      vertex 50.439 -9.95 34.0674
      vertex 50.4559 -10.1238 34.1467
    endloop
  endfacet
  facet normal -0.188438 -0.422775 -0.886427
    outer loop
      vertex 50.439 -9.95 34.0674
      vertex 48.9887 -10.1238 34.4586
      vertex 48.9718 -9.95 34.3793
    endloop
  endfacet
  facet normal -0.0181087 0.996198 -0.085212
    outer loop
      vertex 50.2807 -11.5833 33.3225
      vertex 48.7738 -11.6 33.4475
      vertex 48.8135 -11.5833 33.6343
    endloop
  endfacet
  facet normal -0.0181051 0.996202 -0.0851675
    outer loop
      vertex 48.7738 -11.6 33.4475
      vertex 50.2807 -11.5833 33.3225
      vertex 50.241 -11.6 33.1356
    endloop
  endfacet
  facet normal -0.119243 -0.819108 -0.561109
    outer loop
      vertex 48.8881 -9.54737 33.9855
      vertex 50.388 -9.65735 33.8273
      vertex 48.9208 -9.65735 34.1391
    endloop
  endfacet
  facet normal -0.11923 -0.819276 -0.560866
    outer loop
      vertex 50.388 -9.65735 33.8273
      vertex 48.8881 -9.54737 33.9855
      vertex 50.3553 -9.54737 33.6736
    endloop
  endfacet
  facet normal -0.146997 -0.707015 -0.691753
    outer loop
      vertex 48.9208 -9.65735 34.1391
      vertex 50.4162 -9.79293 33.9599
      vertex 48.9489 -9.79293 34.2717
    endloop
  endfacet
  facet normal -0.146995 -0.707069 -0.691698
    outer loop
      vertex 50.4162 -9.79293 33.9599
      vertex 48.9208 -9.65735 34.1391
      vertex 50.388 -9.65735 33.8273
    endloop
  endfacet
  facet normal -0.119258 0.819059 -0.561177
    outer loop
      vertex 50.388 -11.3426 33.8273
      vertex 48.8881 -11.4526 33.9855
      vertex 48.9208 -11.3426 34.1391
    endloop
  endfacet
  facet normal -0.119245 0.819227 -0.560935
    outer loop
      vertex 48.8881 -11.4526 33.9855
      vertex 50.388 -11.3426 33.8273
      vertex 50.3553 -11.4526 33.6736
    endloop
  endfacet
  facet normal 0.20715 0.0868471 0.974447
    outer loop
      vertex 50.0123 -10.5 32.0597
      vertex 48.5485 -10.691 32.3879
      vertex 50.0157 -10.691 32.076
    endloop
  endfacet
  facet normal 0.207061 0.087461 0.974411
    outer loop
      vertex 48.5485 -10.691 32.3879
      vertex 50.0123 -10.5 32.0597
      vertex 48.545 -10.5 32.3715
    endloop
  endfacet
  facet normal 0.200755 -0.259189 0.944732
    outer loop
      vertex 48.5588 -10.1238 32.4364
      vertex 50.0157 -10.309 32.076
      vertex 50.0261 -10.1238 32.1246
    endloop
  endfacet
  facet normal 0.200862 -0.258612 0.944867
    outer loop
      vertex 50.0157 -10.309 32.076
      vertex 48.5588 -10.1238 32.4364
      vertex 48.5485 -10.309 32.3879
    endloop
  endfacet
  facet normal -0.146954 0.707223 -0.691549
    outer loop
      vertex 50.4162 -11.2071 33.9599
      vertex 48.9208 -11.3426 34.1391
      vertex 48.9489 -11.2071 34.2717
    endloop
  endfacet
  facet normal -0.146952 0.707278 -0.691494
    outer loop
      vertex 48.9208 -11.3426 34.1391
      vertex 50.4162 -11.2071 33.9599
      vertex 50.388 -11.3426 33.8273
    endloop
  endfacet
  facet normal -0.170387 0.573187 -0.801514
    outer loop
      vertex 50.4162 -11.2071 33.9599
      vertex 48.9718 -11.05 34.3793
      vertex 50.439 -11.05 34.0674
    endloop
  endfacet
  facet normal -0.170264 0.573602 -0.801244
    outer loop
      vertex 48.9718 -11.05 34.3793
      vertex 50.4162 -11.2071 33.9599
      vertex 48.9489 -11.2071 34.2717
    endloop
  endfacet
  facet normal 0.0878627 -0.906328 0.413341
    outer loop
      vertex 48.6594 -9.54737 32.9095
      vertex 50.1628 -9.46634 32.7676
      vertex 48.6955 -9.46634 33.0795
    endloop
  endfacet
  facet normal 0.0878734 -0.906256 0.413496
    outer loop
      vertex 50.1628 -9.46634 32.7676
      vertex 48.6594 -9.54737 32.9095
      vertex 50.1266 -9.54737 32.5977
    endloop
  endfacet
  facet normal -0.188438 0.422775 -0.886427
    outer loop
      vertex 50.439 -11.05 34.0674
      vertex 48.9887 -10.8762 34.4586
      vertex 50.4559 -10.8762 34.1467
    endloop
  endfacet
  facet normal -0.188438 0.422775 -0.886427
    outer loop
      vertex 48.9887 -10.8762 34.4586
      vertex 50.439 -11.05 34.0674
      vertex 48.9718 -11.05 34.3793
    endloop
  endfacet
  facet normal -0.207148 -0.0869547 -0.974438
    outer loop
      vertex 49.0025 -10.5 34.5235
      vertex 50.4662 -10.309 34.1953
      vertex 50.4697 -10.5 34.2116
    endloop
  endfacet
  facet normal -0.207075 -0.087461 -0.974408
    outer loop
      vertex 50.4662 -10.309 34.1953
      vertex 49.0025 -10.5 34.5235
      vertex 48.999 -10.309 34.5071
    endloop
  endfacet
  facet normal 0.146999 0.707223 0.691539
    outer loop
      vertex 50.094 -11.3426 32.444
      vertex 48.5986 -11.2071 32.6233
      vertex 48.6267 -11.3426 32.7559
    endloop
  endfacet
  facet normal 0.146997 0.707278 0.691484
    outer loop
      vertex 48.5986 -11.2071 32.6233
      vertex 50.094 -11.3426 32.444
      vertex 50.0658 -11.2071 32.3114
    endloop
  endfacet
  facet normal 0.147042 -0.707015 0.691743
    outer loop
      vertex 48.5986 -9.79293 32.6233
      vertex 50.094 -9.65735 32.444
      vertex 48.6267 -9.65735 32.7559
    endloop
  endfacet
  facet normal 0.14704 -0.707069 0.691688
    outer loop
      vertex 50.094 -9.65735 32.444
      vertex 48.5986 -9.79293 32.6233
      vertex 50.0658 -9.79293 32.3114
    endloop
  endfacet
  facet normal 0.200755 0.259189 0.944732
    outer loop
      vertex 50.0157 -10.691 32.076
      vertex 48.5588 -10.8762 32.4364
      vertex 50.0261 -10.8762 32.1246
    endloop
  endfacet
  facet normal 0.200862 0.258612 0.944867
    outer loop
      vertex 48.5588 -10.8762 32.4364
      vertex 50.0157 -10.691 32.076
      vertex 48.5485 -10.691 32.3879
    endloop
  endfacet
  facet normal 0.188487 0.422267 0.886659
    outer loop
      vertex 50.0261 -10.8762 32.1246
      vertex 48.5757 -11.05 32.5157
      vertex 50.0429 -11.05 32.2038
    endloop
  endfacet
  facet normal 0.188368 0.422775 0.886442
    outer loop
      vertex 48.5757 -11.05 32.5157
      vertex 50.0261 -10.8762 32.1246
      vertex 48.5588 -10.8762 32.4364
    endloop
  endfacet
  facet normal -0.207148 0.0869547 -0.974438
    outer loop
      vertex 50.4662 -10.691 34.1953
      vertex 49.0025 -10.5 34.5235
      vertex 50.4697 -10.5 34.2116
    endloop
  endfacet
  facet normal -0.207075 0.087461 -0.974408
    outer loop
      vertex 49.0025 -10.5 34.5235
      vertex 50.4662 -10.691 34.1953
      vertex 48.999 -10.691 34.5071
    endloop
  endfacet
  facet normal 0.20715 -0.0868471 0.974447
    outer loop
      vertex 48.5485 -10.309 32.3879
      vertex 50.0123 -10.5 32.0597
      vertex 50.0157 -10.309 32.076
    endloop
  endfacet
  facet normal 0.207061 -0.087461 0.974411
    outer loop
      vertex 50.0123 -10.5 32.0597
      vertex 48.5485 -10.309 32.3879
      vertex 48.545 -10.5 32.3715
    endloop
  endfacet
  facet normal -0.0538113 -0.965934 -0.253132
    outer loop
      vertex 51.4124 -9.41671 45.8612
      vertex 52.9181 -9.46634 45.7305
      vertex 51.4509 -9.46634 46.0424
    endloop
  endfacet
  facet normal -0.0538113 -0.965934 -0.253132
    outer loop
      vertex 52.9181 -9.46634 45.7305
      vertex 51.4124 -9.41671 45.8612
      vertex 52.8796 -9.41671 45.5493
    endloop
  endfacet
  facet normal -0.0181231 -0.996195 -0.0852522
    outer loop
      vertex 51.3726 -9.4 45.6744
      vertex 52.8796 -9.41671 45.5493
      vertex 51.4124 -9.41671 45.8612
    endloop
  endfacet
  facet normal -0.0181238 -0.996194 -0.0852617
    outer loop
      vertex 52.8796 -9.41671 45.5493
      vertex 51.3726 -9.4 45.6744
      vertex 52.8399 -9.4 45.3625
    endloop
  endfacet
  facet normal -0.200862 -0.258612 -0.944867
    outer loop
      vertex 51.5979 -10.309 46.734
      vertex 53.0548 -10.1238 46.3736
      vertex 53.0651 -10.309 46.4221
    endloop
  endfacet
  facet normal -0.200773 -0.259088 -0.944756
    outer loop
      vertex 53.0548 -10.1238 46.3736
      vertex 51.5979 -10.309 46.734
      vertex 51.5876 -10.1238 46.6854
    endloop
  endfacet
  facet normal 0.0181146 -0.996198 0.0852184
    outer loop
      vertex 51.3329 -9.41671 45.4875
      vertex 52.8399 -9.4 45.3625
      vertex 51.3726 -9.4 45.6744
    endloop
  endfacet
  facet normal 0.0181146 -0.996198 0.0852184
    outer loop
      vertex 52.8399 -9.4 45.3625
      vertex 51.3329 -9.41671 45.4875
      vertex 52.8002 -9.41671 45.1756
    endloop
  endfacet
  facet normal 0.0538078 -0.965934 0.253133
    outer loop
      vertex 51.2944 -9.46634 45.3063
      vertex 52.8002 -9.41671 45.1756
      vertex 51.3329 -9.41671 45.4875
    endloop
  endfacet
  facet normal 0.0538157 -0.965907 0.253234
    outer loop
      vertex 52.8002 -9.41671 45.1756
      vertex 51.2944 -9.46634 45.3063
      vertex 52.7616 -9.46634 44.9945
    endloop
  endfacet
  facet normal -0.170327 -0.573603 -0.80123
    outer loop
      vertex 51.5707 -9.95 46.6062
      vertex 53.0151 -9.79293 46.1867
      vertex 53.0379 -9.95 46.2943
    endloop
  endfacet
  facet normal -0.170305 -0.573675 -0.801182
    outer loop
      vertex 53.0151 -9.79293 46.1867
      vertex 51.5707 -9.95 46.6062
      vertex 51.5478 -9.79293 46.4986
    endloop
  endfacet
  facet normal -0.0879444 0.906097 -0.41383
    outer loop
      vertex 52.9542 -11.4526 45.9005
      vertex 51.4509 -11.5337 46.0424
      vertex 51.487 -11.4526 46.2123
    endloop
  endfacet
  facet normal -0.0879307 0.906188 -0.413633
    outer loop
      vertex 51.4509 -11.5337 46.0424
      vertex 52.9542 -11.4526 45.9005
      vertex 52.9181 -11.5337 45.7305
    endloop
  endfacet
  facet normal -0.0878821 -0.906236 -0.413536
    outer loop
      vertex 51.4509 -9.46634 46.0424
      vertex 52.9542 -9.54737 45.9005
      vertex 51.487 -9.54737 46.2123
    endloop
  endfacet
  facet normal -0.0878684 -0.906328 -0.413339
    outer loop
      vertex 52.9542 -9.54737 45.9005
      vertex 51.4509 -9.46634 46.0424
      vertex 52.9181 -9.46634 45.7305
    endloop
  endfacet
  facet normal -0.053781 0.965973 -0.252989
    outer loop
      vertex 52.9181 -11.5337 45.7305
      vertex 51.4124 -11.5833 45.8612
      vertex 51.4509 -11.5337 46.0424
    endloop
  endfacet
  facet normal -0.053781 0.965973 -0.252989
    outer loop
      vertex 51.4124 -11.5833 45.8612
      vertex 52.9181 -11.5337 45.7305
      vertex 52.8796 -11.5833 45.5493
    endloop
  endfacet
  facet normal 0.119245 0.819227 0.560935
    outer loop
      vertex 52.7255 -11.4526 44.8245
      vertex 51.2256 -11.3426 44.9827
      vertex 51.2583 -11.4526 45.1364
    endloop
  endfacet
  facet normal 0.119261 0.819024 0.561228
    outer loop
      vertex 51.2256 -11.3426 44.9827
      vertex 52.7255 -11.4526 44.8245
      vertex 52.6929 -11.3426 44.6709
    endloop
  endfacet
  facet normal 0.11923 -0.819276 0.560866
    outer loop
      vertex 51.2256 -9.65735 44.9827
      vertex 52.7255 -9.54737 44.8245
      vertex 51.2583 -9.54737 45.1364
    endloop
  endfacet
  facet normal 0.119246 -0.819073 0.56116
    outer loop
      vertex 52.7255 -9.54737 44.8245
      vertex 51.2256 -9.65735 44.9827
      vertex 52.6929 -9.65735 44.6709
    endloop
  endfacet
  facet normal -0.200862 0.258612 -0.944867
    outer loop
      vertex 53.0548 -10.8762 46.3736
      vertex 51.5979 -10.691 46.734
      vertex 53.0651 -10.691 46.4221
    endloop
  endfacet
  facet normal -0.200773 0.259088 -0.944756
    outer loop
      vertex 51.5979 -10.691 46.734
      vertex 53.0548 -10.8762 46.3736
      vertex 51.5876 -10.8762 46.6854
    endloop
  endfacet
  facet normal 0.0181039 0.996202 0.0851677
    outer loop
      vertex 52.8399 -11.6 45.3625
      vertex 51.3329 -11.5833 45.4875
      vertex 51.3726 -11.6 45.6744
    endloop
  endfacet
  facet normal 0.0181039 0.996202 0.0851677
    outer loop
      vertex 51.3329 -11.5833 45.4875
      vertex 52.8399 -11.6 45.3625
      vertex 52.8002 -11.5833 45.1756
    endloop
  endfacet
  facet normal 0.170366 0.573259 0.801467
    outer loop
      vertex 52.6418 -11.05 44.4307
      vertex 51.1974 -11.2071 44.8501
      vertex 52.6647 -11.2071 44.5382
    endloop
  endfacet
  facet normal 0.170285 0.573529 0.801291
    outer loop
      vertex 51.1974 -11.2071 44.8501
      vertex 52.6418 -11.05 44.4307
      vertex 51.1746 -11.05 44.7425
    endloop
  endfacet
  facet normal 0.0879444 0.906097 0.41383
    outer loop
      vertex 52.7616 -11.5337 44.9945
      vertex 51.2583 -11.4526 45.1364
      vertex 51.2944 -11.5337 45.3063
    endloop
  endfacet
  facet normal 0.0879307 0.906188 0.413633
    outer loop
      vertex 51.2583 -11.4526 45.1364
      vertex 52.7616 -11.5337 44.9945
      vertex 52.7255 -11.4526 44.8245
    endloop
  endfacet
  facet normal 0.188389 -0.422686 0.88648
    outer loop
      vertex 51.1746 -9.95 44.7425
      vertex 52.625 -10.1238 44.3514
      vertex 52.6418 -9.95 44.4307
    endloop
  endfacet
  facet normal 0.188467 -0.422356 0.886621
    outer loop
      vertex 52.625 -10.1238 44.3514
      vertex 51.1746 -9.95 44.7425
      vertex 51.1577 -10.1238 44.6633
    endloop
  endfacet
  facet normal -0.18838 -0.422775 -0.886439
    outer loop
      vertex 51.5876 -10.1238 46.6854
      vertex 53.0379 -9.95 46.2943
      vertex 53.0548 -10.1238 46.3736
    endloop
  endfacet
  facet normal -0.188479 -0.422356 -0.886618
    outer loop
      vertex 53.0379 -9.95 46.2943
      vertex 51.5876 -10.1238 46.6854
      vertex 51.5707 -9.95 46.6062
    endloop
  endfacet
  facet normal -0.11923 -0.819276 -0.560866
    outer loop
      vertex 51.487 -9.54737 46.2123
      vertex 52.9869 -9.65735 46.0541
      vertex 51.5197 -9.65735 46.366
    endloop
  endfacet
  facet normal -0.119243 -0.819108 -0.561109
    outer loop
      vertex 52.9869 -9.65735 46.0541
      vertex 51.487 -9.54737 46.2123
      vertex 52.9542 -9.54737 45.9005
    endloop
  endfacet
  facet normal -0.147042 -0.707015 -0.691743
    outer loop
      vertex 51.5197 -9.65735 46.366
      vertex 53.0151 -9.79293 46.1867
      vertex 51.5478 -9.79293 46.4986
    endloop
  endfacet
  facet normal -0.14704 -0.707069 -0.691688
    outer loop
      vertex 53.0151 -9.79293 46.1867
      vertex 51.5197 -9.65735 46.366
      vertex 52.9869 -9.65735 46.0541
    endloop
  endfacet
  facet normal -0.119245 0.819227 -0.560935
    outer loop
      vertex 52.9869 -11.3426 46.0541
      vertex 51.487 -11.4526 46.2123
      vertex 51.5197 -11.3426 46.366
    endloop
  endfacet
  facet normal -0.119258 0.819059 -0.561177
    outer loop
      vertex 51.487 -11.4526 46.2123
      vertex 52.9869 -11.3426 46.0541
      vertex 52.9542 -11.4526 45.9005
    endloop
  endfacet
  facet normal 0.207077 0.0873534 0.974417
    outer loop
      vertex 52.6112 -10.5 44.2865
      vertex 51.1474 -10.691 44.6147
      vertex 52.6146 -10.691 44.3029
    endloop
  endfacet
  facet normal 0.207134 0.0869547 0.974441
    outer loop
      vertex 51.1474 -10.691 44.6147
      vertex 52.6112 -10.5 44.2865
      vertex 51.1439 -10.5 44.5984
    endloop
  endfacet
  facet normal 0.200843 -0.258713 0.944844
    outer loop
      vertex 51.1577 -10.1238 44.6633
      vertex 52.6146 -10.309 44.3029
      vertex 52.625 -10.1238 44.3514
    endloop
  endfacet
  facet normal 0.200773 -0.259088 0.944756
    outer loop
      vertex 52.6146 -10.309 44.3029
      vertex 51.1577 -10.1238 44.6633
      vertex 51.1474 -10.309 44.6147
    endloop
  endfacet
  facet normal -0.146999 0.707223 -0.691539
    outer loop
      vertex 53.0151 -11.2071 46.1867
      vertex 51.5197 -11.3426 46.366
      vertex 51.5478 -11.2071 46.4986
    endloop
  endfacet
  facet normal -0.146997 0.707278 -0.691484
    outer loop
      vertex 51.5197 -11.3426 46.366
      vertex 53.0151 -11.2071 46.1867
      vertex 52.9869 -11.3426 46.0541
    endloop
  endfacet
  facet normal -0.170338 0.573529 -0.80128
    outer loop
      vertex 53.0151 -11.2071 46.1867
      vertex 51.5707 -11.05 46.6062
      vertex 53.0379 -11.05 46.2943
    endloop
  endfacet
  facet normal -0.170316 0.573602 -0.801232
    outer loop
      vertex 51.5707 -11.05 46.6062
      vertex 53.0151 -11.2071 46.1867
      vertex 51.5478 -11.2071 46.4986
    endloop
  endfacet
  facet normal 0.0878821 -0.906236 0.413536
    outer loop
      vertex 51.2583 -9.54737 45.1364
      vertex 52.7616 -9.46634 44.9945
      vertex 51.2944 -9.46634 45.3063
    endloop
  endfacet
  facet normal 0.0878684 -0.906328 0.413339
    outer loop
      vertex 52.7616 -9.46634 44.9945
      vertex 51.2583 -9.54737 45.1364
      vertex 52.7255 -9.54737 44.8245
    endloop
  endfacet
  facet normal -0.18838 0.422775 -0.886439
    outer loop
      vertex 53.0379 -11.05 46.2943
      vertex 51.5876 -10.8762 46.6854
      vertex 53.0548 -10.8762 46.3736
    endloop
  endfacet
  facet normal -0.188479 0.422356 -0.886618
    outer loop
      vertex 51.5876 -10.8762 46.6854
      vertex 53.0379 -11.05 46.2943
      vertex 51.5707 -11.05 46.6062
    endloop
  endfacet
  facet normal -0.207134 -0.0869547 -0.974441
    outer loop
      vertex 51.6013 -10.5 46.7503
      vertex 53.0651 -10.309 46.4221
      vertex 53.0686 -10.5 46.4384
    endloop
  endfacet
  facet normal -0.20715 -0.0868471 -0.974447
    outer loop
      vertex 53.0651 -10.309 46.4221
      vertex 51.6013 -10.5 46.7503
      vertex 51.5979 -10.309 46.734
    endloop
  endfacet
  facet normal 0.0537775 0.965973 0.25299
    outer loop
      vertex 52.8002 -11.5833 45.1756
      vertex 51.2944 -11.5337 45.3063
      vertex 51.3329 -11.5833 45.4875
    endloop
  endfacet
  facet normal 0.0537853 0.965946 0.253091
    outer loop
      vertex 51.2944 -11.5337 45.3063
      vertex 52.8002 -11.5833 45.1756
      vertex 52.7616 -11.5337 44.9945
    endloop
  endfacet
  facet normal 0.146942 0.707278 0.691496
    outer loop
      vertex 52.6929 -11.3426 44.6709
      vertex 51.1974 -11.2071 44.8501
      vertex 51.2256 -11.3426 44.9827
    endloop
  endfacet
  facet normal 0.146934 0.707532 0.691237
    outer loop
      vertex 51.1974 -11.2071 44.8501
      vertex 52.6929 -11.3426 44.6709
      vertex 52.6647 -11.2071 44.5382
    endloop
  endfacet
  facet normal -0.0181123 0.996199 -0.0852016
    outer loop
      vertex 52.8796 -11.5833 45.5493
      vertex 51.3726 -11.6 45.6744
      vertex 51.4124 -11.5833 45.8612
    endloop
  endfacet
  facet normal -0.0181131 0.996198 -0.085211
    outer loop
      vertex 51.3726 -11.6 45.6744
      vertex 52.8796 -11.5833 45.5493
      vertex 52.8399 -11.6 45.3625
    endloop
  endfacet
  facet normal 0.146986 -0.707069 0.6917
    outer loop
      vertex 51.1974 -9.79293 44.8501
      vertex 52.6929 -9.65735 44.6709
      vertex 51.2256 -9.65735 44.9827
    endloop
  endfacet
  facet normal 0.146978 -0.707324 0.691441
    outer loop
      vertex 52.6929 -9.65735 44.6709
      vertex 51.1974 -9.79293 44.8501
      vertex 52.6647 -9.79293 44.5382
    endloop
  endfacet
  facet normal 0.170355 -0.573333 0.801417
    outer loop
      vertex 51.1974 -9.79293 44.8501
      vertex 52.6418 -9.95 44.4307
      vertex 52.6647 -9.79293 44.5382
    endloop
  endfacet
  facet normal 0.170275 -0.573603 0.801241
    outer loop
      vertex 52.6418 -9.95 44.4307
      vertex 51.1974 -9.79293 44.8501
      vertex 51.1746 -9.95 44.7425
    endloop
  endfacet
  facet normal 0.200843 0.258713 0.944844
    outer loop
      vertex 52.6146 -10.691 44.3029
      vertex 51.1577 -10.8762 44.6633
      vertex 52.625 -10.8762 44.3514
    endloop
  endfacet
  facet normal 0.200773 0.259088 0.944756
    outer loop
      vertex 51.1577 -10.8762 44.6633
      vertex 52.6146 -10.691 44.3029
      vertex 51.1474 -10.691 44.6147
    endloop
  endfacet
  facet normal 0.188389 0.422686 0.88648
    outer loop
      vertex 52.625 -10.8762 44.3514
      vertex 51.1746 -11.05 44.7425
      vertex 52.6418 -11.05 44.4307
    endloop
  endfacet
  facet normal 0.188467 0.422356 0.886621
    outer loop
      vertex 51.1746 -11.05 44.7425
      vertex 52.625 -10.8762 44.3514
      vertex 51.1577 -10.8762 44.6633
    endloop
  endfacet
  facet normal -0.207134 0.0869547 -0.974441
    outer loop
      vertex 53.0651 -10.691 46.4221
      vertex 51.6013 -10.5 46.7503
      vertex 53.0686 -10.5 46.4384
    endloop
  endfacet
  facet normal -0.20715 0.0868471 -0.974447
    outer loop
      vertex 51.6013 -10.5 46.7503
      vertex 53.0651 -10.691 46.4221
      vertex 51.5979 -10.691 46.734
    endloop
  endfacet
  facet normal 0.207077 -0.0873534 0.974417
    outer loop
      vertex 51.1474 -10.309 44.6147
      vertex 52.6112 -10.5 44.2865
      vertex 52.6146 -10.309 44.3029
    endloop
  endfacet
  facet normal 0.207134 -0.0869547 0.974441
    outer loop
      vertex 52.6112 -10.5 44.2865
      vertex 51.1474 -10.309 44.6147
      vertex 51.1439 -10.5 44.5984
    endloop
  endfacet
  facet normal -0.053781 -0.965973 -0.252989
    outer loop
      vertex 48.8135 11.5833 33.6343
      vertex 50.3192 11.5337 33.5036
      vertex 48.852 11.5337 33.8155
    endloop
  endfacet
  facet normal -0.053791 -0.965939 -0.253118
    outer loop
      vertex 50.3192 11.5337 33.5036
      vertex 48.8135 11.5833 33.6343
      vertex 50.2807 11.5833 33.3225
    endloop
  endfacet
  facet normal -0.0181087 -0.996198 -0.085212
    outer loop
      vertex 48.7738 11.6 33.4475
      vertex 50.2807 11.5833 33.3225
      vertex 48.8135 11.5833 33.6343
    endloop
  endfacet
  facet normal -0.0181051 -0.996202 -0.0851675
    outer loop
      vertex 50.2807 11.5833 33.3225
      vertex 48.7738 11.6 33.4475
      vertex 50.241 11.6 33.1356
    endloop
  endfacet
  facet normal -0.200773 -0.259088 -0.944756
    outer loop
      vertex 48.999 10.691 34.5071
      vertex 50.4559 10.8762 34.1467
      vertex 50.4662 10.691 34.1953
    endloop
  endfacet
  facet normal -0.200862 -0.258612 -0.944867
    outer loop
      vertex 50.4559 10.8762 34.1467
      vertex 48.999 10.691 34.5071
      vertex 48.9887 10.8762 34.4586
    endloop
  endfacet
  facet normal 0.0181123 -0.996199 0.0852016
    outer loop
      vertex 48.734 11.5833 33.2607
      vertex 50.241 11.6 33.1356
      vertex 48.7738 11.6 33.4475
    endloop
  endfacet
  facet normal 0.0181131 -0.996198 0.085211
    outer loop
      vertex 50.241 11.6 33.1356
      vertex 48.734 11.5833 33.2607
      vertex 50.2013 11.5833 32.9488
    endloop
  endfacet
  facet normal 0.0537775 -0.965973 0.25299
    outer loop
      vertex 48.6955 11.5337 33.0795
      vertex 50.2013 11.5833 32.9488
      vertex 48.734 11.5833 33.2607
    endloop
  endfacet
  facet normal 0.0537775 -0.965973 0.25299
    outer loop
      vertex 50.2013 11.5833 32.9488
      vertex 48.6955 11.5337 33.0795
      vertex 50.1628 11.5337 32.7676
    endloop
  endfacet
  facet normal -0.170387 -0.573187 -0.801514
    outer loop
      vertex 48.9718 11.05 34.3793
      vertex 50.4162 11.2071 33.9599
      vertex 50.439 11.05 34.0674
    endloop
  endfacet
  facet normal -0.170264 -0.573602 -0.801244
    outer loop
      vertex 50.4162 11.2071 33.9599
      vertex 48.9718 11.05 34.3793
      vertex 48.9489 11.2071 34.2717
    endloop
  endfacet
  facet normal -0.0878684 0.906328 -0.413339
    outer loop
      vertex 50.3553 9.54737 33.6736
      vertex 48.852 9.46634 33.8155
      vertex 48.8881 9.54737 33.9855
    endloop
  endfacet
  facet normal -0.0878684 0.906328 -0.413339
    outer loop
      vertex 48.852 9.46634 33.8155
      vertex 50.3553 9.54737 33.6736
      vertex 50.3192 9.46634 33.5036
    endloop
  endfacet
  facet normal -0.0879307 -0.906188 -0.413633
    outer loop
      vertex 48.852 11.5337 33.8155
      vertex 50.3553 11.4526 33.6736
      vertex 48.8881 11.4526 33.9855
    endloop
  endfacet
  facet normal -0.0879307 -0.906188 -0.413633
    outer loop
      vertex 50.3553 11.4526 33.6736
      vertex 48.852 11.5337 33.8155
      vertex 50.3192 11.5337 33.5036
    endloop
  endfacet
  facet normal -0.0538113 0.965934 -0.253132
    outer loop
      vertex 50.3192 9.46634 33.5036
      vertex 48.8135 9.41671 33.6343
      vertex 48.852 9.46634 33.8155
    endloop
  endfacet
  facet normal -0.0538213 0.9659 -0.253261
    outer loop
      vertex 48.8135 9.41671 33.6343
      vertex 50.3192 9.46634 33.5036
      vertex 50.2807 9.41671 33.3225
    endloop
  endfacet
  facet normal 0.119243 0.819108 0.561109
    outer loop
      vertex 50.1266 9.54737 32.5977
      vertex 48.6267 9.65735 32.7559
      vertex 48.6594 9.54737 32.9095
    endloop
  endfacet
  facet normal 0.119233 0.81924 0.560918
    outer loop
      vertex 48.6267 9.65735 32.7559
      vertex 50.1266 9.54737 32.5977
      vertex 50.094 9.65735 32.444
    endloop
  endfacet
  facet normal 0.119258 -0.819059 0.561177
    outer loop
      vertex 48.6267 11.3426 32.7559
      vertex 50.1266 11.4526 32.5977
      vertex 48.6594 11.4526 32.9095
    endloop
  endfacet
  facet normal 0.119247 -0.819191 0.560986
    outer loop
      vertex 50.1266 11.4526 32.5977
      vertex 48.6267 11.3426 32.7559
      vertex 50.094 11.3426 32.444
    endloop
  endfacet
  facet normal -0.200773 0.259088 -0.944756
    outer loop
      vertex 50.4559 10.1238 34.1467
      vertex 48.999 10.309 34.5071
      vertex 50.4662 10.309 34.1953
    endloop
  endfacet
  facet normal -0.200862 0.258612 -0.944867
    outer loop
      vertex 48.999 10.309 34.5071
      vertex 50.4559 10.1238 34.1467
      vertex 48.9887 10.1238 34.4586
    endloop
  endfacet
  facet normal 0.0181231 0.996195 0.0852522
    outer loop
      vertex 50.241 9.4 33.1356
      vertex 48.734 9.41671 33.2607
      vertex 48.7738 9.4 33.4475
    endloop
  endfacet
  facet normal 0.0181238 0.996194 0.0852617
    outer loop
      vertex 48.734 9.41671 33.2607
      vertex 50.241 9.4 33.1356
      vertex 50.2013 9.41671 32.9488
    endloop
  endfacet
  facet normal 0.0538078 0.965934 0.253133
    outer loop
      vertex 50.2013 9.41671 32.9488
      vertex 48.6955 9.46634 33.0795
      vertex 48.734 9.41671 33.2607
    endloop
  endfacet
  facet normal 0.0538078 0.965934 0.253133
    outer loop
      vertex 48.6955 9.46634 33.0795
      vertex 50.2013 9.41671 32.9488
      vertex 50.1628 9.46634 32.7676
    endloop
  endfacet
  facet normal 0.170316 0.573675 0.80118
    outer loop
      vertex 50.0429 9.95 32.2038
      vertex 48.5986 9.79293 32.6233
      vertex 50.0658 9.79293 32.3114
    endloop
  endfacet
  facet normal 0.170316 0.573675 0.80118
    outer loop
      vertex 48.5986 9.79293 32.6233
      vertex 50.0429 9.95 32.2038
      vertex 48.5757 9.95 32.5157
    endloop
  endfacet
  facet normal 0.0878627 0.906328 0.413341
    outer loop
      vertex 50.1628 9.46634 32.7676
      vertex 48.6594 9.54737 32.9095
      vertex 48.6955 9.46634 33.0795
    endloop
  endfacet
  facet normal 0.0878734 0.906256 0.413496
    outer loop
      vertex 48.6594 9.54737 32.9095
      vertex 50.1628 9.46634 32.7676
      vertex 50.1266 9.54737 32.5977
    endloop
  endfacet
  facet normal 0.188487 -0.422267 0.886659
    outer loop
      vertex 48.5757 11.05 32.5157
      vertex 50.0261 10.8762 32.1246
      vertex 50.0429 11.05 32.2038
    endloop
  endfacet
  facet normal 0.188368 -0.422775 0.886442
    outer loop
      vertex 50.0261 10.8762 32.1246
      vertex 48.5757 11.05 32.5157
      vertex 48.5588 10.8762 32.4364
    endloop
  endfacet
  facet normal -0.188438 -0.422775 -0.886427
    outer loop
      vertex 48.9887 10.8762 34.4586
      vertex 50.439 11.05 34.0674
      vertex 50.4559 10.8762 34.1467
    endloop
  endfacet
  facet normal -0.188438 -0.422775 -0.886427
    outer loop
      vertex 50.439 11.05 34.0674
      vertex 48.9887 10.8762 34.4586
      vertex 48.9718 11.05 34.3793
    endloop
  endfacet
  facet normal -0.119258 -0.819059 -0.561177
    outer loop
      vertex 48.8881 11.4526 33.9855
      vertex 50.388 11.3426 33.8273
      vertex 48.9208 11.3426 34.1391
    endloop
  endfacet
  facet normal -0.119245 -0.819227 -0.560935
    outer loop
      vertex 50.388 11.3426 33.8273
      vertex 48.8881 11.4526 33.9855
      vertex 50.3553 11.4526 33.6736
    endloop
  endfacet
  facet normal -0.146954 -0.707223 -0.691549
    outer loop
      vertex 48.9208 11.3426 34.1391
      vertex 50.4162 11.2071 33.9599
      vertex 48.9489 11.2071 34.2717
    endloop
  endfacet
  facet normal -0.146952 -0.707278 -0.691494
    outer loop
      vertex 50.4162 11.2071 33.9599
      vertex 48.9208 11.3426 34.1391
      vertex 50.388 11.3426 33.8273
    endloop
  endfacet
  facet normal -0.119243 0.819108 -0.561109
    outer loop
      vertex 50.388 9.65735 33.8273
      vertex 48.8881 9.54737 33.9855
      vertex 48.9208 9.65735 34.1391
    endloop
  endfacet
  facet normal -0.11923 0.819276 -0.560866
    outer loop
      vertex 48.8881 9.54737 33.9855
      vertex 50.388 9.65735 33.8273
      vertex 50.3553 9.54737 33.6736
    endloop
  endfacet
  facet normal 0.20715 0.0868471 0.974447
    outer loop
      vertex 50.0123 10.5 32.0597
      vertex 48.5485 10.309 32.3879
      vertex 50.0157 10.309 32.076
    endloop
  endfacet
  facet normal 0.207061 0.087461 0.974411
    outer loop
      vertex 48.5485 10.309 32.3879
      vertex 50.0123 10.5 32.0597
      vertex 48.545 10.5 32.3715
    endloop
  endfacet
  facet normal 0.200755 -0.259189 0.944732
    outer loop
      vertex 48.5588 10.8762 32.4364
      vertex 50.0157 10.691 32.076
      vertex 50.0261 10.8762 32.1246
    endloop
  endfacet
  facet normal 0.200862 -0.258612 0.944867
    outer loop
      vertex 50.0157 10.691 32.076
      vertex 48.5588 10.8762 32.4364
      vertex 48.5485 10.691 32.3879
    endloop
  endfacet
  facet normal -0.146997 0.707015 -0.691753
    outer loop
      vertex 50.4162 9.79293 33.9599
      vertex 48.9208 9.65735 34.1391
      vertex 48.9489 9.79293 34.2717
    endloop
  endfacet
  facet normal -0.146995 0.707069 -0.691698
    outer loop
      vertex 48.9208 9.65735 34.1391
      vertex 50.4162 9.79293 33.9599
      vertex 50.388 9.65735 33.8273
    endloop
  endfacet
  facet normal -0.170377 0.57326 -0.801464
    outer loop
      vertex 50.4162 9.79293 33.9599
      vertex 48.9718 9.95 34.3793
      vertex 50.439 9.95 34.0674
    endloop
  endfacet
  facet normal -0.170253 0.573675 -0.801193
    outer loop
      vertex 48.9718 9.95 34.3793
      vertex 50.4162 9.79293 33.9599
      vertex 48.9489 9.79293 34.2717
    endloop
  endfacet
  facet normal 0.087925 -0.906188 0.413634
    outer loop
      vertex 48.6594 11.4526 32.9095
      vertex 50.1628 11.5337 32.7676
      vertex 48.6955 11.5337 33.0795
    endloop
  endfacet
  facet normal 0.0879358 -0.906116 0.413789
    outer loop
      vertex 50.1628 11.5337 32.7676
      vertex 48.6594 11.4526 32.9095
      vertex 50.1266 11.4526 32.5977
    endloop
  endfacet
  facet normal -0.188438 0.422775 -0.886427
    outer loop
      vertex 50.439 9.95 34.0674
      vertex 48.9887 10.1238 34.4586
      vertex 50.4559 10.1238 34.1467
    endloop
  endfacet
  facet normal -0.188438 0.422775 -0.886427
    outer loop
      vertex 48.9887 10.1238 34.4586
      vertex 50.439 9.95 34.0674
      vertex 48.9718 9.95 34.3793
    endloop
  endfacet
  facet normal -0.207148 -0.0869547 -0.974438
    outer loop
      vertex 49.0025 10.5 34.5235
      vertex 50.4662 10.691 34.1953
      vertex 50.4697 10.5 34.2116
    endloop
  endfacet
  facet normal -0.207075 -0.087461 -0.974408
    outer loop
      vertex 50.4662 10.691 34.1953
      vertex 49.0025 10.5 34.5235
      vertex 48.999 10.691 34.5071
    endloop
  endfacet
  facet normal 0.147042 0.707015 0.691743
    outer loop
      vertex 50.094 9.65735 32.444
      vertex 48.5986 9.79293 32.6233
      vertex 48.6267 9.65735 32.7559
    endloop
  endfacet
  facet normal 0.14704 0.707069 0.691688
    outer loop
      vertex 48.5986 9.79293 32.6233
      vertex 50.094 9.65735 32.444
      vertex 50.0658 9.79293 32.3114
    endloop
  endfacet
  facet normal -0.0181195 0.996194 -0.0852626
    outer loop
      vertex 50.2807 9.41671 33.3225
      vertex 48.7738 9.4 33.4475
      vertex 48.8135 9.41671 33.6343
    endloop
  endfacet
  facet normal -0.0181158 0.996198 -0.0852181
    outer loop
      vertex 48.7738 9.4 33.4475
      vertex 50.2807 9.41671 33.3225
      vertex 50.241 9.4 33.1356
    endloop
  endfacet
  facet normal 0.146999 -0.707223 0.691539
    outer loop
      vertex 48.5986 11.2071 32.6233
      vertex 50.094 11.3426 32.444
      vertex 48.6267 11.3426 32.7559
    endloop
  endfacet
  facet normal 0.146997 -0.707278 0.691484
    outer loop
      vertex 50.094 11.3426 32.444
      vertex 48.5986 11.2071 32.6233
      vertex 50.0658 11.2071 32.3114
    endloop
  endfacet
  facet normal 0.170327 -0.573602 0.80123
    outer loop
      vertex 48.5986 11.2071 32.6233
      vertex 50.0429 11.05 32.2038
      vertex 50.0658 11.2071 32.3114
    endloop
  endfacet
  facet normal 0.170327 -0.573602 0.80123
    outer loop
      vertex 50.0429 11.05 32.2038
      vertex 48.5986 11.2071 32.6233
      vertex 48.5757 11.05 32.5157
    endloop
  endfacet
  facet normal 0.200755 0.259189 0.944732
    outer loop
      vertex 50.0157 10.309 32.076
      vertex 48.5588 10.1238 32.4364
      vertex 50.0261 10.1238 32.1246
    endloop
  endfacet
  facet normal 0.200862 0.258612 0.944867
    outer loop
      vertex 48.5588 10.1238 32.4364
      vertex 50.0157 10.309 32.076
      vertex 48.5485 10.309 32.3879
    endloop
  endfacet
  facet normal 0.188487 0.422267 0.886659
    outer loop
      vertex 50.0261 10.1238 32.1246
      vertex 48.5757 9.95 32.5157
      vertex 50.0429 9.95 32.2038
    endloop
  endfacet
  facet normal 0.188368 0.422775 0.886442
    outer loop
      vertex 48.5757 9.95 32.5157
      vertex 50.0261 10.1238 32.1246
      vertex 48.5588 10.1238 32.4364
    endloop
  endfacet
  facet normal -0.207148 0.0869547 -0.974438
    outer loop
      vertex 50.4662 10.309 34.1953
      vertex 49.0025 10.5 34.5235
      vertex 50.4697 10.5 34.2116
    endloop
  endfacet
  facet normal -0.207075 0.087461 -0.974408
    outer loop
      vertex 49.0025 10.5 34.5235
      vertex 50.4662 10.309 34.1953
      vertex 48.999 10.309 34.5071
    endloop
  endfacet
  facet normal 0.20715 -0.0868471 0.974447
    outer loop
      vertex 48.5485 10.691 32.3879
      vertex 50.0123 10.5 32.0597
      vertex 50.0157 10.691 32.076
    endloop
  endfacet
  facet normal 0.207061 -0.087461 0.974411
    outer loop
      vertex 50.0123 10.5 32.0597
      vertex 48.5485 10.691 32.3879
      vertex 48.545 10.5 32.3715
    endloop
  endfacet
  facet normal -0.053781 -0.965973 -0.252989
    outer loop
      vertex 51.4124 11.5833 45.8612
      vertex 52.9181 11.5337 45.7305
      vertex 51.4509 11.5337 46.0424
    endloop
  endfacet
  facet normal -0.053781 -0.965973 -0.252989
    outer loop
      vertex 52.9181 11.5337 45.7305
      vertex 51.4124 11.5833 45.8612
      vertex 52.8796 11.5833 45.5493
    endloop
  endfacet
  facet normal -0.0181123 -0.996199 -0.0852016
    outer loop
      vertex 51.3726 11.6 45.6744
      vertex 52.8796 11.5833 45.5493
      vertex 51.4124 11.5833 45.8612
    endloop
  endfacet
  facet normal -0.0181131 -0.996198 -0.085211
    outer loop
      vertex 52.8796 11.5833 45.5493
      vertex 51.3726 11.6 45.6744
      vertex 52.8399 11.6 45.3625
    endloop
  endfacet
  facet normal -0.200862 -0.258612 -0.944867
    outer loop
      vertex 51.5979 10.691 46.734
      vertex 53.0548 10.8762 46.3736
      vertex 53.0651 10.691 46.4221
    endloop
  endfacet
  facet normal -0.200773 -0.259088 -0.944756
    outer loop
      vertex 53.0548 10.8762 46.3736
      vertex 51.5979 10.691 46.734
      vertex 51.5876 10.8762 46.6854
    endloop
  endfacet
  facet normal 0.0537775 -0.965973 0.25299
    outer loop
      vertex 51.2944 11.5337 45.3063
      vertex 52.8002 11.5833 45.1756
      vertex 51.3329 11.5833 45.4875
    endloop
  endfacet
  facet normal 0.0537853 -0.965946 0.253091
    outer loop
      vertex 52.8002 11.5833 45.1756
      vertex 51.2944 11.5337 45.3063
      vertex 52.7616 11.5337 44.9945
    endloop
  endfacet
  facet normal -0.170338 -0.573529 -0.80128
    outer loop
      vertex 51.5707 11.05 46.6062
      vertex 53.0151 11.2071 46.1867
      vertex 53.0379 11.05 46.2943
    endloop
  endfacet
  facet normal -0.170316 -0.573602 -0.801232
    outer loop
      vertex 53.0151 11.2071 46.1867
      vertex 51.5707 11.05 46.6062
      vertex 51.5478 11.2071 46.4986
    endloop
  endfacet
  facet normal -0.0878821 0.906236 -0.413536
    outer loop
      vertex 52.9542 9.54737 45.9005
      vertex 51.4509 9.46634 46.0424
      vertex 51.487 9.54737 46.2123
    endloop
  endfacet
  facet normal -0.0878684 0.906328 -0.413339
    outer loop
      vertex 51.4509 9.46634 46.0424
      vertex 52.9542 9.54737 45.9005
      vertex 52.9181 9.46634 45.7305
    endloop
  endfacet
  facet normal -0.0879444 -0.906097 -0.41383
    outer loop
      vertex 51.4509 11.5337 46.0424
      vertex 52.9542 11.4526 45.9005
      vertex 51.487 11.4526 46.2123
    endloop
  endfacet
  facet normal -0.0879307 -0.906188 -0.413633
    outer loop
      vertex 52.9542 11.4526 45.9005
      vertex 51.4509 11.5337 46.0424
      vertex 52.9181 11.5337 45.7305
    endloop
  endfacet
  facet normal -0.0538113 0.965934 -0.253132
    outer loop
      vertex 52.9181 9.46634 45.7305
      vertex 51.4124 9.41671 45.8612
      vertex 51.4509 9.46634 46.0424
    endloop
  endfacet
  facet normal -0.0538113 0.965934 -0.253132
    outer loop
      vertex 51.4124 9.41671 45.8612
      vertex 52.9181 9.46634 45.7305
      vertex 52.8796 9.41671 45.5493
    endloop
  endfacet
  facet normal 0.11923 0.819276 0.560866
    outer loop
      vertex 52.7255 9.54737 44.8245
      vertex 51.2256 9.65735 44.9827
      vertex 51.2583 9.54737 45.1364
    endloop
  endfacet
  facet normal 0.119246 0.819073 0.56116
    outer loop
      vertex 51.2256 9.65735 44.9827
      vertex 52.7255 9.54737 44.8245
      vertex 52.6929 9.65735 44.6709
    endloop
  endfacet
  facet normal 0.119245 -0.819227 0.560935
    outer loop
      vertex 51.2256 11.3426 44.9827
      vertex 52.7255 11.4526 44.8245
      vertex 51.2583 11.4526 45.1364
    endloop
  endfacet
  facet normal 0.119261 -0.819024 0.561228
    outer loop
      vertex 52.7255 11.4526 44.8245
      vertex 51.2256 11.3426 44.9827
      vertex 52.6929 11.3426 44.6709
    endloop
  endfacet
  facet normal -0.200862 0.258612 -0.944867
    outer loop
      vertex 53.0548 10.1238 46.3736
      vertex 51.5979 10.309 46.734
      vertex 53.0651 10.309 46.4221
    endloop
  endfacet
  facet normal -0.200773 0.259088 -0.944756
    outer loop
      vertex 51.5979 10.309 46.734
      vertex 53.0548 10.1238 46.3736
      vertex 51.5876 10.1238 46.6854
    endloop
  endfacet
  facet normal 0.0181146 0.996198 0.0852184
    outer loop
      vertex 52.8399 9.4 45.3625
      vertex 51.3329 9.41671 45.4875
      vertex 51.3726 9.4 45.6744
    endloop
  endfacet
  facet normal 0.0181146 0.996198 0.0852184
    outer loop
      vertex 51.3329 9.41671 45.4875
      vertex 52.8399 9.4 45.3625
      vertex 52.8002 9.41671 45.1756
    endloop
  endfacet
  facet normal 0.0538078 0.965934 0.253133
    outer loop
      vertex 52.8002 9.41671 45.1756
      vertex 51.2944 9.46634 45.3063
      vertex 51.3329 9.41671 45.4875
    endloop
  endfacet
  facet normal 0.0538157 0.965907 0.253234
    outer loop
      vertex 51.2944 9.46634 45.3063
      vertex 52.8002 9.41671 45.1756
      vertex 52.7616 9.46634 44.9945
    endloop
  endfacet
  facet normal 0.170355 0.573333 0.801417
    outer loop
      vertex 52.6418 9.95 44.4307
      vertex 51.1974 9.79293 44.8501
      vertex 52.6647 9.79293 44.5382
    endloop
  endfacet
  facet normal 0.170275 0.573603 0.801241
    outer loop
      vertex 51.1974 9.79293 44.8501
      vertex 52.6418 9.95 44.4307
      vertex 51.1746 9.95 44.7425
    endloop
  endfacet
  facet normal 0.0878821 0.906236 0.413536
    outer loop
      vertex 52.7616 9.46634 44.9945
      vertex 51.2583 9.54737 45.1364
      vertex 51.2944 9.46634 45.3063
    endloop
  endfacet
  facet normal 0.0878684 0.906328 0.413339
    outer loop
      vertex 51.2583 9.54737 45.1364
      vertex 52.7616 9.46634 44.9945
      vertex 52.7255 9.54737 44.8245
    endloop
  endfacet
  facet normal 0.188389 -0.422686 0.88648
    outer loop
      vertex 51.1746 11.05 44.7425
      vertex 52.625 10.8762 44.3514
      vertex 52.6418 11.05 44.4307
    endloop
  endfacet
  facet normal 0.188467 -0.422356 0.886621
    outer loop
      vertex 52.625 10.8762 44.3514
      vertex 51.1746 11.05 44.7425
      vertex 51.1577 10.8762 44.6633
    endloop
  endfacet
  facet normal -0.18838 -0.422775 -0.886439
    outer loop
      vertex 51.5876 10.8762 46.6854
      vertex 53.0379 11.05 46.2943
      vertex 53.0548 10.8762 46.3736
    endloop
  endfacet
  facet normal -0.188479 -0.422356 -0.886618
    outer loop
      vertex 53.0379 11.05 46.2943
      vertex 51.5876 10.8762 46.6854
      vertex 51.5707 11.05 46.6062
    endloop
  endfacet
  facet normal -0.0181231 0.996195 -0.0852522
    outer loop
      vertex 52.8796 9.41671 45.5493
      vertex 51.3726 9.4 45.6744
      vertex 51.4124 9.41671 45.8612
    endloop
  endfacet
  facet normal -0.0181238 0.996194 -0.0852617
    outer loop
      vertex 51.3726 9.4 45.6744
      vertex 52.8796 9.41671 45.5493
      vertex 52.8399 9.4 45.3625
    endloop
  endfacet
  facet normal -0.119245 -0.819227 -0.560935
    outer loop
      vertex 51.487 11.4526 46.2123
      vertex 52.9869 11.3426 46.0541
      vertex 51.5197 11.3426 46.366
    endloop
  endfacet
  facet normal -0.119258 -0.819059 -0.561177
    outer loop
      vertex 52.9869 11.3426 46.0541
      vertex 51.487 11.4526 46.2123
      vertex 52.9542 11.4526 45.9005
    endloop
  endfacet
  facet normal -0.146999 -0.707223 -0.691539
    outer loop
      vertex 51.5197 11.3426 46.366
      vertex 53.0151 11.2071 46.1867
      vertex 51.5478 11.2071 46.4986
    endloop
  endfacet
  facet normal -0.146997 -0.707278 -0.691484
    outer loop
      vertex 53.0151 11.2071 46.1867
      vertex 51.5197 11.3426 46.366
      vertex 52.9869 11.3426 46.0541
    endloop
  endfacet
  facet normal -0.11923 0.819276 -0.560866
    outer loop
      vertex 52.9869 9.65735 46.0541
      vertex 51.487 9.54737 46.2123
      vertex 51.5197 9.65735 46.366
    endloop
  endfacet
  facet normal -0.119243 0.819108 -0.561109
    outer loop
      vertex 51.487 9.54737 46.2123
      vertex 52.9869 9.65735 46.0541
      vertex 52.9542 9.54737 45.9005
    endloop
  endfacet
  facet normal 0.0181039 -0.996202 0.0851677
    outer loop
      vertex 51.3329 11.5833 45.4875
      vertex 52.8399 11.6 45.3625
      vertex 51.3726 11.6 45.6744
    endloop
  endfacet
  facet normal 0.0181039 -0.996202 0.0851677
    outer loop
      vertex 52.8399 11.6 45.3625
      vertex 51.3329 11.5833 45.4875
      vertex 52.8002 11.5833 45.1756
    endloop
  endfacet
  facet normal 0.207077 0.0873534 0.974417
    outer loop
      vertex 52.6112 10.5 44.2865
      vertex 51.1474 10.309 44.6147
      vertex 52.6146 10.309 44.3029
    endloop
  endfacet
  facet normal 0.207134 0.0869547 0.974441
    outer loop
      vertex 51.1474 10.309 44.6147
      vertex 52.6112 10.5 44.2865
      vertex 51.1439 10.5 44.5984
    endloop
  endfacet
  facet normal 0.200843 -0.258713 0.944844
    outer loop
      vertex 51.1577 10.8762 44.6633
      vertex 52.6146 10.691 44.3029
      vertex 52.625 10.8762 44.3514
    endloop
  endfacet
  facet normal 0.200773 -0.259088 0.944756
    outer loop
      vertex 52.6146 10.691 44.3029
      vertex 51.1577 10.8762 44.6633
      vertex 51.1474 10.691 44.6147
    endloop
  endfacet
  facet normal -0.147042 0.707015 -0.691743
    outer loop
      vertex 53.0151 9.79293 46.1867
      vertex 51.5197 9.65735 46.366
      vertex 51.5478 9.79293 46.4986
    endloop
  endfacet
  facet normal -0.14704 0.707069 -0.691688
    outer loop
      vertex 51.5197 9.65735 46.366
      vertex 53.0151 9.79293 46.1867
      vertex 52.9869 9.65735 46.0541
    endloop
  endfacet
  facet normal -0.170327 0.573603 -0.80123
    outer loop
      vertex 53.0151 9.79293 46.1867
      vertex 51.5707 9.95 46.6062
      vertex 53.0379 9.95 46.2943
    endloop
  endfacet
  facet normal -0.170305 0.573675 -0.801182
    outer loop
      vertex 51.5707 9.95 46.6062
      vertex 53.0151 9.79293 46.1867
      vertex 51.5478 9.79293 46.4986
    endloop
  endfacet
  facet normal 0.0879444 -0.906097 0.41383
    outer loop
      vertex 51.2583 11.4526 45.1364
      vertex 52.7616 11.5337 44.9945
      vertex 51.2944 11.5337 45.3063
    endloop
  endfacet
  facet normal 0.0879307 -0.906188 0.413633
    outer loop
      vertex 52.7616 11.5337 44.9945
      vertex 51.2583 11.4526 45.1364
      vertex 52.7255 11.4526 44.8245
    endloop
  endfacet
  facet normal 0.207077 -0.0873534 0.974417
    outer loop
      vertex 51.1474 10.691 44.6147
      vertex 52.6112 10.5 44.2865
      vertex 52.6146 10.691 44.3029
    endloop
  endfacet
  facet normal 0.207134 -0.0869547 0.974441
    outer loop
      vertex 52.6112 10.5 44.2865
      vertex 51.1474 10.691 44.6147
      vertex 51.1439 10.5 44.5984
    endloop
  endfacet
  facet normal -0.18838 0.422775 -0.886439
    outer loop
      vertex 53.0379 9.95 46.2943
      vertex 51.5876 10.1238 46.6854
      vertex 53.0548 10.1238 46.3736
    endloop
  endfacet
  facet normal -0.188479 0.422356 -0.886618
    outer loop
      vertex 51.5876 10.1238 46.6854
      vertex 53.0379 9.95 46.2943
      vertex 51.5707 9.95 46.6062
    endloop
  endfacet
  facet normal -0.207134 -0.0869547 -0.974441
    outer loop
      vertex 51.6013 10.5 46.7503
      vertex 53.0651 10.691 46.4221
      vertex 53.0686 10.5 46.4384
    endloop
  endfacet
  facet normal -0.20715 -0.0868471 -0.974447
    outer loop
      vertex 53.0651 10.691 46.4221
      vertex 51.6013 10.5 46.7503
      vertex 51.5979 10.691 46.734
    endloop
  endfacet
  facet normal 0.146986 0.707069 0.6917
    outer loop
      vertex 52.6929 9.65735 44.6709
      vertex 51.1974 9.79293 44.8501
      vertex 51.2256 9.65735 44.9827
    endloop
  endfacet
  facet normal 0.146978 0.707324 0.691441
    outer loop
      vertex 51.1974 9.79293 44.8501
      vertex 52.6929 9.65735 44.6709
      vertex 52.6647 9.79293 44.5382
    endloop
  endfacet
  facet normal 0.146942 -0.707278 0.691496
    outer loop
      vertex 51.1974 11.2071 44.8501
      vertex 52.6929 11.3426 44.6709
      vertex 51.2256 11.3426 44.9827
    endloop
  endfacet
  facet normal 0.146934 -0.707532 0.691237
    outer loop
      vertex 52.6929 11.3426 44.6709
      vertex 51.1974 11.2071 44.8501
      vertex 52.6647 11.2071 44.5382
    endloop
  endfacet
  facet normal 0.170366 -0.573259 0.801467
    outer loop
      vertex 51.1974 11.2071 44.8501
      vertex 52.6418 11.05 44.4307
      vertex 52.6647 11.2071 44.5382
    endloop
  endfacet
  facet normal 0.170285 -0.573529 0.801291
    outer loop
      vertex 52.6418 11.05 44.4307
      vertex 51.1974 11.2071 44.8501
      vertex 51.1746 11.05 44.7425
    endloop
  endfacet
  facet normal 0.200843 0.258713 0.944844
    outer loop
      vertex 52.6146 10.309 44.3029
      vertex 51.1577 10.1238 44.6633
      vertex 52.625 10.1238 44.3514
    endloop
  endfacet
  facet normal 0.200773 0.259088 0.944756
    outer loop
      vertex 51.1577 10.1238 44.6633
      vertex 52.6146 10.309 44.3029
      vertex 51.1474 10.309 44.6147
    endloop
  endfacet
  facet normal 0.188389 0.422686 0.88648
    outer loop
      vertex 52.625 10.1238 44.3514
      vertex 51.1746 9.95 44.7425
      vertex 52.6418 9.95 44.4307
    endloop
  endfacet
  facet normal 0.188467 0.422356 0.886621
    outer loop
      vertex 51.1746 9.95 44.7425
      vertex 52.625 10.1238 44.3514
      vertex 51.1577 10.1238 44.6633
    endloop
  endfacet
  facet normal -0.207134 0.0869547 -0.974441
    outer loop
      vertex 53.0651 10.309 46.4221
      vertex 51.6013 10.5 46.7503
      vertex 53.0686 10.5 46.4384
    endloop
  endfacet
  facet normal -0.20715 0.0868471 -0.974447
    outer loop
      vertex 51.6013 10.5 46.7503
      vertex 53.0651 10.309 46.4221
      vertex 51.5979 10.309 46.734
    endloop
  endfacet
  facet normal 0.253167 -0.965925 -0.0538107
    outer loop
      vertex 49.8549 5.27043 38.5339
      vertex 50.8245 5.41644 40.4747
      vertex 50.2915 5.27043 40.588
    endloop
  endfacet
  facet normal 0.253167 -0.965925 -0.0538107
    outer loop
      vertex 50.8245 5.41644 40.4747
      vertex 49.8549 5.27043 38.5339
      vertex 50.3879 5.41644 38.4206
    endloop
  endfacet
  facet normal 0.0852529 -0.996195 -0.0181206
    outer loop
      vertex 50.3879 5.41644 38.4206
      vertex 51.7587 5.5 40.2761
      vertex 50.8245 5.41644 40.4747
    endloop
  endfacet
  facet normal 0.0852529 -0.996195 -0.0181206
    outer loop
      vertex 51.7587 5.5 40.2761
      vertex 50.3879 5.41644 38.4206
      vertex 51.3221 5.5 38.222
    endloop
  endfacet
  facet normal 0.0852529 0.996195 -0.0181206
    outer loop
      vertex 51.7587 -5.5 40.2761
      vertex 50.3879 -5.41644 38.4206
      vertex 50.8245 -5.41644 40.4747
    endloop
  endfacet
  facet normal 0.0852529 0.996195 -0.0181206
    outer loop
      vertex 50.3879 -5.41644 38.4206
      vertex 51.7587 -5.5 40.2761
      vertex 51.3221 -5.5 38.222
    endloop
  endfacet
  facet normal 0.253167 0.965925 -0.0538107
    outer loop
      vertex 50.8245 -5.41644 40.4747
      vertex 49.8549 -5.27043 38.5339
      vertex 50.2915 -5.27043 40.588
    endloop
  endfacet
  facet normal 0.253167 0.965925 -0.0538107
    outer loop
      vertex 49.8549 -5.27043 38.5339
      vertex 50.8245 -5.41644 40.4747
      vertex 50.3879 -5.41644 38.4206
    endloop
  endfacet
  facet normal 0.20795 -9.51893e-05 0.97814
    outer loop
      vertex 49.8549 5.27043 38.5339
      vertex 51.3221 5.5 38.222
      vertex 50.3879 5.41644 38.4206
    endloop
  endfacet
  facet normal 0.207935 0 0.978143
    outer loop
      vertex 51.3221 5.5 38.222
      vertex 49.8549 5.27043 38.5339
      vertex 51.3221 -5.5 38.222
    endloop
  endfacet
  facet normal 0.207935 -0 0.978143
    outer loop
      vertex 49.8549 -5.27043 38.5339
      vertex 51.3221 -5.5 38.222
      vertex 49.8549 5.27043 38.5339
    endloop
  endfacet
  facet normal 0.20795 9.51893e-05 0.97814
    outer loop
      vertex 51.3221 -5.5 38.222
      vertex 49.8549 -5.27043 38.5339
      vertex 50.3879 -5.41644 38.4206
    endloop
  endfacet
  facet normal -0.20795 -9.51893e-05 -0.97814
    outer loop
      vertex 50.2915 -5.27043 40.588
      vertex 51.7587 -5.5 40.2761
      vertex 50.8245 -5.41644 40.4747
    endloop
  endfacet
  facet normal -0.207935 0 -0.978143
    outer loop
      vertex 51.7587 -5.5 40.2761
      vertex 50.2915 -5.27043 40.588
      vertex 51.7587 5.5 40.2761
    endloop
  endfacet
  facet normal -0.207935 -0 -0.978143
    outer loop
      vertex 50.2915 5.27043 40.588
      vertex 51.7587 5.5 40.2761
      vertex 50.2915 -5.27043 40.588
    endloop
  endfacet
  facet normal -0.20795 9.51893e-05 -0.97814
    outer loop
      vertex 51.7587 5.5 40.2761
      vertex 50.2915 5.27043 40.588
      vertex 50.8245 5.41644 40.4747
    endloop
  endfacet
  facet normal 0 -1 0
    outer loop
      vertex 49.5957 7.5 30.1
      vertex 49.2659 7.5 33.5985
      vertex 48.5223 7.5 30.1
    endloop
  endfacet
  facet normal 0 -1 0
    outer loop
      vertex 49.2659 7.5 33.5985
      vertex 49.5957 7.5 30.1
      vertex 50.2929 7.5 33.3802
    endloop
  endfacet
  facet normal -0.207916 2.40717e-19 -0.978147
    outer loop
      vertex 49.2659 -7.5 33.5985
      vertex 50.2929 7.5 33.3802
      vertex 50.2929 -7.5 33.3802
    endloop
  endfacet
  facet normal -0.207916 2.40717e-19 -0.978147
    outer loop
      vertex 50.2929 7.5 33.3802
      vertex 49.2659 -7.5 33.5985
      vertex 49.2659 7.5 33.5985
    endloop
  endfacet
  facet normal 0 1 -0
    outer loop
      vertex 49.5957 -7.5 30.1
      vertex 49.2659 -7.5 33.5985
      vertex 50.2929 -7.5 33.3802
    endloop
  endfacet
  facet normal 0 1 0
    outer loop
      vertex 49.2659 -7.5 33.5985
      vertex 49.5957 -7.5 30.1
      vertex 48.5223 -7.5 30.1
    endloop
  endfacet
  facet normal 0.978149 0 -0.207904
    outer loop
      vertex 49.2659 -7.5 33.5985
      vertex 48.5223 7.5 30.1
      vertex 49.2659 7.5 33.5985
    endloop
  endfacet
  facet normal 0.978149 0 -0.207904
    outer loop
      vertex 48.5223 7.5 30.1
      vertex 49.2659 -7.5 33.5985
      vertex 48.5223 -7.5 30.1
    endloop
  endfacet
  facet normal 1 -0 0
    outer loop
      vertex 49.6 -14 25.8599
      vertex 49.6 14 1.1
      vertex 49.6 14 25.8599
    endloop
  endfacet
  facet normal 1 0 0
    outer loop
      vertex 49.6 14 1.1
      vertex 49.6 -14 25.8599
      vertex 49.6 -14 1.1
    endloop
  endfacet
  facet normal 1 0 0
    outer loop
      vertex 49.6 12.5 30.1
      vertex 49.6 7.5 27.3934
      vertex 49.6 12.5 27.3934
    endloop
  endfacet
  facet normal 1 0 0
    outer loop
      vertex 49.6 12.5 30.1
      vertex 49.6 -7.5 27.3934
      vertex 49.6 7.5 27.3934
    endloop
  endfacet
  facet normal 1 -0 0
    outer loop
      vertex 49.6 -12.5 30.1
      vertex 49.6 -7.5 27.3934
      vertex 49.6 12.5 30.1
    endloop
  endfacet
  facet normal 1 0 0
    outer loop
      vertex 49.6 -7.5 27.3934
      vertex 49.6 -12.5 30.1
      vertex 49.6 -12.5 27.3934
    endloop
  endfacet
  facet normal -0 0 1
    outer loop
      vertex 46.4 14 30.1
      vertex 48.0622 -14 30.1
      vertex 48.0622 14 30.1
    endloop
  endfacet
  facet normal 0 0 1
    outer loop
      vertex 48.0622 -14 30.1
      vertex 46.4 14 30.1
      vertex 46.4 -14 30.1
    endloop
  endfacet
  facet normal -0 0 1
    outer loop
      vertex 48.5223 7.5 30.1
      vertex 49.5957 -7.5 30.1
      vertex 49.5957 7.5 30.1
    endloop
  endfacet
  facet normal 0 0 1
    outer loop
      vertex 49.5957 -7.5 30.1
      vertex 48.5223 7.5 30.1
      vertex 48.5223 -7.5 30.1
    endloop
  endfacet
  facet normal 0 0 1
    outer loop
      vertex 49.5957 7.5 30.1
      vertex 49.6 12.5 30.1
      vertex 49.5957 12.5 30.1
    endloop
  endfacet
  facet normal 0 0 1
    outer loop
      vertex 49.6 12.5 30.1
      vertex 49.5957 7.5 30.1
      vertex 49.6 -12.5 30.1
    endloop
  endfacet
  facet normal -0 0 1
    outer loop
      vertex 49.5957 -7.5 30.1
      vertex 49.6 -12.5 30.1
      vertex 49.5957 7.5 30.1
    endloop
  endfacet
  facet normal 0 0 1
    outer loop
      vertex 49.6 -12.5 30.1
      vertex 49.5957 -7.5 30.1
      vertex 49.5957 -12.5 30.1
    endloop
  endfacet
  facet normal -1 0 0
    outer loop
      vertex 46.4 14 1.1
      vertex 46.4 10 22.1016
      vertex 46.4 14 22.1016
    endloop
  endfacet
  facet normal -1 0 0
    outer loop
      vertex 46.4 10 22.1016
      vertex 46.4 -10 22.1016
      vertex 46.4 10 27.2133
    endloop
  endfacet
  facet normal -1 0 0
    outer loop
      vertex 46.4 14 1.1
      vertex 46.4 -10 22.1016
      vertex 46.4 10 22.1016
    endloop
  endfacet
  facet normal -1 0 0
    outer loop
      vertex 46.4 -14 1.1
      vertex 46.4 -10 22.1016
      vertex 46.4 14 1.1
    endloop
  endfacet
  facet normal -1 -0 0
    outer loop
      vertex 46.4 -10 22.1016
      vertex 46.4 -14 1.1
      vertex 46.4 -14 22.1016
    endloop
  endfacet
  facet normal -1 0 0
    outer loop
      vertex 46.4 10 27.2133
      vertex 46.4 14 30.1
      vertex 46.4 14 27.2133
    endloop
  endfacet
  facet normal -1 0 0
    outer loop
      vertex 46.4 -10 27.2133
      vertex 46.4 10 27.2133
      vertex 46.4 -10 22.1016
    endloop
  endfacet
  facet normal -1 0 0
    outer loop
      vertex 46.4 10 27.2133
      vertex 46.4 -10 27.2133
      vertex 46.4 14 30.1
    endloop
  endfacet
  facet normal -1 0 0
    outer loop
      vertex 46.4 -14 30.1
      vertex 46.4 -10 27.2133
      vertex 46.4 -14 27.2133
    endloop
  endfacet
  facet normal -1 0 0
    outer loop
      vertex 46.4 -10 27.2133
      vertex 46.4 -14 30.1
      vertex 46.4 14 30.1
    endloop
  endfacet
endsolid OpenSCAD_Model
