solid OpenSCAD_Model
  facet normal 1 -0 0
    outer loop
      vertex -59.9 -6.6 23.9
      vertex -59.9 -3.4 1.4
      vertex -59.9 -3.4 23.9
    endloop
  endfacet
  facet normal 1 0 0
    outer loop
      vertex -59.9 -3.4 1.4
      vertex -59.9 -6.6 23.9
      vertex -59.9 -6.6 1.4
    endloop
  endfacet
  facet normal 0 0 -1
    outer loop
      vertex -64.1 -6.6 1.1
      vertex -62.9468 -6.10777 1.1
      vertex -62.8149 -6.6 1.1
    endloop
  endfacet
  facet normal 0 0 -1
    outer loop
      vertex -64.1 -6.6 1.1
      vertex -63 -5.5 1.1
      vertex -62.9468 -6.10777 1.1
    endloop
  endfacet
  facet normal 0 0 -1
    outer loop
      vertex -64.1 -3.4 1.1
      vertex -63 -5.5 1.1
      vertex -64.1 -6.6 1.1
    endloop
  endfacet
  facet normal 0 0 -1
    outer loop
      vertex -63 -5.5 1.1
      vertex -64.1 -3.4 1.1
      vertex -63 -3.4 1.1
    endloop
  endfacet
  facet normal -1 0 0
    outer loop
      vertex -64.1 -6.6 1.1
      vertex -64.1 -3.4 23.9
      vertex -64.1 -3.4 1.1
    endloop
  endfacet
  facet normal -1 -0 0
    outer loop
      vertex -64.1 -3.4 23.9
      vertex -64.1 -6.6 1.1
      vertex -64.1 -6.6 23.9
    endloop
  endfacet
  facet normal 0 1 0
    outer loop
      vertex -63 -3.4 1.4
      vertex -59.9 -3.4 23.9
      vertex -59.9 -3.4 1.4
    endloop
  endfacet
  facet normal 0 1 0
    outer loop
      vertex -59.9 -3.4 23.9
      vertex -63 -3.4 1.4
      vertex -64.1 -3.4 23.9
    endloop
  endfacet
  facet normal 0 1 0
    outer loop
      vertex -64.1 -3.4 1.1
      vertex -63 -3.4 1.4
      vertex -63 -3.4 1.1
    endloop
  endfacet
  facet normal 0 1 0
    outer loop
      vertex -63 -3.4 1.4
      vertex -64.1 -3.4 1.1
      vertex -64.1 -3.4 23.9
    endloop
  endfacet
  facet normal 0 -1 0
    outer loop
      vertex -64.1 -6.6 23.9
      vertex -62.8149 -6.6 1.4
      vertex -59.9 -6.6 23.9
    endloop
  endfacet
  facet normal 0 -1 0
    outer loop
      vertex -64.1 -6.6 1.1
      vertex -62.8149 -6.6 1.4
      vertex -64.1 -6.6 23.9
    endloop
  endfacet
  facet normal 0 -1 -0
    outer loop
      vertex -62.8149 -6.6 1.4
      vertex -64.1 -6.6 1.1
      vertex -62.8149 -6.6 1.1
    endloop
  endfacet
  facet normal 0 -1 -0
    outer loop
      vertex -59.9 -6.6 23.9
      vertex -62.8149 -6.6 1.4
      vertex -59.9 -6.6 1.4
    endloop
  endfacet
  facet normal 1 -0 0
    outer loop
      vertex -59.9 3.4 23.9
      vertex -59.9 6.6 1.4
      vertex -59.9 6.6 23.9
    endloop
  endfacet
  facet normal 1 0 0
    outer loop
      vertex -59.9 6.6 1.4
      vertex -59.9 3.4 23.9
      vertex -59.9 3.4 1.4
    endloop
  endfacet
  facet normal 0 0 -1
    outer loop
      vertex -63 3.4 1.1
      vertex -64.1 3.4 1.1
      vertex -63 5.5 1.1
    endloop
  endfacet
  facet normal 0 0 -1
    outer loop
      vertex -64.1 6.6 1.1
      vertex -63 5.5 1.1
      vertex -64.1 3.4 1.1
    endloop
  endfacet
  facet normal 0 0 -1
    outer loop
      vertex -63 5.5 1.1
      vertex -64.1 6.6 1.1
      vertex -62.9468 6.10777 1.1
    endloop
  endfacet
  facet normal 0 0 -1
    outer loop
      vertex -62.9468 6.10777 1.1
      vertex -64.1 6.6 1.1
      vertex -62.8149 6.6 1.1
    endloop
  endfacet
  facet normal -1 0 0
    outer loop
      vertex -64.1 3.4 1.1
      vertex -64.1 6.6 23.9
      vertex -64.1 6.6 1.1
    endloop
  endfacet
  facet normal -1 -0 0
    outer loop
      vertex -64.1 6.6 23.9
      vertex -64.1 3.4 1.1
      vertex -64.1 3.4 23.9
    endloop
  endfacet
  facet normal 0 1 0
    outer loop
      vertex -62.8149 6.6 1.4
      vertex -59.9 6.6 23.9
      vertex -59.9 6.6 1.4
    endloop
  endfacet
  facet normal 0 1 0
    outer loop
      vertex -59.9 6.6 23.9
      vertex -62.8149 6.6 1.4
      vertex -64.1 6.6 23.9
    endloop
  endfacet
  facet normal 0 1 0
    outer loop
      vertex -64.1 6.6 1.1
      vertex -62.8149 6.6 1.4
      vertex -62.8149 6.6 1.1
    endloop
  endfacet
  facet normal 0 1 0
    outer loop
      vertex -62.8149 6.6 1.4
      vertex -64.1 6.6 1.1
      vertex -64.1 6.6 23.9
    endloop
  endfacet
  facet normal 0 -1 0
    outer loop
      vertex -64.1 3.4 23.9
      vertex -63 3.4 1.4
      vertex -59.9 3.4 23.9
    endloop
  endfacet
  facet normal 0 -1 0
    outer loop
      vertex -64.1 3.4 1.1
      vertex -63 3.4 1.4
      vertex -64.1 3.4 23.9
    endloop
  endfacet
  facet normal 0 -1 -0
    outer loop
      vertex -63 3.4 1.4
      vertex -64.1 3.4 1.1
      vertex -63 3.4 1.1
    endloop
  endfacet
  facet normal 0 -1 -0
    outer loop
      vertex -59.9 3.4 23.9
      vertex -63 3.4 1.4
      vertex -59.9 3.4 1.4
    endloop
  endfacet
  facet normal -0.81918 0.573537 1.52357e-19
    outer loop
      vertex -62.5311 7.25 -1.4
      vertex -62.1812 7.74976 1.4
      vertex -62.1812 7.74976 -1.4
    endloop
  endfacet
  facet normal -0.81918 0.573537 1.52357e-19
    outer loop
      vertex -62.1812 7.74976 1.4
      vertex -62.5311 7.25 -1.4
      vertex -62.5311 7.25 1.4
    endloop
  endfacet
  facet normal -0.573539 -0.819178 0
    outer loop
      vertex -61.7498 -8.18116 -1.4
      vertex -61.25 -8.53109 1.4
      vertex -61.7498 -8.18116 1.4
    endloop
  endfacet
  facet normal -0.573539 -0.819178 -0
    outer loop
      vertex -61.25 -8.53109 1.4
      vertex -61.7498 -8.18116 -1.4
      vertex -61.25 -8.53109 -1.4
    endloop
  endfacet
  facet normal -0.96595 0.258728 0
    outer loop
      vertex -62.7889 6.69707 -1.4
      vertex -62.8149 6.6 1.1
      vertex -62.7889 6.69707 1.4
    endloop
  endfacet
  facet normal -0.965927 0.258815 3.64079e-06
    outer loop
      vertex -62.9468 6.10777 -1.4
      vertex -62.8149 6.6 1.1
      vertex -62.7889 6.69707 -1.4
    endloop
  endfacet
  facet normal -0.965922 0.258833 2.93193e-18
    outer loop
      vertex -62.8149 6.6 1.1
      vertex -62.9468 6.10777 -1.4
      vertex -62.9468 6.10777 1.1
    endloop
  endfacet
  facet normal -0.96595 0.258728 -3.76343e-18
    outer loop
      vertex -62.7889 6.69707 1.4
      vertex -62.8149 6.6 1.1
      vertex -62.8149 6.6 1.4
    endloop
  endfacet
  facet normal -0.81918 -0.573537 -1.52357e-19
    outer loop
      vertex -62.1812 -7.74976 -1.4
      vertex -62.5311 -7.25 1.4
      vertex -62.5311 -7.25 -1.4
    endloop
  endfacet
  facet normal -0.81918 -0.573537 -1.52357e-19
    outer loop
      vertex -62.5311 -7.25 1.4
      vertex -62.1812 -7.74976 -1.4
      vertex -62.1812 -7.74976 1.4
    endloop
  endfacet
  facet normal 0 1 -0
    outer loop
      vertex -52 9 -1.4
      vertex -59.5 9 1.4
      vertex -52 9 1.4
    endloop
  endfacet
  facet normal 0 1 0
    outer loop
      vertex -59.5 9 1.4
      vertex -52 9 -1.4
      vertex -59.5 9 -1.4
    endloop
  endfacet
  facet normal 0 -1 0
    outer loop
      vertex -59.5 -9 -1.4
      vertex -52 -9 1.4
      vertex -59.5 -9 1.4
    endloop
  endfacet
  facet normal 0 -1 -0
    outer loop
      vertex -52 -9 1.4
      vertex -59.5 -9 -1.4
      vertex -52 -9 -1.4
    endloop
  endfacet
  facet normal -1 0 0
    outer loop
      vertex -63 5.5 -1.4
      vertex -63 3.4 1.1
      vertex -63 5.5 1.1
    endloop
  endfacet
  facet normal -1 0 0
    outer loop
      vertex -63 3.4 1.1
      vertex -63 -3.4 1.1
      vertex -63 3.4 1.4
    endloop
  endfacet
  facet normal -1 0 0
    outer loop
      vertex -63 5.5 -1.4
      vertex -63 -3.4 1.1
      vertex -63 3.4 1.1
    endloop
  endfacet
  facet normal -1 0 0
    outer loop
      vertex -63 -5.5 -1.4
      vertex -63 -3.4 1.1
      vertex -63 5.5 -1.4
    endloop
  endfacet
  facet normal -1 -0 0
    outer loop
      vertex -63 -3.4 1.1
      vertex -63 -5.5 -1.4
      vertex -63 -5.5 1.1
    endloop
  endfacet
  facet normal -1 -0 0
    outer loop
      vertex -63 3.4 1.4
      vertex -63 -3.4 1.1
      vertex -63 -3.4 1.4
    endloop
  endfacet
  facet normal -0.42263 0.906302 0
    outer loop
      vertex -60.6971 8.78892 -1.4
      vertex -61.25 8.53109 1.4
      vertex -60.6971 8.78892 1.4
    endloop
  endfacet
  facet normal -0.42263 0.906302 0
    outer loop
      vertex -61.25 8.53109 1.4
      vertex -60.6971 8.78892 -1.4
      vertex -61.25 8.53109 -1.4
    endloop
  endfacet
  facet normal -0.0871466 0.996195 0
    outer loop
      vertex -59.5 9 -1.4
      vertex -60.1078 8.94683 1.4
      vertex -59.5 9 1.4
    endloop
  endfacet
  facet normal -0.0871466 0.996195 0
    outer loop
      vertex -60.1078 8.94683 1.4
      vertex -59.5 9 -1.4
      vertex -60.1078 8.94683 -1.4
    endloop
  endfacet
  facet normal -0.573539 0.819178 0
    outer loop
      vertex -61.25 8.53109 -1.4
      vertex -61.7498 8.18116 1.4
      vertex -61.25 8.53109 1.4
    endloop
  endfacet
  facet normal -0.573539 0.819178 0
    outer loop
      vertex -61.7498 8.18116 1.4
      vertex -61.25 8.53109 -1.4
      vertex -61.7498 8.18116 -1.4
    endloop
  endfacet
  facet normal -0.707107 -0.707107 0
    outer loop
      vertex -62.1812 -7.74976 -1.4
      vertex -61.7498 -8.18116 1.4
      vertex -62.1812 -7.74976 1.4
    endloop
  endfacet
  facet normal -0.707107 -0.707107 -0
    outer loop
      vertex -61.7498 -8.18116 1.4
      vertex -62.1812 -7.74976 -1.4
      vertex -61.7498 -8.18116 -1.4
    endloop
  endfacet
  facet normal -0.996191 0.0871997 -2.22135e-18
    outer loop
      vertex -63 5.5 -1.4
      vertex -62.9468 6.10777 1.1
      vertex -62.9468 6.10777 -1.4
    endloop
  endfacet
  facet normal -0.996191 0.0871997 -2.22135e-18
    outer loop
      vertex -62.9468 6.10777 1.1
      vertex -63 5.5 -1.4
      vertex -63 5.5 1.1
    endloop
  endfacet
  facet normal -0 0 1
    outer loop
      vertex -63 3.4 1.4
      vertex -59.9 -3.4 1.4
      vertex -59.9 3.4 1.4
    endloop
  endfacet
  facet normal 0 0 1
    outer loop
      vertex -59.9 -3.4 1.4
      vertex -63 3.4 1.4
      vertex -63 -3.4 1.4
    endloop
  endfacet
  facet normal 0 0 1
    outer loop
      vertex -59.9 6.6 1.4
      vertex -52 9 1.4
      vertex -59.5 9 1.4
    endloop
  endfacet
  facet normal 0 0 1
    outer loop
      vertex -52 9 1.4
      vertex -59.9 3.4 1.4
      vertex -52 -9 1.4
    endloop
  endfacet
  facet normal 0 0 1
    outer loop
      vertex -52 9 1.4
      vertex -59.9 6.6 1.4
      vertex -59.9 3.4 1.4
    endloop
  endfacet
  facet normal -0 0 1
    outer loop
      vertex -60.1078 8.94683 1.4
      vertex -59.9 6.6 1.4
      vertex -59.5 9 1.4
    endloop
  endfacet
  facet normal -0 0 1
    outer loop
      vertex -60.6971 8.78892 1.4
      vertex -59.9 6.6 1.4
      vertex -60.1078 8.94683 1.4
    endloop
  endfacet
  facet normal -0 0 1
    outer loop
      vertex -61.25 8.53109 1.4
      vertex -59.9 6.6 1.4
      vertex -60.6971 8.78892 1.4
    endloop
  endfacet
  facet normal -0 0 1
    outer loop
      vertex -61.7498 8.18116 1.4
      vertex -59.9 6.6 1.4
      vertex -61.25 8.53109 1.4
    endloop
  endfacet
  facet normal -0 0 1
    outer loop
      vertex -62.1812 7.74976 1.4
      vertex -59.9 6.6 1.4
      vertex -61.7498 8.18116 1.4
    endloop
  endfacet
  facet normal -0 0 1
    outer loop
      vertex -62.5311 7.25 1.4
      vertex -59.9 6.6 1.4
      vertex -62.1812 7.74976 1.4
    endloop
  endfacet
  facet normal -0 0 1
    outer loop
      vertex -62.7889 6.69707 1.4
      vertex -59.9 6.6 1.4
      vertex -62.5311 7.25 1.4
    endloop
  endfacet
  facet normal 0 0 1
    outer loop
      vertex -59.9 6.6 1.4
      vertex -62.7889 6.69707 1.4
      vertex -62.8149 6.6 1.4
    endloop
  endfacet
  facet normal -0 0 1
    outer loop
      vertex -59.9 -3.4 1.4
      vertex -52 -9 1.4
      vertex -59.9 3.4 1.4
    endloop
  endfacet
  facet normal -0 0 1
    outer loop
      vertex -59.9 -6.6 1.4
      vertex -52 -9 1.4
      vertex -59.9 -3.4 1.4
    endloop
  endfacet
  facet normal 0 0 1
    outer loop
      vertex -52 -9 1.4
      vertex -59.9 -6.6 1.4
      vertex -59.5 -9 1.4
    endloop
  endfacet
  facet normal 0 0 1
    outer loop
      vertex -59.9 -6.6 1.4
      vertex -60.1078 -8.94683 1.4
      vertex -59.5 -9 1.4
    endloop
  endfacet
  facet normal 0 0 1
    outer loop
      vertex -59.9 -6.6 1.4
      vertex -60.6971 -8.78892 1.4
      vertex -60.1078 -8.94683 1.4
    endloop
  endfacet
  facet normal 0 0 1
    outer loop
      vertex -59.9 -6.6 1.4
      vertex -61.25 -8.53109 1.4
      vertex -60.6971 -8.78892 1.4
    endloop
  endfacet
  facet normal 0 0 1
    outer loop
      vertex -59.9 -6.6 1.4
      vertex -61.7498 -8.18116 1.4
      vertex -61.25 -8.53109 1.4
    endloop
  endfacet
  facet normal 0 0 1
    outer loop
      vertex -59.9 -6.6 1.4
      vertex -62.1812 -7.74976 1.4
      vertex -61.7498 -8.18116 1.4
    endloop
  endfacet
  facet normal 0 0 1
    outer loop
      vertex -59.9 -6.6 1.4
      vertex -62.5311 -7.25 1.4
      vertex -62.1812 -7.74976 1.4
    endloop
  endfacet
  facet normal 0 0 1
    outer loop
      vertex -59.9 -6.6 1.4
      vertex -62.7889 -6.69707 1.4
      vertex -62.5311 -7.25 1.4
    endloop
  endfacet
  facet normal 0 -0 1
    outer loop
      vertex -62.7889 -6.69707 1.4
      vertex -59.9 -6.6 1.4
      vertex -62.8149 -6.6 1.4
    endloop
  endfacet
  facet normal -0 0 1
    outer loop
      vertex -38 7 1.4
      vertex -36 -7 1.4
      vertex -36 7 1.4
    endloop
  endfacet
  facet normal 0 0 1
    outer loop
      vertex -36 -7 1.4
      vertex -38 7 1.4
      vertex -38 -7 1.4
    endloop
  endfacet
  facet normal 0 0 1
    outer loop
      vertex -34.9284 20.2019 1.4
      vertex -36 20 1.4
      vertex -34.6401 20 1.4
    endloop
  endfacet
  facet normal 0 0 1
    outer loop
      vertex -35.2981 20.5716 1.4
      vertex -36 20 1.4
      vertex -34.9284 20.2019 1.4
    endloop
  endfacet
  facet normal 0 0 1
    outer loop
      vertex -35.5981 21 1.4
      vertex -36 20 1.4
      vertex -35.2981 20.5716 1.4
    endloop
  endfacet
  facet normal 0 0 1
    outer loop
      vertex -35.8191 21.4739 1.4
      vertex -36 20 1.4
      vertex -35.5981 21 1.4
    endloop
  endfacet
  facet normal 0 0 1
    outer loop
      vertex -35.9544 21.9791 1.4
      vertex -36 20 1.4
      vertex -35.8191 21.4739 1.4
    endloop
  endfacet
  facet normal 0 0 1
    outer loop
      vertex -38 17 1.4
      vertex -35.9544 21.9791 1.4
      vertex -36 22.5 1.4
    endloop
  endfacet
  facet normal -0 0 1
    outer loop
      vertex -36 -20 1.4
      vertex -34.9284 -20.2019 1.4
      vertex -34.6401 -20 1.4
    endloop
  endfacet
  facet normal 0 0 1
    outer loop
      vertex -36 -20 1.4
      vertex -35.2981 -20.5716 1.4
      vertex -34.9284 -20.2019 1.4
    endloop
  endfacet
  facet normal 0 0 1
    outer loop
      vertex -36 -20 1.4
      vertex -35.5981 -21 1.4
      vertex -35.2981 -20.5716 1.4
    endloop
  endfacet
  facet normal 0 0 1
    outer loop
      vertex -36 -20 1.4
      vertex -35.8191 -21.4739 1.4
      vertex -35.5981 -21 1.4
    endloop
  endfacet
  facet normal 0 0 1
    outer loop
      vertex -36 -20 1.4
      vertex -35.9544 -21.9791 1.4
      vertex -35.8191 -21.4739 1.4
    endloop
  endfacet
  facet normal 0 0 1
    outer loop
      vertex -38 -17 1.4
      vertex -35.9544 -21.9791 1.4
      vertex -36 -20 1.4
    endloop
  endfacet
  facet normal 0 0 1
    outer loop
      vertex 24.0456 -21.9791 1.4
      vertex -30 -22.5 1.4
      vertex 24 -22.5 1.4
    endloop
  endfacet
  facet normal 0 0 1
    outer loop
      vertex -30.0456 -21.9791 1.4
      vertex 24.0456 -21.9791 1.4
      vertex 24.1809 -21.4739 1.4
    endloop
  endfacet
  facet normal 0 0 1
    outer loop
      vertex -30.1809 -21.4739 1.4
      vertex 24.1809 -21.4739 1.4
      vertex 24.4019 -21 1.4
    endloop
  endfacet
  facet normal 0 0 1
    outer loop
      vertex -30.4019 -21 1.4
      vertex 24.4019 -21 1.4
      vertex 24.7019 -20.5716 1.4
    endloop
  endfacet
  facet normal 0 0 1
    outer loop
      vertex -30.7019 -20.5716 1.4
      vertex 24.7019 -20.5716 1.4
      vertex 25.0716 -20.2019 1.4
    endloop
  endfacet
  facet normal 0 0 1
    outer loop
      vertex -31.0716 -20.2019 1.4
      vertex 25.0716 -20.2019 1.4
      vertex 25.3599 -20 1.4
    endloop
  endfacet
  facet normal 0 0 1
    outer loop
      vertex 24.0456 -21.9791 1.4
      vertex -30.0456 -21.9791 1.4
      vertex -30 -22.5 1.4
    endloop
  endfacet
  facet normal 0 0 1
    outer loop
      vertex 24.1809 -21.4739 1.4
      vertex -30.1809 -21.4739 1.4
      vertex -30.0456 -21.9791 1.4
    endloop
  endfacet
  facet normal 0 0 1
    outer loop
      vertex 24.4019 -21 1.4
      vertex -30.4019 -21 1.4
      vertex -30.1809 -21.4739 1.4
    endloop
  endfacet
  facet normal 0 0 1
    outer loop
      vertex 24.7019 -20.5716 1.4
      vertex -30.7019 -20.5716 1.4
      vertex -30.4019 -21 1.4
    endloop
  endfacet
  facet normal 0 0 1
    outer loop
      vertex 25.0716 -20.2019 1.4
      vertex -31.0716 -20.2019 1.4
      vertex -30.7019 -20.5716 1.4
    endloop
  endfacet
  facet normal 0 -0 1
    outer loop
      vertex -31.0716 -20.2019 1.4
      vertex 25.3599 -20 1.4
      vertex -31.3599 -20 1.4
    endloop
  endfacet
  facet normal 0 0 1
    outer loop
      vertex 32 -20 1.4
      vertex 29.9544 -21.9791 1.4
      vertex 30 -22.5 1.4
    endloop
  endfacet
  facet normal 0 0 1
    outer loop
      vertex 32 -20 1.4
      vertex 29.8191 -21.4739 1.4
      vertex 29.9544 -21.9791 1.4
    endloop
  endfacet
  facet normal 0 0 1
    outer loop
      vertex 32 -20 1.4
      vertex 29.5981 -21 1.4
      vertex 29.8191 -21.4739 1.4
    endloop
  endfacet
  facet normal 0 0 1
    outer loop
      vertex 32 -20 1.4
      vertex 29.2981 -20.5716 1.4
      vertex 29.5981 -21 1.4
    endloop
  endfacet
  facet normal 0 0 1
    outer loop
      vertex 32 -20 1.4
      vertex 28.9284 -20.2019 1.4
      vertex 29.2981 -20.5716 1.4
    endloop
  endfacet
  facet normal 0 -0 1
    outer loop
      vertex 28.9284 -20.2019 1.4
      vertex 32 -20 1.4
      vertex 28.6401 -20 1.4
    endloop
  endfacet
  facet normal -0 0 1
    outer loop
      vertex 29.9544 21.9791 1.4
      vertex 32 20 1.4
      vertex 30 22.5 1.4
    endloop
  endfacet
  facet normal -0 0 1
    outer loop
      vertex 29.8191 21.4739 1.4
      vertex 32 20 1.4
      vertex 29.9544 21.9791 1.4
    endloop
  endfacet
  facet normal -0 0 1
    outer loop
      vertex 29.5981 21 1.4
      vertex 32 20 1.4
      vertex 29.8191 21.4739 1.4
    endloop
  endfacet
  facet normal -0 0 1
    outer loop
      vertex 29.2981 20.5716 1.4
      vertex 32 20 1.4
      vertex 29.5981 21 1.4
    endloop
  endfacet
  facet normal -0 0 1
    outer loop
      vertex 28.9284 20.2019 1.4
      vertex 32 20 1.4
      vertex 29.2981 20.5716 1.4
    endloop
  endfacet
  facet normal 0 0 1
    outer loop
      vertex 32 20 1.4
      vertex 28.9284 20.2019 1.4
      vertex 28.6401 20 1.4
    endloop
  endfacet
  facet normal -0 0 1
    outer loop
      vertex 28.732 -1 1.4
      vertex 32 -7 1.4
      vertex 28.8794 -0.68404 1.4
    endloop
  endfacet
  facet normal -0 0 1
    outer loop
      vertex 28.5321 -1.28557 1.4
      vertex 32 -7 1.4
      vertex 28.732 -1 1.4
    endloop
  endfacet
  facet normal -0 0 1
    outer loop
      vertex 28.2856 -1.53209 1.4
      vertex 32 -7 1.4
      vertex 28.5321 -1.28557 1.4
    endloop
  endfacet
  facet normal -0 0 1
    outer loop
      vertex 27.3301 -2.5 1.4
      vertex 32 -7 1.4
      vertex 28.2856 -1.53209 1.4
    endloop
  endfacet
  facet normal -0 0 1
    outer loop
      vertex 26.2139 -3.83022 1.4
      vertex 32 -7 1.4
      vertex 26.8302 -3.21394 1.4
    endloop
  endfacet
  facet normal 0 0 1
    outer loop
      vertex 27.3301 -2.5 1.4
      vertex 28.2856 -1.53209 1.4
      vertex 28 -1.73205 1.4
    endloop
  endfacet
  facet normal 0 0 1
    outer loop
      vertex 27.3301 -2.5 1.4
      vertex 28 -1.73205 1.4
      vertex 27.684 -1.87938 1.4
    endloop
  endfacet
  facet normal 0 0 1
    outer loop
      vertex 27.3301 -2.5 1.4
      vertex 27.684 -1.87938 1.4
      vertex 27.6103 -1.89914 1.4
    endloop
  endfacet
  facet normal 0 0 1
    outer loop
      vertex 32 -7 1.4
      vertex 27.3301 -2.5 1.4
      vertex 26.8302 -3.21394 1.4
    endloop
  endfacet
  facet normal -0 0 1
    outer loop
      vertex 25.5 -4.33013 1.4
      vertex 32 -7 1.4
      vertex 26.2139 -3.83022 1.4
    endloop
  endfacet
  facet normal -0 0 1
    outer loop
      vertex 24.7101 -4.69846 1.4
      vertex 32 -7 1.4
      vertex 25.5 -4.33013 1.4
    endloop
  endfacet
  facet normal 0 0 1
    outer loop
      vertex 32 -7 1.4
      vertex 24.7101 -4.69846 1.4
      vertex 32 -17 1.4
    endloop
  endfacet
  facet normal -0 0 1
    outer loop
      vertex 23.8682 -4.92404 1.4
      vertex 32 -17 1.4
      vertex 24.7101 -4.69846 1.4
    endloop
  endfacet
  facet normal -0 0 1
    outer loop
      vertex 23 -5 1.4
      vertex 32 -17 1.4
      vertex 23.8682 -4.92404 1.4
    endloop
  endfacet
  facet normal 0 0 1
    outer loop
      vertex 32 -17 1.4
      vertex 23 -5 1.4
      vertex 32 -18 1.4
    endloop
  endfacet
  facet normal 0 0 1
    outer loop
      vertex -1 -8 1.4
      vertex 23 -5 1.4
      vertex -1 -5 1.4
    endloop
  endfacet
  facet normal 0 0 1
    outer loop
      vertex -1.03039 -8.3473 1.4
      vertex 23 -5 1.4
      vertex -1 -8 1.4
    endloop
  endfacet
  facet normal 0 0 1
    outer loop
      vertex -1.12062 -8.68404 1.4
      vertex 23 -5 1.4
      vertex -1.03039 -8.3473 1.4
    endloop
  endfacet
  facet normal 0 0 1
    outer loop
      vertex -1.26795 -9 1.4
      vertex 23 -5 1.4
      vertex -1.12062 -8.68404 1.4
    endloop
  endfacet
  facet normal 0 0 1
    outer loop
      vertex -1.46791 -9.28557 1.4
      vertex 23 -5 1.4
      vertex -1.26795 -9 1.4
    endloop
  endfacet
  facet normal 0 0 1
    outer loop
      vertex 23 -5 1.4
      vertex -1.46791 -9.28557 1.4
      vertex 32 -18 1.4
    endloop
  endfacet
  facet normal -0 0 1
    outer loop
      vertex -1.71443 -9.53209 1.4
      vertex 32 -18 1.4
      vertex -1.46791 -9.28557 1.4
    endloop
  endfacet
  facet normal -0 0 1
    outer loop
      vertex -2 -9.73205 1.4
      vertex 32 -18 1.4
      vertex -1.71443 -9.53209 1.4
    endloop
  endfacet
  facet normal -0 0 1
    outer loop
      vertex -2.31596 -9.87938 1.4
      vertex 32 -18 1.4
      vertex -2 -9.73205 1.4
    endloop
  endfacet
  facet normal -0 0 1
    outer loop
      vertex -2.6527 -9.96961 1.4
      vertex 32 -18 1.4
      vertex -2.31596 -9.87938 1.4
    endloop
  endfacet
  facet normal -0 0 1
    outer loop
      vertex -3 -10 1.4
      vertex 32 -18 1.4
      vertex -2.6527 -9.96961 1.4
    endloop
  endfacet
  facet normal 0 0 1
    outer loop
      vertex -36 -18 1.4
      vertex -3 -10 1.4
      vertex -33 -10 1.4
    endloop
  endfacet
  facet normal 0 0 1
    outer loop
      vertex -36 -17 1.4
      vertex -33 -10 1.4
      vertex -33.3473 -9.96961 1.4
    endloop
  endfacet
  facet normal 0 0 1
    outer loop
      vertex -34.9696 8.3473 1.4
      vertex -36 7 1.4
      vertex -35 8 1.4
    endloop
  endfacet
  facet normal 0 0 1
    outer loop
      vertex -35 8 1.4
      vertex -36 7 1.4
      vertex -35 -8 1.4
    endloop
  endfacet
  facet normal -0 0 1
    outer loop
      vertex -36 -7 1.4
      vertex -35 -8 1.4
      vertex -36 7 1.4
    endloop
  endfacet
  facet normal 0 0 1
    outer loop
      vertex -36 -7 1.4
      vertex -34.9696 -8.3473 1.4
      vertex -35 -8 1.4
    endloop
  endfacet
  facet normal 0 0 1
    outer loop
      vertex -36 -7 1.4
      vertex -34.8794 -8.68404 1.4
      vertex -34.9696 -8.3473 1.4
    endloop
  endfacet
  facet normal 0 0 1
    outer loop
      vertex -36 -7 1.4
      vertex -34.732 -9 1.4
      vertex -34.8794 -8.68404 1.4
    endloop
  endfacet
  facet normal 0 0 1
    outer loop
      vertex -36 -17 1.4
      vertex -34.732 -9 1.4
      vertex -36 -7 1.4
    endloop
  endfacet
  facet normal 0 0 1
    outer loop
      vertex -36 -17 1.4
      vertex -34.5321 -9.28557 1.4
      vertex -34.732 -9 1.4
    endloop
  endfacet
  facet normal 0 0 1
    outer loop
      vertex -36 -17 1.4
      vertex -34.2856 -9.53209 1.4
      vertex -34.5321 -9.28557 1.4
    endloop
  endfacet
  facet normal 0 0 1
    outer loop
      vertex -36 -17 1.4
      vertex -34 -9.73205 1.4
      vertex -34.2856 -9.53209 1.4
    endloop
  endfacet
  facet normal 0 0 1
    outer loop
      vertex -36 -17 1.4
      vertex -33.684 -9.87938 1.4
      vertex -34 -9.73205 1.4
    endloop
  endfacet
  facet normal 0 0 1
    outer loop
      vertex -36 -17 1.4
      vertex -33.3473 -9.96961 1.4
      vertex -33.684 -9.87938 1.4
    endloop
  endfacet
  facet normal 0 0 1
    outer loop
      vertex -33 -10 1.4
      vertex -36 -17 1.4
      vertex -36 -18 1.4
    endloop
  endfacet
  facet normal 0 0 1
    outer loop
      vertex -3 -10 1.4
      vertex -36 -18 1.4
      vertex 32 -18 1.4
    endloop
  endfacet
  facet normal -0 0 1
    outer loop
      vertex -38 -17 1.4
      vertex -36 -18 1.4
      vertex -36 -17 1.4
    endloop
  endfacet
  facet normal 0 0 1
    outer loop
      vertex -36 -18 1.4
      vertex -38 -17 1.4
      vertex -36 -20 1.4
    endloop
  endfacet
  facet normal 0 0 1
    outer loop
      vertex -35.9544 -21.9791 1.4
      vertex -38 -17 1.4
      vertex -36 -22.5 1.4
    endloop
  endfacet
  facet normal -0 0 1
    outer loop
      vertex -30 22.5 1.4
      vertex 24.0456 21.9791 1.4
      vertex 24 22.5 1.4
    endloop
  endfacet
  facet normal 0 0 1
    outer loop
      vertex -30.0456 21.9791 1.4
      vertex 24.0456 21.9791 1.4
      vertex -30 22.5 1.4
    endloop
  endfacet
  facet normal 0 0 1
    outer loop
      vertex 24.0456 21.9791 1.4
      vertex -30.0456 21.9791 1.4
      vertex 24.1809 21.4739 1.4
    endloop
  endfacet
  facet normal 0 0 1
    outer loop
      vertex -30.1809 21.4739 1.4
      vertex 24.1809 21.4739 1.4
      vertex -30.0456 21.9791 1.4
    endloop
  endfacet
  facet normal 0 0 1
    outer loop
      vertex 24.1809 21.4739 1.4
      vertex -30.1809 21.4739 1.4
      vertex 24.4019 21 1.4
    endloop
  endfacet
  facet normal 0 0 1
    outer loop
      vertex -30.4019 21 1.4
      vertex 24.4019 21 1.4
      vertex -30.1809 21.4739 1.4
    endloop
  endfacet
  facet normal 0 0 1
    outer loop
      vertex 24.4019 21 1.4
      vertex -30.4019 21 1.4
      vertex 24.7019 20.5716 1.4
    endloop
  endfacet
  facet normal 0 0 1
    outer loop
      vertex -30.7019 20.5716 1.4
      vertex 24.7019 20.5716 1.4
      vertex -30.4019 21 1.4
    endloop
  endfacet
  facet normal 0 0 1
    outer loop
      vertex 24.7019 20.5716 1.4
      vertex -30.7019 20.5716 1.4
      vertex 25.0716 20.2019 1.4
    endloop
  endfacet
  facet normal 0 0 1
    outer loop
      vertex -31.0716 20.2019 1.4
      vertex 25.0716 20.2019 1.4
      vertex -30.7019 20.5716 1.4
    endloop
  endfacet
  facet normal 0 0 1
    outer loop
      vertex 25.0716 20.2019 1.4
      vertex -31.0716 20.2019 1.4
      vertex 25.3599 20 1.4
    endloop
  endfacet
  facet normal 0 0 1
    outer loop
      vertex 25.3599 20 1.4
      vertex -31.0716 20.2019 1.4
      vertex -31.3599 20 1.4
    endloop
  endfacet
  facet normal 0 0 1
    outer loop
      vertex 23 5 1.4
      vertex -1 8 1.4
      vertex -1 5 1.4
    endloop
  endfacet
  facet normal 0 0 1
    outer loop
      vertex 28.8794 0.68404 1.4
      vertex 34 7 1.4
      vertex 32 7 1.4
    endloop
  endfacet
  facet normal 0 0 1
    outer loop
      vertex 34 7 1.4
      vertex 29 0 1.4
      vertex 34 -7 1.4
    endloop
  endfacet
  facet normal 0 0 1
    outer loop
      vertex 48.5 26 1.4
      vertex 52 22.5 1.4
      vertex 51.9468 23.1078 1.4
    endloop
  endfacet
  facet normal 0 0 1
    outer loop
      vertex 52 22.5 1.4
      vertex 49.6 14 1.4
      vertex 52 -22.5 1.4
    endloop
  endfacet
  facet normal 0 0 1
    outer loop
      vertex 48.5 26 1.4
      vertex 51.9468 23.1078 1.4
      vertex 51.7889 23.6971 1.4
    endloop
  endfacet
  facet normal -0 0 1
    outer loop
      vertex 49.6 -14 1.4
      vertex 52 -22.5 1.4
      vertex 49.6 14 1.4
    endloop
  endfacet
  facet normal 0 0 1
    outer loop
      vertex 48.5 26 1.4
      vertex 51.7889 23.6971 1.4
      vertex 51.5311 24.25 1.4
    endloop
  endfacet
  facet normal -0 0 1
    outer loop
      vertex 46.4 -14 1.4
      vertex 52 -22.5 1.4
      vertex 49.6 -14 1.4
    endloop
  endfacet
  facet normal 0 0 1
    outer loop
      vertex 48.5 26 1.4
      vertex 51.5311 24.25 1.4
      vertex 51.1812 24.7498 1.4
    endloop
  endfacet
  facet normal 0 -0 1
    outer loop
      vertex 48.5 -26 1.4
      vertex 52 -22.5 1.4
      vertex 46.4 -14 1.4
    endloop
  endfacet
  facet normal 0 0 1
    outer loop
      vertex 48.5 26 1.4
      vertex 51.1812 24.7498 1.4
      vertex 50.7498 25.1812 1.4
    endloop
  endfacet
  facet normal 0 0 1
    outer loop
      vertex 52 -22.5 1.4
      vertex 48.5 -26 1.4
      vertex 51.9468 -23.1078 1.4
    endloop
  endfacet
  facet normal 0 0 1
    outer loop
      vertex 48.5 26 1.4
      vertex 50.7498 25.1812 1.4
      vertex 50.25 25.5311 1.4
    endloop
  endfacet
  facet normal 0 0 1
    outer loop
      vertex 51.9468 -23.1078 1.4
      vertex 48.5 -26 1.4
      vertex 51.7889 -23.6971 1.4
    endloop
  endfacet
  facet normal 0 0 1
    outer loop
      vertex 48.5 26 1.4
      vertex 50.25 25.5311 1.4
      vertex 49.6971 25.7889 1.4
    endloop
  endfacet
  facet normal 0 0 1
    outer loop
      vertex 51.7889 -23.6971 1.4
      vertex 48.5 -26 1.4
      vertex 51.5311 -24.25 1.4
    endloop
  endfacet
  facet normal 0 0 1
    outer loop
      vertex 51.5311 -24.25 1.4
      vertex 48.5 -26 1.4
      vertex 51.1812 -24.7498 1.4
    endloop
  endfacet
  facet normal 0 0 1
    outer loop
      vertex 48.5 26 1.4
      vertex 49.6971 25.7889 1.4
      vertex 49.1078 25.9468 1.4
    endloop
  endfacet
  facet normal 0 0 1
    outer loop
      vertex 52 22.5 1.4
      vertex 48.5 26 1.4
      vertex 46.4 14 1.4
    endloop
  endfacet
  facet normal 0 0 1
    outer loop
      vertex 52 22.5 1.4
      vertex 46.4 14 1.4
      vertex 49.6 14 1.4
    endloop
  endfacet
  facet normal 0 0 1
    outer loop
      vertex 46.4 14 1.4
      vertex 44 11 1.4
      vertex 46.4 -14 1.4
    endloop
  endfacet
  facet normal -0 0 1
    outer loop
      vertex 34 17 1.4
      vertex 46.4 14 1.4
      vertex 48.5 26 1.4
    endloop
  endfacet
  facet normal 0 0 1
    outer loop
      vertex 46.4 14 1.4
      vertex 34 17 1.4
      vertex 44 11 1.4
    endloop
  endfacet
  facet normal 0 0 1
    outer loop
      vertex 34 7 1.4
      vertex 36 11 1.4
      vertex 34 17 1.4
    endloop
  endfacet
  facet normal 0 0 1
    outer loop
      vertex 44 11 1.4
      vertex 34 17 1.4
      vertex 36 11 1.4
    endloop
  endfacet
  facet normal 0 0 1
    outer loop
      vertex 48.5 26 1.4
      vertex 32 20 1.4
      vertex 34 17 1.4
    endloop
  endfacet
  facet normal -0 0 1
    outer loop
      vertex 29.8191 23.5261 1.4
      vertex 32 20 1.4
      vertex 48.5 26 1.4
    endloop
  endfacet
  facet normal 0 0 1
    outer loop
      vertex 32 20 1.4
      vertex 29.9544 23.0209 1.4
      vertex 30 22.5 1.4
    endloop
  endfacet
  facet normal 0 0 1
    outer loop
      vertex 32 20 1.4
      vertex 29.8191 23.5261 1.4
      vertex 29.9544 23.0209 1.4
    endloop
  endfacet
  facet normal 0 0 1
    outer loop
      vertex 48.5 26 1.4
      vertex 29.5981 24 1.4
      vertex 29.8191 23.5261 1.4
    endloop
  endfacet
  facet normal 0 0 1
    outer loop
      vertex 48.5 26 1.4
      vertex 29.2981 24.4284 1.4
      vertex 29.5981 24 1.4
    endloop
  endfacet
  facet normal 0 0 1
    outer loop
      vertex 48.5 26 1.4
      vertex 28.9284 24.7981 1.4
      vertex 29.2981 24.4284 1.4
    endloop
  endfacet
  facet normal 0 0 1
    outer loop
      vertex 48.5 26 1.4
      vertex 28.5 25.0981 1.4
      vertex 28.9284 24.7981 1.4
    endloop
  endfacet
  facet normal 0 0 1
    outer loop
      vertex 48.5 26 1.4
      vertex 28.0261 25.3191 1.4
      vertex 28.5 25.0981 1.4
    endloop
  endfacet
  facet normal 0 0 1
    outer loop
      vertex 48.5 26 1.4
      vertex 27.5209 25.4544 1.4
      vertex 28.0261 25.3191 1.4
    endloop
  endfacet
  facet normal 0 0 1
    outer loop
      vertex 48.5 26 1.4
      vertex 27 25.5 1.4
      vertex 27.5209 25.4544 1.4
    endloop
  endfacet
  facet normal 0 0 1
    outer loop
      vertex 24.0456 23.0209 1.4
      vertex -30 22.5 1.4
      vertex 24 22.5 1.4
    endloop
  endfacet
  facet normal 0 0 1
    outer loop
      vertex -30.0456 23.0209 1.4
      vertex 24.0456 23.0209 1.4
      vertex 24.1809 23.5261 1.4
    endloop
  endfacet
  facet normal 0 0 1
    outer loop
      vertex -30.1809 23.5261 1.4
      vertex 24.1809 23.5261 1.4
      vertex 24.4019 24 1.4
    endloop
  endfacet
  facet normal 0 0 1
    outer loop
      vertex -30.4019 24 1.4
      vertex 24.4019 24 1.4
      vertex 24.7019 24.4284 1.4
    endloop
  endfacet
  facet normal 0 0 1
    outer loop
      vertex -30.7019 24.4284 1.4
      vertex 24.7019 24.4284 1.4
      vertex 25.0716 24.7981 1.4
    endloop
  endfacet
  facet normal 0 0 1
    outer loop
      vertex -31.0716 24.7981 1.4
      vertex 25.0716 24.7981 1.4
      vertex 25.5 25.0981 1.4
    endloop
  endfacet
  facet normal 0 0 1
    outer loop
      vertex -31.5 25.0981 1.4
      vertex 25.5 25.0981 1.4
      vertex 25.9739 25.3191 1.4
    endloop
  endfacet
  facet normal 0 0 1
    outer loop
      vertex -31.9739 25.3191 1.4
      vertex 25.9739 25.3191 1.4
      vertex 26.4791 25.4544 1.4
    endloop
  endfacet
  facet normal 0 0 1
    outer loop
      vertex -32.4791 25.4544 1.4
      vertex 26.4791 25.4544 1.4
      vertex 27 25.5 1.4
    endloop
  endfacet
  facet normal 0 0 1
    outer loop
      vertex 24.0456 23.0209 1.4
      vertex -30.0456 23.0209 1.4
      vertex -30 22.5 1.4
    endloop
  endfacet
  facet normal 0 0 1
    outer loop
      vertex 24.1809 23.5261 1.4
      vertex -30.1809 23.5261 1.4
      vertex -30.0456 23.0209 1.4
    endloop
  endfacet
  facet normal 0 0 1
    outer loop
      vertex 24.4019 24 1.4
      vertex -30.4019 24 1.4
      vertex -30.1809 23.5261 1.4
    endloop
  endfacet
  facet normal 0 0 1
    outer loop
      vertex 24.7019 24.4284 1.4
      vertex -30.7019 24.4284 1.4
      vertex -30.4019 24 1.4
    endloop
  endfacet
  facet normal 0 0 1
    outer loop
      vertex -33 25.5 1.4
      vertex 27 25.5 1.4
      vertex 48.5 26 1.4
    endloop
  endfacet
  facet normal 0 0 1
    outer loop
      vertex 25.0716 24.7981 1.4
      vertex -31.0716 24.7981 1.4
      vertex -30.7019 24.4284 1.4
    endloop
  endfacet
  facet normal 0 0 1
    outer loop
      vertex 25.5 25.0981 1.4
      vertex -31.5 25.0981 1.4
      vertex -31.0716 24.7981 1.4
    endloop
  endfacet
  facet normal 0 0 1
    outer loop
      vertex 25.9739 25.3191 1.4
      vertex -31.9739 25.3191 1.4
      vertex -31.5 25.0981 1.4
    endloop
  endfacet
  facet normal 0 0 1
    outer loop
      vertex 26.4791 25.4544 1.4
      vertex -32.4791 25.4544 1.4
      vertex -31.9739 25.3191 1.4
    endloop
  endfacet
  facet normal 0 0 1
    outer loop
      vertex 27 25.5 1.4
      vertex -33 25.5 1.4
      vertex -32.4791 25.4544 1.4
    endloop
  endfacet
  facet normal 0 0 1
    outer loop
      vertex -35.9544 21.9791 1.4
      vertex -38 17 1.4
      vertex -36 20 1.4
    endloop
  endfacet
  facet normal 0 0 1
    outer loop
      vertex -36 20 1.4
      vertex -38 17 1.4
      vertex -36 18 1.4
    endloop
  endfacet
  facet normal 0 0 1
    outer loop
      vertex -36 18 1.4
      vertex -38 17 1.4
      vertex -36 17 1.4
    endloop
  endfacet
  facet normal 0 0 1
    outer loop
      vertex -48.5 26 1.4
      vertex -36 22.5 1.4
      vertex -35.9544 23.0209 1.4
    endloop
  endfacet
  facet normal 0 0 1
    outer loop
      vertex -48.5 26 1.4
      vertex -35.9544 23.0209 1.4
      vertex -35.8191 23.5261 1.4
    endloop
  endfacet
  facet normal -0 0 1
    outer loop
      vertex -52 9 1.4
      vertex -38 7 1.4
      vertex -38 17 1.4
    endloop
  endfacet
  facet normal 0 0 1
    outer loop
      vertex -38 7 1.4
      vertex -52 9 1.4
      vertex -38 -7 1.4
    endloop
  endfacet
  facet normal -0 0 1
    outer loop
      vertex -52 22.5 1.4
      vertex -38 17 1.4
      vertex -48.5 26 1.4
    endloop
  endfacet
  facet normal 0 0 1
    outer loop
      vertex -36 22.5 1.4
      vertex -48.5 26 1.4
      vertex -38 17 1.4
    endloop
  endfacet
  facet normal 0 0 1
    outer loop
      vertex -35.5981 24 1.4
      vertex -48.5 26 1.4
      vertex -35.8191 23.5261 1.4
    endloop
  endfacet
  facet normal 0 0 1
    outer loop
      vertex -35.2981 24.4284 1.4
      vertex -48.5 26 1.4
      vertex -35.5981 24 1.4
    endloop
  endfacet
  facet normal 0 0 1
    outer loop
      vertex -34.9284 24.7981 1.4
      vertex -48.5 26 1.4
      vertex -35.2981 24.4284 1.4
    endloop
  endfacet
  facet normal 0 0 1
    outer loop
      vertex -34.5 25.0981 1.4
      vertex -48.5 26 1.4
      vertex -34.9284 24.7981 1.4
    endloop
  endfacet
  facet normal 0 0 1
    outer loop
      vertex -34.0261 25.3191 1.4
      vertex -48.5 26 1.4
      vertex -34.5 25.0981 1.4
    endloop
  endfacet
  facet normal 0 0 1
    outer loop
      vertex -33.5209 25.4544 1.4
      vertex -48.5 26 1.4
      vertex -34.0261 25.3191 1.4
    endloop
  endfacet
  facet normal 0 0 1
    outer loop
      vertex -33 25.5 1.4
      vertex -48.5 26 1.4
      vertex -33.5209 25.4544 1.4
    endloop
  endfacet
  facet normal -0 0 1
    outer loop
      vertex -48.5 26 1.4
      vertex -33 25.5 1.4
      vertex 48.5 26 1.4
    endloop
  endfacet
  facet normal 0 0 1
    outer loop
      vertex 51.1812 -24.7498 1.4
      vertex 48.5 -26 1.4
      vertex 50.7498 -25.1812 1.4
    endloop
  endfacet
  facet normal 0 0 1
    outer loop
      vertex 50.25 -25.5311 1.4
      vertex 48.5 -26 1.4
      vertex 49.6971 -25.7889 1.4
    endloop
  endfacet
  facet normal 0 0 1
    outer loop
      vertex 49.6971 -25.7889 1.4
      vertex 48.5 -26 1.4
      vertex 49.1078 -25.9468 1.4
    endloop
  endfacet
  facet normal 0 0 1
    outer loop
      vertex 50.7498 -25.1812 1.4
      vertex 48.5 -26 1.4
      vertex 50.25 -25.5311 1.4
    endloop
  endfacet
  facet normal -0 0 1
    outer loop
      vertex 44 -11 1.4
      vertex 46.4 -14 1.4
      vertex 44 11 1.4
    endloop
  endfacet
  facet normal 0 0 1
    outer loop
      vertex 34 -17 1.4
      vertex 46.4 -14 1.4
      vertex 44 -11 1.4
    endloop
  endfacet
  facet normal 0 0 1
    outer loop
      vertex 34 -17 1.4
      vertex 44 -11 1.4
      vertex 36 -11 1.4
    endloop
  endfacet
  facet normal 0 0 1
    outer loop
      vertex 36 11 1.4
      vertex 34 7 1.4
      vertex 36 -11 1.4
    endloop
  endfacet
  facet normal -0 0 1
    outer loop
      vertex 34 -7 1.4
      vertex 36 -11 1.4
      vertex 34 7 1.4
    endloop
  endfacet
  facet normal 0 0 1
    outer loop
      vertex 34 -17 1.4
      vertex 36 -11 1.4
      vertex 34 -7 1.4
    endloop
  endfacet
  facet normal 0 0 1
    outer loop
      vertex 46.4 -14 1.4
      vertex 34 -17 1.4
      vertex 48.5 -26 1.4
    endloop
  endfacet
  facet normal 0 0 1
    outer loop
      vertex 32 -18 1.4
      vertex 34 -17 1.4
      vertex 32 -17 1.4
    endloop
  endfacet
  facet normal 0 0 1
    outer loop
      vertex 32 -20 1.4
      vertex 34 -17 1.4
      vertex 32 -18 1.4
    endloop
  endfacet
  facet normal 0 0 1
    outer loop
      vertex 34 -17 1.4
      vertex 32 -20 1.4
      vertex 48.5 -26 1.4
    endloop
  endfacet
  facet normal 0 0 1
    outer loop
      vertex 29.9544 -23.0209 1.4
      vertex 32 -20 1.4
      vertex 30 -22.5 1.4
    endloop
  endfacet
  facet normal 0 0 1
    outer loop
      vertex 29.8191 -23.5261 1.4
      vertex 32 -20 1.4
      vertex 29.9544 -23.0209 1.4
    endloop
  endfacet
  facet normal 0 0 1
    outer loop
      vertex 32 -20 1.4
      vertex 29.8191 -23.5261 1.4
      vertex 48.5 -26 1.4
    endloop
  endfacet
  facet normal -0 0 1
    outer loop
      vertex 29.5981 -24 1.4
      vertex 48.5 -26 1.4
      vertex 29.8191 -23.5261 1.4
    endloop
  endfacet
  facet normal -0 0 1
    outer loop
      vertex 29.2981 -24.4284 1.4
      vertex 48.5 -26 1.4
      vertex 29.5981 -24 1.4
    endloop
  endfacet
  facet normal -0 0 1
    outer loop
      vertex 28.9284 -24.7981 1.4
      vertex 48.5 -26 1.4
      vertex 29.2981 -24.4284 1.4
    endloop
  endfacet
  facet normal -0 0 1
    outer loop
      vertex 28.5 -25.0981 1.4
      vertex 48.5 -26 1.4
      vertex 28.9284 -24.7981 1.4
    endloop
  endfacet
  facet normal -0 0 1
    outer loop
      vertex 28.0261 -25.3191 1.4
      vertex 48.5 -26 1.4
      vertex 28.5 -25.0981 1.4
    endloop
  endfacet
  facet normal -0 0 1
    outer loop
      vertex 27.5209 -25.4544 1.4
      vertex 48.5 -26 1.4
      vertex 28.0261 -25.3191 1.4
    endloop
  endfacet
  facet normal -0 0 1
    outer loop
      vertex 27 -25.5 1.4
      vertex 48.5 -26 1.4
      vertex 27.5209 -25.4544 1.4
    endloop
  endfacet
  facet normal -0 0 1
    outer loop
      vertex -30 -22.5 1.4
      vertex 24.0456 -23.0209 1.4
      vertex 24 -22.5 1.4
    endloop
  endfacet
  facet normal 0 0 1
    outer loop
      vertex -30.0456 -23.0209 1.4
      vertex 24.0456 -23.0209 1.4
      vertex -30 -22.5 1.4
    endloop
  endfacet
  facet normal 0 0 1
    outer loop
      vertex 24.0456 -23.0209 1.4
      vertex -30.0456 -23.0209 1.4
      vertex 24.1809 -23.5261 1.4
    endloop
  endfacet
  facet normal 0 0 1
    outer loop
      vertex -30.1809 -23.5261 1.4
      vertex 24.1809 -23.5261 1.4
      vertex -30.0456 -23.0209 1.4
    endloop
  endfacet
  facet normal 0 0 1
    outer loop
      vertex 24.1809 -23.5261 1.4
      vertex -30.1809 -23.5261 1.4
      vertex 24.4019 -24 1.4
    endloop
  endfacet
  facet normal 0 0 1
    outer loop
      vertex -30.4019 -24 1.4
      vertex 24.4019 -24 1.4
      vertex -30.1809 -23.5261 1.4
    endloop
  endfacet
  facet normal 0 0 1
    outer loop
      vertex 24.4019 -24 1.4
      vertex -30.4019 -24 1.4
      vertex 24.7019 -24.4284 1.4
    endloop
  endfacet
  facet normal 0 0 1
    outer loop
      vertex -30.7019 -24.4284 1.4
      vertex 24.7019 -24.4284 1.4
      vertex -30.4019 -24 1.4
    endloop
  endfacet
  facet normal 0 0 1
    outer loop
      vertex 24.7019 -24.4284 1.4
      vertex -30.7019 -24.4284 1.4
      vertex 25.0716 -24.7981 1.4
    endloop
  endfacet
  facet normal 0 0 1
    outer loop
      vertex -31.0716 -24.7981 1.4
      vertex 25.0716 -24.7981 1.4
      vertex -30.7019 -24.4284 1.4
    endloop
  endfacet
  facet normal 0 0 1
    outer loop
      vertex 25.0716 -24.7981 1.4
      vertex -31.0716 -24.7981 1.4
      vertex 25.5 -25.0981 1.4
    endloop
  endfacet
  facet normal 0 0 1
    outer loop
      vertex -31.5 -25.0981 1.4
      vertex 25.5 -25.0981 1.4
      vertex -31.0716 -24.7981 1.4
    endloop
  endfacet
  facet normal 0 0 1
    outer loop
      vertex 25.5 -25.0981 1.4
      vertex -31.5 -25.0981 1.4
      vertex 25.9739 -25.3191 1.4
    endloop
  endfacet
  facet normal 0 0 1
    outer loop
      vertex -31.9739 -25.3191 1.4
      vertex 25.9739 -25.3191 1.4
      vertex -31.5 -25.0981 1.4
    endloop
  endfacet
  facet normal 0 0 1
    outer loop
      vertex 25.9739 -25.3191 1.4
      vertex -31.9739 -25.3191 1.4
      vertex 26.4791 -25.4544 1.4
    endloop
  endfacet
  facet normal 0 0 1
    outer loop
      vertex -32.4791 -25.4544 1.4
      vertex 26.4791 -25.4544 1.4
      vertex -31.9739 -25.3191 1.4
    endloop
  endfacet
  facet normal 0 0 1
    outer loop
      vertex 26.4791 -25.4544 1.4
      vertex -32.4791 -25.4544 1.4
      vertex 27 -25.5 1.4
    endloop
  endfacet
  facet normal 0 0 1
    outer loop
      vertex -33 -25.5 1.4
      vertex 27 -25.5 1.4
      vertex -32.4791 -25.4544 1.4
    endloop
  endfacet
  facet normal 0 0 1
    outer loop
      vertex 27 -25.5 1.4
      vertex -33 -25.5 1.4
      vertex 48.5 -26 1.4
    endloop
  endfacet
  facet normal 0 0 1
    outer loop
      vertex -48.5 -26 1.4
      vertex -36 -22.5 1.4
      vertex -38 -17 1.4
    endloop
  endfacet
  facet normal 0 0 1
    outer loop
      vertex -36 -22.5 1.4
      vertex -48.5 -26 1.4
      vertex -35.9544 -23.0209 1.4
    endloop
  endfacet
  facet normal 0 0 1
    outer loop
      vertex -33 -25.5 1.4
      vertex -48.5 -26 1.4
      vertex 48.5 -26 1.4
    endloop
  endfacet
  facet normal 0 0 1
    outer loop
      vertex -33.5209 -25.4544 1.4
      vertex -48.5 -26 1.4
      vertex -33 -25.5 1.4
    endloop
  endfacet
  facet normal 0 0 1
    outer loop
      vertex -34.0261 -25.3191 1.4
      vertex -48.5 -26 1.4
      vertex -33.5209 -25.4544 1.4
    endloop
  endfacet
  facet normal 0 0 1
    outer loop
      vertex -34.5 -25.0981 1.4
      vertex -48.5 -26 1.4
      vertex -34.0261 -25.3191 1.4
    endloop
  endfacet
  facet normal 0 0 1
    outer loop
      vertex -34.9284 -24.7981 1.4
      vertex -48.5 -26 1.4
      vertex -34.5 -25.0981 1.4
    endloop
  endfacet
  facet normal 0 0 1
    outer loop
      vertex -35.2981 -24.4284 1.4
      vertex -48.5 -26 1.4
      vertex -34.9284 -24.7981 1.4
    endloop
  endfacet
  facet normal 0 0 1
    outer loop
      vertex -35.5981 -24 1.4
      vertex -48.5 -26 1.4
      vertex -35.2981 -24.4284 1.4
    endloop
  endfacet
  facet normal 0 0 1
    outer loop
      vertex -35.8191 -23.5261 1.4
      vertex -48.5 -26 1.4
      vertex -35.5981 -24 1.4
    endloop
  endfacet
  facet normal 0 0 1
    outer loop
      vertex -35.9544 -23.0209 1.4
      vertex -48.5 -26 1.4
      vertex -35.8191 -23.5261 1.4
    endloop
  endfacet
  facet normal 0 0 1
    outer loop
      vertex -52 -9 1.4
      vertex -38 -7 1.4
      vertex -52 9 1.4
    endloop
  endfacet
  facet normal 0 0 1
    outer loop
      vertex -52 22.5 1.4
      vertex -48.5 26 1.4
      vertex -49.1078 25.9468 1.4
    endloop
  endfacet
  facet normal 0 0 1
    outer loop
      vertex -38 -7 1.4
      vertex -52 -9 1.4
      vertex -38 -17 1.4
    endloop
  endfacet
  facet normal 0 0 1
    outer loop
      vertex -52 22.5 1.4
      vertex -49.1078 25.9468 1.4
      vertex -49.6971 25.7889 1.4
    endloop
  endfacet
  facet normal 0 0 1
    outer loop
      vertex -52 -22.5 1.4
      vertex -38 -17 1.4
      vertex -52 -9 1.4
    endloop
  endfacet
  facet normal 0 0 1
    outer loop
      vertex -52 22.5 1.4
      vertex -49.6971 25.7889 1.4
      vertex -50.25 25.5311 1.4
    endloop
  endfacet
  facet normal 0 0 1
    outer loop
      vertex -38 -17 1.4
      vertex -52 -22.5 1.4
      vertex -48.5 -26 1.4
    endloop
  endfacet
  facet normal 0 0 1
    outer loop
      vertex -52 22.5 1.4
      vertex -50.25 25.5311 1.4
      vertex -50.7498 25.1812 1.4
    endloop
  endfacet
  facet normal 0 0 1
    outer loop
      vertex -48.5 -26 1.4
      vertex -52 -22.5 1.4
      vertex -49.1078 -25.9468 1.4
    endloop
  endfacet
  facet normal 0 0 1
    outer loop
      vertex -52 22.5 1.4
      vertex -50.7498 25.1812 1.4
      vertex -51.1812 24.7498 1.4
    endloop
  endfacet
  facet normal 0 0 1
    outer loop
      vertex -49.1078 -25.9468 1.4
      vertex -52 -22.5 1.4
      vertex -49.6971 -25.7889 1.4
    endloop
  endfacet
  facet normal 0 0 1
    outer loop
      vertex -52 22.5 1.4
      vertex -51.1812 24.7498 1.4
      vertex -51.5311 24.25 1.4
    endloop
  endfacet
  facet normal 0 0 1
    outer loop
      vertex -49.6971 -25.7889 1.4
      vertex -52 -22.5 1.4
      vertex -50.25 -25.5311 1.4
    endloop
  endfacet
  facet normal 0 0 1
    outer loop
      vertex -52 22.5 1.4
      vertex -51.5311 24.25 1.4
      vertex -51.7889 23.6971 1.4
    endloop
  endfacet
  facet normal 0 0 1
    outer loop
      vertex -50.25 -25.5311 1.4
      vertex -52 -22.5 1.4
      vertex -50.7498 -25.1812 1.4
    endloop
  endfacet
  facet normal 0 0 1
    outer loop
      vertex -52 22.5 1.4
      vertex -51.7889 23.6971 1.4
      vertex -51.9468 23.1078 1.4
    endloop
  endfacet
  facet normal 0 0 1
    outer loop
      vertex -50.7498 -25.1812 1.4
      vertex -52 -22.5 1.4
      vertex -51.1812 -24.7498 1.4
    endloop
  endfacet
  facet normal 0 0 1
    outer loop
      vertex -38 17 1.4
      vertex -52 22.5 1.4
      vertex -52 9 1.4
    endloop
  endfacet
  facet normal 0 0 1
    outer loop
      vertex -51.1812 -24.7498 1.4
      vertex -52 -22.5 1.4
      vertex -51.5311 -24.25 1.4
    endloop
  endfacet
  facet normal 0 0 1
    outer loop
      vertex -51.5311 -24.25 1.4
      vertex -52 -22.5 1.4
      vertex -51.7889 -23.6971 1.4
    endloop
  endfacet
  facet normal 0 0 1
    outer loop
      vertex -51.7889 -23.6971 1.4
      vertex -52 -22.5 1.4
      vertex -51.9468 -23.1078 1.4
    endloop
  endfacet
  facet normal -0 0 1
    outer loop
      vertex 32 18 1.4
      vertex 34 17 1.4
      vertex 32 20 1.4
    endloop
  endfacet
  facet normal 0 0 1
    outer loop
      vertex 32 18 1.4
      vertex 32 17 1.4
      vertex 34 17 1.4
    endloop
  endfacet
  facet normal 0 0 1
    outer loop
      vertex 23 5 1.4
      vertex 32 17 1.4
      vertex 32 18 1.4
    endloop
  endfacet
  facet normal 0 -0 1
    outer loop
      vertex 24.7101 4.69846 1.4
      vertex 32 17 1.4
      vertex 23.8682 4.92404 1.4
    endloop
  endfacet
  facet normal 0 0 1
    outer loop
      vertex 34 7 1.4
      vertex 28.9696 0.347296 1.4
      vertex 29 0 1.4
    endloop
  endfacet
  facet normal -0 0 1
    outer loop
      vertex 28.8794 -0.68404 1.4
      vertex 34 -7 1.4
      vertex 28.9696 -0.347296 1.4
    endloop
  endfacet
  facet normal 0 0 1
    outer loop
      vertex 34 -7 1.4
      vertex 28.8794 -0.68404 1.4
      vertex 32 -7 1.4
    endloop
  endfacet
  facet normal -0 0 1
    outer loop
      vertex 28.9696 -0.347296 1.4
      vertex 34 -7 1.4
      vertex 29 0 1.4
    endloop
  endfacet
  facet normal 0 0 1
    outer loop
      vertex 34 7 1.4
      vertex 28.8794 0.68404 1.4
      vertex 28.9696 0.347296 1.4
    endloop
  endfacet
  facet normal 0 0 1
    outer loop
      vertex 32 7 1.4
      vertex 28.732 1 1.4
      vertex 28.8794 0.68404 1.4
    endloop
  endfacet
  facet normal 0 0 1
    outer loop
      vertex 32 7 1.4
      vertex 28.5321 1.28557 1.4
      vertex 28.732 1 1.4
    endloop
  endfacet
  facet normal 0 0 1
    outer loop
      vertex 32 7 1.4
      vertex 28.2856 1.53209 1.4
      vertex 28.5321 1.28557 1.4
    endloop
  endfacet
  facet normal 0 -0 1
    outer loop
      vertex 27.3301 2.5 1.4
      vertex 32 7 1.4
      vertex 26.8302 3.21394 1.4
    endloop
  endfacet
  facet normal 0 0 1
    outer loop
      vertex 32 7 1.4
      vertex 27.3301 2.5 1.4
      vertex 28.2856 1.53209 1.4
    endloop
  endfacet
  facet normal 0 0 1
    outer loop
      vertex 28 1.73205 1.4
      vertex 27.3301 2.5 1.4
      vertex 27.684 1.87938 1.4
    endloop
  endfacet
  facet normal 0 0 1
    outer loop
      vertex 27.684 1.87938 1.4
      vertex 27.3301 2.5 1.4
      vertex 27.6103 1.89914 1.4
    endloop
  endfacet
  facet normal 0 0 1
    outer loop
      vertex 28.2856 1.53209 1.4
      vertex 27.3301 2.5 1.4
      vertex 28 1.73205 1.4
    endloop
  endfacet
  facet normal 0 0 1
    outer loop
      vertex 32 7 1.4
      vertex 26.2139 3.83022 1.4
      vertex 26.8302 3.21394 1.4
    endloop
  endfacet
  facet normal 0 0 1
    outer loop
      vertex 32 7 1.4
      vertex 25.5 4.33013 1.4
      vertex 26.2139 3.83022 1.4
    endloop
  endfacet
  facet normal 0 0 1
    outer loop
      vertex 32 7 1.4
      vertex 24.7101 4.69846 1.4
      vertex 25.5 4.33013 1.4
    endloop
  endfacet
  facet normal 0 0 1
    outer loop
      vertex 32 17 1.4
      vertex 24.7101 4.69846 1.4
      vertex 32 7 1.4
    endloop
  endfacet
  facet normal 0 0 1
    outer loop
      vertex 32 17 1.4
      vertex 23 5 1.4
      vertex 23.8682 4.92404 1.4
    endloop
  endfacet
  facet normal -0 0 1
    outer loop
      vertex -1.46791 9.28557 1.4
      vertex 23 5 1.4
      vertex 32 18 1.4
    endloop
  endfacet
  facet normal 0 0 1
    outer loop
      vertex 23 5 1.4
      vertex -1.03039 8.3473 1.4
      vertex -1 8 1.4
    endloop
  endfacet
  facet normal 0 0 1
    outer loop
      vertex 23 5 1.4
      vertex -1.12062 8.68404 1.4
      vertex -1.03039 8.3473 1.4
    endloop
  endfacet
  facet normal 0 0 1
    outer loop
      vertex 23 5 1.4
      vertex -1.26795 9 1.4
      vertex -1.12062 8.68404 1.4
    endloop
  endfacet
  facet normal 0 0 1
    outer loop
      vertex 23 5 1.4
      vertex -1.46791 9.28557 1.4
      vertex -1.26795 9 1.4
    endloop
  endfacet
  facet normal 0 0 1
    outer loop
      vertex 32 18 1.4
      vertex -1.71443 9.53209 1.4
      vertex -1.46791 9.28557 1.4
    endloop
  endfacet
  facet normal 0 0 1
    outer loop
      vertex 32 18 1.4
      vertex -2 9.73205 1.4
      vertex -1.71443 9.53209 1.4
    endloop
  endfacet
  facet normal 0 0 1
    outer loop
      vertex 32 18 1.4
      vertex -2.31596 9.87938 1.4
      vertex -2 9.73205 1.4
    endloop
  endfacet
  facet normal 0 0 1
    outer loop
      vertex 32 18 1.4
      vertex -2.6527 9.96961 1.4
      vertex -2.31596 9.87938 1.4
    endloop
  endfacet
  facet normal 0 0 1
    outer loop
      vertex 32 18 1.4
      vertex -3 10 1.4
      vertex -2.6527 9.96961 1.4
    endloop
  endfacet
  facet normal -0 0 1
    outer loop
      vertex -36 18 1.4
      vertex -3 10 1.4
      vertex 32 18 1.4
    endloop
  endfacet
  facet normal 0 0 1
    outer loop
      vertex -3 10 1.4
      vertex -36 18 1.4
      vertex -33 10 1.4
    endloop
  endfacet
  facet normal 0 0 1
    outer loop
      vertex -34.8794 8.68404 1.4
      vertex -36 7 1.4
      vertex -34.9696 8.3473 1.4
    endloop
  endfacet
  facet normal 0 0 1
    outer loop
      vertex -36 7 1.4
      vertex -34.8794 8.68404 1.4
      vertex -36 17 1.4
    endloop
  endfacet
  facet normal 0 0 1
    outer loop
      vertex -34.732 9 1.4
      vertex -36 17 1.4
      vertex -34.8794 8.68404 1.4
    endloop
  endfacet
  facet normal 0 0 1
    outer loop
      vertex -34.5321 9.28557 1.4
      vertex -36 17 1.4
      vertex -34.732 9 1.4
    endloop
  endfacet
  facet normal 0 0 1
    outer loop
      vertex -34.2856 9.53209 1.4
      vertex -36 17 1.4
      vertex -34.5321 9.28557 1.4
    endloop
  endfacet
  facet normal 0 0 1
    outer loop
      vertex -34 9.73205 1.4
      vertex -36 17 1.4
      vertex -34.2856 9.53209 1.4
    endloop
  endfacet
  facet normal 0 0 1
    outer loop
      vertex -33.684 9.87938 1.4
      vertex -36 17 1.4
      vertex -34 9.73205 1.4
    endloop
  endfacet
  facet normal 0 0 1
    outer loop
      vertex -33.3473 9.96961 1.4
      vertex -36 17 1.4
      vertex -33.684 9.87938 1.4
    endloop
  endfacet
  facet normal 0 0 1
    outer loop
      vertex -33 10 1.4
      vertex -36 17 1.4
      vertex -33.3473 9.96961 1.4
    endloop
  endfacet
  facet normal -0 0 1
    outer loop
      vertex -36 17 1.4
      vertex -33 10 1.4
      vertex -36 18 1.4
    endloop
  endfacet
  facet normal 0 0 1
    outer loop
      vertex -31.6459 -22.2612 1.4
      vertex -31.6459 -22.7388 1.4
      vertex -31.625 -22.5 1.4
    endloop
  endfacet
  facet normal 0 0 1
    outer loop
      vertex -31.7079 -22.0297 1.4
      vertex -31.6459 -22.7388 1.4
      vertex -31.6459 -22.2612 1.4
    endloop
  endfacet
  facet normal 0 0 1
    outer loop
      vertex -31.7079 -22.0297 1.4
      vertex -31.7079 -22.9703 1.4
      vertex -31.6459 -22.7388 1.4
    endloop
  endfacet
  facet normal 0 0 1
    outer loop
      vertex -31.8092 -21.8125 1.4
      vertex -31.7079 -22.9703 1.4
      vertex -31.7079 -22.0297 1.4
    endloop
  endfacet
  facet normal 0 0 1
    outer loop
      vertex -31.8092 -21.8125 1.4
      vertex -31.8092 -23.1875 1.4
      vertex -31.7079 -22.9703 1.4
    endloop
  endfacet
  facet normal 0 0 1
    outer loop
      vertex -31.9467 -21.6162 1.4
      vertex -31.8092 -23.1875 1.4
      vertex -31.8092 -21.8125 1.4
    endloop
  endfacet
  facet normal 0 0 1
    outer loop
      vertex -31.9467 -21.6162 1.4
      vertex -31.9467 -23.3838 1.4
      vertex -31.8092 -23.1875 1.4
    endloop
  endfacet
  facet normal 0 0 1
    outer loop
      vertex -32.1162 -21.4467 1.4
      vertex -31.9467 -23.3838 1.4
      vertex -31.9467 -21.6162 1.4
    endloop
  endfacet
  facet normal 0 0 1
    outer loop
      vertex -32.1162 -21.4467 1.4
      vertex -32.1162 -23.5533 1.4
      vertex -31.9467 -23.3838 1.4
    endloop
  endfacet
  facet normal 0 0 1
    outer loop
      vertex -32.3125 -21.3092 1.4
      vertex -32.1162 -23.5533 1.4
      vertex -32.1162 -21.4467 1.4
    endloop
  endfacet
  facet normal 0 0 1
    outer loop
      vertex -32.3125 -21.3092 1.4
      vertex -32.3125 -23.6908 1.4
      vertex -32.1162 -23.5533 1.4
    endloop
  endfacet
  facet normal 0 0 1
    outer loop
      vertex -32.5297 -21.2079 1.4
      vertex -32.3125 -23.6908 1.4
      vertex -32.3125 -21.3092 1.4
    endloop
  endfacet
  facet normal 0 0 1
    outer loop
      vertex -32.5297 -21.2079 1.4
      vertex -32.5297 -23.7921 1.4
      vertex -32.3125 -23.6908 1.4
    endloop
  endfacet
  facet normal 0 0 1
    outer loop
      vertex -32.7612 -21.1459 1.4
      vertex -32.5297 -23.7921 1.4
      vertex -32.5297 -21.2079 1.4
    endloop
  endfacet
  facet normal 0 0 1
    outer loop
      vertex -32.7612 -21.1459 1.4
      vertex -32.7612 -23.8541 1.4
      vertex -32.5297 -23.7921 1.4
    endloop
  endfacet
  facet normal 0 0 1
    outer loop
      vertex -33 -21.125 1.4
      vertex -32.7612 -23.8541 1.4
      vertex -32.7612 -21.1459 1.4
    endloop
  endfacet
  facet normal 0 0 1
    outer loop
      vertex -33 -21.125 1.4
      vertex -33 -23.875 1.4
      vertex -32.7612 -23.8541 1.4
    endloop
  endfacet
  facet normal -0 0 1
    outer loop
      vertex -33.2388 -21.1459 1.4
      vertex -33 -23.875 1.4
      vertex -33 -21.125 1.4
    endloop
  endfacet
  facet normal 0 0 1
    outer loop
      vertex -33.2388 -21.1459 1.4
      vertex -33.2388 -23.8541 1.4
      vertex -33 -23.875 1.4
    endloop
  endfacet
  facet normal -0 0 1
    outer loop
      vertex -33.4703 -21.2079 1.4
      vertex -33.2388 -23.8541 1.4
      vertex -33.2388 -21.1459 1.4
    endloop
  endfacet
  facet normal 0 0 1
    outer loop
      vertex -33.4703 -21.2079 1.4
      vertex -33.4703 -23.7921 1.4
      vertex -33.2388 -23.8541 1.4
    endloop
  endfacet
  facet normal -0 0 1
    outer loop
      vertex -33.6875 -21.3092 1.4
      vertex -33.4703 -23.7921 1.4
      vertex -33.4703 -21.2079 1.4
    endloop
  endfacet
  facet normal 0 0 1
    outer loop
      vertex -33.6875 -21.3092 1.4
      vertex -33.6875 -23.6908 1.4
      vertex -33.4703 -23.7921 1.4
    endloop
  endfacet
  facet normal -0 0 1
    outer loop
      vertex -33.8838 -21.4467 1.4
      vertex -33.6875 -23.6908 1.4
      vertex -33.6875 -21.3092 1.4
    endloop
  endfacet
  facet normal 0 0 1
    outer loop
      vertex -33.8838 -21.4467 1.4
      vertex -33.8838 -23.5533 1.4
      vertex -33.6875 -23.6908 1.4
    endloop
  endfacet
  facet normal -0 0 1
    outer loop
      vertex -34.0533 -21.6162 1.4
      vertex -33.8838 -23.5533 1.4
      vertex -33.8838 -21.4467 1.4
    endloop
  endfacet
  facet normal 0 0 1
    outer loop
      vertex -34.0533 -21.6162 1.4
      vertex -34.0533 -23.3838 1.4
      vertex -33.8838 -23.5533 1.4
    endloop
  endfacet
  facet normal -0 0 1
    outer loop
      vertex -34.1908 -21.8125 1.4
      vertex -34.0533 -23.3838 1.4
      vertex -34.0533 -21.6162 1.4
    endloop
  endfacet
  facet normal 0 0 1
    outer loop
      vertex -34.1908 -21.8125 1.4
      vertex -34.1908 -23.1875 1.4
      vertex -34.0533 -23.3838 1.4
    endloop
  endfacet
  facet normal -0 0 1
    outer loop
      vertex -34.2921 -22.0297 1.4
      vertex -34.1908 -23.1875 1.4
      vertex -34.1908 -21.8125 1.4
    endloop
  endfacet
  facet normal 0 0 1
    outer loop
      vertex -34.2921 -22.0297 1.4
      vertex -34.2921 -22.9703 1.4
      vertex -34.1908 -23.1875 1.4
    endloop
  endfacet
  facet normal -0 0 1
    outer loop
      vertex -34.3541 -22.2612 1.4
      vertex -34.2921 -22.9703 1.4
      vertex -34.2921 -22.0297 1.4
    endloop
  endfacet
  facet normal 0 0 1
    outer loop
      vertex -34.3541 -22.2612 1.4
      vertex -34.3541 -22.7388 1.4
      vertex -34.2921 -22.9703 1.4
    endloop
  endfacet
  facet normal 0 -0 1
    outer loop
      vertex -34.3541 -22.7388 1.4
      vertex -34.3541 -22.2612 1.4
      vertex -34.375 -22.5 1.4
    endloop
  endfacet
  facet normal 0 0 1
    outer loop
      vertex -31.6459 22.7388 1.4
      vertex -31.6459 22.2612 1.4
      vertex -31.625 22.5 1.4
    endloop
  endfacet
  facet normal 0 0 1
    outer loop
      vertex -31.7079 22.9703 1.4
      vertex -31.6459 22.2612 1.4
      vertex -31.6459 22.7388 1.4
    endloop
  endfacet
  facet normal 0 0 1
    outer loop
      vertex -31.7079 22.9703 1.4
      vertex -31.7079 22.0297 1.4
      vertex -31.6459 22.2612 1.4
    endloop
  endfacet
  facet normal 0 0 1
    outer loop
      vertex -31.8092 23.1875 1.4
      vertex -31.7079 22.0297 1.4
      vertex -31.7079 22.9703 1.4
    endloop
  endfacet
  facet normal 0 0 1
    outer loop
      vertex -31.8092 23.1875 1.4
      vertex -31.8092 21.8125 1.4
      vertex -31.7079 22.0297 1.4
    endloop
  endfacet
  facet normal 0 0 1
    outer loop
      vertex -31.9467 23.3838 1.4
      vertex -31.8092 21.8125 1.4
      vertex -31.8092 23.1875 1.4
    endloop
  endfacet
  facet normal 0 0 1
    outer loop
      vertex -31.9467 23.3838 1.4
      vertex -31.9467 21.6162 1.4
      vertex -31.8092 21.8125 1.4
    endloop
  endfacet
  facet normal 0 0 1
    outer loop
      vertex -32.1162 23.5533 1.4
      vertex -31.9467 21.6162 1.4
      vertex -31.9467 23.3838 1.4
    endloop
  endfacet
  facet normal 0 0 1
    outer loop
      vertex -32.1162 23.5533 1.4
      vertex -32.1162 21.4467 1.4
      vertex -31.9467 21.6162 1.4
    endloop
  endfacet
  facet normal 0 0 1
    outer loop
      vertex -32.3125 23.6908 1.4
      vertex -32.1162 21.4467 1.4
      vertex -32.1162 23.5533 1.4
    endloop
  endfacet
  facet normal 0 0 1
    outer loop
      vertex -32.3125 23.6908 1.4
      vertex -32.3125 21.3092 1.4
      vertex -32.1162 21.4467 1.4
    endloop
  endfacet
  facet normal 0 0 1
    outer loop
      vertex -32.5297 23.7921 1.4
      vertex -32.3125 21.3092 1.4
      vertex -32.3125 23.6908 1.4
    endloop
  endfacet
  facet normal 0 0 1
    outer loop
      vertex -32.5297 23.7921 1.4
      vertex -32.5297 21.2079 1.4
      vertex -32.3125 21.3092 1.4
    endloop
  endfacet
  facet normal 0 0 1
    outer loop
      vertex -32.7612 23.8541 1.4
      vertex -32.5297 21.2079 1.4
      vertex -32.5297 23.7921 1.4
    endloop
  endfacet
  facet normal 0 0 1
    outer loop
      vertex -32.7612 23.8541 1.4
      vertex -32.7612 21.1459 1.4
      vertex -32.5297 21.2079 1.4
    endloop
  endfacet
  facet normal 0 0 1
    outer loop
      vertex -33 23.875 1.4
      vertex -32.7612 21.1459 1.4
      vertex -32.7612 23.8541 1.4
    endloop
  endfacet
  facet normal 0 0 1
    outer loop
      vertex -33 23.875 1.4
      vertex -33 21.125 1.4
      vertex -32.7612 21.1459 1.4
    endloop
  endfacet
  facet normal -0 0 1
    outer loop
      vertex -33.2388 23.8541 1.4
      vertex -33 21.125 1.4
      vertex -33 23.875 1.4
    endloop
  endfacet
  facet normal 0 0 1
    outer loop
      vertex -33.2388 23.8541 1.4
      vertex -33.2388 21.1459 1.4
      vertex -33 21.125 1.4
    endloop
  endfacet
  facet normal -0 0 1
    outer loop
      vertex -33.4703 23.7921 1.4
      vertex -33.2388 21.1459 1.4
      vertex -33.2388 23.8541 1.4
    endloop
  endfacet
  facet normal 0 0 1
    outer loop
      vertex -33.4703 23.7921 1.4
      vertex -33.4703 21.2079 1.4
      vertex -33.2388 21.1459 1.4
    endloop
  endfacet
  facet normal -0 0 1
    outer loop
      vertex -33.6875 23.6908 1.4
      vertex -33.4703 21.2079 1.4
      vertex -33.4703 23.7921 1.4
    endloop
  endfacet
  facet normal 0 0 1
    outer loop
      vertex -33.6875 23.6908 1.4
      vertex -33.6875 21.3092 1.4
      vertex -33.4703 21.2079 1.4
    endloop
  endfacet
  facet normal -0 0 1
    outer loop
      vertex -33.8838 23.5533 1.4
      vertex -33.6875 21.3092 1.4
      vertex -33.6875 23.6908 1.4
    endloop
  endfacet
  facet normal 0 0 1
    outer loop
      vertex -33.8838 23.5533 1.4
      vertex -33.8838 21.4467 1.4
      vertex -33.6875 21.3092 1.4
    endloop
  endfacet
  facet normal -0 0 1
    outer loop
      vertex -34.0533 23.3838 1.4
      vertex -33.8838 21.4467 1.4
      vertex -33.8838 23.5533 1.4
    endloop
  endfacet
  facet normal 0 0 1
    outer loop
      vertex -34.0533 23.3838 1.4
      vertex -34.0533 21.6162 1.4
      vertex -33.8838 21.4467 1.4
    endloop
  endfacet
  facet normal -0 0 1
    outer loop
      vertex -34.1908 23.1875 1.4
      vertex -34.0533 21.6162 1.4
      vertex -34.0533 23.3838 1.4
    endloop
  endfacet
  facet normal 0 0 1
    outer loop
      vertex -34.1908 23.1875 1.4
      vertex -34.1908 21.8125 1.4
      vertex -34.0533 21.6162 1.4
    endloop
  endfacet
  facet normal -0 0 1
    outer loop
      vertex -34.2921 22.9703 1.4
      vertex -34.1908 21.8125 1.4
      vertex -34.1908 23.1875 1.4
    endloop
  endfacet
  facet normal 0 0 1
    outer loop
      vertex -34.2921 22.9703 1.4
      vertex -34.2921 22.0297 1.4
      vertex -34.1908 21.8125 1.4
    endloop
  endfacet
  facet normal -0 0 1
    outer loop
      vertex -34.3541 22.7388 1.4
      vertex -34.2921 22.0297 1.4
      vertex -34.2921 22.9703 1.4
    endloop
  endfacet
  facet normal 0 0 1
    outer loop
      vertex -34.3541 22.7388 1.4
      vertex -34.3541 22.2612 1.4
      vertex -34.2921 22.0297 1.4
    endloop
  endfacet
  facet normal 0 -0 1
    outer loop
      vertex -34.3541 22.2612 1.4
      vertex -34.3541 22.7388 1.4
      vertex -34.375 22.5 1.4
    endloop
  endfacet
  facet normal 0 0 1
    outer loop
      vertex 28.3541 -22.2612 1.4
      vertex 28.3541 -22.7388 1.4
      vertex 28.375 -22.5 1.4
    endloop
  endfacet
  facet normal 0 0 1
    outer loop
      vertex 28.2921 -22.0297 1.4
      vertex 28.3541 -22.7388 1.4
      vertex 28.3541 -22.2612 1.4
    endloop
  endfacet
  facet normal 0 0 1
    outer loop
      vertex 28.2921 -22.0297 1.4
      vertex 28.2921 -22.9703 1.4
      vertex 28.3541 -22.7388 1.4
    endloop
  endfacet
  facet normal 0 0 1
    outer loop
      vertex 28.1908 -21.8125 1.4
      vertex 28.2921 -22.9703 1.4
      vertex 28.2921 -22.0297 1.4
    endloop
  endfacet
  facet normal 0 0 1
    outer loop
      vertex 28.1908 -21.8125 1.4
      vertex 28.1908 -23.1875 1.4
      vertex 28.2921 -22.9703 1.4
    endloop
  endfacet
  facet normal 0 0 1
    outer loop
      vertex 28.0533 -21.6162 1.4
      vertex 28.1908 -23.1875 1.4
      vertex 28.1908 -21.8125 1.4
    endloop
  endfacet
  facet normal 0 0 1
    outer loop
      vertex 28.0533 -21.6162 1.4
      vertex 28.0533 -23.3838 1.4
      vertex 28.1908 -23.1875 1.4
    endloop
  endfacet
  facet normal 0 0 1
    outer loop
      vertex 27.8838 -21.4467 1.4
      vertex 28.0533 -23.3838 1.4
      vertex 28.0533 -21.6162 1.4
    endloop
  endfacet
  facet normal 0 0 1
    outer loop
      vertex 27.8838 -21.4467 1.4
      vertex 27.8838 -23.5533 1.4
      vertex 28.0533 -23.3838 1.4
    endloop
  endfacet
  facet normal 0 0 1
    outer loop
      vertex 27.6875 -21.3092 1.4
      vertex 27.8838 -23.5533 1.4
      vertex 27.8838 -21.4467 1.4
    endloop
  endfacet
  facet normal 0 0 1
    outer loop
      vertex 27.6875 -21.3092 1.4
      vertex 27.6875 -23.6908 1.4
      vertex 27.8838 -23.5533 1.4
    endloop
  endfacet
  facet normal 0 0 1
    outer loop
      vertex 27.4703 -21.2079 1.4
      vertex 27.6875 -23.6908 1.4
      vertex 27.6875 -21.3092 1.4
    endloop
  endfacet
  facet normal 0 0 1
    outer loop
      vertex 27.4703 -21.2079 1.4
      vertex 27.4703 -23.7921 1.4
      vertex 27.6875 -23.6908 1.4
    endloop
  endfacet
  facet normal 0 0 1
    outer loop
      vertex 27.2388 -21.1459 1.4
      vertex 27.4703 -23.7921 1.4
      vertex 27.4703 -21.2079 1.4
    endloop
  endfacet
  facet normal 0 0 1
    outer loop
      vertex 27.2388 -21.1459 1.4
      vertex 27.2388 -23.8541 1.4
      vertex 27.4703 -23.7921 1.4
    endloop
  endfacet
  facet normal 0 0 1
    outer loop
      vertex 27 -21.125 1.4
      vertex 27.2388 -23.8541 1.4
      vertex 27.2388 -21.1459 1.4
    endloop
  endfacet
  facet normal 0 0 1
    outer loop
      vertex 27 -21.125 1.4
      vertex 27 -23.875 1.4
      vertex 27.2388 -23.8541 1.4
    endloop
  endfacet
  facet normal -0 0 1
    outer loop
      vertex 26.7612 -21.1459 1.4
      vertex 27 -23.875 1.4
      vertex 27 -21.125 1.4
    endloop
  endfacet
  facet normal 0 0 1
    outer loop
      vertex 26.7612 -21.1459 1.4
      vertex 26.7612 -23.8541 1.4
      vertex 27 -23.875 1.4
    endloop
  endfacet
  facet normal -0 0 1
    outer loop
      vertex 26.5297 -21.2079 1.4
      vertex 26.7612 -23.8541 1.4
      vertex 26.7612 -21.1459 1.4
    endloop
  endfacet
  facet normal 0 0 1
    outer loop
      vertex 26.5297 -21.2079 1.4
      vertex 26.5297 -23.7921 1.4
      vertex 26.7612 -23.8541 1.4
    endloop
  endfacet
  facet normal -0 0 1
    outer loop
      vertex 26.3125 -21.3092 1.4
      vertex 26.5297 -23.7921 1.4
      vertex 26.5297 -21.2079 1.4
    endloop
  endfacet
  facet normal 0 0 1
    outer loop
      vertex 26.3125 -21.3092 1.4
      vertex 26.3125 -23.6908 1.4
      vertex 26.5297 -23.7921 1.4
    endloop
  endfacet
  facet normal -0 0 1
    outer loop
      vertex 26.1162 -21.4467 1.4
      vertex 26.3125 -23.6908 1.4
      vertex 26.3125 -21.3092 1.4
    endloop
  endfacet
  facet normal 0 0 1
    outer loop
      vertex 26.1162 -21.4467 1.4
      vertex 26.1162 -23.5533 1.4
      vertex 26.3125 -23.6908 1.4
    endloop
  endfacet
  facet normal -0 0 1
    outer loop
      vertex 25.9467 -21.6162 1.4
      vertex 26.1162 -23.5533 1.4
      vertex 26.1162 -21.4467 1.4
    endloop
  endfacet
  facet normal 0 0 1
    outer loop
      vertex 25.9467 -21.6162 1.4
      vertex 25.9467 -23.3838 1.4
      vertex 26.1162 -23.5533 1.4
    endloop
  endfacet
  facet normal -0 0 1
    outer loop
      vertex 25.8092 -21.8125 1.4
      vertex 25.9467 -23.3838 1.4
      vertex 25.9467 -21.6162 1.4
    endloop
  endfacet
  facet normal 0 0 1
    outer loop
      vertex 25.8092 -21.8125 1.4
      vertex 25.8092 -23.1875 1.4
      vertex 25.9467 -23.3838 1.4
    endloop
  endfacet
  facet normal -0 0 1
    outer loop
      vertex 25.7079 -22.0297 1.4
      vertex 25.8092 -23.1875 1.4
      vertex 25.8092 -21.8125 1.4
    endloop
  endfacet
  facet normal 0 0 1
    outer loop
      vertex 25.7079 -22.0297 1.4
      vertex 25.7079 -22.9703 1.4
      vertex 25.8092 -23.1875 1.4
    endloop
  endfacet
  facet normal -0 0 1
    outer loop
      vertex 25.6459 -22.2612 1.4
      vertex 25.7079 -22.9703 1.4
      vertex 25.7079 -22.0297 1.4
    endloop
  endfacet
  facet normal 0 0 1
    outer loop
      vertex 25.6459 -22.2612 1.4
      vertex 25.6459 -22.7388 1.4
      vertex 25.7079 -22.9703 1.4
    endloop
  endfacet
  facet normal 0 -0 1
    outer loop
      vertex 25.6459 -22.7388 1.4
      vertex 25.6459 -22.2612 1.4
      vertex 25.625 -22.5 1.4
    endloop
  endfacet
  facet normal 0 0 1
    outer loop
      vertex 28.3541 22.7388 1.4
      vertex 28.3541 22.2612 1.4
      vertex 28.375 22.5 1.4
    endloop
  endfacet
  facet normal 0 0 1
    outer loop
      vertex 28.2921 22.9703 1.4
      vertex 28.3541 22.2612 1.4
      vertex 28.3541 22.7388 1.4
    endloop
  endfacet
  facet normal 0 0 1
    outer loop
      vertex 28.2921 22.9703 1.4
      vertex 28.2921 22.0297 1.4
      vertex 28.3541 22.2612 1.4
    endloop
  endfacet
  facet normal 0 0 1
    outer loop
      vertex 28.1908 23.1875 1.4
      vertex 28.2921 22.0297 1.4
      vertex 28.2921 22.9703 1.4
    endloop
  endfacet
  facet normal 0 0 1
    outer loop
      vertex 28.1908 23.1875 1.4
      vertex 28.1908 21.8125 1.4
      vertex 28.2921 22.0297 1.4
    endloop
  endfacet
  facet normal 0 0 1
    outer loop
      vertex 28.0533 23.3838 1.4
      vertex 28.1908 21.8125 1.4
      vertex 28.1908 23.1875 1.4
    endloop
  endfacet
  facet normal 0 0 1
    outer loop
      vertex 28.0533 23.3838 1.4
      vertex 28.0533 21.6162 1.4
      vertex 28.1908 21.8125 1.4
    endloop
  endfacet
  facet normal 0 0 1
    outer loop
      vertex 27.8838 23.5533 1.4
      vertex 28.0533 21.6162 1.4
      vertex 28.0533 23.3838 1.4
    endloop
  endfacet
  facet normal 0 0 1
    outer loop
      vertex 27.8838 23.5533 1.4
      vertex 27.8838 21.4467 1.4
      vertex 28.0533 21.6162 1.4
    endloop
  endfacet
  facet normal 0 0 1
    outer loop
      vertex 27.6875 23.6908 1.4
      vertex 27.8838 21.4467 1.4
      vertex 27.8838 23.5533 1.4
    endloop
  endfacet
  facet normal 0 0 1
    outer loop
      vertex 27.6875 23.6908 1.4
      vertex 27.6875 21.3092 1.4
      vertex 27.8838 21.4467 1.4
    endloop
  endfacet
  facet normal 0 0 1
    outer loop
      vertex 27.4703 23.7921 1.4
      vertex 27.6875 21.3092 1.4
      vertex 27.6875 23.6908 1.4
    endloop
  endfacet
  facet normal 0 0 1
    outer loop
      vertex 27.4703 23.7921 1.4
      vertex 27.4703 21.2079 1.4
      vertex 27.6875 21.3092 1.4
    endloop
  endfacet
  facet normal 0 0 1
    outer loop
      vertex 27.2388 23.8541 1.4
      vertex 27.4703 21.2079 1.4
      vertex 27.4703 23.7921 1.4
    endloop
  endfacet
  facet normal 0 0 1
    outer loop
      vertex 27.2388 23.8541 1.4
      vertex 27.2388 21.1459 1.4
      vertex 27.4703 21.2079 1.4
    endloop
  endfacet
  facet normal 0 0 1
    outer loop
      vertex 27 23.875 1.4
      vertex 27.2388 21.1459 1.4
      vertex 27.2388 23.8541 1.4
    endloop
  endfacet
  facet normal 0 0 1
    outer loop
      vertex 27 23.875 1.4
      vertex 27 21.125 1.4
      vertex 27.2388 21.1459 1.4
    endloop
  endfacet
  facet normal -0 0 1
    outer loop
      vertex 26.7612 23.8541 1.4
      vertex 27 21.125 1.4
      vertex 27 23.875 1.4
    endloop
  endfacet
  facet normal 0 0 1
    outer loop
      vertex 26.7612 23.8541 1.4
      vertex 26.7612 21.1459 1.4
      vertex 27 21.125 1.4
    endloop
  endfacet
  facet normal -0 0 1
    outer loop
      vertex 26.5297 23.7921 1.4
      vertex 26.7612 21.1459 1.4
      vertex 26.7612 23.8541 1.4
    endloop
  endfacet
  facet normal 0 0 1
    outer loop
      vertex 26.5297 23.7921 1.4
      vertex 26.5297 21.2079 1.4
      vertex 26.7612 21.1459 1.4
    endloop
  endfacet
  facet normal -0 0 1
    outer loop
      vertex 26.3125 23.6908 1.4
      vertex 26.5297 21.2079 1.4
      vertex 26.5297 23.7921 1.4
    endloop
  endfacet
  facet normal 0 0 1
    outer loop
      vertex 26.3125 23.6908 1.4
      vertex 26.3125 21.3092 1.4
      vertex 26.5297 21.2079 1.4
    endloop
  endfacet
  facet normal -0 0 1
    outer loop
      vertex 26.1162 23.5533 1.4
      vertex 26.3125 21.3092 1.4
      vertex 26.3125 23.6908 1.4
    endloop
  endfacet
  facet normal 0 0 1
    outer loop
      vertex 26.1162 23.5533 1.4
      vertex 26.1162 21.4467 1.4
      vertex 26.3125 21.3092 1.4
    endloop
  endfacet
  facet normal -0 0 1
    outer loop
      vertex 25.9467 23.3838 1.4
      vertex 26.1162 21.4467 1.4
      vertex 26.1162 23.5533 1.4
    endloop
  endfacet
  facet normal 0 0 1
    outer loop
      vertex 25.9467 23.3838 1.4
      vertex 25.9467 21.6162 1.4
      vertex 26.1162 21.4467 1.4
    endloop
  endfacet
  facet normal -0 0 1
    outer loop
      vertex 25.8092 23.1875 1.4
      vertex 25.9467 21.6162 1.4
      vertex 25.9467 23.3838 1.4
    endloop
  endfacet
  facet normal 0 0 1
    outer loop
      vertex 25.8092 23.1875 1.4
      vertex 25.8092 21.8125 1.4
      vertex 25.9467 21.6162 1.4
    endloop
  endfacet
  facet normal -0 0 1
    outer loop
      vertex 25.7079 22.9703 1.4
      vertex 25.8092 21.8125 1.4
      vertex 25.8092 23.1875 1.4
    endloop
  endfacet
  facet normal 0 0 1
    outer loop
      vertex 25.7079 22.9703 1.4
      vertex 25.7079 22.0297 1.4
      vertex 25.8092 21.8125 1.4
    endloop
  endfacet
  facet normal -0 0 1
    outer loop
      vertex 25.6459 22.7388 1.4
      vertex 25.7079 22.0297 1.4
      vertex 25.7079 22.9703 1.4
    endloop
  endfacet
  facet normal 0 0 1
    outer loop
      vertex 25.6459 22.7388 1.4
      vertex 25.6459 22.2612 1.4
      vertex 25.7079 22.0297 1.4
    endloop
  endfacet
  facet normal 0 -0 1
    outer loop
      vertex 25.6459 22.2612 1.4
      vertex 25.6459 22.7388 1.4
      vertex 25.625 22.5 1.4
    endloop
  endfacet
  facet normal -0.996191 -0.0871997 2.22135e-18
    outer loop
      vertex -62.9468 -6.10777 -1.4
      vertex -63 -5.5 1.1
      vertex -63 -5.5 -1.4
    endloop
  endfacet
  facet normal -0.996191 -0.0871997 2.22135e-18
    outer loop
      vertex -63 -5.5 1.1
      vertex -62.9468 -6.10777 -1.4
      vertex -62.9468 -6.10777 1.1
    endloop
  endfacet
  facet normal -0.0871466 -0.996195 0
    outer loop
      vertex -60.1078 -8.94683 -1.4
      vertex -59.5 -9 1.4
      vertex -60.1078 -8.94683 1.4
    endloop
  endfacet
  facet normal -0.0871466 -0.996195 -0
    outer loop
      vertex -59.5 -9 1.4
      vertex -60.1078 -8.94683 -1.4
      vertex -59.5 -9 -1.4
    endloop
  endfacet
  facet normal -0.707107 0.707107 0
    outer loop
      vertex -61.7498 8.18116 -1.4
      vertex -62.1812 7.74976 1.4
      vertex -61.7498 8.18116 1.4
    endloop
  endfacet
  facet normal -0.707107 0.707107 0
    outer loop
      vertex -62.1812 7.74976 1.4
      vertex -61.7498 8.18116 -1.4
      vertex -62.1812 7.74976 -1.4
    endloop
  endfacet
  facet normal -0.258831 0.965923 0
    outer loop
      vertex -60.1078 8.94683 -1.4
      vertex -60.6971 8.78892 1.4
      vertex -60.1078 8.94683 1.4
    endloop
  endfacet
  facet normal -0.258831 0.965923 0
    outer loop
      vertex -60.6971 8.78892 1.4
      vertex -60.1078 8.94683 -1.4
      vertex -60.6971 8.78892 -1.4
    endloop
  endfacet
  facet normal -0.965922 -0.258833 0
    outer loop
      vertex -62.9468 -6.10777 -1.4
      vertex -62.8149 -6.6 1.1
      vertex -62.9468 -6.10777 1.1
    endloop
  endfacet
  facet normal -0.965927 -0.258815 3.64079e-06
    outer loop
      vertex -62.7889 -6.69707 -1.4
      vertex -62.8149 -6.6 1.1
      vertex -62.9468 -6.10777 -1.4
    endloop
  endfacet
  facet normal -0.96595 -0.258728 -0
    outer loop
      vertex -62.7889 -6.69707 1.4
      vertex -62.8149 -6.6 1.1
      vertex -62.7889 -6.69707 -1.4
    endloop
  endfacet
  facet normal -0.96595 -0.258728 0
    outer loop
      vertex -62.8149 -6.6 1.1
      vertex -62.7889 -6.69707 1.4
      vertex -62.8149 -6.6 1.4
    endloop
  endfacet
  facet normal -0.90633 -0.42257 3.87303e-18
    outer loop
      vertex -62.5311 -7.25 -1.4
      vertex -62.7889 -6.69707 1.4
      vertex -62.7889 -6.69707 -1.4
    endloop
  endfacet
  facet normal -0.90633 -0.42257 3.87303e-18
    outer loop
      vertex -62.7889 -6.69707 1.4
      vertex -62.5311 -7.25 -1.4
      vertex -62.5311 -7.25 1.4
    endloop
  endfacet
  facet normal 0 0 -1
    outer loop
      vertex -63 -5.5 -1.4
      vertex -52 -9 -1.4
      vertex -59.5 -9 -1.4
    endloop
  endfacet
  facet normal 0 0 -1
    outer loop
      vertex -52 -9 -1.4
      vertex -63 -5.5 -1.4
      vertex -52 9 -1.4
    endloop
  endfacet
  facet normal 0 0 -1
    outer loop
      vertex -63 -5.5 -1.4
      vertex -59.5 -9 -1.4
      vertex -60.1078 -8.94683 -1.4
    endloop
  endfacet
  facet normal 0 0 -1
    outer loop
      vertex -63 5.5 -1.4
      vertex -52 9 -1.4
      vertex -63 -5.5 -1.4
    endloop
  endfacet
  facet normal 0 0 -1
    outer loop
      vertex -63 -5.5 -1.4
      vertex -60.1078 -8.94683 -1.4
      vertex -60.6971 -8.78892 -1.4
    endloop
  endfacet
  facet normal -0 0 -1
    outer loop
      vertex -52 9 -1.4
      vertex -63 5.5 -1.4
      vertex -59.5 9 -1.4
    endloop
  endfacet
  facet normal 0 0 -1
    outer loop
      vertex -63 -5.5 -1.4
      vertex -60.6971 -8.78892 -1.4
      vertex -61.25 -8.53109 -1.4
    endloop
  endfacet
  facet normal 0 0 -1
    outer loop
      vertex -59.5 9 -1.4
      vertex -63 5.5 -1.4
      vertex -60.1078 8.94683 -1.4
    endloop
  endfacet
  facet normal 0 0 -1
    outer loop
      vertex -63 -5.5 -1.4
      vertex -61.25 -8.53109 -1.4
      vertex -61.7498 -8.18116 -1.4
    endloop
  endfacet
  facet normal 0 0 -1
    outer loop
      vertex -60.1078 8.94683 -1.4
      vertex -63 5.5 -1.4
      vertex -60.6971 8.78892 -1.4
    endloop
  endfacet
  facet normal 0 0 -1
    outer loop
      vertex -63 -5.5 -1.4
      vertex -61.7498 -8.18116 -1.4
      vertex -62.1812 -7.74976 -1.4
    endloop
  endfacet
  facet normal 0 0 -1
    outer loop
      vertex -60.6971 8.78892 -1.4
      vertex -63 5.5 -1.4
      vertex -61.25 8.53109 -1.4
    endloop
  endfacet
  facet normal 0 0 -1
    outer loop
      vertex -63 -5.5 -1.4
      vertex -62.1812 -7.74976 -1.4
      vertex -62.5311 -7.25 -1.4
    endloop
  endfacet
  facet normal 0 0 -1
    outer loop
      vertex -61.25 8.53109 -1.4
      vertex -63 5.5 -1.4
      vertex -61.7498 8.18116 -1.4
    endloop
  endfacet
  facet normal 0 0 -1
    outer loop
      vertex -63 -5.5 -1.4
      vertex -62.5311 -7.25 -1.4
      vertex -62.7889 -6.69707 -1.4
    endloop
  endfacet
  facet normal 0 0 -1
    outer loop
      vertex -61.7498 8.18116 -1.4
      vertex -63 5.5 -1.4
      vertex -62.1812 7.74976 -1.4
    endloop
  endfacet
  facet normal 0 0 -1
    outer loop
      vertex -63 -5.5 -1.4
      vertex -62.7889 -6.69707 -1.4
      vertex -62.9468 -6.10777 -1.4
    endloop
  endfacet
  facet normal 0 0 -1
    outer loop
      vertex -62.1812 7.74976 -1.4
      vertex -63 5.5 -1.4
      vertex -62.5311 7.25 -1.4
    endloop
  endfacet
  facet normal 0 0 -1
    outer loop
      vertex -62.5311 7.25 -1.4
      vertex -63 5.5 -1.4
      vertex -62.7889 6.69707 -1.4
    endloop
  endfacet
  facet normal 0 0 -1
    outer loop
      vertex -62.7889 6.69707 -1.4
      vertex -63 5.5 -1.4
      vertex -62.9468 6.10777 -1.4
    endloop
  endfacet
  facet normal 0 0 -1
    outer loop
      vertex 25.5 4.33013 -1.4
      vertex 26 11 -1.4
      vertex 26.2139 3.83022 -1.4
    endloop
  endfacet
  facet normal 0 0 -1
    outer loop
      vertex 24.7101 4.69846 -1.4
      vertex 26 11 -1.4
      vertex 25.5 4.33013 -1.4
    endloop
  endfacet
  facet normal 0 0 -1
    outer loop
      vertex 23.8682 4.92404 -1.4
      vertex 26 11 -1.4
      vertex 24.7101 4.69846 -1.4
    endloop
  endfacet
  facet normal 0 0 -1
    outer loop
      vertex 23 5 -1.4
      vertex 26 11 -1.4
      vertex 23.8682 4.92404 -1.4
    endloop
  endfacet
  facet normal 0 0 -1
    outer loop
      vertex -1 8 -1.4
      vertex 23 5 -1.4
      vertex -1 5 -1.4
    endloop
  endfacet
  facet normal 0 0 -1
    outer loop
      vertex -1.03039 8.3473 -1.4
      vertex 23 5 -1.4
      vertex -1 8 -1.4
    endloop
  endfacet
  facet normal 0 0 -1
    outer loop
      vertex -1.12062 8.68404 -1.4
      vertex 23 5 -1.4
      vertex -1.03039 8.3473 -1.4
    endloop
  endfacet
  facet normal 0 0 -1
    outer loop
      vertex 23 5 -1.4
      vertex -1.12062 8.68404 -1.4
      vertex 26 11 -1.4
    endloop
  endfacet
  facet normal 0 0 -1
    outer loop
      vertex -1.26795 9 -1.4
      vertex 26 11 -1.4
      vertex -1.12062 8.68404 -1.4
    endloop
  endfacet
  facet normal 0 0 -1
    outer loop
      vertex -1.46791 9.28557 -1.4
      vertex 26 11 -1.4
      vertex -1.26795 9 -1.4
    endloop
  endfacet
  facet normal 0 0 -1
    outer loop
      vertex -1.71443 9.53209 -1.4
      vertex 26 11 -1.4
      vertex -1.46791 9.28557 -1.4
    endloop
  endfacet
  facet normal 0 0 -1
    outer loop
      vertex -2 9.73205 -1.4
      vertex 26 11 -1.4
      vertex -1.71443 9.53209 -1.4
    endloop
  endfacet
  facet normal 0 0 -1
    outer loop
      vertex -2.31596 9.87938 -1.4
      vertex 26 11 -1.4
      vertex -2 9.73205 -1.4
    endloop
  endfacet
  facet normal 0 0 -1
    outer loop
      vertex -2.6527 9.96961 -1.4
      vertex 26 11 -1.4
      vertex -2.31596 9.87938 -1.4
    endloop
  endfacet
  facet normal 0 0 -1
    outer loop
      vertex -3 10 -1.4
      vertex 26 11 -1.4
      vertex -2.6527 9.96961 -1.4
    endloop
  endfacet
  facet normal 0 0 -1
    outer loop
      vertex -3 10 -1.4
      vertex -26 11 -1.4
      vertex 26 11 -1.4
    endloop
  endfacet
  facet normal 0 0 -1
    outer loop
      vertex -31.4493 13.95 -1.4
      vertex -26 13 -1.4
      vertex -26 11 -1.4
    endloop
  endfacet
  facet normal 0 0 -1
    outer loop
      vertex -26 13 -1.4
      vertex -30.9623 15.288 -1.4
      vertex -30.9 16 -1.4
    endloop
  endfacet
  facet normal 0 0 -1
    outer loop
      vertex -26 13 -1.4
      vertex -31.1473 14.5977 -1.4
      vertex -30.9623 15.288 -1.4
    endloop
  endfacet
  facet normal 0 0 -1
    outer loop
      vertex -26 13 -1.4
      vertex -31.4493 13.95 -1.4
      vertex -31.1473 14.5977 -1.4
    endloop
  endfacet
  facet normal 0 0 -1
    outer loop
      vertex -26 11 -1.4
      vertex -31.8592 13.3646 -1.4
      vertex -31.4493 13.95 -1.4
    endloop
  endfacet
  facet normal 0 0 -1
    outer loop
      vertex -33 10 -1.4
      vertex -31.8592 13.3646 -1.4
      vertex -26 11 -1.4
    endloop
  endfacet
  facet normal 0 0 -1
    outer loop
      vertex -31.8592 13.3646 -1.4
      vertex -33 10 -1.4
      vertex -32.3646 12.8592 -1.4
    endloop
  endfacet
  facet normal 0 0 -1
    outer loop
      vertex -33 10 -1.4
      vertex -26 11 -1.4
      vertex -3 10 -1.4
    endloop
  endfacet
  facet normal 0 0 -1
    outer loop
      vertex -32.3646 12.8592 -1.4
      vertex -33 10 -1.4
      vertex -32.95 12.4493 -1.4
    endloop
  endfacet
  facet normal 0 0 -1
    outer loop
      vertex -33.5977 12.1473 -1.4
      vertex -33 10 -1.4
      vertex -33.3473 9.96961 -1.4
    endloop
  endfacet
  facet normal 0 0 -1
    outer loop
      vertex -33 10 -1.4
      vertex -33.5977 12.1473 -1.4
      vertex -32.95 12.4493 -1.4
    endloop
  endfacet
  facet normal 0 0 -1
    outer loop
      vertex -34.288 11.9623 -1.4
      vertex -33.3473 9.96961 -1.4
      vertex -33.684 9.87938 -1.4
    endloop
  endfacet
  facet normal 0 0 -1
    outer loop
      vertex -34.288 11.9623 -1.4
      vertex -33.684 9.87938 -1.4
      vertex -34 9.73205 -1.4
    endloop
  endfacet
  facet normal 0 0 -1
    outer loop
      vertex -35 11.9 -1.4
      vertex -34 9.73205 -1.4
      vertex -34.2856 9.53209 -1.4
    endloop
  endfacet
  facet normal 0 0 -1
    outer loop
      vertex -33.3473 9.96961 -1.4
      vertex -34.288 11.9623 -1.4
      vertex -33.5977 12.1473 -1.4
    endloop
  endfacet
  facet normal 0 0 -1
    outer loop
      vertex -35 11.9 -1.4
      vertex -34.2856 9.53209 -1.4
      vertex -34.5321 9.28557 -1.4
    endloop
  endfacet
  facet normal 0 0 -1
    outer loop
      vertex -35.712 11.9623 -1.4
      vertex -34.5321 9.28557 -1.4
      vertex -34.732 9 -1.4
    endloop
  endfacet
  facet normal 0 0 -1
    outer loop
      vertex -36.4023 12.1473 -1.4
      vertex -34.732 9 -1.4
      vertex -34.8794 8.68404 -1.4
    endloop
  endfacet
  facet normal 0 0 -1
    outer loop
      vertex -36.4023 12.1473 -1.4
      vertex -34.8794 8.68404 -1.4
      vertex -34.9696 8.3473 -1.4
    endloop
  endfacet
  facet normal 0 0 -1
    outer loop
      vertex -34 9.73205 -1.4
      vertex -35 11.9 -1.4
      vertex -34.288 11.9623 -1.4
    endloop
  endfacet
  facet normal 0 0 -1
    outer loop
      vertex -37.05 12.4493 -1.4
      vertex -34.9696 8.3473 -1.4
      vertex -35 8 -1.4
    endloop
  endfacet
  facet normal 0 0 -1
    outer loop
      vertex 32.95 -12.4493 -1.4
      vertex 26 -11 -1.4
      vertex 26.2139 -3.83022 -1.4
    endloop
  endfacet
  facet normal 0 0 -1
    outer loop
      vertex 26 -11 -1.4
      vertex 25.5 -4.33013 -1.4
      vertex 26.2139 -3.83022 -1.4
    endloop
  endfacet
  facet normal 0 0 -1
    outer loop
      vertex 26 -11 -1.4
      vertex 24.7101 -4.69846 -1.4
      vertex 25.5 -4.33013 -1.4
    endloop
  endfacet
  facet normal 0 0 -1
    outer loop
      vertex 26 -11 -1.4
      vertex 23.8682 -4.92404 -1.4
      vertex 24.7101 -4.69846 -1.4
    endloop
  endfacet
  facet normal 0 0 -1
    outer loop
      vertex 26 -11 -1.4
      vertex 23 -5 -1.4
      vertex 23.8682 -4.92404 -1.4
    endloop
  endfacet
  facet normal 0 0 -1
    outer loop
      vertex -1.12062 -8.68404 -1.4
      vertex 23 -5 -1.4
      vertex 26 -11 -1.4
    endloop
  endfacet
  facet normal 0 0 -1
    outer loop
      vertex 23 -5 -1.4
      vertex -1.03039 -8.3473 -1.4
      vertex -1 -8 -1.4
    endloop
  endfacet
  facet normal 0 0 -1
    outer loop
      vertex 23 -5 -1.4
      vertex -1.12062 -8.68404 -1.4
      vertex -1.03039 -8.3473 -1.4
    endloop
  endfacet
  facet normal 0 0 -1
    outer loop
      vertex 26 -11 -1.4
      vertex -1.26795 -9 -1.4
      vertex -1.12062 -8.68404 -1.4
    endloop
  endfacet
  facet normal 0 0 -1
    outer loop
      vertex 26 -11 -1.4
      vertex -1.46791 -9.28557 -1.4
      vertex -1.26795 -9 -1.4
    endloop
  endfacet
  facet normal 0 0 -1
    outer loop
      vertex 26 -11 -1.4
      vertex -1.71443 -9.53209 -1.4
      vertex -1.46791 -9.28557 -1.4
    endloop
  endfacet
  facet normal 0 0 -1
    outer loop
      vertex 26 -11 -1.4
      vertex -2 -9.73205 -1.4
      vertex -1.71443 -9.53209 -1.4
    endloop
  endfacet
  facet normal 0 0 -1
    outer loop
      vertex 26 -11 -1.4
      vertex -2.31596 -9.87938 -1.4
      vertex -2 -9.73205 -1.4
    endloop
  endfacet
  facet normal 0 0 -1
    outer loop
      vertex 26 -11 -1.4
      vertex -2.6527 -9.96961 -1.4
      vertex -2.31596 -9.87938 -1.4
    endloop
  endfacet
  facet normal 0 0 -1
    outer loop
      vertex 26 -11 -1.4
      vertex -3 -10 -1.4
      vertex -2.6527 -9.96961 -1.4
    endloop
  endfacet
  facet normal 0 0 -1
    outer loop
      vertex -26 -11 -1.4
      vertex -3 -10 -1.4
      vertex 26 -11 -1.4
    endloop
  endfacet
  facet normal 0 0 -1
    outer loop
      vertex -31.1473 -14.5977 -1.4
      vertex -26 -13 -1.4
      vertex -30.9623 -15.288 -1.4
    endloop
  endfacet
  facet normal 0 0 -1
    outer loop
      vertex -31.4493 -13.95 -1.4
      vertex -26 -13 -1.4
      vertex -31.1473 -14.5977 -1.4
    endloop
  endfacet
  facet normal -0 0 -1
    outer loop
      vertex -26 -13 -1.4
      vertex -31.4493 -13.95 -1.4
      vertex -26 -11 -1.4
    endloop
  endfacet
  facet normal 0 0 -1
    outer loop
      vertex -31.8592 -13.3646 -1.4
      vertex -26 -11 -1.4
      vertex -31.4493 -13.95 -1.4
    endloop
  endfacet
  facet normal 0 0 -1
    outer loop
      vertex -33 -10 -1.4
      vertex -31.8592 -13.3646 -1.4
      vertex -32.3646 -12.8592 -1.4
    endloop
  endfacet
  facet normal 0 0 -1
    outer loop
      vertex -33 -10 -1.4
      vertex -32.3646 -12.8592 -1.4
      vertex -32.95 -12.4493 -1.4
    endloop
  endfacet
  facet normal 0 0 -1
    outer loop
      vertex -26 -11 -1.4
      vertex -33 -10 -1.4
      vertex -3 -10 -1.4
    endloop
  endfacet
  facet normal 0 0 -1
    outer loop
      vertex -31.8592 -13.3646 -1.4
      vertex -33 -10 -1.4
      vertex -26 -11 -1.4
    endloop
  endfacet
  facet normal 0 0 -1
    outer loop
      vertex -33.5977 -12.1473 -1.4
      vertex -33 -10 -1.4
      vertex -32.95 -12.4493 -1.4
    endloop
  endfacet
  facet normal -0 0 -1
    outer loop
      vertex -33 -10 -1.4
      vertex -33.5977 -12.1473 -1.4
      vertex -33.3473 -9.96961 -1.4
    endloop
  endfacet
  facet normal 0 0 -1
    outer loop
      vertex -34.288 -11.9623 -1.4
      vertex -33.3473 -9.96961 -1.4
      vertex -33.5977 -12.1473 -1.4
    endloop
  endfacet
  facet normal -0 0 -1
    outer loop
      vertex -33.3473 -9.96961 -1.4
      vertex -34.288 -11.9623 -1.4
      vertex -33.684 -9.87938 -1.4
    endloop
  endfacet
  facet normal -0 0 -1
    outer loop
      vertex -33.684 -9.87938 -1.4
      vertex -34.288 -11.9623 -1.4
      vertex -34 -9.73205 -1.4
    endloop
  endfacet
  facet normal 0 0 -1
    outer loop
      vertex -35 -11.9 -1.4
      vertex -34 -9.73205 -1.4
      vertex -34.288 -11.9623 -1.4
    endloop
  endfacet
  facet normal -0 0 -1
    outer loop
      vertex -34 -9.73205 -1.4
      vertex -35 -11.9 -1.4
      vertex -34.2856 -9.53209 -1.4
    endloop
  endfacet
  facet normal -0 0 -1
    outer loop
      vertex -34.2856 -9.53209 -1.4
      vertex -35 -11.9 -1.4
      vertex -34.5321 -9.28557 -1.4
    endloop
  endfacet
  facet normal 0 0 -1
    outer loop
      vertex -35.712 -11.9623 -1.4
      vertex -34.5321 -9.28557 -1.4
      vertex -35 -11.9 -1.4
    endloop
  endfacet
  facet normal -0 0 -1
    outer loop
      vertex -34.5321 -9.28557 -1.4
      vertex -35.712 -11.9623 -1.4
      vertex -34.732 -9 -1.4
    endloop
  endfacet
  facet normal 0 0 -1
    outer loop
      vertex -36.4023 -12.1473 -1.4
      vertex -34.732 -9 -1.4
      vertex -35.712 -11.9623 -1.4
    endloop
  endfacet
  facet normal -0 0 -1
    outer loop
      vertex -34.732 -9 -1.4
      vertex -36.4023 -12.1473 -1.4
      vertex -34.8794 -8.68404 -1.4
    endloop
  endfacet
  facet normal -0 0 -1
    outer loop
      vertex -34.8794 -8.68404 -1.4
      vertex -36.4023 -12.1473 -1.4
      vertex -34.9696 -8.3473 -1.4
    endloop
  endfacet
  facet normal 0 0 -1
    outer loop
      vertex -37.05 -12.4493 -1.4
      vertex -34.9696 -8.3473 -1.4
      vertex -36.4023 -12.1473 -1.4
    endloop
  endfacet
  facet normal -0 0 -1
    outer loop
      vertex -34.9696 -8.3473 -1.4
      vertex -37.05 -12.4493 -1.4
      vertex -35 -8 -1.4
    endloop
  endfacet
  facet normal 0 0 -1
    outer loop
      vertex -34.5321 9.28557 -1.4
      vertex -35.712 11.9623 -1.4
      vertex -35 11.9 -1.4
    endloop
  endfacet
  facet normal 0 0 -1
    outer loop
      vertex -37.6354 -12.8592 -1.4
      vertex -35 -8 -1.4
      vertex -37.05 -12.4493 -1.4
    endloop
  endfacet
  facet normal 0 0 -1
    outer loop
      vertex -34.732 9 -1.4
      vertex -36.4023 12.1473 -1.4
      vertex -35.712 11.9623 -1.4
    endloop
  endfacet
  facet normal -0 0 -1
    outer loop
      vertex -35 -8 -1.4
      vertex -52 -9 -1.4
      vertex -35 8 -1.4
    endloop
  endfacet
  facet normal 0 0 -1
    outer loop
      vertex -52 9 -1.4
      vertex -35 8 -1.4
      vertex -52 -9 -1.4
    endloop
  endfacet
  facet normal 0 0 -1
    outer loop
      vertex -35 -8 -1.4
      vertex -37.6354 -12.8592 -1.4
      vertex -52 -9 -1.4
    endloop
  endfacet
  facet normal 0 -0 -1
    outer loop
      vertex -37.6354 12.8592 -1.4
      vertex -35 8 -1.4
      vertex -52 9 -1.4
    endloop
  endfacet
  facet normal 0 0 -1
    outer loop
      vertex -52 -9 -1.4
      vertex -37.6354 -12.8592 -1.4
      vertex -38.1408 -13.3646 -1.4
    endloop
  endfacet
  facet normal 0 0 -1
    outer loop
      vertex -34.9696 8.3473 -1.4
      vertex -37.05 12.4493 -1.4
      vertex -36.4023 12.1473 -1.4
    endloop
  endfacet
  facet normal 0 0 -1
    outer loop
      vertex -52 -9 -1.4
      vertex -38.1408 -13.3646 -1.4
      vertex -38.5507 -13.95 -1.4
    endloop
  endfacet
  facet normal 0 0 -1
    outer loop
      vertex -35 8 -1.4
      vertex -37.6354 12.8592 -1.4
      vertex -37.05 12.4493 -1.4
    endloop
  endfacet
  facet normal 0 0 -1
    outer loop
      vertex -52 -9 -1.4
      vertex -38.5507 -13.95 -1.4
      vertex -38.8527 -14.5977 -1.4
    endloop
  endfacet
  facet normal -0 0 -1
    outer loop
      vertex -37.6354 12.8592 -1.4
      vertex -52 9 -1.4
      vertex -38.1408 13.3646 -1.4
    endloop
  endfacet
  facet normal 0 0 -1
    outer loop
      vertex -52 -9 -1.4
      vertex -38.8527 -14.5977 -1.4
      vertex -39.0377 -15.288 -1.4
    endloop
  endfacet
  facet normal -0 0 -1
    outer loop
      vertex -38.1408 13.3646 -1.4
      vertex -52 9 -1.4
      vertex -38.5507 13.95 -1.4
    endloop
  endfacet
  facet normal 0 0 -1
    outer loop
      vertex -52 -9 -1.4
      vertex -39.0377 -15.288 -1.4
      vertex -39.1 -16 -1.4
    endloop
  endfacet
  facet normal -0 0 -1
    outer loop
      vertex -38.5507 13.95 -1.4
      vertex -52 9 -1.4
      vertex -38.8527 14.5977 -1.4
    endloop
  endfacet
  facet normal -0 0 -1
    outer loop
      vertex 23 -5 -1.4
      vertex -1 -8 -1.4
      vertex -1 -5 -1.4
    endloop
  endfacet
  facet normal 0 0 -1
    outer loop
      vertex 44 11 -1.4
      vertex 39.0377 15.288 -1.4
      vertex 39.1 16 -1.4
    endloop
  endfacet
  facet normal 0 0 -1
    outer loop
      vertex 44 11 -1.4
      vertex 38.8527 14.5977 -1.4
      vertex 39.0377 15.288 -1.4
    endloop
  endfacet
  facet normal 0 0 -1
    outer loop
      vertex 44 11 -1.4
      vertex 38.5507 13.95 -1.4
      vertex 38.8527 14.5977 -1.4
    endloop
  endfacet
  facet normal 0 0 -1
    outer loop
      vertex 44 11 -1.4
      vertex 38.1408 13.3646 -1.4
      vertex 38.5507 13.95 -1.4
    endloop
  endfacet
  facet normal 0 0 -1
    outer loop
      vertex 44 11 -1.4
      vertex 37.6354 12.8592 -1.4
      vertex 38.1408 13.3646 -1.4
    endloop
  endfacet
  facet normal 0 0 -1
    outer loop
      vertex 36 11 -1.4
      vertex 37.6354 12.8592 -1.4
      vertex 44 11 -1.4
    endloop
  endfacet
  facet normal 0 0 -1
    outer loop
      vertex 37.6354 12.8592 -1.4
      vertex 36 11 -1.4
      vertex 37.05 12.4493 -1.4
    endloop
  endfacet
  facet normal 0 0 -1
    outer loop
      vertex 37.05 12.4493 -1.4
      vertex 36 11 -1.4
      vertex 36.4023 12.1473 -1.4
    endloop
  endfacet
  facet normal 0 0 -1
    outer loop
      vertex 36 11 -1.4
      vertex 35.712 11.9623 -1.4
      vertex 36.4023 12.1473 -1.4
    endloop
  endfacet
  facet normal 0 0 -1
    outer loop
      vertex 36 -11 -1.4
      vertex 28 0 -1.4
      vertex 36 11 -1.4
    endloop
  endfacet
  facet normal 0 0 -1
    outer loop
      vertex 27.924 -0.86824 -1.4
      vertex 35.712 -11.9623 -1.4
      vertex 35 -11.9 -1.4
    endloop
  endfacet
  facet normal 0 0 -1
    outer loop
      vertex 27.924 0.86824 -1.4
      vertex 36 11 -1.4
      vertex 28 0 -1.4
    endloop
  endfacet
  facet normal 0 0 -1
    outer loop
      vertex 27.6985 -1.7101 -1.4
      vertex 35 -11.9 -1.4
      vertex 34.288 -11.9623 -1.4
    endloop
  endfacet
  facet normal 0 0 -1
    outer loop
      vertex 27.6985 1.7101 -1.4
      vertex 36 11 -1.4
      vertex 27.924 0.86824 -1.4
    endloop
  endfacet
  facet normal 0 0 -1
    outer loop
      vertex 27.3301 -2.5 -1.4
      vertex 34.288 -11.9623 -1.4
      vertex 33.5977 -12.1473 -1.4
    endloop
  endfacet
  facet normal 0 0 -1
    outer loop
      vertex 36 11 -1.4
      vertex 35 11.9 -1.4
      vertex 35.712 11.9623 -1.4
    endloop
  endfacet
  facet normal 0 0 -1
    outer loop
      vertex 26.8302 -3.21394 -1.4
      vertex 33.5977 -12.1473 -1.4
      vertex 32.95 -12.4493 -1.4
    endloop
  endfacet
  facet normal 0 0 -1
    outer loop
      vertex 27.3301 2.5 -1.4
      vertex 36 11 -1.4
      vertex 27.6985 1.7101 -1.4
    endloop
  endfacet
  facet normal 0 0 -1
    outer loop
      vertex 26 -11 -1.4
      vertex 32.95 -12.4493 -1.4
      vertex 32.3646 -12.8592 -1.4
    endloop
  endfacet
  facet normal 0 0 -1
    outer loop
      vertex 36 11 -1.4
      vertex 34.288 11.9623 -1.4
      vertex 35 11.9 -1.4
    endloop
  endfacet
  facet normal 0 0 -1
    outer loop
      vertex 31.4493 -13.95 -1.4
      vertex 26 -11 -1.4
      vertex 31.8592 -13.3646 -1.4
    endloop
  endfacet
  facet normal 0 -0 -1
    outer loop
      vertex 33.5977 12.1473 -1.4
      vertex 36 11 -1.4
      vertex 27.3301 2.5 -1.4
    endloop
  endfacet
  facet normal 0 0 -1
    outer loop
      vertex 26 -11 -1.4
      vertex 31.4493 -13.95 -1.4
      vertex 26 -13 -1.4
    endloop
  endfacet
  facet normal 0 0 -1
    outer loop
      vertex 36 11 -1.4
      vertex 33.5977 12.1473 -1.4
      vertex 34.288 11.9623 -1.4
    endloop
  endfacet
  facet normal 0 0 -1
    outer loop
      vertex 26 -13 -1.4
      vertex 31.4493 -13.95 -1.4
      vertex 31.1473 -14.5977 -1.4
    endloop
  endfacet
  facet normal 0 0 -1
    outer loop
      vertex 26.8302 3.21394 -1.4
      vertex 33.5977 12.1473 -1.4
      vertex 27.3301 2.5 -1.4
    endloop
  endfacet
  facet normal 0 0 -1
    outer loop
      vertex 26 -13 -1.4
      vertex 31.1473 -14.5977 -1.4
      vertex 30.9623 -15.288 -1.4
    endloop
  endfacet
  facet normal -0 0 -1
    outer loop
      vertex 33.5977 12.1473 -1.4
      vertex 26.8302 3.21394 -1.4
      vertex 32.95 12.4493 -1.4
    endloop
  endfacet
  facet normal 0 0 -1
    outer loop
      vertex 26 -13 -1.4
      vertex 30.9623 -15.288 -1.4
      vertex 30.9 -16 -1.4
    endloop
  endfacet
  facet normal 0 0 -1
    outer loop
      vertex 26.2139 3.83022 -1.4
      vertex 32.95 12.4493 -1.4
      vertex 26.8302 3.21394 -1.4
    endloop
  endfacet
  facet normal 0 0 -1
    outer loop
      vertex 48.5 -26 -1.4
      vertex 52 -22.5 -1.4
      vertex 51.9468 -23.1078 -1.4
    endloop
  endfacet
  facet normal 0 0 -1
    outer loop
      vertex 52 -22.5 -1.4
      vertex 44 -11 -1.4
      vertex 52 22.5 -1.4
    endloop
  endfacet
  facet normal 0 0 -1
    outer loop
      vertex 48.5 -26 -1.4
      vertex 51.9468 -23.1078 -1.4
      vertex 51.7889 -23.6971 -1.4
    endloop
  endfacet
  facet normal 0 0 -1
    outer loop
      vertex 44 11 -1.4
      vertex 52 22.5 -1.4
      vertex 44 -11 -1.4
    endloop
  endfacet
  facet normal 0 0 -1
    outer loop
      vertex 48.5 -26 -1.4
      vertex 51.7889 -23.6971 -1.4
      vertex 51.5311 -24.25 -1.4
    endloop
  endfacet
  facet normal 0 0 -1
    outer loop
      vertex 39.0377 16.712 -1.4
      vertex 52 22.5 -1.4
      vertex 44 11 -1.4
    endloop
  endfacet
  facet normal 0 0 -1
    outer loop
      vertex 48.5 -26 -1.4
      vertex 51.5311 -24.25 -1.4
      vertex 51.1812 -24.7498 -1.4
    endloop
  endfacet
  facet normal 0 0 -1
    outer loop
      vertex 38.8527 17.4023 -1.4
      vertex 52 22.5 -1.4
      vertex 39.0377 16.712 -1.4
    endloop
  endfacet
  facet normal 0 0 -1
    outer loop
      vertex 48.5 -26 -1.4
      vertex 51.1812 -24.7498 -1.4
      vertex 50.7498 -25.1812 -1.4
    endloop
  endfacet
  facet normal 0 -0 -1
    outer loop
      vertex 48.5 26 -1.4
      vertex 52 22.5 -1.4
      vertex 38.8527 17.4023 -1.4
    endloop
  endfacet
  facet normal 0 0 -1
    outer loop
      vertex 48.5 -26 -1.4
      vertex 50.7498 -25.1812 -1.4
      vertex 50.25 -25.5311 -1.4
    endloop
  endfacet
  facet normal 0 0 -1
    outer loop
      vertex 51.9468 23.1078 -1.4
      vertex 48.5 26 -1.4
      vertex 51.7889 23.6971 -1.4
    endloop
  endfacet
  facet normal 0 0 -1
    outer loop
      vertex 48.5 -26 -1.4
      vertex 50.25 -25.5311 -1.4
      vertex 49.6971 -25.7889 -1.4
    endloop
  endfacet
  facet normal 0 0 -1
    outer loop
      vertex 51.7889 23.6971 -1.4
      vertex 48.5 26 -1.4
      vertex 51.5311 24.25 -1.4
    endloop
  endfacet
  facet normal 0 0 -1
    outer loop
      vertex 48.5 -26 -1.4
      vertex 49.6971 -25.7889 -1.4
      vertex 49.1078 -25.9468 -1.4
    endloop
  endfacet
  facet normal 0 0 -1
    outer loop
      vertex 51.1812 24.7498 -1.4
      vertex 48.5 26 -1.4
      vertex 50.7498 25.1812 -1.4
    endloop
  endfacet
  facet normal -0 0 -1
    outer loop
      vertex 52 -22.5 -1.4
      vertex 48.5 -26 -1.4
      vertex 38.8527 -17.4023 -1.4
    endloop
  endfacet
  facet normal 0 0 -1
    outer loop
      vertex 50.7498 25.1812 -1.4
      vertex 48.5 26 -1.4
      vertex 50.25 25.5311 -1.4
    endloop
  endfacet
  facet normal 0 0 -1
    outer loop
      vertex 50.25 25.5311 -1.4
      vertex 48.5 26 -1.4
      vertex 49.6971 25.7889 -1.4
    endloop
  endfacet
  facet normal 0 0 -1
    outer loop
      vertex 52 -22.5 -1.4
      vertex 39.0377 -16.712 -1.4
      vertex 44 -11 -1.4
    endloop
  endfacet
  facet normal 0 0 -1
    outer loop
      vertex 44 -11 -1.4
      vertex 39.0377 -16.712 -1.4
      vertex 39.1 -16 -1.4
    endloop
  endfacet
  facet normal 0 0 -1
    outer loop
      vertex 52 -22.5 -1.4
      vertex 38.8527 -17.4023 -1.4
      vertex 39.0377 -16.712 -1.4
    endloop
  endfacet
  facet normal 0 0 -1
    outer loop
      vertex 48.5 -26 -1.4
      vertex 38.5507 -18.05 -1.4
      vertex 38.8527 -17.4023 -1.4
    endloop
  endfacet
  facet normal 0 0 -1
    outer loop
      vertex 48.5 -26 -1.4
      vertex 38.1408 -18.6354 -1.4
      vertex 38.5507 -18.05 -1.4
    endloop
  endfacet
  facet normal 0 0 -1
    outer loop
      vertex 48.5 -26 -1.4
      vertex 37.6354 -19.1408 -1.4
      vertex 38.1408 -18.6354 -1.4
    endloop
  endfacet
  facet normal 0 0 -1
    outer loop
      vertex 48.5 -26 -1.4
      vertex 37.05 -19.5507 -1.4
      vertex 37.6354 -19.1408 -1.4
    endloop
  endfacet
  facet normal 0 0 -1
    outer loop
      vertex 48.5 -26 -1.4
      vertex 36.4023 -19.8527 -1.4
      vertex 37.05 -19.5507 -1.4
    endloop
  endfacet
  facet normal 0 0 -1
    outer loop
      vertex 48.5 -26 -1.4
      vertex 35.712 -20.0377 -1.4
      vertex 36.4023 -19.8527 -1.4
    endloop
  endfacet
  facet normal 0 0 -1
    outer loop
      vertex 48.5 -26 -1.4
      vertex 35 -20.1 -1.4
      vertex 35.712 -20.0377 -1.4
    endloop
  endfacet
  facet normal 0 0 -1
    outer loop
      vertex 48.5 -26 -1.4
      vertex 34.288 -20.0377 -1.4
      vertex 35 -20.1 -1.4
    endloop
  endfacet
  facet normal 0 0 -1
    outer loop
      vertex 48.5 -26 -1.4
      vertex 33.5977 -19.8527 -1.4
      vertex 34.288 -20.0377 -1.4
    endloop
  endfacet
  facet normal 0 0 -1
    outer loop
      vertex 26 11 -1.4
      vertex 32.95 12.4493 -1.4
      vertex 26.2139 3.83022 -1.4
    endloop
  endfacet
  facet normal 0 0 -1
    outer loop
      vertex 26 -13 -1.4
      vertex 30.9 -16 -1.4
      vertex 30.9623 -16.712 -1.4
    endloop
  endfacet
  facet normal 0 0 -1
    outer loop
      vertex 35.712 -11.9623 -1.4
      vertex 27.924 -0.86824 -1.4
      vertex 28 0 -1.4
    endloop
  endfacet
  facet normal 0 0 -1
    outer loop
      vertex 35 -11.9 -1.4
      vertex 27.6985 -1.7101 -1.4
      vertex 27.924 -0.86824 -1.4
    endloop
  endfacet
  facet normal 0 0 -1
    outer loop
      vertex 34.288 -11.9623 -1.4
      vertex 27.3301 -2.5 -1.4
      vertex 27.6985 -1.7101 -1.4
    endloop
  endfacet
  facet normal 0 0 -1
    outer loop
      vertex 33.5977 -12.1473 -1.4
      vertex 26.8302 -3.21394 -1.4
      vertex 27.3301 -2.5 -1.4
    endloop
  endfacet
  facet normal 0 0 -1
    outer loop
      vertex 26 -13 -1.4
      vertex 30.9623 -16.712 -1.4
      vertex 31.1473 -17.4023 -1.4
    endloop
  endfacet
  facet normal 0 0 -1
    outer loop
      vertex 31.8592 -13.3646 -1.4
      vertex 26 -11 -1.4
      vertex 32.3646 -12.8592 -1.4
    endloop
  endfacet
  facet normal 0 0 -1
    outer loop
      vertex 32.95 -12.4493 -1.4
      vertex 26.2139 -3.83022 -1.4
      vertex 26.8302 -3.21394 -1.4
    endloop
  endfacet
  facet normal 0 0 -1
    outer loop
      vertex 31.4493 -18.05 -1.4
      vertex 26 -13 -1.4
      vertex 31.1473 -17.4023 -1.4
    endloop
  endfacet
  facet normal 0 0 -1
    outer loop
      vertex 31.8592 -18.6354 -1.4
      vertex 26 -13 -1.4
      vertex 31.4493 -18.05 -1.4
    endloop
  endfacet
  facet normal 0 0 -1
    outer loop
      vertex -31.8592 -18.6354 -1.4
      vertex 31.8592 -18.6354 -1.4
      vertex 32.3646 -19.1408 -1.4
    endloop
  endfacet
  facet normal 0 0 -1
    outer loop
      vertex 31.8592 -18.6354 -1.4
      vertex -26 -13 -1.4
      vertex 26 -13 -1.4
    endloop
  endfacet
  facet normal 0 0 -1
    outer loop
      vertex -32.3646 -19.1408 -1.4
      vertex 32.3646 -19.1408 -1.4
      vertex 32.95 -19.5507 -1.4
    endloop
  endfacet
  facet normal 0 0 -1
    outer loop
      vertex -32.95 -19.5507 -1.4
      vertex 32.95 -19.5507 -1.4
      vertex 33.5977 -19.8527 -1.4
    endloop
  endfacet
  facet normal 0 0 -1
    outer loop
      vertex -33.5977 -19.8527 -1.4
      vertex 33.5977 -19.8527 -1.4
      vertex 48.5 -26 -1.4
    endloop
  endfacet
  facet normal 0 0 -1
    outer loop
      vertex -30.9623 -15.288 -1.4
      vertex -26 -13 -1.4
      vertex -30.9 -16 -1.4
    endloop
  endfacet
  facet normal 0 0 -1
    outer loop
      vertex 31.8592 -18.6354 -1.4
      vertex -31.8592 -18.6354 -1.4
      vertex -26 -13 -1.4
    endloop
  endfacet
  facet normal 0 0 -1
    outer loop
      vertex -26 -13 -1.4
      vertex -30.9623 -16.712 -1.4
      vertex -30.9 -16 -1.4
    endloop
  endfacet
  facet normal 0 0 -1
    outer loop
      vertex -26 -13 -1.4
      vertex -31.1473 -17.4023 -1.4
      vertex -30.9623 -16.712 -1.4
    endloop
  endfacet
  facet normal 0 0 -1
    outer loop
      vertex -26 -13 -1.4
      vertex -31.4493 -18.05 -1.4
      vertex -31.1473 -17.4023 -1.4
    endloop
  endfacet
  facet normal 0 0 -1
    outer loop
      vertex -26 -13 -1.4
      vertex -31.8592 -18.6354 -1.4
      vertex -31.4493 -18.05 -1.4
    endloop
  endfacet
  facet normal 0 0 -1
    outer loop
      vertex 32.3646 -19.1408 -1.4
      vertex -32.3646 -19.1408 -1.4
      vertex -31.8592 -18.6354 -1.4
    endloop
  endfacet
  facet normal 0 0 -1
    outer loop
      vertex 32.95 -19.5507 -1.4
      vertex -32.95 -19.5507 -1.4
      vertex -32.3646 -19.1408 -1.4
    endloop
  endfacet
  facet normal 0 0 -1
    outer loop
      vertex 33.5977 -19.8527 -1.4
      vertex -33.5977 -19.8527 -1.4
      vertex -32.95 -19.5507 -1.4
    endloop
  endfacet
  facet normal 0 0 -1
    outer loop
      vertex -48.5 -26 -1.4
      vertex -33.5977 -19.8527 -1.4
      vertex 48.5 -26 -1.4
    endloop
  endfacet
  facet normal 0 0 -1
    outer loop
      vertex -33.5977 -19.8527 -1.4
      vertex -48.5 -26 -1.4
      vertex -34.288 -20.0377 -1.4
    endloop
  endfacet
  facet normal -0 0 -1
    outer loop
      vertex -39.0377 -16.712 -1.4
      vertex -52 -22.5 -1.4
      vertex -39.1 -16 -1.4
    endloop
  endfacet
  facet normal -0 0 -1
    outer loop
      vertex -38.8527 -17.4023 -1.4
      vertex -52 -22.5 -1.4
      vertex -39.0377 -16.712 -1.4
    endloop
  endfacet
  facet normal 0 0 -1
    outer loop
      vertex -52 -22.5 -1.4
      vertex -38.8527 -17.4023 -1.4
      vertex -48.5 -26 -1.4
    endloop
  endfacet
  facet normal -0 0 -1
    outer loop
      vertex -38.5507 -18.05 -1.4
      vertex -48.5 -26 -1.4
      vertex -38.8527 -17.4023 -1.4
    endloop
  endfacet
  facet normal -0 0 -1
    outer loop
      vertex -38.1408 -18.6354 -1.4
      vertex -48.5 -26 -1.4
      vertex -38.5507 -18.05 -1.4
    endloop
  endfacet
  facet normal -0 0 -1
    outer loop
      vertex -37.6354 -19.1408 -1.4
      vertex -48.5 -26 -1.4
      vertex -38.1408 -18.6354 -1.4
    endloop
  endfacet
  facet normal -0 0 -1
    outer loop
      vertex -37.05 -19.5507 -1.4
      vertex -48.5 -26 -1.4
      vertex -37.6354 -19.1408 -1.4
    endloop
  endfacet
  facet normal -0 0 -1
    outer loop
      vertex -36.4023 -19.8527 -1.4
      vertex -48.5 -26 -1.4
      vertex -37.05 -19.5507 -1.4
    endloop
  endfacet
  facet normal -0 0 -1
    outer loop
      vertex -35.712 -20.0377 -1.4
      vertex -48.5 -26 -1.4
      vertex -36.4023 -19.8527 -1.4
    endloop
  endfacet
  facet normal -0 0 -1
    outer loop
      vertex -35 -20.1 -1.4
      vertex -48.5 -26 -1.4
      vertex -35.712 -20.0377 -1.4
    endloop
  endfacet
  facet normal 0 0 -1
    outer loop
      vertex -34.288 -20.0377 -1.4
      vertex -48.5 -26 -1.4
      vertex -35 -20.1 -1.4
    endloop
  endfacet
  facet normal 0 0 -1
    outer loop
      vertex 49.6971 25.7889 -1.4
      vertex 48.5 26 -1.4
      vertex 49.1078 25.9468 -1.4
    endloop
  endfacet
  facet normal 0 0 -1
    outer loop
      vertex 39.0377 16.712 -1.4
      vertex 44 11 -1.4
      vertex 39.1 16 -1.4
    endloop
  endfacet
  facet normal 0 0 -1
    outer loop
      vertex 51.5311 24.25 -1.4
      vertex 48.5 26 -1.4
      vertex 51.1812 24.7498 -1.4
    endloop
  endfacet
  facet normal 0 0 -1
    outer loop
      vertex 52 22.5 -1.4
      vertex 48.5 26 -1.4
      vertex 51.9468 23.1078 -1.4
    endloop
  endfacet
  facet normal 0 0 -1
    outer loop
      vertex 38.5507 18.05 -1.4
      vertex 48.5 26 -1.4
      vertex 38.8527 17.4023 -1.4
    endloop
  endfacet
  facet normal 0 0 -1
    outer loop
      vertex 38.1408 18.6354 -1.4
      vertex 48.5 26 -1.4
      vertex 38.5507 18.05 -1.4
    endloop
  endfacet
  facet normal 0 0 -1
    outer loop
      vertex 37.6354 19.1408 -1.4
      vertex 48.5 26 -1.4
      vertex 38.1408 18.6354 -1.4
    endloop
  endfacet
  facet normal 0 0 -1
    outer loop
      vertex 37.05 19.5507 -1.4
      vertex 48.5 26 -1.4
      vertex 37.6354 19.1408 -1.4
    endloop
  endfacet
  facet normal 0 0 -1
    outer loop
      vertex 36.4023 19.8527 -1.4
      vertex 48.5 26 -1.4
      vertex 37.05 19.5507 -1.4
    endloop
  endfacet
  facet normal 0 0 -1
    outer loop
      vertex 35.712 20.0377 -1.4
      vertex 48.5 26 -1.4
      vertex 36.4023 19.8527 -1.4
    endloop
  endfacet
  facet normal 0 0 -1
    outer loop
      vertex 35 20.1 -1.4
      vertex 48.5 26 -1.4
      vertex 35.712 20.0377 -1.4
    endloop
  endfacet
  facet normal 0 0 -1
    outer loop
      vertex 34.288 20.0377 -1.4
      vertex 48.5 26 -1.4
      vertex 35 20.1 -1.4
    endloop
  endfacet
  facet normal 0 0 -1
    outer loop
      vertex 33.5977 19.8527 -1.4
      vertex 48.5 26 -1.4
      vertex 34.288 20.0377 -1.4
    endloop
  endfacet
  facet normal -0 0 -1
    outer loop
      vertex 32.3646 12.8592 -1.4
      vertex 26 11 -1.4
      vertex 31.8592 13.3646 -1.4
    endloop
  endfacet
  facet normal -0 0 -1
    outer loop
      vertex 31.8592 13.3646 -1.4
      vertex 26 11 -1.4
      vertex 31.4493 13.95 -1.4
    endloop
  endfacet
  facet normal 0 0 -1
    outer loop
      vertex 26 13 -1.4
      vertex 31.4493 13.95 -1.4
      vertex 26 11 -1.4
    endloop
  endfacet
  facet normal -0 0 -1
    outer loop
      vertex 31.4493 13.95 -1.4
      vertex 26 13 -1.4
      vertex 31.1473 14.5977 -1.4
    endloop
  endfacet
  facet normal -0 0 -1
    outer loop
      vertex 31.1473 14.5977 -1.4
      vertex 26 13 -1.4
      vertex 30.9623 15.288 -1.4
    endloop
  endfacet
  facet normal -0 0 -1
    outer loop
      vertex 30.9623 15.288 -1.4
      vertex 26 13 -1.4
      vertex 30.9 16 -1.4
    endloop
  endfacet
  facet normal -0 0 -1
    outer loop
      vertex 32.95 12.4493 -1.4
      vertex 26 11 -1.4
      vertex 32.3646 12.8592 -1.4
    endloop
  endfacet
  facet normal -0 0 -1
    outer loop
      vertex 30.9 16 -1.4
      vertex 26 13 -1.4
      vertex 30.9623 16.712 -1.4
    endloop
  endfacet
  facet normal -0 0 -1
    outer loop
      vertex 30.9623 16.712 -1.4
      vertex 26 13 -1.4
      vertex 31.1473 17.4023 -1.4
    endloop
  endfacet
  facet normal -0 0 -1
    outer loop
      vertex 31.1473 17.4023 -1.4
      vertex 26 13 -1.4
      vertex 31.4493 18.05 -1.4
    endloop
  endfacet
  facet normal -0 0 -1
    outer loop
      vertex 31.4493 18.05 -1.4
      vertex 26 13 -1.4
      vertex 31.8592 18.6354 -1.4
    endloop
  endfacet
  facet normal 0 0 -1
    outer loop
      vertex -26 13 -1.4
      vertex 31.8592 18.6354 -1.4
      vertex 26 13 -1.4
    endloop
  endfacet
  facet normal 0 0 -1
    outer loop
      vertex -31.8592 18.6354 -1.4
      vertex 31.8592 18.6354 -1.4
      vertex -26 13 -1.4
    endloop
  endfacet
  facet normal 0 0 -1
    outer loop
      vertex 31.8592 18.6354 -1.4
      vertex -31.8592 18.6354 -1.4
      vertex 32.3646 19.1408 -1.4
    endloop
  endfacet
  facet normal 0 0 -1
    outer loop
      vertex -32.3646 19.1408 -1.4
      vertex 32.3646 19.1408 -1.4
      vertex -31.8592 18.6354 -1.4
    endloop
  endfacet
  facet normal 0 0 -1
    outer loop
      vertex 32.3646 19.1408 -1.4
      vertex -32.3646 19.1408 -1.4
      vertex 32.95 19.5507 -1.4
    endloop
  endfacet
  facet normal 0 0 -1
    outer loop
      vertex -30.9623 16.712 -1.4
      vertex -26 13 -1.4
      vertex -30.9 16 -1.4
    endloop
  endfacet
  facet normal 0 0 -1
    outer loop
      vertex -31.1473 17.4023 -1.4
      vertex -26 13 -1.4
      vertex -30.9623 16.712 -1.4
    endloop
  endfacet
  facet normal 0 0 -1
    outer loop
      vertex -31.4493 18.05 -1.4
      vertex -26 13 -1.4
      vertex -31.1473 17.4023 -1.4
    endloop
  endfacet
  facet normal 0 0 -1
    outer loop
      vertex -31.8592 18.6354 -1.4
      vertex -26 13 -1.4
      vertex -31.4493 18.05 -1.4
    endloop
  endfacet
  facet normal 0 0 -1
    outer loop
      vertex -32.95 19.5507 -1.4
      vertex 32.95 19.5507 -1.4
      vertex -32.3646 19.1408 -1.4
    endloop
  endfacet
  facet normal 0 0 -1
    outer loop
      vertex 32.95 19.5507 -1.4
      vertex -32.95 19.5507 -1.4
      vertex 33.5977 19.8527 -1.4
    endloop
  endfacet
  facet normal 0 0 -1
    outer loop
      vertex -33.5977 19.8527 -1.4
      vertex 33.5977 19.8527 -1.4
      vertex -32.95 19.5507 -1.4
    endloop
  endfacet
  facet normal 0 0 -1
    outer loop
      vertex 33.5977 19.8527 -1.4
      vertex -33.5977 19.8527 -1.4
      vertex 48.5 26 -1.4
    endloop
  endfacet
  facet normal 0 0 -1
    outer loop
      vertex -48.5 26 -1.4
      vertex -33.5977 19.8527 -1.4
      vertex -34.288 20.0377 -1.4
    endloop
  endfacet
  facet normal 0 0 -1
    outer loop
      vertex -48.5 26 -1.4
      vertex -34.288 20.0377 -1.4
      vertex -35 20.1 -1.4
    endloop
  endfacet
  facet normal -0 0 -1
    outer loop
      vertex -38.8527 14.5977 -1.4
      vertex -52 9 -1.4
      vertex -39.0377 15.288 -1.4
    endloop
  endfacet
  facet normal 0 0 -1
    outer loop
      vertex -33.5977 19.8527 -1.4
      vertex -48.5 26 -1.4
      vertex 48.5 26 -1.4
    endloop
  endfacet
  facet normal 0 0 -1
    outer loop
      vertex -35.712 20.0377 -1.4
      vertex -48.5 26 -1.4
      vertex -35 20.1 -1.4
    endloop
  endfacet
  facet normal 0 0 -1
    outer loop
      vertex -36.4023 19.8527 -1.4
      vertex -48.5 26 -1.4
      vertex -35.712 20.0377 -1.4
    endloop
  endfacet
  facet normal 0 0 -1
    outer loop
      vertex -37.05 19.5507 -1.4
      vertex -48.5 26 -1.4
      vertex -36.4023 19.8527 -1.4
    endloop
  endfacet
  facet normal 0 0 -1
    outer loop
      vertex -37.6354 19.1408 -1.4
      vertex -48.5 26 -1.4
      vertex -37.05 19.5507 -1.4
    endloop
  endfacet
  facet normal 0 0 -1
    outer loop
      vertex -38.1408 18.6354 -1.4
      vertex -48.5 26 -1.4
      vertex -37.6354 19.1408 -1.4
    endloop
  endfacet
  facet normal 0 0 -1
    outer loop
      vertex -38.5507 18.05 -1.4
      vertex -48.5 26 -1.4
      vertex -38.1408 18.6354 -1.4
    endloop
  endfacet
  facet normal 0 0 -1
    outer loop
      vertex -38.8527 17.4023 -1.4
      vertex -48.5 26 -1.4
      vertex -38.5507 18.05 -1.4
    endloop
  endfacet
  facet normal 0 0 -1
    outer loop
      vertex -52 22.5 -1.4
      vertex -38.8527 17.4023 -1.4
      vertex -39.0377 16.712 -1.4
    endloop
  endfacet
  facet normal -0 0 -1
    outer loop
      vertex -39.0377 15.288 -1.4
      vertex -52 9 -1.4
      vertex -39.1 16 -1.4
    endloop
  endfacet
  facet normal 0 0 -1
    outer loop
      vertex -52 -22.5 -1.4
      vertex -48.5 -26 -1.4
      vertex -49.1078 -25.9468 -1.4
    endloop
  endfacet
  facet normal 0 0 -1
    outer loop
      vertex -52 22.5 -1.4
      vertex -39.1 16 -1.4
      vertex -52 9 -1.4
    endloop
  endfacet
  facet normal 0 0 -1
    outer loop
      vertex -52 -22.5 -1.4
      vertex -49.1078 -25.9468 -1.4
      vertex -49.6971 -25.7889 -1.4
    endloop
  endfacet
  facet normal 0 0 -1
    outer loop
      vertex -39.1 16 -1.4
      vertex -52 22.5 -1.4
      vertex -39.0377 16.712 -1.4
    endloop
  endfacet
  facet normal 0 0 -1
    outer loop
      vertex -52 -22.5 -1.4
      vertex -49.6971 -25.7889 -1.4
      vertex -50.25 -25.5311 -1.4
    endloop
  endfacet
  facet normal 0 0 -1
    outer loop
      vertex -38.8527 17.4023 -1.4
      vertex -52 22.5 -1.4
      vertex -48.5 26 -1.4
    endloop
  endfacet
  facet normal 0 0 -1
    outer loop
      vertex -52 -22.5 -1.4
      vertex -50.25 -25.5311 -1.4
      vertex -50.7498 -25.1812 -1.4
    endloop
  endfacet
  facet normal 0 0 -1
    outer loop
      vertex -48.5 26 -1.4
      vertex -52 22.5 -1.4
      vertex -49.1078 25.9468 -1.4
    endloop
  endfacet
  facet normal 0 0 -1
    outer loop
      vertex -52 -22.5 -1.4
      vertex -50.7498 -25.1812 -1.4
      vertex -51.1812 -24.7498 -1.4
    endloop
  endfacet
  facet normal 0 0 -1
    outer loop
      vertex -49.1078 25.9468 -1.4
      vertex -52 22.5 -1.4
      vertex -49.6971 25.7889 -1.4
    endloop
  endfacet
  facet normal 0 0 -1
    outer loop
      vertex -52 -22.5 -1.4
      vertex -51.1812 -24.7498 -1.4
      vertex -51.5311 -24.25 -1.4
    endloop
  endfacet
  facet normal 0 0 -1
    outer loop
      vertex -49.6971 25.7889 -1.4
      vertex -52 22.5 -1.4
      vertex -50.25 25.5311 -1.4
    endloop
  endfacet
  facet normal 0 0 -1
    outer loop
      vertex -52 -22.5 -1.4
      vertex -51.5311 -24.25 -1.4
      vertex -51.7889 -23.6971 -1.4
    endloop
  endfacet
  facet normal 0 0 -1
    outer loop
      vertex -50.25 25.5311 -1.4
      vertex -52 22.5 -1.4
      vertex -50.7498 25.1812 -1.4
    endloop
  endfacet
  facet normal 0 0 -1
    outer loop
      vertex -52 -22.5 -1.4
      vertex -51.7889 -23.6971 -1.4
      vertex -51.9468 -23.1078 -1.4
    endloop
  endfacet
  facet normal 0 0 -1
    outer loop
      vertex -50.7498 25.1812 -1.4
      vertex -52 22.5 -1.4
      vertex -51.1812 24.7498 -1.4
    endloop
  endfacet
  facet normal -0 0 -1
    outer loop
      vertex -39.1 -16 -1.4
      vertex -52 -22.5 -1.4
      vertex -52 -9 -1.4
    endloop
  endfacet
  facet normal 0 0 -1
    outer loop
      vertex -51.1812 24.7498 -1.4
      vertex -52 22.5 -1.4
      vertex -51.5311 24.25 -1.4
    endloop
  endfacet
  facet normal 0 0 -1
    outer loop
      vertex -51.5311 24.25 -1.4
      vertex -52 22.5 -1.4
      vertex -51.7889 23.6971 -1.4
    endloop
  endfacet
  facet normal 0 0 -1
    outer loop
      vertex -51.7889 23.6971 -1.4
      vertex -52 22.5 -1.4
      vertex -51.9468 23.1078 -1.4
    endloop
  endfacet
  facet normal 0 0 -1
    outer loop
      vertex 39.0377 -15.288 -1.4
      vertex 44 -11 -1.4
      vertex 39.1 -16 -1.4
    endloop
  endfacet
  facet normal 0 0 -1
    outer loop
      vertex 38.8527 -14.5977 -1.4
      vertex 44 -11 -1.4
      vertex 39.0377 -15.288 -1.4
    endloop
  endfacet
  facet normal 0 0 -1
    outer loop
      vertex 38.5507 -13.95 -1.4
      vertex 44 -11 -1.4
      vertex 38.8527 -14.5977 -1.4
    endloop
  endfacet
  facet normal 0 0 -1
    outer loop
      vertex 38.1408 -13.3646 -1.4
      vertex 44 -11 -1.4
      vertex 38.5507 -13.95 -1.4
    endloop
  endfacet
  facet normal 0 0 -1
    outer loop
      vertex 37.6354 -12.8592 -1.4
      vertex 44 -11 -1.4
      vertex 38.1408 -13.3646 -1.4
    endloop
  endfacet
  facet normal 0 0 -1
    outer loop
      vertex 36 -11 -1.4
      vertex 37.6354 -12.8592 -1.4
      vertex 37.05 -12.4493 -1.4
    endloop
  endfacet
  facet normal 0 0 -1
    outer loop
      vertex 36 -11 -1.4
      vertex 37.05 -12.4493 -1.4
      vertex 36.4023 -12.1473 -1.4
    endloop
  endfacet
  facet normal 0 0 -1
    outer loop
      vertex 37.6354 -12.8592 -1.4
      vertex 36 -11 -1.4
      vertex 44 -11 -1.4
    endloop
  endfacet
  facet normal 0 0 -1
    outer loop
      vertex 28 0 -1.4
      vertex 36 -11 -1.4
      vertex 35.712 -11.9623 -1.4
    endloop
  endfacet
  facet normal 0 0 -1
    outer loop
      vertex 35.712 -11.9623 -1.4
      vertex 36 -11 -1.4
      vertex 36.4023 -12.1473 -1.4
    endloop
  endfacet
  facet normal -0.258831 -0.965923 0
    outer loop
      vertex -60.6971 -8.78892 -1.4
      vertex -60.1078 -8.94683 1.4
      vertex -60.6971 -8.78892 1.4
    endloop
  endfacet
  facet normal -0.258831 -0.965923 -0
    outer loop
      vertex -60.1078 -8.94683 1.4
      vertex -60.6971 -8.78892 -1.4
      vertex -60.1078 -8.94683 -1.4
    endloop
  endfacet
  facet normal -0.42263 -0.906302 0
    outer loop
      vertex -61.25 -8.53109 -1.4
      vertex -60.6971 -8.78892 1.4
      vertex -61.25 -8.53109 1.4
    endloop
  endfacet
  facet normal -0.42263 -0.906302 -0
    outer loop
      vertex -60.6971 -8.78892 1.4
      vertex -61.25 -8.53109 -1.4
      vertex -60.6971 -8.78892 -1.4
    endloop
  endfacet
  facet normal -0.90633 0.42257 -3.87303e-18
    outer loop
      vertex -62.7889 6.69707 -1.4
      vertex -62.5311 7.25 1.4
      vertex -62.5311 7.25 -1.4
    endloop
  endfacet
  facet normal -0.90633 0.42257 -3.87303e-18
    outer loop
      vertex -62.5311 7.25 1.4
      vertex -62.7889 6.69707 -1.4
      vertex -62.7889 6.69707 1.4
    endloop
  endfacet
  facet normal -0.965927 0.258815 1.08785e-18
    outer loop
      vertex -68.9468 5.10777 23.9
      vertex -68.7889 5.69707 26.9
      vertex -68.7889 5.69707 23.9
    endloop
  endfacet
  facet normal -0.965927 0.258815 1.08785e-18
    outer loop
      vertex -68.7889 5.69707 26.9
      vertex -68.9468 5.10777 23.9
      vertex -68.9468 5.10777 26.9
    endloop
  endfacet
  facet normal -0.996191 -0.0871997 4.9965e-19
    outer loop
      vertex -68.9468 -5.10777 23.9
      vertex -69 -4.5 26.9
      vertex -69 -4.5 23.9
    endloop
  endfacet
  facet normal -0.996191 -0.0871997 4.9965e-19
    outer loop
      vertex -69 -4.5 26.9
      vertex -68.9468 -5.10777 23.9
      vertex -68.9468 -5.10777 26.9
    endloop
  endfacet
  facet normal 0.707107 -0.707107 0
    outer loop
      vertex -56.2502 -7.18116 23.9
      vertex -55.8188 -6.74976 26.9
      vertex -56.2502 -7.18116 26.9
    endloop
  endfacet
  facet normal 0.707107 -0.707107 0
    outer loop
      vertex -55.8188 -6.74976 26.9
      vertex -56.2502 -7.18116 23.9
      vertex -55.8188 -6.74976 23.9
    endloop
  endfacet
  facet normal -0.996191 0.0871997 -4.9965e-19
    outer loop
      vertex -69 4.5 23.9
      vertex -68.9468 5.10777 26.9
      vertex -68.9468 5.10777 23.9
    endloop
  endfacet
  facet normal -0.996191 0.0871997 -4.9965e-19
    outer loop
      vertex -68.9468 5.10777 26.9
      vertex -69 4.5 23.9
      vertex -69 4.5 26.9
    endloop
  endfacet
  facet normal 0.81918 0.573537 -1.422e-19
    outer loop
      vertex -55.4689 6.25 26.9
      vertex -55.8188 6.74976 23.9
      vertex -55.8188 6.74976 26.9
    endloop
  endfacet
  facet normal 0.81918 0.573537 -1.422e-19
    outer loop
      vertex -55.8188 6.74976 23.9
      vertex -55.4689 6.25 26.9
      vertex -55.4689 6.25 23.9
    endloop
  endfacet
  facet normal -0.90633 -0.42257 -4.72719e-18
    outer loop
      vertex -68.5311 -6.25 23.9
      vertex -68.7889 -5.69707 26.9
      vertex -68.7889 -5.69707 23.9
    endloop
  endfacet
  facet normal -0.90633 -0.42257 -4.72719e-18
    outer loop
      vertex -68.7889 -5.69707 26.9
      vertex -68.5311 -6.25 23.9
      vertex -68.5311 -6.25 26.9
    endloop
  endfacet
  facet normal 1 -0 0
    outer loop
      vertex -55 -4.5 26.9
      vertex -55 4.5 23.9
      vertex -55 4.5 26.9
    endloop
  endfacet
  facet normal 1 0 0
    outer loop
      vertex -55 4.5 23.9
      vertex -55 -4.5 26.9
      vertex -55 -4.5 23.9
    endloop
  endfacet
  facet normal -1 0 0
    outer loop
      vertex -69 -4.5 23.9
      vertex -69 4.5 26.9
      vertex -69 4.5 23.9
    endloop
  endfacet
  facet normal -1 -0 0
    outer loop
      vertex -69 4.5 26.9
      vertex -69 -4.5 23.9
      vertex -69 -4.5 26.9
    endloop
  endfacet
  facet normal -0.42263 -0.906302 0
    outer loop
      vertex -67.25 -7.53109 23.9
      vertex -66.6971 -7.78892 26.9
      vertex -67.25 -7.53109 26.9
    endloop
  endfacet
  facet normal -0.42263 -0.906302 -0
    outer loop
      vertex -66.6971 -7.78892 26.9
      vertex -67.25 -7.53109 23.9
      vertex -66.6971 -7.78892 23.9
    endloop
  endfacet
  facet normal 0 -1 0
    outer loop
      vertex -65.5 -8 23.9
      vertex -58.5 -8 26.9
      vertex -65.5 -8 26.9
    endloop
  endfacet
  facet normal 0 -1 -0
    outer loop
      vertex -58.5 -8 26.9
      vertex -65.5 -8 23.9
      vertex -58.5 -8 23.9
    endloop
  endfacet
  facet normal 0.965927 0.258815 1.02309e-18
    outer loop
      vertex -55.0532 5.10777 26.9
      vertex -55.2111 5.69707 23.9
      vertex -55.2111 5.69707 26.9
    endloop
  endfacet
  facet normal 0.965927 0.258815 1.02309e-18
    outer loop
      vertex -55.2111 5.69707 23.9
      vertex -55.0532 5.10777 26.9
      vertex -55.0532 5.10777 23.9
    endloop
  endfacet
  facet normal 0.42263 -0.906302 0
    outer loop
      vertex -57.3029 -7.78892 23.9
      vertex -56.75 -7.53109 26.9
      vertex -57.3029 -7.78892 26.9
    endloop
  endfacet
  facet normal 0.42263 -0.906302 0
    outer loop
      vertex -56.75 -7.53109 26.9
      vertex -57.3029 -7.78892 23.9
      vertex -56.75 -7.53109 23.9
    endloop
  endfacet
  facet normal -0.965927 -0.258815 -1.08785e-18
    outer loop
      vertex -68.7889 -5.69707 23.9
      vertex -68.9468 -5.10777 26.9
      vertex -68.9468 -5.10777 23.9
    endloop
  endfacet
  facet normal -0.965927 -0.258815 -1.08785e-18
    outer loop
      vertex -68.9468 -5.10777 26.9
      vertex -68.7889 -5.69707 23.9
      vertex -68.7889 -5.69707 26.9
    endloop
  endfacet
  facet normal 0.90633 -0.42257 -3.61482e-18
    outer loop
      vertex -55.4689 -6.25 26.9
      vertex -55.2111 -5.69707 23.9
      vertex -55.2111 -5.69707 26.9
    endloop
  endfacet
  facet normal 0.90633 -0.42257 -3.61482e-18
    outer loop
      vertex -55.2111 -5.69707 23.9
      vertex -55.4689 -6.25 26.9
      vertex -55.4689 -6.25 23.9
    endloop
  endfacet
  facet normal 0.258831 -0.965923 0
    outer loop
      vertex -57.8922 -7.94683 23.9
      vertex -57.3029 -7.78892 26.9
      vertex -57.8922 -7.94683 26.9
    endloop
  endfacet
  facet normal 0.258831 -0.965923 0
    outer loop
      vertex -57.3029 -7.78892 26.9
      vertex -57.8922 -7.94683 23.9
      vertex -57.3029 -7.78892 23.9
    endloop
  endfacet
  facet normal 0.996191 0.0871997 1.85112e-18
    outer loop
      vertex -55 4.5 26.9
      vertex -55.0532 5.10777 23.9
      vertex -55.0532 5.10777 26.9
    endloop
  endfacet
  facet normal 0.996191 0.0871997 1.85112e-18
    outer loop
      vertex -55.0532 5.10777 23.9
      vertex -55 4.5 26.9
      vertex -55 4.5 23.9
    endloop
  endfacet
  facet normal -0.42263 0.906302 0
    outer loop
      vertex -66.6971 7.78892 23.9
      vertex -67.25 7.53109 26.9
      vertex -66.6971 7.78892 26.9
    endloop
  endfacet
  facet normal -0.42263 0.906302 0
    outer loop
      vertex -67.25 7.53109 26.9
      vertex -66.6971 7.78892 23.9
      vertex -67.25 7.53109 23.9
    endloop
  endfacet
  facet normal -0.573539 -0.819178 0
    outer loop
      vertex -67.7498 -7.18116 23.9
      vertex -67.25 -7.53109 26.9
      vertex -67.7498 -7.18116 26.9
    endloop
  endfacet
  facet normal -0.573539 -0.819178 -0
    outer loop
      vertex -67.25 -7.53109 26.9
      vertex -67.7498 -7.18116 23.9
      vertex -67.25 -7.53109 23.9
    endloop
  endfacet
  facet normal 0.0871466 -0.996195 0
    outer loop
      vertex -58.5 -8 23.9
      vertex -57.8922 -7.94683 26.9
      vertex -58.5 -8 26.9
    endloop
  endfacet
  facet normal 0.0871466 -0.996195 0
    outer loop
      vertex -57.8922 -7.94683 26.9
      vertex -58.5 -8 23.9
      vertex -57.8922 -7.94683 23.9
    endloop
  endfacet
  facet normal -0.707107 -0.707107 -4.61539e-18
    outer loop
      vertex -67.7498 -7.18116 23.9
      vertex -68.1812 -6.74976 26.9
      vertex -68.1812 -6.74976 23.9
    endloop
  endfacet
  facet normal -0.707107 -0.707107 -4.61539e-18
    outer loop
      vertex -68.1812 -6.74976 26.9
      vertex -67.7498 -7.18116 23.9
      vertex -67.7498 -7.18116 26.9
    endloop
  endfacet
  facet normal -0.0871466 0.996195 0
    outer loop
      vertex -65.5 8 23.9
      vertex -66.1078 7.94683 26.9
      vertex -65.5 8 26.9
    endloop
  endfacet
  facet normal -0.0871466 0.996195 0
    outer loop
      vertex -66.1078 7.94683 26.9
      vertex -65.5 8 23.9
      vertex -66.1078 7.94683 23.9
    endloop
  endfacet
  facet normal -0.707107 0.707107 4.61539e-18
    outer loop
      vertex -68.1812 6.74976 23.9
      vertex -67.7498 7.18116 26.9
      vertex -67.7498 7.18116 23.9
    endloop
  endfacet
  facet normal -0.707107 0.707107 4.61539e-18
    outer loop
      vertex -67.7498 7.18116 26.9
      vertex -68.1812 6.74976 23.9
      vertex -68.1812 6.74976 26.9
    endloop
  endfacet
  facet normal 0.996191 -0.0871997 -1.85112e-18
    outer loop
      vertex -55.0532 -5.10777 26.9
      vertex -55 -4.5 23.9
      vertex -55 -4.5 26.9
    endloop
  endfacet
  facet normal 0.996191 -0.0871997 -1.85112e-18
    outer loop
      vertex -55 -4.5 23.9
      vertex -55.0532 -5.10777 26.9
      vertex -55.0532 -5.10777 23.9
    endloop
  endfacet
  facet normal -0.573539 0.819178 0
    outer loop
      vertex -67.25 7.53109 23.9
      vertex -67.7498 7.18116 26.9
      vertex -67.25 7.53109 26.9
    endloop
  endfacet
  facet normal -0.573539 0.819178 0
    outer loop
      vertex -67.7498 7.18116 26.9
      vertex -67.25 7.53109 23.9
      vertex -67.7498 7.18116 23.9
    endloop
  endfacet
  facet normal 0.90633 0.42257 3.61482e-18
    outer loop
      vertex -55.2111 5.69707 26.9
      vertex -55.4689 6.25 23.9
      vertex -55.4689 6.25 26.9
    endloop
  endfacet
  facet normal 0.90633 0.42257 3.61482e-18
    outer loop
      vertex -55.4689 6.25 23.9
      vertex -55.2111 5.69707 26.9
      vertex -55.2111 5.69707 23.9
    endloop
  endfacet
  facet normal -0.258831 -0.965923 0
    outer loop
      vertex -66.6971 -7.78892 23.9
      vertex -66.1078 -7.94683 26.9
      vertex -66.6971 -7.78892 26.9
    endloop
  endfacet
  facet normal -0.258831 -0.965923 -0
    outer loop
      vertex -66.1078 -7.94683 26.9
      vertex -66.6971 -7.78892 23.9
      vertex -66.1078 -7.94683 23.9
    endloop
  endfacet
  facet normal -0.0871466 -0.996195 0
    outer loop
      vertex -66.1078 -7.94683 23.9
      vertex -65.5 -8 26.9
      vertex -66.1078 -7.94683 26.9
    endloop
  endfacet
  facet normal -0.0871466 -0.996195 -0
    outer loop
      vertex -65.5 -8 26.9
      vertex -66.1078 -7.94683 23.9
      vertex -65.5 -8 23.9
    endloop
  endfacet
  facet normal -0.81918 -0.573537 -2.00569e-18
    outer loop
      vertex -68.1812 -6.74976 23.9
      vertex -68.5311 -6.25 26.9
      vertex -68.5311 -6.25 23.9
    endloop
  endfacet
  facet normal -0.81918 -0.573537 -2.00569e-18
    outer loop
      vertex -68.5311 -6.25 26.9
      vertex -68.1812 -6.74976 23.9
      vertex -68.1812 -6.74976 26.9
    endloop
  endfacet
  facet normal 0.573539 0.819178 -0
    outer loop
      vertex -56.2502 7.18116 23.9
      vertex -56.75 7.53109 26.9
      vertex -56.2502 7.18116 26.9
    endloop
  endfacet
  facet normal 0.573539 0.819178 0
    outer loop
      vertex -56.75 7.53109 26.9
      vertex -56.2502 7.18116 23.9
      vertex -56.75 7.53109 23.9
    endloop
  endfacet
  facet normal 0 1 -0
    outer loop
      vertex -58.5 8 23.9
      vertex -65.5 8 26.9
      vertex -58.5 8 26.9
    endloop
  endfacet
  facet normal 0 1 0
    outer loop
      vertex -65.5 8 26.9
      vertex -58.5 8 23.9
      vertex -65.5 8 23.9
    endloop
  endfacet
  facet normal 0.0871466 0.996195 -0
    outer loop
      vertex -57.8922 7.94683 23.9
      vertex -58.5 8 26.9
      vertex -57.8922 7.94683 26.9
    endloop
  endfacet
  facet normal 0.0871466 0.996195 0
    outer loop
      vertex -58.5 8 26.9
      vertex -57.8922 7.94683 23.9
      vertex -58.5 8 23.9
    endloop
  endfacet
  facet normal 0.258831 0.965923 -0
    outer loop
      vertex -57.3029 7.78892 23.9
      vertex -57.8922 7.94683 26.9
      vertex -57.3029 7.78892 26.9
    endloop
  endfacet
  facet normal 0.258831 0.965923 0
    outer loop
      vertex -57.8922 7.94683 26.9
      vertex -57.3029 7.78892 23.9
      vertex -57.8922 7.94683 23.9
    endloop
  endfacet
  facet normal 0.81918 -0.573537 1.422e-19
    outer loop
      vertex -55.8188 -6.74976 26.9
      vertex -55.4689 -6.25 23.9
      vertex -55.4689 -6.25 26.9
    endloop
  endfacet
  facet normal 0.81918 -0.573537 1.422e-19
    outer loop
      vertex -55.4689 -6.25 23.9
      vertex -55.8188 -6.74976 26.9
      vertex -55.8188 -6.74976 23.9
    endloop
  endfacet
  facet normal -0.81918 0.573537 2.00569e-18
    outer loop
      vertex -68.5311 6.25 23.9
      vertex -68.1812 6.74976 26.9
      vertex -68.1812 6.74976 23.9
    endloop
  endfacet
  facet normal -0.81918 0.573537 2.00569e-18
    outer loop
      vertex -68.1812 6.74976 26.9
      vertex -68.5311 6.25 23.9
      vertex -68.5311 6.25 26.9
    endloop
  endfacet
  facet normal -0.90633 0.42257 4.72719e-18
    outer loop
      vertex -68.7889 5.69707 23.9
      vertex -68.5311 6.25 26.9
      vertex -68.5311 6.25 23.9
    endloop
  endfacet
  facet normal -0.90633 0.42257 4.72719e-18
    outer loop
      vertex -68.5311 6.25 26.9
      vertex -68.7889 5.69707 23.9
      vertex -68.7889 5.69707 26.9
    endloop
  endfacet
  facet normal 0.965927 -0.258815 -1.02309e-18
    outer loop
      vertex -55.2111 -5.69707 26.9
      vertex -55.0532 -5.10777 23.9
      vertex -55.0532 -5.10777 26.9
    endloop
  endfacet
  facet normal 0.965927 -0.258815 -1.02309e-18
    outer loop
      vertex -55.0532 -5.10777 23.9
      vertex -55.2111 -5.69707 26.9
      vertex -55.2111 -5.69707 23.9
    endloop
  endfacet
  facet normal 0 0 1
    outer loop
      vertex -59.9109 2.48964 26.9
      vertex -55 4.5 26.9
      vertex -55.0532 5.10777 26.9
    endloop
  endfacet
  facet normal 0 0 1
    outer loop
      vertex -55 4.5 26.9
      vertex -58.75 0 26.9
      vertex -55 -4.5 26.9
    endloop
  endfacet
  facet normal 0 0 1
    outer loop
      vertex -59.9109 2.48964 26.9
      vertex -55.0532 5.10777 26.9
      vertex -55.2111 5.69707 26.9
    endloop
  endfacet
  facet normal -0 0 1
    outer loop
      vertex -58.7994 -0.564356 26.9
      vertex -55 -4.5 26.9
      vertex -58.75 0 26.9
    endloop
  endfacet
  facet normal 0 0 1
    outer loop
      vertex -59.9109 2.48964 26.9
      vertex -55.2111 5.69707 26.9
      vertex -55.4689 6.25 26.9
    endloop
  endfacet
  facet normal -0 0 1
    outer loop
      vertex -58.946 -1.11156 26.9
      vertex -55 -4.5 26.9
      vertex -58.7994 -0.564356 26.9
    endloop
  endfacet
  facet normal 0 0 1
    outer loop
      vertex -59.9109 2.48964 26.9
      vertex -55.4689 6.25 26.9
      vertex -55.8188 6.74976 26.9
    endloop
  endfacet
  facet normal -0 0 1
    outer loop
      vertex -59.1854 -1.625 26.9
      vertex -55 -4.5 26.9
      vertex -58.946 -1.11156 26.9
    endloop
  endfacet
  facet normal 0 0 1
    outer loop
      vertex -59.9109 2.48964 26.9
      vertex -55.8188 6.74976 26.9
      vertex -56.2502 7.18116 26.9
    endloop
  endfacet
  facet normal -0 0 1
    outer loop
      vertex -59.5104 -2.08906 26.9
      vertex -55 -4.5 26.9
      vertex -59.1854 -1.625 26.9
    endloop
  endfacet
  facet normal 0 0 1
    outer loop
      vertex -59.9109 2.48964 26.9
      vertex -56.2502 7.18116 26.9
      vertex -56.75 7.53109 26.9
    endloop
  endfacet
  facet normal -0 0 1
    outer loop
      vertex -59.9109 -2.48964 26.9
      vertex -55 -4.5 26.9
      vertex -59.5104 -2.08906 26.9
    endloop
  endfacet
  facet normal 0 0 1
    outer loop
      vertex -59.9109 2.48964 26.9
      vertex -56.75 7.53109 26.9
      vertex -57.3029 7.78892 26.9
    endloop
  endfacet
  facet normal 0 0 1
    outer loop
      vertex -55 -4.5 26.9
      vertex -59.9109 -2.48964 26.9
      vertex -55.0532 -5.10777 26.9
    endloop
  endfacet
  facet normal 0 0 1
    outer loop
      vertex -59.9109 2.48964 26.9
      vertex -57.3029 7.78892 26.9
      vertex -57.8922 7.94683 26.9
    endloop
  endfacet
  facet normal 0 0 1
    outer loop
      vertex -55.0532 -5.10777 26.9
      vertex -59.9109 -2.48964 26.9
      vertex -55.2111 -5.69707 26.9
    endloop
  endfacet
  facet normal 0 0 1
    outer loop
      vertex -59.9109 2.48964 26.9
      vertex -57.8922 7.94683 26.9
      vertex -58.5 8 26.9
    endloop
  endfacet
  facet normal 0 0 1
    outer loop
      vertex -55.2111 -5.69707 26.9
      vertex -59.9109 -2.48964 26.9
      vertex -55.4689 -6.25 26.9
    endloop
  endfacet
  facet normal 0 0 1
    outer loop
      vertex -55.4689 -6.25 26.9
      vertex -59.9109 -2.48964 26.9
      vertex -55.8188 -6.74976 26.9
    endloop
  endfacet
  facet normal 0 0 1
    outer loop
      vertex -55 4.5 26.9
      vertex -58.7994 0.564356 26.9
      vertex -58.75 0 26.9
    endloop
  endfacet
  facet normal 0 0 1
    outer loop
      vertex -55 4.5 26.9
      vertex -58.946 1.11156 26.9
      vertex -58.7994 0.564356 26.9
    endloop
  endfacet
  facet normal 0 0 1
    outer loop
      vertex -55 4.5 26.9
      vertex -59.1854 1.625 26.9
      vertex -58.946 1.11156 26.9
    endloop
  endfacet
  facet normal 0 0 1
    outer loop
      vertex -55 4.5 26.9
      vertex -59.5104 2.08906 26.9
      vertex -59.1854 1.625 26.9
    endloop
  endfacet
  facet normal 0 0 1
    outer loop
      vertex -55 4.5 26.9
      vertex -59.9109 2.48964 26.9
      vertex -59.5104 2.08906 26.9
    endloop
  endfacet
  facet normal 0 0 1
    outer loop
      vertex -58.5 8 26.9
      vertex -60.375 2.81458 26.9
      vertex -59.9109 2.48964 26.9
    endloop
  endfacet
  facet normal 0 0 1
    outer loop
      vertex -58.5 8 26.9
      vertex -60.8884 3.054 26.9
      vertex -60.375 2.81458 26.9
    endloop
  endfacet
  facet normal 0 0 1
    outer loop
      vertex -58.5 8 26.9
      vertex -61.4356 3.20062 26.9
      vertex -60.8884 3.054 26.9
    endloop
  endfacet
  facet normal 0 0 1
    outer loop
      vertex -58.5 8 26.9
      vertex -62 3.25 26.9
      vertex -61.4356 3.20062 26.9
    endloop
  endfacet
  facet normal -0 0 1
    outer loop
      vertex -65.5 8 26.9
      vertex -62 3.25 26.9
      vertex -58.5 8 26.9
    endloop
  endfacet
  facet normal 0 0 1
    outer loop
      vertex -62 3.25 26.9
      vertex -65.5 8 26.9
      vertex -62.5644 3.20062 26.9
    endloop
  endfacet
  facet normal 0 0 1
    outer loop
      vertex -62.5644 3.20062 26.9
      vertex -65.5 8 26.9
      vertex -63.1116 3.054 26.9
    endloop
  endfacet
  facet normal 0 0 1
    outer loop
      vertex -63.1116 3.054 26.9
      vertex -65.5 8 26.9
      vertex -63.625 2.81458 26.9
    endloop
  endfacet
  facet normal 0 0 1
    outer loop
      vertex -65.054 1.11156 26.9
      vertex -69 4.5 26.9
      vertex -65.2006 0.564356 26.9
    endloop
  endfacet
  facet normal 0 0 1
    outer loop
      vertex -64.8146 1.625 26.9
      vertex -69 4.5 26.9
      vertex -65.054 1.11156 26.9
    endloop
  endfacet
  facet normal 0 0 1
    outer loop
      vertex -64.4896 2.08906 26.9
      vertex -69 4.5 26.9
      vertex -64.8146 1.625 26.9
    endloop
  endfacet
  facet normal 0 0 1
    outer loop
      vertex -64.0891 2.48964 26.9
      vertex -69 4.5 26.9
      vertex -64.4896 2.08906 26.9
    endloop
  endfacet
  facet normal -0 0 1
    outer loop
      vertex -69 4.5 26.9
      vertex -64.0891 2.48964 26.9
      vertex -65.5 8 26.9
    endloop
  endfacet
  facet normal 0 0 1
    outer loop
      vertex -63.625 2.81458 26.9
      vertex -65.5 8 26.9
      vertex -64.0891 2.48964 26.9
    endloop
  endfacet
  facet normal 0 0 1
    outer loop
      vertex -55.8188 -6.74976 26.9
      vertex -59.9109 -2.48964 26.9
      vertex -56.2502 -7.18116 26.9
    endloop
  endfacet
  facet normal 0 0 1
    outer loop
      vertex -56.2502 -7.18116 26.9
      vertex -59.9109 -2.48964 26.9
      vertex -56.75 -7.53109 26.9
    endloop
  endfacet
  facet normal 0 0 1
    outer loop
      vertex -56.75 -7.53109 26.9
      vertex -59.9109 -2.48964 26.9
      vertex -57.3029 -7.78892 26.9
    endloop
  endfacet
  facet normal 0 0 1
    outer loop
      vertex -57.3029 -7.78892 26.9
      vertex -59.9109 -2.48964 26.9
      vertex -57.8922 -7.94683 26.9
    endloop
  endfacet
  facet normal 0 0 1
    outer loop
      vertex -57.8922 -7.94683 26.9
      vertex -59.9109 -2.48964 26.9
      vertex -58.5 -8 26.9
    endloop
  endfacet
  facet normal -0 0 1
    outer loop
      vertex -60.375 -2.81458 26.9
      vertex -58.5 -8 26.9
      vertex -59.9109 -2.48964 26.9
    endloop
  endfacet
  facet normal -0 0 1
    outer loop
      vertex -60.8884 -3.054 26.9
      vertex -58.5 -8 26.9
      vertex -60.375 -2.81458 26.9
    endloop
  endfacet
  facet normal -0 0 1
    outer loop
      vertex -61.4356 -3.20062 26.9
      vertex -58.5 -8 26.9
      vertex -60.8884 -3.054 26.9
    endloop
  endfacet
  facet normal -0 0 1
    outer loop
      vertex -62 -3.25 26.9
      vertex -58.5 -8 26.9
      vertex -61.4356 -3.20062 26.9
    endloop
  endfacet
  facet normal 0 0 1
    outer loop
      vertex -65.5 -8 26.9
      vertex -62 -3.25 26.9
      vertex -62.5644 -3.20062 26.9
    endloop
  endfacet
  facet normal 0 0 1
    outer loop
      vertex -65.5 -8 26.9
      vertex -62.5644 -3.20062 26.9
      vertex -63.1116 -3.054 26.9
    endloop
  endfacet
  facet normal 0 0 1
    outer loop
      vertex -65.5 -8 26.9
      vertex -63.1116 -3.054 26.9
      vertex -63.625 -2.81458 26.9
    endloop
  endfacet
  facet normal 0 0 1
    outer loop
      vertex -65.5 -8 26.9
      vertex -63.625 -2.81458 26.9
      vertex -64.0891 -2.48964 26.9
    endloop
  endfacet
  facet normal 0 0 1
    outer loop
      vertex -62 -3.25 26.9
      vertex -65.5 -8 26.9
      vertex -58.5 -8 26.9
    endloop
  endfacet
  facet normal 0 0 1
    outer loop
      vertex -69 -4.5 26.9
      vertex -64.0891 -2.48964 26.9
      vertex -64.4896 -2.08906 26.9
    endloop
  endfacet
  facet normal 0 0 1
    outer loop
      vertex -69 -4.5 26.9
      vertex -64.4896 -2.08906 26.9
      vertex -64.8146 -1.625 26.9
    endloop
  endfacet
  facet normal 0 0 1
    outer loop
      vertex -69 -4.5 26.9
      vertex -64.8146 -1.625 26.9
      vertex -65.054 -1.11156 26.9
    endloop
  endfacet
  facet normal 0 0 1
    outer loop
      vertex -69 -4.5 26.9
      vertex -65.054 -1.11156 26.9
      vertex -65.2006 -0.564356 26.9
    endloop
  endfacet
  facet normal 0 0 1
    outer loop
      vertex -69 -4.5 26.9
      vertex -65.2006 -0.564356 26.9
      vertex -65.25 0 26.9
    endloop
  endfacet
  facet normal 0 0 1
    outer loop
      vertex -65.2006 0.564356 26.9
      vertex -69 4.5 26.9
      vertex -65.25 0 26.9
    endloop
  endfacet
  facet normal 0 0 1
    outer loop
      vertex -69 4.5 26.9
      vertex -65.5 8 26.9
      vertex -66.1078 7.94683 26.9
    endloop
  endfacet
  facet normal 0 0 1
    outer loop
      vertex -69 -4.5 26.9
      vertex -65.25 0 26.9
      vertex -69 4.5 26.9
    endloop
  endfacet
  facet normal 0 0 1
    outer loop
      vertex -69 4.5 26.9
      vertex -66.1078 7.94683 26.9
      vertex -66.6971 7.78892 26.9
    endloop
  endfacet
  facet normal 0 0 1
    outer loop
      vertex -64.0891 -2.48964 26.9
      vertex -69 -4.5 26.9
      vertex -68.9468 -5.10777 26.9
    endloop
  endfacet
  facet normal 0 0 1
    outer loop
      vertex -69 4.5 26.9
      vertex -66.6971 7.78892 26.9
      vertex -67.25 7.53109 26.9
    endloop
  endfacet
  facet normal 0 0 1
    outer loop
      vertex -64.0891 -2.48964 26.9
      vertex -66.1078 -7.94683 26.9
      vertex -65.5 -8 26.9
    endloop
  endfacet
  facet normal 0 0 1
    outer loop
      vertex -69 4.5 26.9
      vertex -67.25 7.53109 26.9
      vertex -67.7498 7.18116 26.9
    endloop
  endfacet
  facet normal 0 0 1
    outer loop
      vertex -64.0891 -2.48964 26.9
      vertex -66.6971 -7.78892 26.9
      vertex -66.1078 -7.94683 26.9
    endloop
  endfacet
  facet normal 0 0 1
    outer loop
      vertex -69 4.5 26.9
      vertex -67.7498 7.18116 26.9
      vertex -68.1812 6.74976 26.9
    endloop
  endfacet
  facet normal 0 0 1
    outer loop
      vertex -64.0891 -2.48964 26.9
      vertex -67.25 -7.53109 26.9
      vertex -66.6971 -7.78892 26.9
    endloop
  endfacet
  facet normal 0 0 1
    outer loop
      vertex -69 4.5 26.9
      vertex -68.1812 6.74976 26.9
      vertex -68.5311 6.25 26.9
    endloop
  endfacet
  facet normal 0 0 1
    outer loop
      vertex -64.0891 -2.48964 26.9
      vertex -67.7498 -7.18116 26.9
      vertex -67.25 -7.53109 26.9
    endloop
  endfacet
  facet normal 0 0 1
    outer loop
      vertex -69 4.5 26.9
      vertex -68.5311 6.25 26.9
      vertex -68.7889 5.69707 26.9
    endloop
  endfacet
  facet normal 0 0 1
    outer loop
      vertex -64.0891 -2.48964 26.9
      vertex -68.1812 -6.74976 26.9
      vertex -67.7498 -7.18116 26.9
    endloop
  endfacet
  facet normal 0 0 1
    outer loop
      vertex -69 4.5 26.9
      vertex -68.7889 5.69707 26.9
      vertex -68.9468 5.10777 26.9
    endloop
  endfacet
  facet normal 0 0 1
    outer loop
      vertex -64.0891 -2.48964 26.9
      vertex -68.5311 -6.25 26.9
      vertex -68.1812 -6.74976 26.9
    endloop
  endfacet
  facet normal 0 0 1
    outer loop
      vertex -64.0891 -2.48964 26.9
      vertex -68.7889 -5.69707 26.9
      vertex -68.5311 -6.25 26.9
    endloop
  endfacet
  facet normal 0 0 1
    outer loop
      vertex -64.0891 -2.48964 26.9
      vertex -68.9468 -5.10777 26.9
      vertex -68.7889 -5.69707 26.9
    endloop
  endfacet
  facet normal 0.707107 0.707107 -0
    outer loop
      vertex -55.8188 6.74976 23.9
      vertex -56.2502 7.18116 26.9
      vertex -55.8188 6.74976 26.9
    endloop
  endfacet
  facet normal 0.707107 0.707107 0
    outer loop
      vertex -56.2502 7.18116 26.9
      vertex -55.8188 6.74976 23.9
      vertex -56.2502 7.18116 23.9
    endloop
  endfacet
  facet normal 0.42263 0.906302 -0
    outer loop
      vertex -56.75 7.53109 23.9
      vertex -57.3029 7.78892 26.9
      vertex -56.75 7.53109 26.9
    endloop
  endfacet
  facet normal 0.42263 0.906302 0
    outer loop
      vertex -57.3029 7.78892 26.9
      vertex -56.75 7.53109 23.9
      vertex -57.3029 7.78892 23.9
    endloop
  endfacet
  facet normal -0.258831 0.965923 0
    outer loop
      vertex -66.1078 7.94683 23.9
      vertex -66.6971 7.78892 26.9
      vertex -66.1078 7.94683 26.9
    endloop
  endfacet
  facet normal -0.258831 0.965923 0
    outer loop
      vertex -66.6971 7.78892 26.9
      vertex -66.1078 7.94683 23.9
      vertex -66.6971 7.78892 23.9
    endloop
  endfacet
  facet normal 0.573539 -0.819178 0
    outer loop
      vertex -56.75 -7.53109 23.9
      vertex -56.2502 -7.18116 26.9
      vertex -56.75 -7.53109 26.9
    endloop
  endfacet
  facet normal 0.573539 -0.819178 0
    outer loop
      vertex -56.2502 -7.18116 26.9
      vertex -56.75 -7.53109 23.9
      vertex -56.2502 -7.18116 23.9
    endloop
  endfacet
  facet normal 0 0 -1
    outer loop
      vertex -59.9109 2.48964 23.9
      vertex -59.9 3.4 23.9
      vertex -59.5104 2.08906 23.9
    endloop
  endfacet
  facet normal 0 0 -1
    outer loop
      vertex -60.375 2.81458 23.9
      vertex -59.9 3.4 23.9
      vertex -59.9109 2.48964 23.9
    endloop
  endfacet
  facet normal 0 0 -1
    outer loop
      vertex -60.8884 3.054 23.9
      vertex -59.9 3.4 23.9
      vertex -60.375 2.81458 23.9
    endloop
  endfacet
  facet normal 0 0 -1
    outer loop
      vertex -61.4356 3.20062 23.9
      vertex -59.9 3.4 23.9
      vertex -60.8884 3.054 23.9
    endloop
  endfacet
  facet normal 0 0 -1
    outer loop
      vertex -62 3.25 23.9
      vertex -59.9 3.4 23.9
      vertex -61.4356 3.20062 23.9
    endloop
  endfacet
  facet normal 0 0 -1
    outer loop
      vertex -62 3.25 23.9
      vertex -64.1 3.4 23.9
      vertex -59.9 3.4 23.9
    endloop
  endfacet
  facet normal 0 0 -1
    outer loop
      vertex -62.5644 3.20062 23.9
      vertex -64.1 3.4 23.9
      vertex -62 3.25 23.9
    endloop
  endfacet
  facet normal 0 0 -1
    outer loop
      vertex -63.1116 3.054 23.9
      vertex -64.1 3.4 23.9
      vertex -62.5644 3.20062 23.9
    endloop
  endfacet
  facet normal 0 0 -1
    outer loop
      vertex -63.625 2.81458 23.9
      vertex -64.1 3.4 23.9
      vertex -63.1116 3.054 23.9
    endloop
  endfacet
  facet normal 0 0 -1
    outer loop
      vertex -64.0891 2.48964 23.9
      vertex -64.1 3.4 23.9
      vertex -63.625 2.81458 23.9
    endloop
  endfacet
  facet normal 0 0 -1
    outer loop
      vertex -69 4.5 23.9
      vertex -64.1 3.4 23.9
      vertex -64.4896 2.08906 23.9
    endloop
  endfacet
  facet normal 0 0 -1
    outer loop
      vertex -64.4896 2.08906 23.9
      vertex -64.1 3.4 23.9
      vertex -64.0891 2.48964 23.9
    endloop
  endfacet
  facet normal 0 0 -1
    outer loop
      vertex -59.9 -3.4 23.9
      vertex -55 -4.5 23.9
      vertex -55.0532 -5.10777 23.9
    endloop
  endfacet
  facet normal 0 0 -1
    outer loop
      vertex -55 -4.5 23.9
      vertex -58.75 0 23.9
      vertex -55 4.5 23.9
    endloop
  endfacet
  facet normal 0 0 -1
    outer loop
      vertex -59.9 -3.4 23.9
      vertex -55.0532 -5.10777 23.9
      vertex -55.2111 -5.69707 23.9
    endloop
  endfacet
  facet normal 0 0 -1
    outer loop
      vertex -58.7994 0.564356 23.9
      vertex -55 4.5 23.9
      vertex -58.75 0 23.9
    endloop
  endfacet
  facet normal 0 0 -1
    outer loop
      vertex -59.9 -3.4 23.9
      vertex -55.2111 -5.69707 23.9
      vertex -55.4689 -6.25 23.9
    endloop
  endfacet
  facet normal 0 0 -1
    outer loop
      vertex -58.946 1.11156 23.9
      vertex -55 4.5 23.9
      vertex -58.7994 0.564356 23.9
    endloop
  endfacet
  facet normal 0 0 -1
    outer loop
      vertex -59.9 -3.4 23.9
      vertex -55.4689 -6.25 23.9
      vertex -55.8188 -6.74976 23.9
    endloop
  endfacet
  facet normal 0 0 -1
    outer loop
      vertex -59.1854 1.625 23.9
      vertex -55 4.5 23.9
      vertex -58.946 1.11156 23.9
    endloop
  endfacet
  facet normal 0 0 -1
    outer loop
      vertex -59.9 -6.6 23.9
      vertex -55.8188 -6.74976 23.9
      vertex -56.2502 -7.18116 23.9
    endloop
  endfacet
  facet normal 0 0 -1
    outer loop
      vertex -59.5104 2.08906 23.9
      vertex -55 4.5 23.9
      vertex -59.1854 1.625 23.9
    endloop
  endfacet
  facet normal 0 0 -1
    outer loop
      vertex -59.9 -6.6 23.9
      vertex -56.2502 -7.18116 23.9
      vertex -56.75 -7.53109 23.9
    endloop
  endfacet
  facet normal 0 0 -1
    outer loop
      vertex -59.9 3.4 23.9
      vertex -55 4.5 23.9
      vertex -59.5104 2.08906 23.9
    endloop
  endfacet
  facet normal 0 0 -1
    outer loop
      vertex -59.9 -6.6 23.9
      vertex -56.75 -7.53109 23.9
      vertex -57.3029 -7.78892 23.9
    endloop
  endfacet
  facet normal -0 0 -1
    outer loop
      vertex -55 4.5 23.9
      vertex -59.9 3.4 23.9
      vertex -55.0532 5.10777 23.9
    endloop
  endfacet
  facet normal 0 0 -1
    outer loop
      vertex -59.9 -6.6 23.9
      vertex -57.3029 -7.78892 23.9
      vertex -57.8922 -7.94683 23.9
    endloop
  endfacet
  facet normal -0 0 -1
    outer loop
      vertex -55.2111 5.69707 23.9
      vertex -59.9 3.4 23.9
      vertex -55.4689 6.25 23.9
    endloop
  endfacet
  facet normal 0 0 -1
    outer loop
      vertex -59.9 -6.6 23.9
      vertex -57.8922 -7.94683 23.9
      vertex -58.5 -8 23.9
    endloop
  endfacet
  facet normal -0 0 -1
    outer loop
      vertex -55.4689 6.25 23.9
      vertex -59.9 3.4 23.9
      vertex -55.8188 6.74976 23.9
    endloop
  endfacet
  facet normal 0 0 -1
    outer loop
      vertex -59.9 6.6 23.9
      vertex -55.8188 6.74976 23.9
      vertex -59.9 3.4 23.9
    endloop
  endfacet
  facet normal 0 0 -1
    outer loop
      vertex -55 -4.5 23.9
      vertex -58.7994 -0.564356 23.9
      vertex -58.75 0 23.9
    endloop
  endfacet
  facet normal 0 0 -1
    outer loop
      vertex -55 -4.5 23.9
      vertex -58.946 -1.11156 23.9
      vertex -58.7994 -0.564356 23.9
    endloop
  endfacet
  facet normal 0 0 -1
    outer loop
      vertex -55 -4.5 23.9
      vertex -59.1854 -1.625 23.9
      vertex -58.946 -1.11156 23.9
    endloop
  endfacet
  facet normal 0 0 -1
    outer loop
      vertex -55 -4.5 23.9
      vertex -59.9 -3.4 23.9
      vertex -59.5104 -2.08906 23.9
    endloop
  endfacet
  facet normal 0 0 -1
    outer loop
      vertex -55.8188 -6.74976 23.9
      vertex -59.9 -6.6 23.9
      vertex -59.9 -3.4 23.9
    endloop
  endfacet
  facet normal 0 0 -1
    outer loop
      vertex -58.5 -8 23.9
      vertex -64.1 -6.6 23.9
      vertex -59.9 -6.6 23.9
    endloop
  endfacet
  facet normal 0 0 -1
    outer loop
      vertex -69 -4.5 23.9
      vertex -64.1 -3.4 23.9
      vertex -64.1 -6.6 23.9
    endloop
  endfacet
  facet normal -0 0 -1
    outer loop
      vertex -64.1 -3.4 23.9
      vertex -69 -4.5 23.9
      vertex -64.4896 -2.08906 23.9
    endloop
  endfacet
  facet normal -0 0 -1
    outer loop
      vertex -64.4896 -2.08906 23.9
      vertex -69 -4.5 23.9
      vertex -64.8146 -1.625 23.9
    endloop
  endfacet
  facet normal -0 0 -1
    outer loop
      vertex -64.8146 -1.625 23.9
      vertex -69 -4.5 23.9
      vertex -65.054 -1.11156 23.9
    endloop
  endfacet
  facet normal -0 0 -1
    outer loop
      vertex -65.054 -1.11156 23.9
      vertex -69 -4.5 23.9
      vertex -65.2006 -0.564356 23.9
    endloop
  endfacet
  facet normal 0 0 -1
    outer loop
      vertex -69 -4.5 23.9
      vertex -64.1 -6.6 23.9
      vertex -65.5 -8 23.9
    endloop
  endfacet
  facet normal 0 0 -1
    outer loop
      vertex -65.5 -8 23.9
      vertex -64.1 -6.6 23.9
      vertex -58.5 -8 23.9
    endloop
  endfacet
  facet normal -0 0 -1
    outer loop
      vertex -55.8188 6.74976 23.9
      vertex -59.9 6.6 23.9
      vertex -56.2502 7.18116 23.9
    endloop
  endfacet
  facet normal -0 0 -1
    outer loop
      vertex -56.2502 7.18116 23.9
      vertex -59.9 6.6 23.9
      vertex -56.75 7.53109 23.9
    endloop
  endfacet
  facet normal -0 0 -1
    outer loop
      vertex -56.75 7.53109 23.9
      vertex -59.9 6.6 23.9
      vertex -57.3029 7.78892 23.9
    endloop
  endfacet
  facet normal -0 0 -1
    outer loop
      vertex -55.0532 5.10777 23.9
      vertex -59.9 3.4 23.9
      vertex -55.2111 5.69707 23.9
    endloop
  endfacet
  facet normal -0 0 -1
    outer loop
      vertex -57.3029 7.78892 23.9
      vertex -59.9 6.6 23.9
      vertex -57.8922 7.94683 23.9
    endloop
  endfacet
  facet normal -0 0 -1
    outer loop
      vertex -57.8922 7.94683 23.9
      vertex -59.9 6.6 23.9
      vertex -58.5 8 23.9
    endloop
  endfacet
  facet normal 0 0 -1
    outer loop
      vertex -64.1 6.6 23.9
      vertex -58.5 8 23.9
      vertex -59.9 6.6 23.9
    endloop
  endfacet
  facet normal 0 0 -1
    outer loop
      vertex -69 4.5 23.9
      vertex -64.4896 2.08906 23.9
      vertex -64.8146 1.625 23.9
    endloop
  endfacet
  facet normal 0 0 -1
    outer loop
      vertex -69 4.5 23.9
      vertex -64.8146 1.625 23.9
      vertex -65.054 1.11156 23.9
    endloop
  endfacet
  facet normal 0 0 -1
    outer loop
      vertex -69 4.5 23.9
      vertex -65.054 1.11156 23.9
      vertex -65.2006 0.564356 23.9
    endloop
  endfacet
  facet normal 0 0 -1
    outer loop
      vertex -64.1 6.6 23.9
      vertex -65.5 8 23.9
      vertex -58.5 8 23.9
    endloop
  endfacet
  facet normal 0 -0 -1
    outer loop
      vertex -68.9468 5.10777 23.9
      vertex -64.1 3.4 23.9
      vertex -69 4.5 23.9
    endloop
  endfacet
  facet normal 0 0 -1
    outer loop
      vertex -69 4.5 23.9
      vertex -65.2006 0.564356 23.9
      vertex -65.25 0 23.9
    endloop
  endfacet
  facet normal -0 0 -1
    outer loop
      vertex -65.2006 -0.564356 23.9
      vertex -69 -4.5 23.9
      vertex -65.25 0 23.9
    endloop
  endfacet
  facet normal 0 0 -1
    outer loop
      vertex -69 -4.5 23.9
      vertex -65.5 -8 23.9
      vertex -66.1078 -7.94683 23.9
    endloop
  endfacet
  facet normal 0 0 -1
    outer loop
      vertex -69 4.5 23.9
      vertex -65.25 0 23.9
      vertex -69 -4.5 23.9
    endloop
  endfacet
  facet normal 0 0 -1
    outer loop
      vertex -69 -4.5 23.9
      vertex -66.1078 -7.94683 23.9
      vertex -66.6971 -7.78892 23.9
    endloop
  endfacet
  facet normal 0 -0 -1
    outer loop
      vertex -68.7889 5.69707 23.9
      vertex -64.1 3.4 23.9
      vertex -68.9468 5.10777 23.9
    endloop
  endfacet
  facet normal 0 0 -1
    outer loop
      vertex -69 -4.5 23.9
      vertex -66.6971 -7.78892 23.9
      vertex -67.25 -7.53109 23.9
    endloop
  endfacet
  facet normal 0 0 -1
    outer loop
      vertex -64.1 6.6 23.9
      vertex -66.1078 7.94683 23.9
      vertex -65.5 8 23.9
    endloop
  endfacet
  facet normal 0 0 -1
    outer loop
      vertex -69 -4.5 23.9
      vertex -67.25 -7.53109 23.9
      vertex -67.7498 -7.18116 23.9
    endloop
  endfacet
  facet normal 0 0 -1
    outer loop
      vertex -64.1 6.6 23.9
      vertex -66.6971 7.78892 23.9
      vertex -66.1078 7.94683 23.9
    endloop
  endfacet
  facet normal 0 0 -1
    outer loop
      vertex -69 -4.5 23.9
      vertex -67.7498 -7.18116 23.9
      vertex -68.1812 -6.74976 23.9
    endloop
  endfacet
  facet normal 0 0 -1
    outer loop
      vertex -64.1 6.6 23.9
      vertex -67.25 7.53109 23.9
      vertex -66.6971 7.78892 23.9
    endloop
  endfacet
  facet normal 0 0 -1
    outer loop
      vertex -69 -4.5 23.9
      vertex -68.1812 -6.74976 23.9
      vertex -68.5311 -6.25 23.9
    endloop
  endfacet
  facet normal 0 0 -1
    outer loop
      vertex -64.1 6.6 23.9
      vertex -67.7498 7.18116 23.9
      vertex -67.25 7.53109 23.9
    endloop
  endfacet
  facet normal 0 0 -1
    outer loop
      vertex -69 -4.5 23.9
      vertex -68.5311 -6.25 23.9
      vertex -68.7889 -5.69707 23.9
    endloop
  endfacet
  facet normal 0 0 -1
    outer loop
      vertex -64.1 6.6 23.9
      vertex -68.1812 6.74976 23.9
      vertex -67.7498 7.18116 23.9
    endloop
  endfacet
  facet normal 0 0 -1
    outer loop
      vertex -69 -4.5 23.9
      vertex -68.7889 -5.69707 23.9
      vertex -68.9468 -5.10777 23.9
    endloop
  endfacet
  facet normal -0 0 -1
    outer loop
      vertex -64.1 6.6 23.9
      vertex -68.5311 6.25 23.9
      vertex -68.1812 6.74976 23.9
    endloop
  endfacet
  facet normal 0 0 -1
    outer loop
      vertex -64.1 3.4 23.9
      vertex -68.5311 6.25 23.9
      vertex -64.1 6.6 23.9
    endloop
  endfacet
  facet normal 0 -0 -1
    outer loop
      vertex -68.5311 6.25 23.9
      vertex -64.1 3.4 23.9
      vertex -68.7889 5.69707 23.9
    endloop
  endfacet
  facet normal 0 0 -1
    outer loop
      vertex -55 -4.5 23.9
      vertex -59.5104 -2.08906 23.9
      vertex -59.1854 -1.625 23.9
    endloop
  endfacet
  facet normal 0 0 -1
    outer loop
      vertex -59.9 -3.4 23.9
      vertex -59.9109 -2.48964 23.9
      vertex -59.5104 -2.08906 23.9
    endloop
  endfacet
  facet normal 0 0 -1
    outer loop
      vertex -59.9 -3.4 23.9
      vertex -60.375 -2.81458 23.9
      vertex -59.9109 -2.48964 23.9
    endloop
  endfacet
  facet normal 0 0 -1
    outer loop
      vertex -59.9 -3.4 23.9
      vertex -60.8884 -3.054 23.9
      vertex -60.375 -2.81458 23.9
    endloop
  endfacet
  facet normal 0 0 -1
    outer loop
      vertex -59.9 -3.4 23.9
      vertex -61.4356 -3.20062 23.9
      vertex -60.8884 -3.054 23.9
    endloop
  endfacet
  facet normal 0 0 -1
    outer loop
      vertex -59.9 -3.4 23.9
      vertex -62 -3.25 23.9
      vertex -61.4356 -3.20062 23.9
    endloop
  endfacet
  facet normal 0 0 -1
    outer loop
      vertex -64.1 -3.4 23.9
      vertex -62 -3.25 23.9
      vertex -59.9 -3.4 23.9
    endloop
  endfacet
  facet normal 0 0 -1
    outer loop
      vertex -64.1 -3.4 23.9
      vertex -62.5644 -3.20062 23.9
      vertex -62 -3.25 23.9
    endloop
  endfacet
  facet normal 0 0 -1
    outer loop
      vertex -64.1 -3.4 23.9
      vertex -63.1116 -3.054 23.9
      vertex -62.5644 -3.20062 23.9
    endloop
  endfacet
  facet normal 0 0 -1
    outer loop
      vertex -64.1 -3.4 23.9
      vertex -63.625 -2.81458 23.9
      vertex -63.1116 -3.054 23.9
    endloop
  endfacet
  facet normal 0 0 -1
    outer loop
      vertex -64.1 -3.4 23.9
      vertex -64.0891 -2.48964 23.9
      vertex -63.625 -2.81458 23.9
    endloop
  endfacet
  facet normal -0 0 -1
    outer loop
      vertex -64.0891 -2.48964 23.9
      vertex -64.1 -3.4 23.9
      vertex -64.4896 -2.08906 23.9
    endloop
  endfacet
  facet normal -1 0 0
    outer loop
      vertex -52 -22.5 -1.4
      vertex -52 -9 1.4
      vertex -52 -9 -1.4
    endloop
  endfacet
  facet normal -1 -0 0
    outer loop
      vertex -52 -9 1.4
      vertex -52 -22.5 -1.4
      vertex -52 -22.5 1.4
    endloop
  endfacet
  facet normal -1 0 0
    outer loop
      vertex -52 9 -1.4
      vertex -52 22.5 1.4
      vertex -52 22.5 -1.4
    endloop
  endfacet
  facet normal -1 -0 0
    outer loop
      vertex -52 22.5 1.4
      vertex -52 9 -1.4
      vertex -52 9 1.4
    endloop
  endfacet
  facet normal 0 1 -0
    outer loop
      vertex 48.5 26 -1.4
      vertex -48.5 26 1.4
      vertex 48.5 26 1.4
    endloop
  endfacet
  facet normal 0 1 0
    outer loop
      vertex -48.5 26 1.4
      vertex 48.5 26 -1.4
      vertex -48.5 26 -1.4
    endloop
  endfacet
  facet normal -0.573506 -0.819201 0
    outer loop
      vertex -50.7498 -25.1812 -1.4
      vertex -50.25 -25.5311 1.4
      vertex -50.7498 -25.1812 1.4
    endloop
  endfacet
  facet normal -0.573506 -0.819201 -0
    outer loop
      vertex -50.25 -25.5311 1.4
      vertex -50.7498 -25.1812 -1.4
      vertex -50.25 -25.5311 -1.4
    endloop
  endfacet
  facet normal -0.996191 0.0871954 1.93143e-18
    outer loop
      vertex -52 22.5 -1.4
      vertex -51.9468 23.1078 1.4
      vertex -51.9468 23.1078 -1.4
    endloop
  endfacet
  facet normal -0.996191 0.0871954 1.93143e-18
    outer loop
      vertex -51.9468 23.1078 1.4
      vertex -52 22.5 -1.4
      vertex -52 22.5 1.4
    endloop
  endfacet
  facet normal -0.906321 0.422589 -5.7274e-18
    outer loop
      vertex -51.7889 23.6971 -1.4
      vertex -51.5311 24.25 1.4
      vertex -51.5311 24.25 -1.4
    endloop
  endfacet
  facet normal -0.906321 0.422589 -5.7274e-18
    outer loop
      vertex -51.5311 24.25 1.4
      vertex -51.7889 23.6971 -1.4
      vertex -51.7889 23.6971 1.4
    endloop
  endfacet
  facet normal 0.707107 -0.707107 6.9468e-18
    outer loop
      vertex 50.7498 -25.1812 1.4
      vertex 51.1812 -24.7498 -1.4
      vertex 51.1812 -24.7498 1.4
    endloop
  endfacet
  facet normal 0.707107 -0.707107 6.9468e-18
    outer loop
      vertex 51.1812 -24.7498 -1.4
      vertex 50.7498 -25.1812 1.4
      vertex 50.7498 -25.1812 -1.4
    endloop
  endfacet
  facet normal 0.965927 0.258815 2.81196e-18
    outer loop
      vertex 51.9468 23.1078 1.4
      vertex 51.7889 23.6971 -1.4
      vertex 51.7889 23.6971 1.4
    endloop
  endfacet
  facet normal 0.965927 0.258815 2.81196e-18
    outer loop
      vertex 51.7889 23.6971 -1.4
      vertex 51.9468 23.1078 1.4
      vertex 51.9468 23.1078 -1.4
    endloop
  endfacet
  facet normal -0.965927 0.258815 -2.81196e-18
    outer loop
      vertex -51.9468 23.1078 -1.4
      vertex -51.7889 23.6971 1.4
      vertex -51.7889 23.6971 -1.4
    endloop
  endfacet
  facet normal -0.965927 0.258815 -2.81196e-18
    outer loop
      vertex -51.7889 23.6971 1.4
      vertex -51.9468 23.1078 -1.4
      vertex -51.9468 23.1078 1.4
    endloop
  endfacet
  facet normal 0.573506 0.819201 -0
    outer loop
      vertex 50.7498 25.1812 -1.4
      vertex 50.25 25.5311 1.4
      vertex 50.7498 25.1812 1.4
    endloop
  endfacet
  facet normal 0.573506 0.819201 0
    outer loop
      vertex 50.25 25.5311 1.4
      vertex 50.7498 25.1812 -1.4
      vertex 50.25 25.5311 -1.4
    endloop
  endfacet
  facet normal -0.258815 -0.965927 0
    outer loop
      vertex -49.6971 -25.7889 -1.4
      vertex -49.1078 -25.9468 1.4
      vertex -49.6971 -25.7889 1.4
    endloop
  endfacet
  facet normal -0.258815 -0.965927 -0
    outer loop
      vertex -49.1078 -25.9468 1.4
      vertex -49.6971 -25.7889 -1.4
      vertex -49.1078 -25.9468 -1.4
    endloop
  endfacet
  facet normal 0 -1 0
    outer loop
      vertex -48.5 -26 -1.4
      vertex 48.5 -26 1.4
      vertex -48.5 -26 1.4
    endloop
  endfacet
  facet normal 0 -1 -0
    outer loop
      vertex 48.5 -26 1.4
      vertex -48.5 -26 -1.4
      vertex 48.5 -26 -1.4
    endloop
  endfacet
  facet normal -0.819201 0.573506 -4.22304e-18
    outer loop
      vertex -51.5311 24.25 -1.4
      vertex -51.1812 24.7498 1.4
      vertex -51.1812 24.7498 -1.4
    endloop
  endfacet
  facet normal -0.819201 0.573506 -4.22304e-18
    outer loop
      vertex -51.1812 24.7498 1.4
      vertex -51.5311 24.25 -1.4
      vertex -51.5311 24.25 1.4
    endloop
  endfacet
  facet normal -0.996191 -0.0871954 -1.93143e-18
    outer loop
      vertex -51.9468 -23.1078 -1.4
      vertex -52 -22.5 1.4
      vertex -52 -22.5 -1.4
    endloop
  endfacet
  facet normal -0.996191 -0.0871954 -1.93143e-18
    outer loop
      vertex -52 -22.5 1.4
      vertex -51.9468 -23.1078 -1.4
      vertex -51.9468 -23.1078 1.4
    endloop
  endfacet
  facet normal 0.258815 -0.965927 0
    outer loop
      vertex 49.1078 -25.9468 -1.4
      vertex 49.6971 -25.7889 1.4
      vertex 49.1078 -25.9468 1.4
    endloop
  endfacet
  facet normal 0.258815 -0.965927 0
    outer loop
      vertex 49.6971 -25.7889 1.4
      vertex 49.1078 -25.9468 -1.4
      vertex 49.6971 -25.7889 -1.4
    endloop
  endfacet
  facet normal -0.707107 -0.707107 -6.9468e-18
    outer loop
      vertex -50.7498 -25.1812 -1.4
      vertex -51.1812 -24.7498 1.4
      vertex -51.1812 -24.7498 -1.4
    endloop
  endfacet
  facet normal -0.707107 -0.707107 -6.9468e-18
    outer loop
      vertex -51.1812 -24.7498 1.4
      vertex -50.7498 -25.1812 -1.4
      vertex -50.7498 -25.1812 1.4
    endloop
  endfacet
  facet normal -0.965927 -0.258815 2.81196e-18
    outer loop
      vertex -51.7889 -23.6971 -1.4
      vertex -51.9468 -23.1078 1.4
      vertex -51.9468 -23.1078 -1.4
    endloop
  endfacet
  facet normal -0.965927 -0.258815 2.81196e-18
    outer loop
      vertex -51.9468 -23.1078 1.4
      vertex -51.7889 -23.6971 -1.4
      vertex -51.7889 -23.6971 1.4
    endloop
  endfacet
  facet normal 0.906321 0.422589 5.7274e-18
    outer loop
      vertex 51.7889 23.6971 1.4
      vertex 51.5311 24.25 -1.4
      vertex 51.5311 24.25 1.4
    endloop
  endfacet
  facet normal 0.906321 0.422589 5.7274e-18
    outer loop
      vertex 51.5311 24.25 -1.4
      vertex 51.7889 23.6971 1.4
      vertex 51.7889 23.6971 -1.4
    endloop
  endfacet
  facet normal -0.422589 0.906321 0
    outer loop
      vertex -49.6971 25.7889 -1.4
      vertex -50.25 25.5311 1.4
      vertex -49.6971 25.7889 1.4
    endloop
  endfacet
  facet normal -0.422589 0.906321 0
    outer loop
      vertex -50.25 25.5311 1.4
      vertex -49.6971 25.7889 -1.4
      vertex -50.25 25.5311 -1.4
    endloop
  endfacet
  facet normal 1 -0 0
    outer loop
      vertex 52 -22.5 1.4
      vertex 52 22.5 -1.4
      vertex 52 22.5 1.4
    endloop
  endfacet
  facet normal 1 0 0
    outer loop
      vertex 52 22.5 -1.4
      vertex 52 -22.5 1.4
      vertex 52 -22.5 -1.4
    endloop
  endfacet
  facet normal -0.707107 0.707107 6.9468e-18
    outer loop
      vertex -51.1812 24.7498 -1.4
      vertex -50.7498 25.1812 1.4
      vertex -50.7498 25.1812 -1.4
    endloop
  endfacet
  facet normal -0.707107 0.707107 6.9468e-18
    outer loop
      vertex -50.7498 25.1812 1.4
      vertex -51.1812 24.7498 -1.4
      vertex -51.1812 24.7498 1.4
    endloop
  endfacet
  facet normal -0.0871954 0.996191 0
    outer loop
      vertex -48.5 26 -1.4
      vertex -49.1078 25.9468 1.4
      vertex -48.5 26 1.4
    endloop
  endfacet
  facet normal -0.0871954 0.996191 0
    outer loop
      vertex -49.1078 25.9468 1.4
      vertex -48.5 26 -1.4
      vertex -49.1078 25.9468 -1.4
    endloop
  endfacet
  facet normal 0.707107 0.707107 -6.9468e-18
    outer loop
      vertex 51.1812 24.7498 1.4
      vertex 50.7498 25.1812 -1.4
      vertex 50.7498 25.1812 1.4
    endloop
  endfacet
  facet normal 0.707107 0.707107 -6.9468e-18
    outer loop
      vertex 50.7498 25.1812 -1.4
      vertex 51.1812 24.7498 1.4
      vertex 51.1812 24.7498 -1.4
    endloop
  endfacet
  facet normal -0.906321 -0.422589 5.7274e-18
    outer loop
      vertex -51.5311 -24.25 -1.4
      vertex -51.7889 -23.6971 1.4
      vertex -51.7889 -23.6971 -1.4
    endloop
  endfacet
  facet normal -0.906321 -0.422589 5.7274e-18
    outer loop
      vertex -51.7889 -23.6971 1.4
      vertex -51.5311 -24.25 -1.4
      vertex -51.5311 -24.25 1.4
    endloop
  endfacet
  facet normal -0.819201 -0.573506 4.22304e-18
    outer loop
      vertex -51.1812 -24.7498 -1.4
      vertex -51.5311 -24.25 1.4
      vertex -51.5311 -24.25 -1.4
    endloop
  endfacet
  facet normal -0.819201 -0.573506 4.22304e-18
    outer loop
      vertex -51.5311 -24.25 1.4
      vertex -51.1812 -24.7498 -1.4
      vertex -51.1812 -24.7498 1.4
    endloop
  endfacet
  facet normal 0.0871954 -0.996191 0
    outer loop
      vertex 48.5 -26 -1.4
      vertex 49.1078 -25.9468 1.4
      vertex 48.5 -26 1.4
    endloop
  endfacet
  facet normal 0.0871954 -0.996191 0
    outer loop
      vertex 49.1078 -25.9468 1.4
      vertex 48.5 -26 -1.4
      vertex 49.1078 -25.9468 -1.4
    endloop
  endfacet
  facet normal 0.996191 -0.0871954 1.93143e-18
    outer loop
      vertex 51.9468 -23.1078 1.4
      vertex 52 -22.5 -1.4
      vertex 52 -22.5 1.4
    endloop
  endfacet
  facet normal 0.996191 -0.0871954 1.93143e-18
    outer loop
      vertex 52 -22.5 -1.4
      vertex 51.9468 -23.1078 1.4
      vertex 51.9468 -23.1078 -1.4
    endloop
  endfacet
  facet normal 0.965927 -0.258815 -2.81196e-18
    outer loop
      vertex 51.7889 -23.6971 1.4
      vertex 51.9468 -23.1078 -1.4
      vertex 51.9468 -23.1078 1.4
    endloop
  endfacet
  facet normal 0.965927 -0.258815 -2.81196e-18
    outer loop
      vertex 51.9468 -23.1078 -1.4
      vertex 51.7889 -23.6971 1.4
      vertex 51.7889 -23.6971 -1.4
    endloop
  endfacet
  facet normal -0.573506 0.819201 0
    outer loop
      vertex -50.25 25.5311 -1.4
      vertex -50.7498 25.1812 1.4
      vertex -50.25 25.5311 1.4
    endloop
  endfacet
  facet normal -0.573506 0.819201 0
    outer loop
      vertex -50.7498 25.1812 1.4
      vertex -50.25 25.5311 -1.4
      vertex -50.7498 25.1812 -1.4
    endloop
  endfacet
  facet normal 0.819201 -0.573506 -4.22304e-18
    outer loop
      vertex 51.1812 -24.7498 1.4
      vertex 51.5311 -24.25 -1.4
      vertex 51.5311 -24.25 1.4
    endloop
  endfacet
  facet normal 0.819201 -0.573506 -4.22304e-18
    outer loop
      vertex 51.5311 -24.25 -1.4
      vertex 51.1812 -24.7498 1.4
      vertex 51.1812 -24.7498 -1.4
    endloop
  endfacet
  facet normal 0.422589 -0.906321 0
    outer loop
      vertex 49.6971 -25.7889 -1.4
      vertex 50.25 -25.5311 1.4
      vertex 49.6971 -25.7889 1.4
    endloop
  endfacet
  facet normal 0.422589 -0.906321 0
    outer loop
      vertex 50.25 -25.5311 1.4
      vertex 49.6971 -25.7889 -1.4
      vertex 50.25 -25.5311 -1.4
    endloop
  endfacet
  facet normal -0.0871954 -0.996191 0
    outer loop
      vertex -49.1078 -25.9468 -1.4
      vertex -48.5 -26 1.4
      vertex -49.1078 -25.9468 1.4
    endloop
  endfacet
  facet normal -0.0871954 -0.996191 -0
    outer loop
      vertex -48.5 -26 1.4
      vertex -49.1078 -25.9468 -1.4
      vertex -48.5 -26 -1.4
    endloop
  endfacet
  facet normal 0.0871954 0.996191 -0
    outer loop
      vertex 49.1078 25.9468 -1.4
      vertex 48.5 26 1.4
      vertex 49.1078 25.9468 1.4
    endloop
  endfacet
  facet normal 0.0871954 0.996191 0
    outer loop
      vertex 48.5 26 1.4
      vertex 49.1078 25.9468 -1.4
      vertex 48.5 26 -1.4
    endloop
  endfacet
  facet normal 0.906321 -0.422589 -5.7274e-18
    outer loop
      vertex 51.5311 -24.25 1.4
      vertex 51.7889 -23.6971 -1.4
      vertex 51.7889 -23.6971 1.4
    endloop
  endfacet
  facet normal 0.906321 -0.422589 -5.7274e-18
    outer loop
      vertex 51.7889 -23.6971 -1.4
      vertex 51.5311 -24.25 1.4
      vertex 51.5311 -24.25 -1.4
    endloop
  endfacet
  facet normal 0.819201 0.573506 4.22304e-18
    outer loop
      vertex 51.5311 24.25 1.4
      vertex 51.1812 24.7498 -1.4
      vertex 51.1812 24.7498 1.4
    endloop
  endfacet
  facet normal 0.819201 0.573506 4.22304e-18
    outer loop
      vertex 51.1812 24.7498 -1.4
      vertex 51.5311 24.25 1.4
      vertex 51.5311 24.25 -1.4
    endloop
  endfacet
  facet normal 0.573506 -0.819201 0
    outer loop
      vertex 50.25 -25.5311 -1.4
      vertex 50.7498 -25.1812 1.4
      vertex 50.25 -25.5311 1.4
    endloop
  endfacet
  facet normal 0.573506 -0.819201 0
    outer loop
      vertex 50.7498 -25.1812 1.4
      vertex 50.25 -25.5311 -1.4
      vertex 50.7498 -25.1812 -1.4
    endloop
  endfacet
  facet normal 0.996191 0.0871954 -1.93143e-18
    outer loop
      vertex 52 22.5 1.4
      vertex 51.9468 23.1078 -1.4
      vertex 51.9468 23.1078 1.4
    endloop
  endfacet
  facet normal 0.996191 0.0871954 -1.93143e-18
    outer loop
      vertex 51.9468 23.1078 -1.4
      vertex 52 22.5 1.4
      vertex 52 22.5 -1.4
    endloop
  endfacet
  facet normal -0.258815 0.965927 0
    outer loop
      vertex -49.1078 25.9468 -1.4
      vertex -49.6971 25.7889 1.4
      vertex -49.1078 25.9468 1.4
    endloop
  endfacet
  facet normal -0.258815 0.965927 0
    outer loop
      vertex -49.6971 25.7889 1.4
      vertex -49.1078 25.9468 -1.4
      vertex -49.6971 25.7889 -1.4
    endloop
  endfacet
  facet normal 0.258815 0.965927 -0
    outer loop
      vertex 49.6971 25.7889 -1.4
      vertex 49.1078 25.9468 1.4
      vertex 49.6971 25.7889 1.4
    endloop
  endfacet
  facet normal 0.258815 0.965927 0
    outer loop
      vertex 49.1078 25.9468 1.4
      vertex 49.6971 25.7889 -1.4
      vertex 49.1078 25.9468 -1.4
    endloop
  endfacet
  facet normal -0.422589 -0.906321 0
    outer loop
      vertex -50.25 -25.5311 -1.4
      vertex -49.6971 -25.7889 1.4
      vertex -50.25 -25.5311 1.4
    endloop
  endfacet
  facet normal -0.422589 -0.906321 -0
    outer loop
      vertex -49.6971 -25.7889 1.4
      vertex -50.25 -25.5311 -1.4
      vertex -49.6971 -25.7889 -1.4
    endloop
  endfacet
  facet normal 0.422589 0.906321 -0
    outer loop
      vertex 50.25 25.5311 -1.4
      vertex 49.6971 25.7889 1.4
      vertex 50.25 25.5311 1.4
    endloop
  endfacet
  facet normal 0.422589 0.906321 0
    outer loop
      vertex 49.6971 25.7889 1.4
      vertex 50.25 25.5311 -1.4
      vertex 49.6971 25.7889 -1.4
    endloop
  endfacet
  facet normal -0.965914 -0.258864 -7.94089e-18
    outer loop
      vertex -30.9623 -15.288 -1.4
      vertex -31.1473 -14.5977 0.7
      vertex -31.1473 -14.5977 -1.4
    endloop
  endfacet
  facet normal -0.965914 -0.258864 -7.94089e-18
    outer loop
      vertex -31.1473 -14.5977 0.7
      vertex -30.9623 -15.288 -1.4
      vertex -30.9623 -15.288 0.7
    endloop
  endfacet
  facet normal -0.996194 -0.087167 1.87824e-19
    outer loop
      vertex -30.9 -16 -1.4
      vertex -30.9623 -15.288 0.7
      vertex -30.9623 -15.288 -1.4
    endloop
  endfacet
  facet normal -0.996194 -0.087167 1.87824e-19
    outer loop
      vertex -30.9623 -15.288 0.7
      vertex -30.9 -16 -1.4
      vertex -30.9 -16 0.7
    endloop
  endfacet
  facet normal -0.906323 -0.422587 -8.62898e-18
    outer loop
      vertex -31.1473 -14.5977 -1.4
      vertex -31.4493 -13.95 0.7
      vertex -31.4493 -13.95 -1.4
    endloop
  endfacet
  facet normal -0.906323 -0.422587 -8.62898e-18
    outer loop
      vertex -31.4493 -13.95 0.7
      vertex -31.1473 -14.5977 -1.4
      vertex -31.1473 -14.5977 0.7
    endloop
  endfacet
  facet normal 0.573575 0.819153 -0
    outer loop
      vertex -37.05 -19.5507 -1.4
      vertex -37.6354 -19.1408 0.7
      vertex -37.05 -19.5507 0.7
    endloop
  endfacet
  facet normal 0.573575 0.819153 0
    outer loop
      vertex -37.6354 -19.1408 0.7
      vertex -37.05 -19.5507 -1.4
      vertex -37.6354 -19.1408 -1.4
    endloop
  endfacet
  facet normal -0.996194 0.087167 -1.87824e-19
    outer loop
      vertex -30.9623 -16.712 -1.4
      vertex -30.9 -16 0.7
      vertex -30.9 -16 -1.4
    endloop
  endfacet
  facet normal -0.996194 0.087167 -1.87824e-19
    outer loop
      vertex -30.9 -16 0.7
      vertex -30.9623 -16.712 -1.4
      vertex -30.9623 -16.712 0.7
    endloop
  endfacet
  facet normal -0.819153 -0.573575 -7.44099e-18
    outer loop
      vertex -31.4493 -13.95 -1.4
      vertex -31.8592 -13.3646 0.7
      vertex -31.8592 -13.3646 -1.4
    endloop
  endfacet
  facet normal -0.819153 -0.573575 -7.44099e-18
    outer loop
      vertex -31.8592 -13.3646 0.7
      vertex -31.4493 -13.95 -1.4
      vertex -31.4493 -13.95 0.7
    endloop
  endfacet
  facet normal -0.422587 0.906323 0
    outer loop
      vertex -32.95 -19.5507 -1.4
      vertex -33.5977 -19.8527 0.7
      vertex -32.95 -19.5507 0.7
    endloop
  endfacet
  facet normal -0.422587 0.906323 0
    outer loop
      vertex -33.5977 -19.8527 0.7
      vertex -32.95 -19.5507 -1.4
      vertex -33.5977 -19.8527 -1.4
    endloop
  endfacet
  facet normal -0.965914 0.258864 7.94089e-18
    outer loop
      vertex -31.1473 -17.4023 -1.4
      vertex -30.9623 -16.712 0.7
      vertex -30.9623 -16.712 -1.4
    endloop
  endfacet
  facet normal -0.965914 0.258864 7.94089e-18
    outer loop
      vertex -30.9623 -16.712 0.7
      vertex -31.1473 -17.4023 -1.4
      vertex -31.1473 -17.4023 0.7
    endloop
  endfacet
  facet normal 0.996194 0.087167 1.87824e-19
    outer loop
      vertex -39.0377 -16.712 0.7
      vertex -39.1 -16 -1.4
      vertex -39.1 -16 0.7
    endloop
  endfacet
  facet normal 0.996194 0.087167 1.87824e-19
    outer loop
      vertex -39.1 -16 -1.4
      vertex -39.0377 -16.712 0.7
      vertex -39.0377 -16.712 -1.4
    endloop
  endfacet
  facet normal -0.422587 -0.906323 0
    outer loop
      vertex -33.5977 -12.1473 -1.4
      vertex -32.95 -12.4493 0.7
      vertex -33.5977 -12.1473 0.7
    endloop
  endfacet
  facet normal -0.422587 -0.906323 -0
    outer loop
      vertex -32.95 -12.4493 0.7
      vertex -33.5977 -12.1473 -1.4
      vertex -32.95 -12.4493 -1.4
    endloop
  endfacet
  facet normal 0.707107 0.707107 -1.72103e-17
    outer loop
      vertex -37.6354 -19.1408 0.7
      vertex -38.1408 -18.6354 -1.4
      vertex -38.1408 -18.6354 0.7
    endloop
  endfacet
  facet normal 0.707107 0.707107 -1.72103e-17
    outer loop
      vertex -38.1408 -18.6354 -1.4
      vertex -37.6354 -19.1408 0.7
      vertex -37.6354 -19.1408 -1.4
    endloop
  endfacet
  facet normal -0.819153 0.573575 7.44099e-18
    outer loop
      vertex -31.8592 -18.6354 -1.4
      vertex -31.4493 -18.05 0.7
      vertex -31.4493 -18.05 -1.4
    endloop
  endfacet
  facet normal -0.819153 0.573575 7.44099e-18
    outer loop
      vertex -31.4493 -18.05 0.7
      vertex -31.8592 -18.6354 -1.4
      vertex -31.8592 -18.6354 0.7
    endloop
  endfacet
  facet normal -0.906323 0.422587 8.62898e-18
    outer loop
      vertex -31.4493 -18.05 -1.4
      vertex -31.1473 -17.4023 0.7
      vertex -31.1473 -17.4023 -1.4
    endloop
  endfacet
  facet normal -0.906323 0.422587 8.62898e-18
    outer loop
      vertex -31.1473 -17.4023 0.7
      vertex -31.4493 -18.05 -1.4
      vertex -31.4493 -18.05 0.7
    endloop
  endfacet
  facet normal 0.906323 -0.422587 8.62898e-18
    outer loop
      vertex -38.8527 -14.5977 0.7
      vertex -38.5507 -13.95 -1.4
      vertex -38.5507 -13.95 0.7
    endloop
  endfacet
  facet normal 0.906323 -0.422587 8.62898e-18
    outer loop
      vertex -38.5507 -13.95 -1.4
      vertex -38.8527 -14.5977 0.7
      vertex -38.8527 -14.5977 -1.4
    endloop
  endfacet
  facet normal 0.573575 -0.819153 0
    outer loop
      vertex -37.6354 -12.8592 -1.4
      vertex -37.05 -12.4493 0.7
      vertex -37.6354 -12.8592 0.7
    endloop
  endfacet
  facet normal 0.573575 -0.819153 0
    outer loop
      vertex -37.05 -12.4493 0.7
      vertex -37.6354 -12.8592 -1.4
      vertex -37.05 -12.4493 -1.4
    endloop
  endfacet
  facet normal -0.258864 0.965914 0
    outer loop
      vertex -33.5977 -19.8527 -1.4
      vertex -34.288 -20.0377 0.7
      vertex -33.5977 -19.8527 0.7
    endloop
  endfacet
  facet normal -0.258864 0.965914 0
    outer loop
      vertex -34.288 -20.0377 0.7
      vertex -33.5977 -19.8527 -1.4
      vertex -34.288 -20.0377 -1.4
    endloop
  endfacet
  facet normal 0.422587 -0.906323 0
    outer loop
      vertex -37.05 -12.4493 -1.4
      vertex -36.4023 -12.1473 0.7
      vertex -37.05 -12.4493 0.7
    endloop
  endfacet
  facet normal 0.422587 -0.906323 0
    outer loop
      vertex -36.4023 -12.1473 0.7
      vertex -37.05 -12.4493 -1.4
      vertex -36.4023 -12.1473 -1.4
    endloop
  endfacet
  facet normal 0.819153 0.573575 -7.44099e-18
    outer loop
      vertex -38.1408 -18.6354 0.7
      vertex -38.5507 -18.05 -1.4
      vertex -38.5507 -18.05 0.7
    endloop
  endfacet
  facet normal 0.819153 0.573575 -7.44099e-18
    outer loop
      vertex -38.5507 -18.05 -1.4
      vertex -38.1408 -18.6354 0.7
      vertex -38.1408 -18.6354 -1.4
    endloop
  endfacet
  facet normal 0.965914 -0.258864 7.94089e-18
    outer loop
      vertex -39.0377 -15.288 0.7
      vertex -38.8527 -14.5977 -1.4
      vertex -38.8527 -14.5977 0.7
    endloop
  endfacet
  facet normal 0.965914 -0.258864 7.94089e-18
    outer loop
      vertex -38.8527 -14.5977 -1.4
      vertex -39.0377 -15.288 0.7
      vertex -39.0377 -15.288 -1.4
    endloop
  endfacet
  facet normal 0.087167 0.996194 -0
    outer loop
      vertex -35 -20.1 -1.4
      vertex -35.712 -20.0377 0.7
      vertex -35 -20.1 0.7
    endloop
  endfacet
  facet normal 0.087167 0.996194 0
    outer loop
      vertex -35.712 -20.0377 0.7
      vertex -35 -20.1 -1.4
      vertex -35.712 -20.0377 -1.4
    endloop
  endfacet
  facet normal -0.707107 -0.707107 1.33827e-17
    outer loop
      vertex -31.8592 -13.3646 -1.4
      vertex -32.3646 -12.8592 0.7
      vertex -32.3646 -12.8592 -1.4
    endloop
  endfacet
  facet normal -0.707107 -0.707107 1.33827e-17
    outer loop
      vertex -32.3646 -12.8592 0.7
      vertex -31.8592 -13.3646 -1.4
      vertex -31.8592 -13.3646 0.7
    endloop
  endfacet
  facet normal 0.422587 0.906323 -0
    outer loop
      vertex -36.4023 -19.8527 -1.4
      vertex -37.05 -19.5507 0.7
      vertex -36.4023 -19.8527 0.7
    endloop
  endfacet
  facet normal 0.422587 0.906323 0
    outer loop
      vertex -37.05 -19.5507 0.7
      vertex -36.4023 -19.8527 -1.4
      vertex -37.05 -19.5507 -1.4
    endloop
  endfacet
  facet normal 0.965914 0.258864 -7.94089e-18
    outer loop
      vertex -38.8527 -17.4023 0.7
      vertex -39.0377 -16.712 -1.4
      vertex -39.0377 -16.712 0.7
    endloop
  endfacet
  facet normal 0.965914 0.258864 -7.94089e-18
    outer loop
      vertex -39.0377 -16.712 -1.4
      vertex -38.8527 -17.4023 0.7
      vertex -38.8527 -17.4023 -1.4
    endloop
  endfacet
  facet normal -0.573575 -0.819153 0
    outer loop
      vertex -32.95 -12.4493 -1.4
      vertex -32.3646 -12.8592 0.7
      vertex -32.95 -12.4493 0.7
    endloop
  endfacet
  facet normal -0.573575 -0.819153 -0
    outer loop
      vertex -32.3646 -12.8592 0.7
      vertex -32.95 -12.4493 -1.4
      vertex -32.3646 -12.8592 -1.4
    endloop
  endfacet
  facet normal -0.087167 0.996194 0
    outer loop
      vertex -34.288 -20.0377 -1.4
      vertex -35 -20.1 0.7
      vertex -34.288 -20.0377 0.7
    endloop
  endfacet
  facet normal -0.087167 0.996194 0
    outer loop
      vertex -35 -20.1 0.7
      vertex -34.288 -20.0377 -1.4
      vertex -35 -20.1 -1.4
    endloop
  endfacet
  facet normal 0.906323 0.422587 -8.62898e-18
    outer loop
      vertex -38.5507 -18.05 0.7
      vertex -38.8527 -17.4023 -1.4
      vertex -38.8527 -17.4023 0.7
    endloop
  endfacet
  facet normal 0.906323 0.422587 -8.62898e-18
    outer loop
      vertex -38.8527 -17.4023 -1.4
      vertex -38.5507 -18.05 0.7
      vertex -38.5507 -18.05 -1.4
    endloop
  endfacet
  facet normal -0.087167 -0.996194 0
    outer loop
      vertex -35 -11.9 -1.4
      vertex -34.288 -11.9623 0.7
      vertex -35 -11.9 0.7
    endloop
  endfacet
  facet normal -0.087167 -0.996194 -0
    outer loop
      vertex -34.288 -11.9623 0.7
      vertex -35 -11.9 -1.4
      vertex -34.288 -11.9623 -1.4
    endloop
  endfacet
  facet normal 0.707107 -0.707107 -1.33827e-17
    outer loop
      vertex -38.1408 -13.3646 0.7
      vertex -37.6354 -12.8592 -1.4
      vertex -37.6354 -12.8592 0.7
    endloop
  endfacet
  facet normal 0.707107 -0.707107 -1.33827e-17
    outer loop
      vertex -37.6354 -12.8592 -1.4
      vertex -38.1408 -13.3646 0.7
      vertex -38.1408 -13.3646 -1.4
    endloop
  endfacet
  facet normal -0.258864 -0.965914 0
    outer loop
      vertex -34.288 -11.9623 -1.4
      vertex -33.5977 -12.1473 0.7
      vertex -34.288 -11.9623 0.7
    endloop
  endfacet
  facet normal -0.258864 -0.965914 -0
    outer loop
      vertex -33.5977 -12.1473 0.7
      vertex -34.288 -11.9623 -1.4
      vertex -33.5977 -12.1473 -1.4
    endloop
  endfacet
  facet normal 0.258864 -0.965914 0
    outer loop
      vertex -36.4023 -12.1473 -1.4
      vertex -35.712 -11.9623 0.7
      vertex -36.4023 -12.1473 0.7
    endloop
  endfacet
  facet normal 0.258864 -0.965914 0
    outer loop
      vertex -35.712 -11.9623 0.7
      vertex -36.4023 -12.1473 -1.4
      vertex -35.712 -11.9623 -1.4
    endloop
  endfacet
  facet normal 0.087167 -0.996194 0
    outer loop
      vertex -35.712 -11.9623 -1.4
      vertex -35 -11.9 0.7
      vertex -35.712 -11.9623 0.7
    endloop
  endfacet
  facet normal 0.087167 -0.996194 0
    outer loop
      vertex -35 -11.9 0.7
      vertex -35.712 -11.9623 -1.4
      vertex -35 -11.9 -1.4
    endloop
  endfacet
  facet normal -0.573575 0.819153 0
    outer loop
      vertex -32.3646 -19.1408 -1.4
      vertex -32.95 -19.5507 0.7
      vertex -32.3646 -19.1408 0.7
    endloop
  endfacet
  facet normal -0.573575 0.819153 0
    outer loop
      vertex -32.95 -19.5507 0.7
      vertex -32.3646 -19.1408 -1.4
      vertex -32.95 -19.5507 -1.4
    endloop
  endfacet
  facet normal -0.707107 0.707107 1.72103e-17
    outer loop
      vertex -32.3646 -19.1408 -1.4
      vertex -31.8592 -18.6354 0.7
      vertex -31.8592 -18.6354 -1.4
    endloop
  endfacet
  facet normal -0.707107 0.707107 1.72103e-17
    outer loop
      vertex -31.8592 -18.6354 0.7
      vertex -32.3646 -19.1408 -1.4
      vertex -32.3646 -19.1408 0.7
    endloop
  endfacet
  facet normal 0.996194 -0.087167 -1.87824e-19
    outer loop
      vertex -39.1 -16 0.7
      vertex -39.0377 -15.288 -1.4
      vertex -39.0377 -15.288 0.7
    endloop
  endfacet
  facet normal 0.996194 -0.087167 -1.87824e-19
    outer loop
      vertex -39.0377 -15.288 -1.4
      vertex -39.1 -16 0.7
      vertex -39.1 -16 -1.4
    endloop
  endfacet
  facet normal 0 0 -1
    outer loop
      vertex -30.9623 -16.712 0.7
      vertex -30.9623 -15.288 0.7
      vertex -30.9 -16 0.7
    endloop
  endfacet
  facet normal 0 0 -1
    outer loop
      vertex -31.1473 -17.4023 0.7
      vertex -30.9623 -15.288 0.7
      vertex -30.9623 -16.712 0.7
    endloop
  endfacet
  facet normal 0 0 -1
    outer loop
      vertex -31.1473 -17.4023 0.7
      vertex -31.1473 -14.5977 0.7
      vertex -30.9623 -15.288 0.7
    endloop
  endfacet
  facet normal 0 0 -1
    outer loop
      vertex -31.4493 -18.05 0.7
      vertex -31.1473 -14.5977 0.7
      vertex -31.1473 -17.4023 0.7
    endloop
  endfacet
  facet normal 0 0 -1
    outer loop
      vertex -31.4493 -18.05 0.7
      vertex -31.4493 -13.95 0.7
      vertex -31.1473 -14.5977 0.7
    endloop
  endfacet
  facet normal 0 0 -1
    outer loop
      vertex -31.8592 -18.6354 0.7
      vertex -31.4493 -13.95 0.7
      vertex -31.4493 -18.05 0.7
    endloop
  endfacet
  facet normal 0 0 -1
    outer loop
      vertex -31.8592 -18.6354 0.7
      vertex -31.8592 -13.3646 0.7
      vertex -31.4493 -13.95 0.7
    endloop
  endfacet
  facet normal 0 0 -1
    outer loop
      vertex -32.3646 -19.1408 0.7
      vertex -31.8592 -13.3646 0.7
      vertex -31.8592 -18.6354 0.7
    endloop
  endfacet
  facet normal 0 0 -1
    outer loop
      vertex -32.3646 -19.1408 0.7
      vertex -32.3646 -12.8592 0.7
      vertex -31.8592 -13.3646 0.7
    endloop
  endfacet
  facet normal 0 0 -1
    outer loop
      vertex -32.95 -19.5507 0.7
      vertex -32.3646 -12.8592 0.7
      vertex -32.3646 -19.1408 0.7
    endloop
  endfacet
  facet normal 0 0 -1
    outer loop
      vertex -32.95 -19.5507 0.7
      vertex -32.95 -12.4493 0.7
      vertex -32.3646 -12.8592 0.7
    endloop
  endfacet
  facet normal 0 0 -1
    outer loop
      vertex -33.5977 -19.8527 0.7
      vertex -32.95 -12.4493 0.7
      vertex -32.95 -19.5507 0.7
    endloop
  endfacet
  facet normal 0 0 -1
    outer loop
      vertex -33.5977 -19.8527 0.7
      vertex -33.5977 -12.1473 0.7
      vertex -32.95 -12.4493 0.7
    endloop
  endfacet
  facet normal 0 0 -1
    outer loop
      vertex -34.288 -20.0377 0.7
      vertex -33.5977 -12.1473 0.7
      vertex -33.5977 -19.8527 0.7
    endloop
  endfacet
  facet normal 0 0 -1
    outer loop
      vertex -34.288 -20.0377 0.7
      vertex -34.288 -11.9623 0.7
      vertex -33.5977 -12.1473 0.7
    endloop
  endfacet
  facet normal 0 0 -1
    outer loop
      vertex -35 -20.1 0.7
      vertex -34.288 -11.9623 0.7
      vertex -34.288 -20.0377 0.7
    endloop
  endfacet
  facet normal 0 0 -1
    outer loop
      vertex -35 -20.1 0.7
      vertex -35 -11.9 0.7
      vertex -34.288 -11.9623 0.7
    endloop
  endfacet
  facet normal 0 0 -1
    outer loop
      vertex -35.712 -20.0377 0.7
      vertex -35 -11.9 0.7
      vertex -35 -20.1 0.7
    endloop
  endfacet
  facet normal 0 0 -1
    outer loop
      vertex -35.712 -20.0377 0.7
      vertex -35.712 -11.9623 0.7
      vertex -35 -11.9 0.7
    endloop
  endfacet
  facet normal 0 0 -1
    outer loop
      vertex -36.4023 -19.8527 0.7
      vertex -35.712 -11.9623 0.7
      vertex -35.712 -20.0377 0.7
    endloop
  endfacet
  facet normal 0 0 -1
    outer loop
      vertex -36.4023 -19.8527 0.7
      vertex -36.4023 -12.1473 0.7
      vertex -35.712 -11.9623 0.7
    endloop
  endfacet
  facet normal 0 0 -1
    outer loop
      vertex -37.05 -19.5507 0.7
      vertex -36.4023 -12.1473 0.7
      vertex -36.4023 -19.8527 0.7
    endloop
  endfacet
  facet normal 0 0 -1
    outer loop
      vertex -37.05 -19.5507 0.7
      vertex -37.05 -12.4493 0.7
      vertex -36.4023 -12.1473 0.7
    endloop
  endfacet
  facet normal 0 0 -1
    outer loop
      vertex -37.6354 -19.1408 0.7
      vertex -37.05 -12.4493 0.7
      vertex -37.05 -19.5507 0.7
    endloop
  endfacet
  facet normal 0 0 -1
    outer loop
      vertex -37.6354 -19.1408 0.7
      vertex -37.6354 -12.8592 0.7
      vertex -37.05 -12.4493 0.7
    endloop
  endfacet
  facet normal 0 0 -1
    outer loop
      vertex -38.1408 -18.6354 0.7
      vertex -37.6354 -12.8592 0.7
      vertex -37.6354 -19.1408 0.7
    endloop
  endfacet
  facet normal 0 0 -1
    outer loop
      vertex -38.1408 -18.6354 0.7
      vertex -38.1408 -13.3646 0.7
      vertex -37.6354 -12.8592 0.7
    endloop
  endfacet
  facet normal 0 0 -1
    outer loop
      vertex -38.5507 -18.05 0.7
      vertex -38.1408 -13.3646 0.7
      vertex -38.1408 -18.6354 0.7
    endloop
  endfacet
  facet normal 0 0 -1
    outer loop
      vertex -38.5507 -18.05 0.7
      vertex -38.5507 -13.95 0.7
      vertex -38.1408 -13.3646 0.7
    endloop
  endfacet
  facet normal 0 0 -1
    outer loop
      vertex -38.8527 -17.4023 0.7
      vertex -38.5507 -13.95 0.7
      vertex -38.5507 -18.05 0.7
    endloop
  endfacet
  facet normal 0 0 -1
    outer loop
      vertex -38.8527 -17.4023 0.7
      vertex -38.8527 -14.5977 0.7
      vertex -38.5507 -13.95 0.7
    endloop
  endfacet
  facet normal 0 0 -1
    outer loop
      vertex -39.0377 -16.712 0.7
      vertex -38.8527 -14.5977 0.7
      vertex -38.8527 -17.4023 0.7
    endloop
  endfacet
  facet normal 0 0 -1
    outer loop
      vertex -39.0377 -16.712 0.7
      vertex -39.0377 -15.288 0.7
      vertex -38.8527 -14.5977 0.7
    endloop
  endfacet
  facet normal 0 -0 -1
    outer loop
      vertex -39.0377 -15.288 0.7
      vertex -39.0377 -16.712 0.7
      vertex -39.1 -16 0.7
    endloop
  endfacet
  facet normal 0.258864 0.965914 -0
    outer loop
      vertex -35.712 -20.0377 -1.4
      vertex -36.4023 -19.8527 0.7
      vertex -35.712 -20.0377 0.7
    endloop
  endfacet
  facet normal 0.258864 0.965914 0
    outer loop
      vertex -36.4023 -19.8527 0.7
      vertex -35.712 -20.0377 -1.4
      vertex -36.4023 -19.8527 -1.4
    endloop
  endfacet
  facet normal 0.819153 -0.573575 7.44099e-18
    outer loop
      vertex -38.5507 -13.95 0.7
      vertex -38.1408 -13.3646 -1.4
      vertex -38.1408 -13.3646 0.7
    endloop
  endfacet
  facet normal 0.819153 -0.573575 7.44099e-18
    outer loop
      vertex -38.1408 -13.3646 -1.4
      vertex -38.5507 -13.95 0.7
      vertex -38.5507 -13.95 -1.4
    endloop
  endfacet
  facet normal -0.258864 0.965914 0
    outer loop
      vertex -33.5977 12.1473 -1.4
      vertex -34.288 11.9623 0.7
      vertex -33.5977 12.1473 0.7
    endloop
  endfacet
  facet normal -0.258864 0.965914 0
    outer loop
      vertex -34.288 11.9623 0.7
      vertex -33.5977 12.1473 -1.4
      vertex -34.288 11.9623 -1.4
    endloop
  endfacet
  facet normal -0.965914 -0.258864 -7.94089e-18
    outer loop
      vertex -30.9623 16.712 -1.4
      vertex -31.1473 17.4023 0.7
      vertex -31.1473 17.4023 -1.4
    endloop
  endfacet
  facet normal -0.965914 -0.258864 -7.94089e-18
    outer loop
      vertex -31.1473 17.4023 0.7
      vertex -30.9623 16.712 -1.4
      vertex -30.9623 16.712 0.7
    endloop
  endfacet
  facet normal -0.996194 -0.087167 1.87824e-19
    outer loop
      vertex -30.9 16 -1.4
      vertex -30.9623 16.712 0.7
      vertex -30.9623 16.712 -1.4
    endloop
  endfacet
  facet normal -0.996194 -0.087167 1.87824e-19
    outer loop
      vertex -30.9623 16.712 0.7
      vertex -30.9 16 -1.4
      vertex -30.9 16 0.7
    endloop
  endfacet
  facet normal -0.906323 -0.422587 -8.62898e-18
    outer loop
      vertex -31.1473 17.4023 -1.4
      vertex -31.4493 18.05 0.7
      vertex -31.4493 18.05 -1.4
    endloop
  endfacet
  facet normal -0.906323 -0.422587 -8.62898e-18
    outer loop
      vertex -31.4493 18.05 0.7
      vertex -31.1473 17.4023 -1.4
      vertex -31.1473 17.4023 0.7
    endloop
  endfacet
  facet normal 0.707107 -0.707107 1.72103e-17
    outer loop
      vertex -38.1408 18.6354 0.7
      vertex -37.6354 19.1408 -1.4
      vertex -37.6354 19.1408 0.7
    endloop
  endfacet
  facet normal 0.707107 -0.707107 1.72103e-17
    outer loop
      vertex -37.6354 19.1408 -1.4
      vertex -38.1408 18.6354 0.7
      vertex -38.1408 18.6354 -1.4
    endloop
  endfacet
  facet normal -0.573575 -0.819153 0
    outer loop
      vertex -32.95 19.5507 -1.4
      vertex -32.3646 19.1408 0.7
      vertex -32.95 19.5507 0.7
    endloop
  endfacet
  facet normal -0.573575 -0.819153 -0
    outer loop
      vertex -32.3646 19.1408 0.7
      vertex -32.95 19.5507 -1.4
      vertex -32.3646 19.1408 -1.4
    endloop
  endfacet
  facet normal -0.258864 -0.965914 0
    outer loop
      vertex -34.288 20.0377 -1.4
      vertex -33.5977 19.8527 0.7
      vertex -34.288 20.0377 0.7
    endloop
  endfacet
  facet normal -0.258864 -0.965914 -0
    outer loop
      vertex -33.5977 19.8527 0.7
      vertex -34.288 20.0377 -1.4
      vertex -33.5977 19.8527 -1.4
    endloop
  endfacet
  facet normal 0.965914 -0.258864 7.94089e-18
    outer loop
      vertex -39.0377 16.712 0.7
      vertex -38.8527 17.4023 -1.4
      vertex -38.8527 17.4023 0.7
    endloop
  endfacet
  facet normal 0.965914 -0.258864 7.94089e-18
    outer loop
      vertex -38.8527 17.4023 -1.4
      vertex -39.0377 16.712 0.7
      vertex -39.0377 16.712 -1.4
    endloop
  endfacet
  facet normal 0.258864 0.965914 -0
    outer loop
      vertex -35.712 11.9623 -1.4
      vertex -36.4023 12.1473 0.7
      vertex -35.712 11.9623 0.7
    endloop
  endfacet
  facet normal 0.258864 0.965914 0
    outer loop
      vertex -36.4023 12.1473 0.7
      vertex -35.712 11.9623 -1.4
      vertex -36.4023 12.1473 -1.4
    endloop
  endfacet
  facet normal -0.422587 0.906323 0
    outer loop
      vertex -32.95 12.4493 -1.4
      vertex -33.5977 12.1473 0.7
      vertex -32.95 12.4493 0.7
    endloop
  endfacet
  facet normal -0.422587 0.906323 0
    outer loop
      vertex -33.5977 12.1473 0.7
      vertex -32.95 12.4493 -1.4
      vertex -33.5977 12.1473 -1.4
    endloop
  endfacet
  facet normal -0.819153 -0.573575 -7.44099e-18
    outer loop
      vertex -31.4493 18.05 -1.4
      vertex -31.8592 18.6354 0.7
      vertex -31.8592 18.6354 -1.4
    endloop
  endfacet
  facet normal -0.819153 -0.573575 -7.44099e-18
    outer loop
      vertex -31.8592 18.6354 0.7
      vertex -31.4493 18.05 -1.4
      vertex -31.4493 18.05 0.7
    endloop
  endfacet
  facet normal 0.906323 -0.422587 8.62898e-18
    outer loop
      vertex -38.8527 17.4023 0.7
      vertex -38.5507 18.05 -1.4
      vertex -38.5507 18.05 0.7
    endloop
  endfacet
  facet normal 0.906323 -0.422587 8.62898e-18
    outer loop
      vertex -38.5507 18.05 -1.4
      vertex -38.8527 17.4023 0.7
      vertex -38.8527 17.4023 -1.4
    endloop
  endfacet
  facet normal 0.906323 0.422587 -8.62898e-18
    outer loop
      vertex -38.5507 13.95 0.7
      vertex -38.8527 14.5977 -1.4
      vertex -38.8527 14.5977 0.7
    endloop
  endfacet
  facet normal 0.906323 0.422587 -8.62898e-18
    outer loop
      vertex -38.8527 14.5977 -1.4
      vertex -38.5507 13.95 0.7
      vertex -38.5507 13.95 -1.4
    endloop
  endfacet
  facet normal 0.087167 0.996194 -0
    outer loop
      vertex -35 11.9 -1.4
      vertex -35.712 11.9623 0.7
      vertex -35 11.9 0.7
    endloop
  endfacet
  facet normal 0.087167 0.996194 0
    outer loop
      vertex -35.712 11.9623 0.7
      vertex -35 11.9 -1.4
      vertex -35.712 11.9623 -1.4
    endloop
  endfacet
  facet normal 0.819153 0.573575 -7.44099e-18
    outer loop
      vertex -38.1408 13.3646 0.7
      vertex -38.5507 13.95 -1.4
      vertex -38.5507 13.95 0.7
    endloop
  endfacet
  facet normal 0.819153 0.573575 -7.44099e-18
    outer loop
      vertex -38.5507 13.95 -1.4
      vertex -38.1408 13.3646 0.7
      vertex -38.1408 13.3646 -1.4
    endloop
  endfacet
  facet normal 0.422587 0.906323 -0
    outer loop
      vertex -36.4023 12.1473 -1.4
      vertex -37.05 12.4493 0.7
      vertex -36.4023 12.1473 0.7
    endloop
  endfacet
  facet normal 0.422587 0.906323 0
    outer loop
      vertex -37.05 12.4493 0.7
      vertex -36.4023 12.1473 -1.4
      vertex -37.05 12.4493 -1.4
    endloop
  endfacet
  facet normal -0.573575 0.819153 0
    outer loop
      vertex -32.3646 12.8592 -1.4
      vertex -32.95 12.4493 0.7
      vertex -32.3646 12.8592 0.7
    endloop
  endfacet
  facet normal -0.573575 0.819153 0
    outer loop
      vertex -32.95 12.4493 0.7
      vertex -32.3646 12.8592 -1.4
      vertex -32.95 12.4493 -1.4
    endloop
  endfacet
  facet normal -0.996194 0.087167 -1.87824e-19
    outer loop
      vertex -30.9623 15.288 -1.4
      vertex -30.9 16 0.7
      vertex -30.9 16 -1.4
    endloop
  endfacet
  facet normal -0.996194 0.087167 -1.87824e-19
    outer loop
      vertex -30.9 16 0.7
      vertex -30.9623 15.288 -1.4
      vertex -30.9623 15.288 0.7
    endloop
  endfacet
  facet normal -0.087167 0.996194 0
    outer loop
      vertex -34.288 11.9623 -1.4
      vertex -35 11.9 0.7
      vertex -34.288 11.9623 0.7
    endloop
  endfacet
  facet normal -0.087167 0.996194 0
    outer loop
      vertex -35 11.9 0.7
      vertex -34.288 11.9623 -1.4
      vertex -35 11.9 -1.4
    endloop
  endfacet
  facet normal -0.819153 0.573575 7.44099e-18
    outer loop
      vertex -31.8592 13.3646 -1.4
      vertex -31.4493 13.95 0.7
      vertex -31.4493 13.95 -1.4
    endloop
  endfacet
  facet normal -0.819153 0.573575 7.44099e-18
    outer loop
      vertex -31.4493 13.95 0.7
      vertex -31.8592 13.3646 -1.4
      vertex -31.8592 13.3646 0.7
    endloop
  endfacet
  facet normal -0.965914 0.258864 7.94089e-18
    outer loop
      vertex -31.1473 14.5977 -1.4
      vertex -30.9623 15.288 0.7
      vertex -30.9623 15.288 -1.4
    endloop
  endfacet
  facet normal -0.965914 0.258864 7.94089e-18
    outer loop
      vertex -30.9623 15.288 0.7
      vertex -31.1473 14.5977 -1.4
      vertex -31.1473 14.5977 0.7
    endloop
  endfacet
  facet normal -0.906323 0.422587 8.62898e-18
    outer loop
      vertex -31.4493 13.95 -1.4
      vertex -31.1473 14.5977 0.7
      vertex -31.1473 14.5977 -1.4
    endloop
  endfacet
  facet normal -0.906323 0.422587 8.62898e-18
    outer loop
      vertex -31.1473 14.5977 0.7
      vertex -31.4493 13.95 -1.4
      vertex -31.4493 13.95 0.7
    endloop
  endfacet
  facet normal 0.965914 0.258864 -7.94089e-18
    outer loop
      vertex -38.8527 14.5977 0.7
      vertex -39.0377 15.288 -1.4
      vertex -39.0377 15.288 0.7
    endloop
  endfacet
  facet normal 0.965914 0.258864 -7.94089e-18
    outer loop
      vertex -39.0377 15.288 -1.4
      vertex -38.8527 14.5977 0.7
      vertex -38.8527 14.5977 -1.4
    endloop
  endfacet
  facet normal 0.422587 -0.906323 0
    outer loop
      vertex -37.05 19.5507 -1.4
      vertex -36.4023 19.8527 0.7
      vertex -37.05 19.5507 0.7
    endloop
  endfacet
  facet normal 0.422587 -0.906323 0
    outer loop
      vertex -36.4023 19.8527 0.7
      vertex -37.05 19.5507 -1.4
      vertex -36.4023 19.8527 -1.4
    endloop
  endfacet
  facet normal 0.996194 -0.087167 -1.87824e-19
    outer loop
      vertex -39.1 16 0.7
      vertex -39.0377 16.712 -1.4
      vertex -39.0377 16.712 0.7
    endloop
  endfacet
  facet normal 0.996194 -0.087167 -1.87824e-19
    outer loop
      vertex -39.0377 16.712 -1.4
      vertex -39.1 16 0.7
      vertex -39.1 16 -1.4
    endloop
  endfacet
  facet normal 0 0 -1
    outer loop
      vertex -30.9623 15.288 0.7
      vertex -30.9623 16.712 0.7
      vertex -30.9 16 0.7
    endloop
  endfacet
  facet normal 0 0 -1
    outer loop
      vertex -31.1473 14.5977 0.7
      vertex -30.9623 16.712 0.7
      vertex -30.9623 15.288 0.7
    endloop
  endfacet
  facet normal 0 0 -1
    outer loop
      vertex -31.1473 14.5977 0.7
      vertex -31.1473 17.4023 0.7
      vertex -30.9623 16.712 0.7
    endloop
  endfacet
  facet normal 0 0 -1
    outer loop
      vertex -31.4493 13.95 0.7
      vertex -31.1473 17.4023 0.7
      vertex -31.1473 14.5977 0.7
    endloop
  endfacet
  facet normal 0 0 -1
    outer loop
      vertex -31.4493 13.95 0.7
      vertex -31.4493 18.05 0.7
      vertex -31.1473 17.4023 0.7
    endloop
  endfacet
  facet normal 0 0 -1
    outer loop
      vertex -31.8592 13.3646 0.7
      vertex -31.4493 18.05 0.7
      vertex -31.4493 13.95 0.7
    endloop
  endfacet
  facet normal 0 0 -1
    outer loop
      vertex -31.8592 13.3646 0.7
      vertex -31.8592 18.6354 0.7
      vertex -31.4493 18.05 0.7
    endloop
  endfacet
  facet normal 0 0 -1
    outer loop
      vertex -32.3646 12.8592 0.7
      vertex -31.8592 18.6354 0.7
      vertex -31.8592 13.3646 0.7
    endloop
  endfacet
  facet normal 0 0 -1
    outer loop
      vertex -32.3646 12.8592 0.7
      vertex -32.3646 19.1408 0.7
      vertex -31.8592 18.6354 0.7
    endloop
  endfacet
  facet normal 0 0 -1
    outer loop
      vertex -32.95 12.4493 0.7
      vertex -32.3646 19.1408 0.7
      vertex -32.3646 12.8592 0.7
    endloop
  endfacet
  facet normal 0 0 -1
    outer loop
      vertex -32.95 12.4493 0.7
      vertex -32.95 19.5507 0.7
      vertex -32.3646 19.1408 0.7
    endloop
  endfacet
  facet normal 0 0 -1
    outer loop
      vertex -33.5977 12.1473 0.7
      vertex -32.95 19.5507 0.7
      vertex -32.95 12.4493 0.7
    endloop
  endfacet
  facet normal 0 0 -1
    outer loop
      vertex -33.5977 12.1473 0.7
      vertex -33.5977 19.8527 0.7
      vertex -32.95 19.5507 0.7
    endloop
  endfacet
  facet normal 0 0 -1
    outer loop
      vertex -34.288 11.9623 0.7
      vertex -33.5977 19.8527 0.7
      vertex -33.5977 12.1473 0.7
    endloop
  endfacet
  facet normal 0 0 -1
    outer loop
      vertex -34.288 11.9623 0.7
      vertex -34.288 20.0377 0.7
      vertex -33.5977 19.8527 0.7
    endloop
  endfacet
  facet normal 0 0 -1
    outer loop
      vertex -35 11.9 0.7
      vertex -34.288 20.0377 0.7
      vertex -34.288 11.9623 0.7
    endloop
  endfacet
  facet normal 0 0 -1
    outer loop
      vertex -35 11.9 0.7
      vertex -35 20.1 0.7
      vertex -34.288 20.0377 0.7
    endloop
  endfacet
  facet normal 0 0 -1
    outer loop
      vertex -35.712 11.9623 0.7
      vertex -35 20.1 0.7
      vertex -35 11.9 0.7
    endloop
  endfacet
  facet normal 0 0 -1
    outer loop
      vertex -35.712 11.9623 0.7
      vertex -35.712 20.0377 0.7
      vertex -35 20.1 0.7
    endloop
  endfacet
  facet normal 0 0 -1
    outer loop
      vertex -36.4023 12.1473 0.7
      vertex -35.712 20.0377 0.7
      vertex -35.712 11.9623 0.7
    endloop
  endfacet
  facet normal 0 0 -1
    outer loop
      vertex -36.4023 12.1473 0.7
      vertex -36.4023 19.8527 0.7
      vertex -35.712 20.0377 0.7
    endloop
  endfacet
  facet normal 0 0 -1
    outer loop
      vertex -37.05 12.4493 0.7
      vertex -36.4023 19.8527 0.7
      vertex -36.4023 12.1473 0.7
    endloop
  endfacet
  facet normal 0 0 -1
    outer loop
      vertex -37.05 12.4493 0.7
      vertex -37.05 19.5507 0.7
      vertex -36.4023 19.8527 0.7
    endloop
  endfacet
  facet normal 0 0 -1
    outer loop
      vertex -37.6354 12.8592 0.7
      vertex -37.05 19.5507 0.7
      vertex -37.05 12.4493 0.7
    endloop
  endfacet
  facet normal 0 0 -1
    outer loop
      vertex -37.6354 12.8592 0.7
      vertex -37.6354 19.1408 0.7
      vertex -37.05 19.5507 0.7
    endloop
  endfacet
  facet normal 0 0 -1
    outer loop
      vertex -38.1408 13.3646 0.7
      vertex -37.6354 19.1408 0.7
      vertex -37.6354 12.8592 0.7
    endloop
  endfacet
  facet normal 0 0 -1
    outer loop
      vertex -38.1408 13.3646 0.7
      vertex -38.1408 18.6354 0.7
      vertex -37.6354 19.1408 0.7
    endloop
  endfacet
  facet normal 0 0 -1
    outer loop
      vertex -38.5507 13.95 0.7
      vertex -38.1408 18.6354 0.7
      vertex -38.1408 13.3646 0.7
    endloop
  endfacet
  facet normal 0 0 -1
    outer loop
      vertex -38.5507 13.95 0.7
      vertex -38.5507 18.05 0.7
      vertex -38.1408 18.6354 0.7
    endloop
  endfacet
  facet normal 0 0 -1
    outer loop
      vertex -38.8527 14.5977 0.7
      vertex -38.5507 18.05 0.7
      vertex -38.5507 13.95 0.7
    endloop
  endfacet
  facet normal 0 0 -1
    outer loop
      vertex -38.8527 14.5977 0.7
      vertex -38.8527 17.4023 0.7
      vertex -38.5507 18.05 0.7
    endloop
  endfacet
  facet normal 0 0 -1
    outer loop
      vertex -39.0377 15.288 0.7
      vertex -38.8527 17.4023 0.7
      vertex -38.8527 14.5977 0.7
    endloop
  endfacet
  facet normal 0 0 -1
    outer loop
      vertex -39.0377 15.288 0.7
      vertex -39.0377 16.712 0.7
      vertex -38.8527 17.4023 0.7
    endloop
  endfacet
  facet normal 0 -0 -1
    outer loop
      vertex -39.0377 16.712 0.7
      vertex -39.0377 15.288 0.7
      vertex -39.1 16 0.7
    endloop
  endfacet
  facet normal -0.707107 0.707107 -1.33827e-17
    outer loop
      vertex -32.3646 12.8592 -1.4
      vertex -31.8592 13.3646 0.7
      vertex -31.8592 13.3646 -1.4
    endloop
  endfacet
  facet normal -0.707107 0.707107 -1.33827e-17
    outer loop
      vertex -31.8592 13.3646 0.7
      vertex -32.3646 12.8592 -1.4
      vertex -32.3646 12.8592 0.7
    endloop
  endfacet
  facet normal 0.258864 -0.965914 0
    outer loop
      vertex -36.4023 19.8527 -1.4
      vertex -35.712 20.0377 0.7
      vertex -36.4023 19.8527 0.7
    endloop
  endfacet
  facet normal 0.258864 -0.965914 0
    outer loop
      vertex -35.712 20.0377 0.7
      vertex -36.4023 19.8527 -1.4
      vertex -35.712 20.0377 -1.4
    endloop
  endfacet
  facet normal 0.819153 -0.573575 7.44099e-18
    outer loop
      vertex -38.5507 18.05 0.7
      vertex -38.1408 18.6354 -1.4
      vertex -38.1408 18.6354 0.7
    endloop
  endfacet
  facet normal 0.819153 -0.573575 7.44099e-18
    outer loop
      vertex -38.1408 18.6354 -1.4
      vertex -38.5507 18.05 0.7
      vertex -38.5507 18.05 -1.4
    endloop
  endfacet
  facet normal 0.087167 -0.996194 0
    outer loop
      vertex -35.712 20.0377 -1.4
      vertex -35 20.1 0.7
      vertex -35.712 20.0377 0.7
    endloop
  endfacet
  facet normal 0.087167 -0.996194 0
    outer loop
      vertex -35 20.1 0.7
      vertex -35.712 20.0377 -1.4
      vertex -35 20.1 -1.4
    endloop
  endfacet
  facet normal -0.422587 -0.906323 0
    outer loop
      vertex -33.5977 19.8527 -1.4
      vertex -32.95 19.5507 0.7
      vertex -33.5977 19.8527 0.7
    endloop
  endfacet
  facet normal -0.422587 -0.906323 -0
    outer loop
      vertex -32.95 19.5507 0.7
      vertex -33.5977 19.8527 -1.4
      vertex -32.95 19.5507 -1.4
    endloop
  endfacet
  facet normal 0.573575 0.819153 -0
    outer loop
      vertex -37.05 12.4493 -1.4
      vertex -37.6354 12.8592 0.7
      vertex -37.05 12.4493 0.7
    endloop
  endfacet
  facet normal 0.573575 0.819153 0
    outer loop
      vertex -37.6354 12.8592 0.7
      vertex -37.05 12.4493 -1.4
      vertex -37.6354 12.8592 -1.4
    endloop
  endfacet
  facet normal -0.087167 -0.996194 0
    outer loop
      vertex -35 20.1 -1.4
      vertex -34.288 20.0377 0.7
      vertex -35 20.1 0.7
    endloop
  endfacet
  facet normal -0.087167 -0.996194 -0
    outer loop
      vertex -34.288 20.0377 0.7
      vertex -35 20.1 -1.4
      vertex -34.288 20.0377 -1.4
    endloop
  endfacet
  facet normal 0.573575 -0.819153 0
    outer loop
      vertex -37.6354 19.1408 -1.4
      vertex -37.05 19.5507 0.7
      vertex -37.6354 19.1408 0.7
    endloop
  endfacet
  facet normal 0.573575 -0.819153 0
    outer loop
      vertex -37.05 19.5507 0.7
      vertex -37.6354 19.1408 -1.4
      vertex -37.05 19.5507 -1.4
    endloop
  endfacet
  facet normal -0.707107 -0.707107 -1.72103e-17
    outer loop
      vertex -31.8592 18.6354 -1.4
      vertex -32.3646 19.1408 0.7
      vertex -32.3646 19.1408 -1.4
    endloop
  endfacet
  facet normal -0.707107 -0.707107 -1.72103e-17
    outer loop
      vertex -32.3646 19.1408 0.7
      vertex -31.8592 18.6354 -1.4
      vertex -31.8592 18.6354 0.7
    endloop
  endfacet
  facet normal 0.996194 0.087167 1.87824e-19
    outer loop
      vertex -39.0377 15.288 0.7
      vertex -39.1 16 -1.4
      vertex -39.1 16 0.7
    endloop
  endfacet
  facet normal 0.996194 0.087167 1.87824e-19
    outer loop
      vertex -39.1 16 -1.4
      vertex -39.0377 15.288 0.7
      vertex -39.0377 15.288 -1.4
    endloop
  endfacet
  facet normal 0.707107 0.707107 1.33827e-17
    outer loop
      vertex -37.6354 12.8592 0.7
      vertex -38.1408 13.3646 -1.4
      vertex -38.1408 13.3646 0.7
    endloop
  endfacet
  facet normal 0.707107 0.707107 1.33827e-17
    outer loop
      vertex -38.1408 13.3646 -1.4
      vertex -37.6354 12.8592 0.7
      vertex -37.6354 12.8592 -1.4
    endloop
  endfacet
  facet normal -0.965914 0.258864 7.94089e-18
    outer loop
      vertex 38.8527 -17.4023 -1.4
      vertex 39.0377 -16.712 0.7
      vertex 39.0377 -16.712 -1.4
    endloop
  endfacet
  facet normal -0.965914 0.258864 7.94089e-18
    outer loop
      vertex 39.0377 -16.712 0.7
      vertex 38.8527 -17.4023 -1.4
      vertex 38.8527 -17.4023 0.7
    endloop
  endfacet
  facet normal -0.965914 -0.258864 -7.94089e-18
    outer loop
      vertex 39.0377 -15.288 -1.4
      vertex 38.8527 -14.5977 0.7
      vertex 38.8527 -14.5977 -1.4
    endloop
  endfacet
  facet normal -0.965914 -0.258864 -7.94089e-18
    outer loop
      vertex 38.8527 -14.5977 0.7
      vertex 39.0377 -15.288 -1.4
      vertex 39.0377 -15.288 0.7
    endloop
  endfacet
  facet normal -0.996194 -0.087167 1.87824e-19
    outer loop
      vertex 39.1 -16 -1.4
      vertex 39.0377 -15.288 0.7
      vertex 39.0377 -15.288 -1.4
    endloop
  endfacet
  facet normal -0.996194 -0.087167 1.87824e-19
    outer loop
      vertex 39.0377 -15.288 0.7
      vertex 39.1 -16 -1.4
      vertex 39.1 -16 0.7
    endloop
  endfacet
  facet normal -0.906323 -0.422587 -8.62898e-18
    outer loop
      vertex 38.8527 -14.5977 -1.4
      vertex 38.5507 -13.95 0.7
      vertex 38.5507 -13.95 -1.4
    endloop
  endfacet
  facet normal -0.906323 -0.422587 -8.62898e-18
    outer loop
      vertex 38.5507 -13.95 0.7
      vertex 38.8527 -14.5977 -1.4
      vertex 38.8527 -14.5977 0.7
    endloop
  endfacet
  facet normal 0.906323 0.422587 -8.62898e-18
    outer loop
      vertex 31.4493 -18.05 0.7
      vertex 31.1473 -17.4023 -1.4
      vertex 31.1473 -17.4023 0.7
    endloop
  endfacet
  facet normal 0.906323 0.422587 -8.62898e-18
    outer loop
      vertex 31.1473 -17.4023 -1.4
      vertex 31.4493 -18.05 0.7
      vertex 31.4493 -18.05 -1.4
    endloop
  endfacet
  facet normal 0.996194 0.087167 1.87824e-19
    outer loop
      vertex 30.9623 -16.712 0.7
      vertex 30.9 -16 -1.4
      vertex 30.9 -16 0.7
    endloop
  endfacet
  facet normal 0.996194 0.087167 1.87824e-19
    outer loop
      vertex 30.9 -16 -1.4
      vertex 30.9623 -16.712 0.7
      vertex 30.9623 -16.712 -1.4
    endloop
  endfacet
  facet normal 0.573575 -0.819153 0
    outer loop
      vertex 32.3646 -12.8592 -1.4
      vertex 32.95 -12.4493 0.7
      vertex 32.3646 -12.8592 0.7
    endloop
  endfacet
  facet normal 0.573575 -0.819153 0
    outer loop
      vertex 32.95 -12.4493 0.7
      vertex 32.3646 -12.8592 -1.4
      vertex 32.95 -12.4493 -1.4
    endloop
  endfacet
  facet normal -0.906323 0.422587 8.62898e-18
    outer loop
      vertex 38.5507 -18.05 -1.4
      vertex 38.8527 -17.4023 0.7
      vertex 38.8527 -17.4023 -1.4
    endloop
  endfacet
  facet normal -0.906323 0.422587 8.62898e-18
    outer loop
      vertex 38.8527 -17.4023 0.7
      vertex 38.5507 -18.05 -1.4
      vertex 38.5507 -18.05 0.7
    endloop
  endfacet
  facet normal -0.087167 0.996194 0
    outer loop
      vertex 35.712 -20.0377 -1.4
      vertex 35 -20.1 0.7
      vertex 35.712 -20.0377 0.7
    endloop
  endfacet
  facet normal -0.087167 0.996194 0
    outer loop
      vertex 35 -20.1 0.7
      vertex 35.712 -20.0377 -1.4
      vertex 35 -20.1 -1.4
    endloop
  endfacet
  facet normal 0 0 -1
    outer loop
      vertex 39.0377 -16.712 0.7
      vertex 39.0377 -15.288 0.7
      vertex 39.1 -16 0.7
    endloop
  endfacet
  facet normal 0 0 -1
    outer loop
      vertex 38.8527 -17.4023 0.7
      vertex 39.0377 -15.288 0.7
      vertex 39.0377 -16.712 0.7
    endloop
  endfacet
  facet normal 0 0 -1
    outer loop
      vertex 38.8527 -17.4023 0.7
      vertex 38.8527 -14.5977 0.7
      vertex 39.0377 -15.288 0.7
    endloop
  endfacet
  facet normal 0 0 -1
    outer loop
      vertex 38.5507 -18.05 0.7
      vertex 38.8527 -14.5977 0.7
      vertex 38.8527 -17.4023 0.7
    endloop
  endfacet
  facet normal 0 0 -1
    outer loop
      vertex 38.5507 -18.05 0.7
      vertex 38.5507 -13.95 0.7
      vertex 38.8527 -14.5977 0.7
    endloop
  endfacet
  facet normal 0 0 -1
    outer loop
      vertex 38.1408 -18.6354 0.7
      vertex 38.5507 -13.95 0.7
      vertex 38.5507 -18.05 0.7
    endloop
  endfacet
  facet normal 0 0 -1
    outer loop
      vertex 38.1408 -18.6354 0.7
      vertex 38.1408 -13.3646 0.7
      vertex 38.5507 -13.95 0.7
    endloop
  endfacet
  facet normal 0 0 -1
    outer loop
      vertex 37.6354 -19.1408 0.7
      vertex 38.1408 -13.3646 0.7
      vertex 38.1408 -18.6354 0.7
    endloop
  endfacet
  facet normal 0 0 -1
    outer loop
      vertex 37.6354 -19.1408 0.7
      vertex 37.6354 -12.8592 0.7
      vertex 38.1408 -13.3646 0.7
    endloop
  endfacet
  facet normal 0 0 -1
    outer loop
      vertex 37.05 -19.5507 0.7
      vertex 37.6354 -12.8592 0.7
      vertex 37.6354 -19.1408 0.7
    endloop
  endfacet
  facet normal 0 0 -1
    outer loop
      vertex 37.05 -19.5507 0.7
      vertex 37.05 -12.4493 0.7
      vertex 37.6354 -12.8592 0.7
    endloop
  endfacet
  facet normal 0 0 -1
    outer loop
      vertex 36.4023 -19.8527 0.7
      vertex 37.05 -12.4493 0.7
      vertex 37.05 -19.5507 0.7
    endloop
  endfacet
  facet normal 0 0 -1
    outer loop
      vertex 36.4023 -19.8527 0.7
      vertex 36.4023 -12.1473 0.7
      vertex 37.05 -12.4493 0.7
    endloop
  endfacet
  facet normal 0 0 -1
    outer loop
      vertex 35.712 -20.0377 0.7
      vertex 36.4023 -12.1473 0.7
      vertex 36.4023 -19.8527 0.7
    endloop
  endfacet
  facet normal 0 0 -1
    outer loop
      vertex 35.712 -20.0377 0.7
      vertex 35.712 -11.9623 0.7
      vertex 36.4023 -12.1473 0.7
    endloop
  endfacet
  facet normal 0 0 -1
    outer loop
      vertex 35 -20.1 0.7
      vertex 35.712 -11.9623 0.7
      vertex 35.712 -20.0377 0.7
    endloop
  endfacet
  facet normal 0 0 -1
    outer loop
      vertex 35 -20.1 0.7
      vertex 35 -11.9 0.7
      vertex 35.712 -11.9623 0.7
    endloop
  endfacet
  facet normal 0 0 -1
    outer loop
      vertex 34.288 -20.0377 0.7
      vertex 35 -11.9 0.7
      vertex 35 -20.1 0.7
    endloop
  endfacet
  facet normal 0 0 -1
    outer loop
      vertex 34.288 -20.0377 0.7
      vertex 34.288 -11.9623 0.7
      vertex 35 -11.9 0.7
    endloop
  endfacet
  facet normal 0 0 -1
    outer loop
      vertex 33.5977 -19.8527 0.7
      vertex 34.288 -11.9623 0.7
      vertex 34.288 -20.0377 0.7
    endloop
  endfacet
  facet normal 0 0 -1
    outer loop
      vertex 33.5977 -19.8527 0.7
      vertex 33.5977 -12.1473 0.7
      vertex 34.288 -11.9623 0.7
    endloop
  endfacet
  facet normal 0 0 -1
    outer loop
      vertex 32.95 -19.5507 0.7
      vertex 33.5977 -12.1473 0.7
      vertex 33.5977 -19.8527 0.7
    endloop
  endfacet
  facet normal 0 0 -1
    outer loop
      vertex 32.95 -19.5507 0.7
      vertex 32.95 -12.4493 0.7
      vertex 33.5977 -12.1473 0.7
    endloop
  endfacet
  facet normal 0 0 -1
    outer loop
      vertex 32.3646 -19.1408 0.7
      vertex 32.95 -12.4493 0.7
      vertex 32.95 -19.5507 0.7
    endloop
  endfacet
  facet normal 0 0 -1
    outer loop
      vertex 32.3646 -19.1408 0.7
      vertex 32.3646 -12.8592 0.7
      vertex 32.95 -12.4493 0.7
    endloop
  endfacet
  facet normal 0 0 -1
    outer loop
      vertex 31.8592 -18.6354 0.7
      vertex 32.3646 -12.8592 0.7
      vertex 32.3646 -19.1408 0.7
    endloop
  endfacet
  facet normal 0 0 -1
    outer loop
      vertex 31.8592 -18.6354 0.7
      vertex 31.8592 -13.3646 0.7
      vertex 32.3646 -12.8592 0.7
    endloop
  endfacet
  facet normal 0 0 -1
    outer loop
      vertex 31.4493 -18.05 0.7
      vertex 31.8592 -13.3646 0.7
      vertex 31.8592 -18.6354 0.7
    endloop
  endfacet
  facet normal 0 0 -1
    outer loop
      vertex 31.4493 -18.05 0.7
      vertex 31.4493 -13.95 0.7
      vertex 31.8592 -13.3646 0.7
    endloop
  endfacet
  facet normal 0 0 -1
    outer loop
      vertex 31.1473 -17.4023 0.7
      vertex 31.4493 -13.95 0.7
      vertex 31.4493 -18.05 0.7
    endloop
  endfacet
  facet normal 0 0 -1
    outer loop
      vertex 31.1473 -17.4023 0.7
      vertex 31.1473 -14.5977 0.7
      vertex 31.4493 -13.95 0.7
    endloop
  endfacet
  facet normal 0 0 -1
    outer loop
      vertex 30.9623 -16.712 0.7
      vertex 31.1473 -14.5977 0.7
      vertex 31.1473 -17.4023 0.7
    endloop
  endfacet
  facet normal 0 0 -1
    outer loop
      vertex 30.9623 -16.712 0.7
      vertex 30.9623 -15.288 0.7
      vertex 31.1473 -14.5977 0.7
    endloop
  endfacet
  facet normal 0 -0 -1
    outer loop
      vertex 30.9623 -15.288 0.7
      vertex 30.9623 -16.712 0.7
      vertex 30.9 -16 0.7
    endloop
  endfacet
  facet normal 0.965914 -0.258864 7.94089e-18
    outer loop
      vertex 30.9623 -15.288 0.7
      vertex 31.1473 -14.5977 -1.4
      vertex 31.1473 -14.5977 0.7
    endloop
  endfacet
  facet normal 0.965914 -0.258864 7.94089e-18
    outer loop
      vertex 31.1473 -14.5977 -1.4
      vertex 30.9623 -15.288 0.7
      vertex 30.9623 -15.288 -1.4
    endloop
  endfacet
  facet normal -0.707107 -0.707107 1.33827e-17
    outer loop
      vertex 38.1408 -13.3646 -1.4
      vertex 37.6354 -12.8592 0.7
      vertex 37.6354 -12.8592 -1.4
    endloop
  endfacet
  facet normal -0.707107 -0.707107 1.33827e-17
    outer loop
      vertex 37.6354 -12.8592 0.7
      vertex 38.1408 -13.3646 -1.4
      vertex 38.1408 -13.3646 0.7
    endloop
  endfacet
  facet normal -0.819153 0.573575 7.44099e-18
    outer loop
      vertex 38.1408 -18.6354 -1.4
      vertex 38.5507 -18.05 0.7
      vertex 38.5507 -18.05 -1.4
    endloop
  endfacet
  facet normal -0.819153 0.573575 7.44099e-18
    outer loop
      vertex 38.5507 -18.05 0.7
      vertex 38.1408 -18.6354 -1.4
      vertex 38.1408 -18.6354 0.7
    endloop
  endfacet
  facet normal 0.422587 0.906323 -0
    outer loop
      vertex 33.5977 -19.8527 -1.4
      vertex 32.95 -19.5507 0.7
      vertex 33.5977 -19.8527 0.7
    endloop
  endfacet
  facet normal 0.422587 0.906323 0
    outer loop
      vertex 32.95 -19.5507 0.7
      vertex 33.5977 -19.8527 -1.4
      vertex 32.95 -19.5507 -1.4
    endloop
  endfacet
  facet normal -0.422587 0.906323 0
    outer loop
      vertex 37.05 -19.5507 -1.4
      vertex 36.4023 -19.8527 0.7
      vertex 37.05 -19.5507 0.7
    endloop
  endfacet
  facet normal -0.422587 0.906323 0
    outer loop
      vertex 36.4023 -19.8527 0.7
      vertex 37.05 -19.5507 -1.4
      vertex 36.4023 -19.8527 -1.4
    endloop
  endfacet
  facet normal 0.087167 -0.996194 0
    outer loop
      vertex 34.288 -11.9623 -1.4
      vertex 35 -11.9 0.7
      vertex 34.288 -11.9623 0.7
    endloop
  endfacet
  facet normal 0.087167 -0.996194 0
    outer loop
      vertex 35 -11.9 0.7
      vertex 34.288 -11.9623 -1.4
      vertex 35 -11.9 -1.4
    endloop
  endfacet
  facet normal 0.819153 -0.573575 7.44099e-18
    outer loop
      vertex 31.4493 -13.95 0.7
      vertex 31.8592 -13.3646 -1.4
      vertex 31.8592 -13.3646 0.7
    endloop
  endfacet
  facet normal 0.819153 -0.573575 7.44099e-18
    outer loop
      vertex 31.8592 -13.3646 -1.4
      vertex 31.4493 -13.95 0.7
      vertex 31.4493 -13.95 -1.4
    endloop
  endfacet
  facet normal 0.906323 -0.422587 8.62898e-18
    outer loop
      vertex 31.1473 -14.5977 0.7
      vertex 31.4493 -13.95 -1.4
      vertex 31.4493 -13.95 0.7
    endloop
  endfacet
  facet normal 0.906323 -0.422587 8.62898e-18
    outer loop
      vertex 31.4493 -13.95 -1.4
      vertex 31.1473 -14.5977 0.7
      vertex 31.1473 -14.5977 -1.4
    endloop
  endfacet
  facet normal 0.996194 -0.087167 -1.87824e-19
    outer loop
      vertex 30.9 -16 0.7
      vertex 30.9623 -15.288 -1.4
      vertex 30.9623 -15.288 0.7
    endloop
  endfacet
  facet normal 0.996194 -0.087167 -1.87824e-19
    outer loop
      vertex 30.9623 -15.288 -1.4
      vertex 30.9 -16 0.7
      vertex 30.9 -16 -1.4
    endloop
  endfacet
  facet normal -0.573575 -0.819153 0
    outer loop
      vertex 37.05 -12.4493 -1.4
      vertex 37.6354 -12.8592 0.7
      vertex 37.05 -12.4493 0.7
    endloop
  endfacet
  facet normal -0.573575 -0.819153 -0
    outer loop
      vertex 37.6354 -12.8592 0.7
      vertex 37.05 -12.4493 -1.4
      vertex 37.6354 -12.8592 -1.4
    endloop
  endfacet
  facet normal 0.707107 -0.707107 -1.33827e-17
    outer loop
      vertex 31.8592 -13.3646 0.7
      vertex 32.3646 -12.8592 -1.4
      vertex 32.3646 -12.8592 0.7
    endloop
  endfacet
  facet normal 0.707107 -0.707107 -1.33827e-17
    outer loop
      vertex 32.3646 -12.8592 -1.4
      vertex 31.8592 -13.3646 0.7
      vertex 31.8592 -13.3646 -1.4
    endloop
  endfacet
  facet normal -0.819153 -0.573575 -7.44099e-18
    outer loop
      vertex 38.5507 -13.95 -1.4
      vertex 38.1408 -13.3646 0.7
      vertex 38.1408 -13.3646 -1.4
    endloop
  endfacet
  facet normal -0.819153 -0.573575 -7.44099e-18
    outer loop
      vertex 38.1408 -13.3646 0.7
      vertex 38.5507 -13.95 -1.4
      vertex 38.5507 -13.95 0.7
    endloop
  endfacet
  facet normal -0.258864 -0.965914 0
    outer loop
      vertex 35.712 -11.9623 -1.4
      vertex 36.4023 -12.1473 0.7
      vertex 35.712 -11.9623 0.7
    endloop
  endfacet
  facet normal -0.258864 -0.965914 -0
    outer loop
      vertex 36.4023 -12.1473 0.7
      vertex 35.712 -11.9623 -1.4
      vertex 36.4023 -12.1473 -1.4
    endloop
  endfacet
  facet normal -0.573575 0.819153 0
    outer loop
      vertex 37.6354 -19.1408 -1.4
      vertex 37.05 -19.5507 0.7
      vertex 37.6354 -19.1408 0.7
    endloop
  endfacet
  facet normal -0.573575 0.819153 0
    outer loop
      vertex 37.05 -19.5507 0.7
      vertex 37.6354 -19.1408 -1.4
      vertex 37.05 -19.5507 -1.4
    endloop
  endfacet
  facet normal -0.996194 0.087167 -1.87824e-19
    outer loop
      vertex 39.0377 -16.712 -1.4
      vertex 39.1 -16 0.7
      vertex 39.1 -16 -1.4
    endloop
  endfacet
  facet normal -0.996194 0.087167 -1.87824e-19
    outer loop
      vertex 39.1 -16 0.7
      vertex 39.0377 -16.712 -1.4
      vertex 39.0377 -16.712 0.7
    endloop
  endfacet
  facet normal 0.965914 0.258864 -7.94089e-18
    outer loop
      vertex 31.1473 -17.4023 0.7
      vertex 30.9623 -16.712 -1.4
      vertex 30.9623 -16.712 0.7
    endloop
  endfacet
  facet normal 0.965914 0.258864 -7.94089e-18
    outer loop
      vertex 30.9623 -16.712 -1.4
      vertex 31.1473 -17.4023 0.7
      vertex 31.1473 -17.4023 -1.4
    endloop
  endfacet
  facet normal -0.707107 0.707107 1.72103e-17
    outer loop
      vertex 37.6354 -19.1408 -1.4
      vertex 38.1408 -18.6354 0.7
      vertex 38.1408 -18.6354 -1.4
    endloop
  endfacet
  facet normal -0.707107 0.707107 1.72103e-17
    outer loop
      vertex 38.1408 -18.6354 0.7
      vertex 37.6354 -19.1408 -1.4
      vertex 37.6354 -19.1408 0.7
    endloop
  endfacet
  facet normal -0.422587 -0.906323 0
    outer loop
      vertex 36.4023 -12.1473 -1.4
      vertex 37.05 -12.4493 0.7
      vertex 36.4023 -12.1473 0.7
    endloop
  endfacet
  facet normal -0.422587 -0.906323 -0
    outer loop
      vertex 37.05 -12.4493 0.7
      vertex 36.4023 -12.1473 -1.4
      vertex 37.05 -12.4493 -1.4
    endloop
  endfacet
  facet normal -0.258864 0.965914 0
    outer loop
      vertex 36.4023 -19.8527 -1.4
      vertex 35.712 -20.0377 0.7
      vertex 36.4023 -19.8527 0.7
    endloop
  endfacet
  facet normal -0.258864 0.965914 0
    outer loop
      vertex 35.712 -20.0377 0.7
      vertex 36.4023 -19.8527 -1.4
      vertex 35.712 -20.0377 -1.4
    endloop
  endfacet
  facet normal -0.087167 -0.996194 0
    outer loop
      vertex 35 -11.9 -1.4
      vertex 35.712 -11.9623 0.7
      vertex 35 -11.9 0.7
    endloop
  endfacet
  facet normal -0.087167 -0.996194 -0
    outer loop
      vertex 35.712 -11.9623 0.7
      vertex 35 -11.9 -1.4
      vertex 35.712 -11.9623 -1.4
    endloop
  endfacet
  facet normal 0.422587 -0.906323 0
    outer loop
      vertex 32.95 -12.4493 -1.4
      vertex 33.5977 -12.1473 0.7
      vertex 32.95 -12.4493 0.7
    endloop
  endfacet
  facet normal 0.422587 -0.906323 0
    outer loop
      vertex 33.5977 -12.1473 0.7
      vertex 32.95 -12.4493 -1.4
      vertex 33.5977 -12.1473 -1.4
    endloop
  endfacet
  facet normal 0.258864 -0.965914 0
    outer loop
      vertex 33.5977 -12.1473 -1.4
      vertex 34.288 -11.9623 0.7
      vertex 33.5977 -12.1473 0.7
    endloop
  endfacet
  facet normal 0.258864 -0.965914 0
    outer loop
      vertex 34.288 -11.9623 0.7
      vertex 33.5977 -12.1473 -1.4
      vertex 34.288 -11.9623 -1.4
    endloop
  endfacet
  facet normal 0.819153 0.573575 -7.44099e-18
    outer loop
      vertex 31.8592 -18.6354 0.7
      vertex 31.4493 -18.05 -1.4
      vertex 31.4493 -18.05 0.7
    endloop
  endfacet
  facet normal 0.819153 0.573575 -7.44099e-18
    outer loop
      vertex 31.4493 -18.05 -1.4
      vertex 31.8592 -18.6354 0.7
      vertex 31.8592 -18.6354 -1.4
    endloop
  endfacet
  facet normal 0.707107 0.707107 -1.72103e-17
    outer loop
      vertex 32.3646 -19.1408 0.7
      vertex 31.8592 -18.6354 -1.4
      vertex 31.8592 -18.6354 0.7
    endloop
  endfacet
  facet normal 0.707107 0.707107 -1.72103e-17
    outer loop
      vertex 31.8592 -18.6354 -1.4
      vertex 32.3646 -19.1408 0.7
      vertex 32.3646 -19.1408 -1.4
    endloop
  endfacet
  facet normal 0.258864 0.965914 -0
    outer loop
      vertex 34.288 -20.0377 -1.4
      vertex 33.5977 -19.8527 0.7
      vertex 34.288 -20.0377 0.7
    endloop
  endfacet
  facet normal 0.258864 0.965914 0
    outer loop
      vertex 33.5977 -19.8527 0.7
      vertex 34.288 -20.0377 -1.4
      vertex 33.5977 -19.8527 -1.4
    endloop
  endfacet
  facet normal 0.573575 0.819153 -0
    outer loop
      vertex 32.95 -19.5507 -1.4
      vertex 32.3646 -19.1408 0.7
      vertex 32.95 -19.5507 0.7
    endloop
  endfacet
  facet normal 0.573575 0.819153 0
    outer loop
      vertex 32.3646 -19.1408 0.7
      vertex 32.95 -19.5507 -1.4
      vertex 32.3646 -19.1408 -1.4
    endloop
  endfacet
  facet normal 0.087167 0.996194 -0
    outer loop
      vertex 35 -20.1 -1.4
      vertex 34.288 -20.0377 0.7
      vertex 35 -20.1 0.7
    endloop
  endfacet
  facet normal 0.087167 0.996194 0
    outer loop
      vertex 34.288 -20.0377 0.7
      vertex 35 -20.1 -1.4
      vertex 34.288 -20.0377 -1.4
    endloop
  endfacet
  facet normal 0.819153 0.573575 -7.44099e-18
    outer loop
      vertex 31.8592 13.3646 0.7
      vertex 31.4493 13.95 -1.4
      vertex 31.4493 13.95 0.7
    endloop
  endfacet
  facet normal 0.819153 0.573575 -7.44099e-18
    outer loop
      vertex 31.4493 13.95 -1.4
      vertex 31.8592 13.3646 0.7
      vertex 31.8592 13.3646 -1.4
    endloop
  endfacet
  facet normal -0.965914 -0.258864 -7.94089e-18
    outer loop
      vertex 39.0377 16.712 -1.4
      vertex 38.8527 17.4023 0.7
      vertex 38.8527 17.4023 -1.4
    endloop
  endfacet
  facet normal -0.965914 -0.258864 -7.94089e-18
    outer loop
      vertex 38.8527 17.4023 0.7
      vertex 39.0377 16.712 -1.4
      vertex 39.0377 16.712 0.7
    endloop
  endfacet
  facet normal -0.996194 -0.087167 1.87824e-19
    outer loop
      vertex 39.1 16 -1.4
      vertex 39.0377 16.712 0.7
      vertex 39.0377 16.712 -1.4
    endloop
  endfacet
  facet normal -0.996194 -0.087167 1.87824e-19
    outer loop
      vertex 39.0377 16.712 0.7
      vertex 39.1 16 -1.4
      vertex 39.1 16 0.7
    endloop
  endfacet
  facet normal -0.906323 -0.422587 -8.62898e-18
    outer loop
      vertex 38.8527 17.4023 -1.4
      vertex 38.5507 18.05 0.7
      vertex 38.5507 18.05 -1.4
    endloop
  endfacet
  facet normal -0.906323 -0.422587 -8.62898e-18
    outer loop
      vertex 38.5507 18.05 0.7
      vertex 38.8527 17.4023 -1.4
      vertex 38.8527 17.4023 0.7
    endloop
  endfacet
  facet normal 0.087167 0.996194 -0
    outer loop
      vertex 35 11.9 -1.4
      vertex 34.288 11.9623 0.7
      vertex 35 11.9 0.7
    endloop
  endfacet
  facet normal 0.087167 0.996194 0
    outer loop
      vertex 34.288 11.9623 0.7
      vertex 35 11.9 -1.4
      vertex 34.288 11.9623 -1.4
    endloop
  endfacet
  facet normal 0.965914 0.258864 -7.94089e-18
    outer loop
      vertex 31.1473 14.5977 0.7
      vertex 30.9623 15.288 -1.4
      vertex 30.9623 15.288 0.7
    endloop
  endfacet
  facet normal 0.965914 0.258864 -7.94089e-18
    outer loop
      vertex 30.9623 15.288 -1.4
      vertex 31.1473 14.5977 0.7
      vertex 31.1473 14.5977 -1.4
    endloop
  endfacet
  facet normal -0.996194 0.087167 -1.87824e-19
    outer loop
      vertex 39.0377 15.288 -1.4
      vertex 39.1 16 0.7
      vertex 39.1 16 -1.4
    endloop
  endfacet
  facet normal -0.996194 0.087167 -1.87824e-19
    outer loop
      vertex 39.1 16 0.7
      vertex 39.0377 15.288 -1.4
      vertex 39.0377 15.288 0.7
    endloop
  endfacet
  facet normal 0.996194 0.087167 1.87824e-19
    outer loop
      vertex 30.9623 15.288 0.7
      vertex 30.9 16 -1.4
      vertex 30.9 16 0.7
    endloop
  endfacet
  facet normal 0.996194 0.087167 1.87824e-19
    outer loop
      vertex 30.9 16 -1.4
      vertex 30.9623 15.288 0.7
      vertex 30.9623 15.288 -1.4
    endloop
  endfacet
  facet normal -0.087167 -0.996194 0
    outer loop
      vertex 35 20.1 -1.4
      vertex 35.712 20.0377 0.7
      vertex 35 20.1 0.7
    endloop
  endfacet
  facet normal -0.087167 -0.996194 -0
    outer loop
      vertex 35.712 20.0377 0.7
      vertex 35 20.1 -1.4
      vertex 35.712 20.0377 -1.4
    endloop
  endfacet
  facet normal -0.819153 -0.573575 -7.44099e-18
    outer loop
      vertex 38.5507 18.05 -1.4
      vertex 38.1408 18.6354 0.7
      vertex 38.1408 18.6354 -1.4
    endloop
  endfacet
  facet normal -0.819153 -0.573575 -7.44099e-18
    outer loop
      vertex 38.1408 18.6354 0.7
      vertex 38.5507 18.05 -1.4
      vertex 38.5507 18.05 0.7
    endloop
  endfacet
  facet normal 0.422587 -0.906323 0
    outer loop
      vertex 32.95 19.5507 -1.4
      vertex 33.5977 19.8527 0.7
      vertex 32.95 19.5507 0.7
    endloop
  endfacet
  facet normal 0.422587 -0.906323 0
    outer loop
      vertex 33.5977 19.8527 0.7
      vertex 32.95 19.5507 -1.4
      vertex 33.5977 19.8527 -1.4
    endloop
  endfacet
  facet normal -0.422587 0.906323 0
    outer loop
      vertex 37.05 12.4493 -1.4
      vertex 36.4023 12.1473 0.7
      vertex 37.05 12.4493 0.7
    endloop
  endfacet
  facet normal -0.422587 0.906323 0
    outer loop
      vertex 36.4023 12.1473 0.7
      vertex 37.05 12.4493 -1.4
      vertex 36.4023 12.1473 -1.4
    endloop
  endfacet
  facet normal 0.422587 0.906323 -0
    outer loop
      vertex 33.5977 12.1473 -1.4
      vertex 32.95 12.4493 0.7
      vertex 33.5977 12.1473 0.7
    endloop
  endfacet
  facet normal 0.422587 0.906323 0
    outer loop
      vertex 32.95 12.4493 0.7
      vertex 33.5977 12.1473 -1.4
      vertex 32.95 12.4493 -1.4
    endloop
  endfacet
  facet normal -0.906323 0.422587 8.62898e-18
    outer loop
      vertex 38.5507 13.95 -1.4
      vertex 38.8527 14.5977 0.7
      vertex 38.8527 14.5977 -1.4
    endloop
  endfacet
  facet normal -0.906323 0.422587 8.62898e-18
    outer loop
      vertex 38.8527 14.5977 0.7
      vertex 38.5507 13.95 -1.4
      vertex 38.5507 13.95 0.7
    endloop
  endfacet
  facet normal 0.906323 -0.422587 8.62898e-18
    outer loop
      vertex 31.1473 17.4023 0.7
      vertex 31.4493 18.05 -1.4
      vertex 31.4493 18.05 0.7
    endloop
  endfacet
  facet normal 0.906323 -0.422587 8.62898e-18
    outer loop
      vertex 31.4493 18.05 -1.4
      vertex 31.1473 17.4023 0.7
      vertex 31.1473 17.4023 -1.4
    endloop
  endfacet
  facet normal 0.707107 0.707107 1.33827e-17
    outer loop
      vertex 32.3646 12.8592 0.7
      vertex 31.8592 13.3646 -1.4
      vertex 31.8592 13.3646 0.7
    endloop
  endfacet
  facet normal 0.707107 0.707107 1.33827e-17
    outer loop
      vertex 31.8592 13.3646 -1.4
      vertex 32.3646 12.8592 0.7
      vertex 32.3646 12.8592 -1.4
    endloop
  endfacet
  facet normal 0.573575 0.819153 -0
    outer loop
      vertex 32.95 12.4493 -1.4
      vertex 32.3646 12.8592 0.7
      vertex 32.95 12.4493 0.7
    endloop
  endfacet
  facet normal 0.573575 0.819153 0
    outer loop
      vertex 32.3646 12.8592 0.7
      vertex 32.95 12.4493 -1.4
      vertex 32.3646 12.8592 -1.4
    endloop
  endfacet
  facet normal -0.258864 -0.965914 0
    outer loop
      vertex 35.712 20.0377 -1.4
      vertex 36.4023 19.8527 0.7
      vertex 35.712 20.0377 0.7
    endloop
  endfacet
  facet normal -0.258864 -0.965914 -0
    outer loop
      vertex 36.4023 19.8527 0.7
      vertex 35.712 20.0377 -1.4
      vertex 36.4023 19.8527 -1.4
    endloop
  endfacet
  facet normal -0.258864 0.965914 0
    outer loop
      vertex 36.4023 12.1473 -1.4
      vertex 35.712 11.9623 0.7
      vertex 36.4023 12.1473 0.7
    endloop
  endfacet
  facet normal -0.258864 0.965914 0
    outer loop
      vertex 35.712 11.9623 0.7
      vertex 36.4023 12.1473 -1.4
      vertex 35.712 11.9623 -1.4
    endloop
  endfacet
  facet normal 0.258864 -0.965914 0
    outer loop
      vertex 33.5977 19.8527 -1.4
      vertex 34.288 20.0377 0.7
      vertex 33.5977 19.8527 0.7
    endloop
  endfacet
  facet normal 0.258864 -0.965914 0
    outer loop
      vertex 34.288 20.0377 0.7
      vertex 33.5977 19.8527 -1.4
      vertex 34.288 20.0377 -1.4
    endloop
  endfacet
  facet normal 0.258864 0.965914 -0
    outer loop
      vertex 34.288 11.9623 -1.4
      vertex 33.5977 12.1473 0.7
      vertex 34.288 11.9623 0.7
    endloop
  endfacet
  facet normal 0.258864 0.965914 0
    outer loop
      vertex 33.5977 12.1473 0.7
      vertex 34.288 11.9623 -1.4
      vertex 33.5977 12.1473 -1.4
    endloop
  endfacet
  facet normal -0.573575 -0.819153 0
    outer loop
      vertex 37.05 19.5507 -1.4
      vertex 37.6354 19.1408 0.7
      vertex 37.05 19.5507 0.7
    endloop
  endfacet
  facet normal -0.573575 -0.819153 -0
    outer loop
      vertex 37.6354 19.1408 0.7
      vertex 37.05 19.5507 -1.4
      vertex 37.6354 19.1408 -1.4
    endloop
  endfacet
  facet normal 0.996194 -0.087167 -1.87824e-19
    outer loop
      vertex 30.9 16 0.7
      vertex 30.9623 16.712 -1.4
      vertex 30.9623 16.712 0.7
    endloop
  endfacet
  facet normal 0.996194 -0.087167 -1.87824e-19
    outer loop
      vertex 30.9623 16.712 -1.4
      vertex 30.9 16 0.7
      vertex 30.9 16 -1.4
    endloop
  endfacet
  facet normal -0.422587 -0.906323 0
    outer loop
      vertex 36.4023 19.8527 -1.4
      vertex 37.05 19.5507 0.7
      vertex 36.4023 19.8527 0.7
    endloop
  endfacet
  facet normal -0.422587 -0.906323 -0
    outer loop
      vertex 37.05 19.5507 0.7
      vertex 36.4023 19.8527 -1.4
      vertex 37.05 19.5507 -1.4
    endloop
  endfacet
  facet normal 0 0 -1
    outer loop
      vertex 39.0377 15.288 0.7
      vertex 39.0377 16.712 0.7
      vertex 39.1 16 0.7
    endloop
  endfacet
  facet normal 0 0 -1
    outer loop
      vertex 38.8527 14.5977 0.7
      vertex 39.0377 16.712 0.7
      vertex 39.0377 15.288 0.7
    endloop
  endfacet
  facet normal 0 0 -1
    outer loop
      vertex 38.8527 14.5977 0.7
      vertex 38.8527 17.4023 0.7
      vertex 39.0377 16.712 0.7
    endloop
  endfacet
  facet normal 0 0 -1
    outer loop
      vertex 38.5507 13.95 0.7
      vertex 38.8527 17.4023 0.7
      vertex 38.8527 14.5977 0.7
    endloop
  endfacet
  facet normal 0 0 -1
    outer loop
      vertex 38.5507 13.95 0.7
      vertex 38.5507 18.05 0.7
      vertex 38.8527 17.4023 0.7
    endloop
  endfacet
  facet normal 0 0 -1
    outer loop
      vertex 38.1408 13.3646 0.7
      vertex 38.5507 18.05 0.7
      vertex 38.5507 13.95 0.7
    endloop
  endfacet
  facet normal 0 0 -1
    outer loop
      vertex 38.1408 13.3646 0.7
      vertex 38.1408 18.6354 0.7
      vertex 38.5507 18.05 0.7
    endloop
  endfacet
  facet normal 0 0 -1
    outer loop
      vertex 37.6354 12.8592 0.7
      vertex 38.1408 18.6354 0.7
      vertex 38.1408 13.3646 0.7
    endloop
  endfacet
  facet normal 0 0 -1
    outer loop
      vertex 37.6354 12.8592 0.7
      vertex 37.6354 19.1408 0.7
      vertex 38.1408 18.6354 0.7
    endloop
  endfacet
  facet normal 0 0 -1
    outer loop
      vertex 37.05 12.4493 0.7
      vertex 37.6354 19.1408 0.7
      vertex 37.6354 12.8592 0.7
    endloop
  endfacet
  facet normal 0 0 -1
    outer loop
      vertex 37.05 12.4493 0.7
      vertex 37.05 19.5507 0.7
      vertex 37.6354 19.1408 0.7
    endloop
  endfacet
  facet normal 0 0 -1
    outer loop
      vertex 36.4023 12.1473 0.7
      vertex 37.05 19.5507 0.7
      vertex 37.05 12.4493 0.7
    endloop
  endfacet
  facet normal 0 0 -1
    outer loop
      vertex 36.4023 12.1473 0.7
      vertex 36.4023 19.8527 0.7
      vertex 37.05 19.5507 0.7
    endloop
  endfacet
  facet normal 0 0 -1
    outer loop
      vertex 35.712 11.9623 0.7
      vertex 36.4023 19.8527 0.7
      vertex 36.4023 12.1473 0.7
    endloop
  endfacet
  facet normal 0 0 -1
    outer loop
      vertex 35.712 11.9623 0.7
      vertex 35.712 20.0377 0.7
      vertex 36.4023 19.8527 0.7
    endloop
  endfacet
  facet normal 0 0 -1
    outer loop
      vertex 35 11.9 0.7
      vertex 35.712 20.0377 0.7
      vertex 35.712 11.9623 0.7
    endloop
  endfacet
  facet normal 0 0 -1
    outer loop
      vertex 35 11.9 0.7
      vertex 35 20.1 0.7
      vertex 35.712 20.0377 0.7
    endloop
  endfacet
  facet normal 0 0 -1
    outer loop
      vertex 34.288 11.9623 0.7
      vertex 35 20.1 0.7
      vertex 35 11.9 0.7
    endloop
  endfacet
  facet normal 0 0 -1
    outer loop
      vertex 34.288 11.9623 0.7
      vertex 34.288 20.0377 0.7
      vertex 35 20.1 0.7
    endloop
  endfacet
  facet normal 0 0 -1
    outer loop
      vertex 33.5977 12.1473 0.7
      vertex 34.288 20.0377 0.7
      vertex 34.288 11.9623 0.7
    endloop
  endfacet
  facet normal 0 0 -1
    outer loop
      vertex 33.5977 12.1473 0.7
      vertex 33.5977 19.8527 0.7
      vertex 34.288 20.0377 0.7
    endloop
  endfacet
  facet normal 0 0 -1
    outer loop
      vertex 32.95 12.4493 0.7
      vertex 33.5977 19.8527 0.7
      vertex 33.5977 12.1473 0.7
    endloop
  endfacet
  facet normal 0 0 -1
    outer loop
      vertex 32.95 12.4493 0.7
      vertex 32.95 19.5507 0.7
      vertex 33.5977 19.8527 0.7
    endloop
  endfacet
  facet normal 0 0 -1
    outer loop
      vertex 32.3646 12.8592 0.7
      vertex 32.95 19.5507 0.7
      vertex 32.95 12.4493 0.7
    endloop
  endfacet
  facet normal 0 0 -1
    outer loop
      vertex 32.3646 12.8592 0.7
      vertex 32.3646 19.1408 0.7
      vertex 32.95 19.5507 0.7
    endloop
  endfacet
  facet normal 0 0 -1
    outer loop
      vertex 31.8592 13.3646 0.7
      vertex 32.3646 19.1408 0.7
      vertex 32.3646 12.8592 0.7
    endloop
  endfacet
  facet normal 0 0 -1
    outer loop
      vertex 31.8592 13.3646 0.7
      vertex 31.8592 18.6354 0.7
      vertex 32.3646 19.1408 0.7
    endloop
  endfacet
  facet normal 0 0 -1
    outer loop
      vertex 31.4493 13.95 0.7
      vertex 31.8592 18.6354 0.7
      vertex 31.8592 13.3646 0.7
    endloop
  endfacet
  facet normal 0 0 -1
    outer loop
      vertex 31.4493 13.95 0.7
      vertex 31.4493 18.05 0.7
      vertex 31.8592 18.6354 0.7
    endloop
  endfacet
  facet normal 0 0 -1
    outer loop
      vertex 31.1473 14.5977 0.7
      vertex 31.4493 18.05 0.7
      vertex 31.4493 13.95 0.7
    endloop
  endfacet
  facet normal 0 0 -1
    outer loop
      vertex 31.1473 14.5977 0.7
      vertex 31.1473 17.4023 0.7
      vertex 31.4493 18.05 0.7
    endloop
  endfacet
  facet normal 0 0 -1
    outer loop
      vertex 30.9623 15.288 0.7
      vertex 31.1473 17.4023 0.7
      vertex 31.1473 14.5977 0.7
    endloop
  endfacet
  facet normal 0 0 -1
    outer loop
      vertex 30.9623 15.288 0.7
      vertex 30.9623 16.712 0.7
      vertex 31.1473 17.4023 0.7
    endloop
  endfacet
  facet normal 0 -0 -1
    outer loop
      vertex 30.9623 16.712 0.7
      vertex 30.9623 15.288 0.7
      vertex 30.9 16 0.7
    endloop
  endfacet
  facet normal -0.087167 0.996194 0
    outer loop
      vertex 35.712 11.9623 -1.4
      vertex 35 11.9 0.7
      vertex 35.712 11.9623 0.7
    endloop
  endfacet
  facet normal -0.087167 0.996194 0
    outer loop
      vertex 35 11.9 0.7
      vertex 35.712 11.9623 -1.4
      vertex 35 11.9 -1.4
    endloop
  endfacet
  facet normal -0.965914 0.258864 7.94089e-18
    outer loop
      vertex 38.8527 14.5977 -1.4
      vertex 39.0377 15.288 0.7
      vertex 39.0377 15.288 -1.4
    endloop
  endfacet
  facet normal -0.965914 0.258864 7.94089e-18
    outer loop
      vertex 39.0377 15.288 0.7
      vertex 38.8527 14.5977 -1.4
      vertex 38.8527 14.5977 0.7
    endloop
  endfacet
  facet normal -0.707107 -0.707107 -1.72103e-17
    outer loop
      vertex 38.1408 18.6354 -1.4
      vertex 37.6354 19.1408 0.7
      vertex 37.6354 19.1408 -1.4
    endloop
  endfacet
  facet normal -0.707107 -0.707107 -1.72103e-17
    outer loop
      vertex 37.6354 19.1408 0.7
      vertex 38.1408 18.6354 -1.4
      vertex 38.1408 18.6354 0.7
    endloop
  endfacet
  facet normal 0.906323 0.422587 -8.62898e-18
    outer loop
      vertex 31.4493 13.95 0.7
      vertex 31.1473 14.5977 -1.4
      vertex 31.1473 14.5977 0.7
    endloop
  endfacet
  facet normal 0.906323 0.422587 -8.62898e-18
    outer loop
      vertex 31.1473 14.5977 -1.4
      vertex 31.4493 13.95 0.7
      vertex 31.4493 13.95 -1.4
    endloop
  endfacet
  facet normal 0.573575 -0.819153 0
    outer loop
      vertex 32.3646 19.1408 -1.4
      vertex 32.95 19.5507 0.7
      vertex 32.3646 19.1408 0.7
    endloop
  endfacet
  facet normal 0.573575 -0.819153 0
    outer loop
      vertex 32.95 19.5507 0.7
      vertex 32.3646 19.1408 -1.4
      vertex 32.95 19.5507 -1.4
    endloop
  endfacet
  facet normal 0.087167 -0.996194 0
    outer loop
      vertex 34.288 20.0377 -1.4
      vertex 35 20.1 0.7
      vertex 34.288 20.0377 0.7
    endloop
  endfacet
  facet normal 0.087167 -0.996194 0
    outer loop
      vertex 35 20.1 0.7
      vertex 34.288 20.0377 -1.4
      vertex 35 20.1 -1.4
    endloop
  endfacet
  facet normal -0.573575 0.819153 0
    outer loop
      vertex 37.6354 12.8592 -1.4
      vertex 37.05 12.4493 0.7
      vertex 37.6354 12.8592 0.7
    endloop
  endfacet
  facet normal -0.573575 0.819153 0
    outer loop
      vertex 37.05 12.4493 0.7
      vertex 37.6354 12.8592 -1.4
      vertex 37.05 12.4493 -1.4
    endloop
  endfacet
  facet normal -0.819153 0.573575 7.44099e-18
    outer loop
      vertex 38.1408 13.3646 -1.4
      vertex 38.5507 13.95 0.7
      vertex 38.5507 13.95 -1.4
    endloop
  endfacet
  facet normal -0.819153 0.573575 7.44099e-18
    outer loop
      vertex 38.5507 13.95 0.7
      vertex 38.1408 13.3646 -1.4
      vertex 38.1408 13.3646 0.7
    endloop
  endfacet
  facet normal 0.707107 -0.707107 1.72103e-17
    outer loop
      vertex 31.8592 18.6354 0.7
      vertex 32.3646 19.1408 -1.4
      vertex 32.3646 19.1408 0.7
    endloop
  endfacet
  facet normal 0.707107 -0.707107 1.72103e-17
    outer loop
      vertex 32.3646 19.1408 -1.4
      vertex 31.8592 18.6354 0.7
      vertex 31.8592 18.6354 -1.4
    endloop
  endfacet
  facet normal -0.707107 0.707107 -1.33827e-17
    outer loop
      vertex 37.6354 12.8592 -1.4
      vertex 38.1408 13.3646 0.7
      vertex 38.1408 13.3646 -1.4
    endloop
  endfacet
  facet normal -0.707107 0.707107 -1.33827e-17
    outer loop
      vertex 38.1408 13.3646 0.7
      vertex 37.6354 12.8592 -1.4
      vertex 37.6354 12.8592 0.7
    endloop
  endfacet
  facet normal 0.819153 -0.573575 7.44099e-18
    outer loop
      vertex 31.4493 18.05 0.7
      vertex 31.8592 18.6354 -1.4
      vertex 31.8592 18.6354 0.7
    endloop
  endfacet
  facet normal 0.819153 -0.573575 7.44099e-18
    outer loop
      vertex 31.8592 18.6354 -1.4
      vertex 31.4493 18.05 0.7
      vertex 31.4493 18.05 -1.4
    endloop
  endfacet
  facet normal 0.965914 -0.258864 7.94089e-18
    outer loop
      vertex 30.9623 16.712 0.7
      vertex 31.1473 17.4023 -1.4
      vertex 31.1473 17.4023 0.7
    endloop
  endfacet
  facet normal 0.965914 -0.258864 7.94089e-18
    outer loop
      vertex 31.1473 17.4023 -1.4
      vertex 30.9623 16.712 0.7
      vertex 30.9623 16.712 -1.4
    endloop
  endfacet
  facet normal -1 0 0
    outer loop
      vertex -1 -8 -1.4
      vertex -1 -5 1.4
      vertex -1 -5 -1.4
    endloop
  endfacet
  facet normal -1 -0 0
    outer loop
      vertex -1 -5 1.4
      vertex -1 -8 -1.4
      vertex -1 -8 1.4
    endloop
  endfacet
  facet normal -1 0 0
    outer loop
      vertex -1 5 -1.4
      vertex -1 8 1.4
      vertex -1 8 -1.4
    endloop
  endfacet
  facet normal -1 -0 0
    outer loop
      vertex -1 8 1.4
      vertex -1 5 -1.4
      vertex -1 5 1.4
    endloop
  endfacet
  facet normal -0.422607 0.906313 0
    outer loop
      vertex -2 -9.73205 -1.4
      vertex -2.31596 -9.87938 1.4
      vertex -2 -9.73205 1.4
    endloop
  endfacet
  facet normal -0.422607 0.906313 0
    outer loop
      vertex -2.31596 -9.87938 1.4
      vertex -2 -9.73205 -1.4
      vertex -2.31596 -9.87938 -1.4
    endloop
  endfacet
  facet normal -0.0871705 -0.996193 0
    outer loop
      vertex -3 10 -1.4
      vertex -2.6527 9.96961 1.4
      vertex -3 10 1.4
    endloop
  endfacet
  facet normal -0.0871705 -0.996193 -0
    outer loop
      vertex -2.6527 9.96961 1.4
      vertex -3 10 -1.4
      vertex -2.6527 9.96961 -1.4
    endloop
  endfacet
  facet normal -0.422607 -0.906313 0
    outer loop
      vertex -2.31596 9.87938 -1.4
      vertex -2 9.73205 1.4
      vertex -2.31596 9.87938 1.4
    endloop
  endfacet
  facet normal -0.422607 -0.906313 -0
    outer loop
      vertex -2 9.73205 1.4
      vertex -2.31596 9.87938 -1.4
      vertex -2 9.73205 -1.4
    endloop
  endfacet
  facet normal -0.0871705 0.996193 0
    outer loop
      vertex -2.6527 -9.96961 -1.4
      vertex -3 -10 1.4
      vertex -2.6527 -9.96961 1.4
    endloop
  endfacet
  facet normal -0.0871705 0.996193 0
    outer loop
      vertex -3 -10 1.4
      vertex -2.6527 -9.96961 -1.4
      vertex -3 -10 -1.4
    endloop
  endfacet
  facet normal -0.81915 0.57358 -2.99636e-18
    outer loop
      vertex -1.46791 -9.28557 -1.4
      vertex -1.26795 -9 1.4
      vertex -1.26795 -9 -1.4
    endloop
  endfacet
  facet normal -0.81915 0.57358 -2.99636e-18
    outer loop
      vertex -1.26795 -9 1.4
      vertex -1.46791 -9.28557 -1.4
      vertex -1.46791 -9.28557 1.4
    endloop
  endfacet
  facet normal 0.422564 -0.906333 0
    outer loop
      vertex -34 9.73205 -1.4
      vertex -33.684 9.87938 1.4
      vertex -34 9.73205 1.4
    endloop
  endfacet
  facet normal 0.422564 -0.906333 0
    outer loop
      vertex -33.684 9.87938 1.4
      vertex -34 9.73205 -1.4
      vertex -33.684 9.87938 -1.4
    endloop
  endfacet
  facet normal 0.422564 0.906333 -0
    outer loop
      vertex -33.684 -9.87938 -1.4
      vertex -34 -9.73205 1.4
      vertex -33.684 -9.87938 1.4
    endloop
  endfacet
  facet normal 0.422564 0.906333 0
    outer loop
      vertex -34 -9.73205 1.4
      vertex -33.684 -9.87938 -1.4
      vertex -34 -9.73205 -1.4
    endloop
  endfacet
  facet normal 0.996191 0.087199 8.16796e-19
    outer loop
      vertex -34.9696 -8.3473 1.4
      vertex -35 -8 -1.4
      vertex -35 -8 1.4
    endloop
  endfacet
  facet normal 0.996191 0.087199 8.16796e-19
    outer loop
      vertex -35 -8 -1.4
      vertex -34.9696 -8.3473 1.4
      vertex -34.9696 -8.3473 -1.4
    endloop
  endfacet
  facet normal 0.819231 -0.573464 -4.64032e-19
    outer loop
      vertex -34.732 9 1.4
      vertex -34.5321 9.28557 -1.4
      vertex -34.5321 9.28557 1.4
    endloop
  endfacet
  facet normal 0.819231 -0.573464 -4.64032e-19
    outer loop
      vertex -34.5321 9.28557 -1.4
      vertex -34.732 9 1.4
      vertex -34.732 9 -1.4
    endloop
  endfacet
  facet normal -0.707107 -0.707107 1.61836e-18
    outer loop
      vertex -1.46791 9.28557 -1.4
      vertex -1.71443 9.53209 1.4
      vertex -1.71443 9.53209 -1.4
    endloop
  endfacet
  facet normal -0.707107 -0.707107 1.61836e-18
    outer loop
      vertex -1.71443 9.53209 1.4
      vertex -1.46791 9.28557 -1.4
      vertex -1.46791 9.28557 1.4
    endloop
  endfacet
  facet normal -0.906313 0.422607 -2.62454e-18
    outer loop
      vertex -1.26795 -9 -1.4
      vertex -1.12062 -8.68404 1.4
      vertex -1.12062 -8.68404 -1.4
    endloop
  endfacet
  facet normal -0.906313 0.422607 -2.62454e-18
    outer loop
      vertex -1.12062 -8.68404 1.4
      vertex -1.26795 -9 -1.4
      vertex -1.26795 -9 1.4
    endloop
  endfacet
  facet normal 0.996191 -0.087199 -8.16796e-19
    outer loop
      vertex -35 8 1.4
      vertex -34.9696 8.3473 -1.4
      vertex -34.9696 8.3473 1.4
    endloop
  endfacet
  facet normal 0.996191 -0.087199 -8.16796e-19
    outer loop
      vertex -34.9696 8.3473 -1.4
      vertex -35 8 1.4
      vertex -35 8 -1.4
    endloop
  endfacet
  facet normal 0.707135 0.707078 -2.1581e-19
    outer loop
      vertex -34.2856 -9.53209 1.4
      vertex -34.5321 -9.28557 -1.4
      vertex -34.5321 -9.28557 1.4
    endloop
  endfacet
  facet normal 0.707135 0.707078 -2.1581e-19
    outer loop
      vertex -34.5321 -9.28557 -1.4
      vertex -34.2856 -9.53209 1.4
      vertex -34.2856 -9.53209 -1.4
    endloop
  endfacet
  facet normal -0.57358 -0.81915 0
    outer loop
      vertex -2 9.73205 -1.4
      vertex -1.71443 9.53209 1.4
      vertex -2 9.73205 1.4
    endloop
  endfacet
  facet normal -0.57358 -0.81915 -0
    outer loop
      vertex -1.71443 9.53209 1.4
      vertex -2 9.73205 -1.4
      vertex -1.71443 9.53209 -1.4
    endloop
  endfacet
  facet normal 0.25885 0.965918 -0
    outer loop
      vertex -33.3473 -9.96961 -1.4
      vertex -33.684 -9.87938 1.4
      vertex -33.3473 -9.96961 1.4
    endloop
  endfacet
  facet normal 0.25885 0.965918 0
    outer loop
      vertex -33.684 -9.87938 1.4
      vertex -33.3473 -9.96961 -1.4
      vertex -33.684 -9.87938 -1.4
    endloop
  endfacet
  facet normal -0.965925 0.258821 -9.28752e-19
    outer loop
      vertex -1.12062 -8.68404 -1.4
      vertex -1.03039 -8.3473 1.4
      vertex -1.03039 -8.3473 -1.4
    endloop
  endfacet
  facet normal -0.965925 0.258821 -9.28752e-19
    outer loop
      vertex -1.03039 -8.3473 1.4
      vertex -1.12062 -8.68404 -1.4
      vertex -1.12062 -8.68404 1.4
    endloop
  endfacet
  facet normal 0.906236 -0.422772 2.82224e-18
    outer loop
      vertex -34.8794 8.68404 1.4
      vertex -34.732 9 -1.4
      vertex -34.732 9 1.4
    endloop
  endfacet
  facet normal 0.906236 -0.422772 2.82224e-18
    outer loop
      vertex -34.732 9 -1.4
      vertex -34.8794 8.68404 1.4
      vertex -34.8794 8.68404 -1.4
    endloop
  endfacet
  facet normal 0 1 -0
    outer loop
      vertex -3 -10 -1.4
      vertex -33 -10 1.4
      vertex -3 -10 1.4
    endloop
  endfacet
  facet normal 0 1 0
    outer loop
      vertex -33 -10 1.4
      vertex -3 -10 -1.4
      vertex -33 -10 -1.4
    endloop
  endfacet
  facet normal -0.906313 -0.422607 2.62454e-18
    outer loop
      vertex -1.12062 8.68404 -1.4
      vertex -1.26795 9 1.4
      vertex -1.26795 9 -1.4
    endloop
  endfacet
  facet normal -0.906313 -0.422607 2.62454e-18
    outer loop
      vertex -1.26795 9 1.4
      vertex -1.12062 8.68404 -1.4
      vertex -1.12062 8.68404 1.4
    endloop
  endfacet
  facet normal -0.996193 0.0871705 3.14313e-19
    outer loop
      vertex -1.03039 -8.3473 -1.4
      vertex -1 -8 1.4
      vertex -1 -8 -1.4
    endloop
  endfacet
  facet normal -0.996193 0.0871705 3.14313e-19
    outer loop
      vertex -1 -8 1.4
      vertex -1.03039 -8.3473 -1.4
      vertex -1.03039 -8.3473 1.4
    endloop
  endfacet
  facet normal 0.573539 0.819178 -0
    outer loop
      vertex -34 -9.73205 -1.4
      vertex -34.2856 -9.53209 1.4
      vertex -34 -9.73205 1.4
    endloop
  endfacet
  facet normal 0.573539 0.819178 0
    outer loop
      vertex -34.2856 -9.53209 1.4
      vertex -34 -9.73205 -1.4
      vertex -34.2856 -9.53209 -1.4
    endloop
  endfacet
  facet normal -0.258821 -0.965925 0
    outer loop
      vertex -2.6527 9.96961 -1.4
      vertex -2.31596 9.87938 1.4
      vertex -2.6527 9.96961 1.4
    endloop
  endfacet
  facet normal -0.258821 -0.965925 -0
    outer loop
      vertex -2.31596 9.87938 1.4
      vertex -2.6527 9.96961 -1.4
      vertex -2.31596 9.87938 -1.4
    endloop
  endfacet
  facet normal 0.573539 -0.819178 0
    outer loop
      vertex -34.2856 9.53209 -1.4
      vertex -34 9.73205 1.4
      vertex -34.2856 9.53209 1.4
    endloop
  endfacet
  facet normal 0.573539 -0.819178 0
    outer loop
      vertex -34 9.73205 1.4
      vertex -34.2856 9.53209 -1.4
      vertex -34 9.73205 -1.4
    endloop
  endfacet
  facet normal 0.0871705 -0.996193 0
    outer loop
      vertex -33.3473 9.96961 -1.4
      vertex -33 10 1.4
      vertex -33.3473 9.96961 1.4
    endloop
  endfacet
  facet normal 0.0871705 -0.996193 0
    outer loop
      vertex -33 10 1.4
      vertex -33.3473 9.96961 -1.4
      vertex -33 10 -1.4
    endloop
  endfacet
  facet normal -0.57358 0.81915 0
    outer loop
      vertex -1.71443 -9.53209 -1.4
      vertex -2 -9.73205 1.4
      vertex -1.71443 -9.53209 1.4
    endloop
  endfacet
  facet normal -0.57358 0.81915 0
    outer loop
      vertex -2 -9.73205 1.4
      vertex -1.71443 -9.53209 -1.4
      vertex -2 -9.73205 -1.4
    endloop
  endfacet
  facet normal 0 -1 0
    outer loop
      vertex -33 10 -1.4
      vertex -3 10 1.4
      vertex -33 10 1.4
    endloop
  endfacet
  facet normal 0 -1 -0
    outer loop
      vertex -3 10 1.4
      vertex -33 10 -1.4
      vertex -3 10 -1.4
    endloop
  endfacet
  facet normal -0.707107 0.707107 -1.61836e-18
    outer loop
      vertex -1.71443 -9.53209 -1.4
      vertex -1.46791 -9.28557 1.4
      vertex -1.46791 -9.28557 -1.4
    endloop
  endfacet
  facet normal -0.707107 0.707107 -1.61836e-18
    outer loop
      vertex -1.46791 -9.28557 1.4
      vertex -1.71443 -9.53209 -1.4
      vertex -1.71443 -9.53209 1.4
    endloop
  endfacet
  facet normal 0.0871705 0.996193 -0
    outer loop
      vertex -33 -10 -1.4
      vertex -33.3473 -9.96961 1.4
      vertex -33 -10 1.4
    endloop
  endfacet
  facet normal 0.0871705 0.996193 0
    outer loop
      vertex -33.3473 -9.96961 1.4
      vertex -33 -10 -1.4
      vertex -33.3473 -9.96961 -1.4
    endloop
  endfacet
  facet normal 1 -0 0
    outer loop
      vertex -35 -8 1.4
      vertex -35 8 -1.4
      vertex -35 8 1.4
    endloop
  endfacet
  facet normal 1 0 0
    outer loop
      vertex -35 8 -1.4
      vertex -35 -8 1.4
      vertex -35 -8 -1.4
    endloop
  endfacet
  facet normal 0.25885 -0.965918 0
    outer loop
      vertex -33.684 9.87938 -1.4
      vertex -33.3473 9.96961 1.4
      vertex -33.684 9.87938 1.4
    endloop
  endfacet
  facet normal 0.25885 -0.965918 0
    outer loop
      vertex -33.3473 9.96961 1.4
      vertex -33.684 9.87938 -1.4
      vertex -33.3473 9.96961 -1.4
    endloop
  endfacet
  facet normal -0.81915 -0.57358 2.99636e-18
    outer loop
      vertex -1.26795 9 -1.4
      vertex -1.46791 9.28557 1.4
      vertex -1.46791 9.28557 -1.4
    endloop
  endfacet
  facet normal -0.81915 -0.57358 2.99636e-18
    outer loop
      vertex -1.46791 9.28557 1.4
      vertex -1.26795 9 -1.4
      vertex -1.26795 9 1.4
    endloop
  endfacet
  facet normal 0.965947 -0.258741 -1.53166e-18
    outer loop
      vertex -34.9696 8.3473 1.4
      vertex -34.8794 8.68404 -1.4
      vertex -34.8794 8.68404 1.4
    endloop
  endfacet
  facet normal 0.965947 -0.258741 -1.53166e-18
    outer loop
      vertex -34.8794 8.68404 -1.4
      vertex -34.9696 8.3473 1.4
      vertex -34.9696 8.3473 -1.4
    endloop
  endfacet
  facet normal 0.906236 0.422772 -2.82224e-18
    outer loop
      vertex -34.732 -9 1.4
      vertex -34.8794 -8.68404 -1.4
      vertex -34.8794 -8.68404 1.4
    endloop
  endfacet
  facet normal 0.906236 0.422772 -2.82224e-18
    outer loop
      vertex -34.8794 -8.68404 -1.4
      vertex -34.732 -9 1.4
      vertex -34.732 -9 -1.4
    endloop
  endfacet
  facet normal 0.965947 0.258741 1.53166e-18
    outer loop
      vertex -34.8794 -8.68404 1.4
      vertex -34.9696 -8.3473 -1.4
      vertex -34.9696 -8.3473 1.4
    endloop
  endfacet
  facet normal 0.965947 0.258741 1.53166e-18
    outer loop
      vertex -34.9696 -8.3473 -1.4
      vertex -34.8794 -8.68404 1.4
      vertex -34.8794 -8.68404 -1.4
    endloop
  endfacet
  facet normal -0.258821 0.965925 0
    outer loop
      vertex -2.31596 -9.87938 -1.4
      vertex -2.6527 -9.96961 1.4
      vertex -2.31596 -9.87938 1.4
    endloop
  endfacet
  facet normal -0.258821 0.965925 0
    outer loop
      vertex -2.6527 -9.96961 1.4
      vertex -2.31596 -9.87938 -1.4
      vertex -2.6527 -9.96961 -1.4
    endloop
  endfacet
  facet normal 0.819231 0.573464 4.64032e-19
    outer loop
      vertex -34.5321 -9.28557 1.4
      vertex -34.732 -9 -1.4
      vertex -34.732 -9 1.4
    endloop
  endfacet
  facet normal 0.819231 0.573464 4.64032e-19
    outer loop
      vertex -34.732 -9 -1.4
      vertex -34.5321 -9.28557 1.4
      vertex -34.5321 -9.28557 -1.4
    endloop
  endfacet
  facet normal 0.707135 -0.707078 2.1581e-19
    outer loop
      vertex -34.5321 9.28557 1.4
      vertex -34.2856 9.53209 -1.4
      vertex -34.2856 9.53209 1.4
    endloop
  endfacet
  facet normal 0.707135 -0.707078 2.1581e-19
    outer loop
      vertex -34.2856 9.53209 -1.4
      vertex -34.5321 9.28557 1.4
      vertex -34.5321 9.28557 -1.4
    endloop
  endfacet
  facet normal -0.996193 -0.0871705 -3.14313e-19
    outer loop
      vertex -1 8 -1.4
      vertex -1.03039 8.3473 1.4
      vertex -1.03039 8.3473 -1.4
    endloop
  endfacet
  facet normal -0.996193 -0.0871705 -3.14313e-19
    outer loop
      vertex -1.03039 8.3473 1.4
      vertex -1 8 -1.4
      vertex -1 8 1.4
    endloop
  endfacet
  facet normal -0.965925 -0.258821 9.28752e-19
    outer loop
      vertex -1.03039 8.3473 -1.4
      vertex -1.12062 8.68404 1.4
      vertex -1.12062 8.68404 -1.4
    endloop
  endfacet
  facet normal -0.965925 -0.258821 9.28752e-19
    outer loop
      vertex -1.12062 8.68404 1.4
      vertex -1.03039 8.3473 -1.4
      vertex -1.03039 8.3473 1.4
    endloop
  endfacet
  facet normal -0.819155 0.573572 9.23663e-19
    outer loop
      vertex 26.8302 -3.21394 -1.4
      vertex 27.3301 -2.5 1.4
      vertex 27.3301 -2.5 -1.4
    endloop
  endfacet
  facet normal -0.819155 0.573572 9.23663e-19
    outer loop
      vertex 27.3301 -2.5 1.4
      vertex 26.8302 -3.21394 -1.4
      vertex 26.8302 -3.21394 1.4
    endloop
  endfacet
  facet normal 0 -1 0
    outer loop
      vertex -1 5 -1.4
      vertex 23 5 1.4
      vertex -1 5 1.4
    endloop
  endfacet
  facet normal 0 -1 -0
    outer loop
      vertex 23 5 1.4
      vertex -1 5 -1.4
      vertex 23 5 -1.4
    endloop
  endfacet
  facet normal -0.0871584 -0.996194 0
    outer loop
      vertex 23 5 -1.4
      vertex 23.8682 4.92404 1.4
      vertex 23 5 1.4
    endloop
  endfacet
  facet normal -0.0871584 -0.996194 -0
    outer loop
      vertex 23.8682 4.92404 1.4
      vertex 23 5 -1.4
      vertex 23.8682 4.92404 -1.4
    endloop
  endfacet
  facet normal 0 1 -0
    outer loop
      vertex 23 -5 -1.4
      vertex -1 -5 1.4
      vertex 23 -5 1.4
    endloop
  endfacet
  facet normal 0 1 0
    outer loop
      vertex -1 -5 1.4
      vertex 23 -5 -1.4
      vertex -1 -5 -1.4
    endloop
  endfacet
  facet normal -0.707095 -0.707118 0
    outer loop
      vertex 26.2139 3.83022 -1.4
      vertex 26.8302 3.21394 1.4
      vertex 26.2139 3.83022 1.4
    endloop
  endfacet
  facet normal -0.707095 -0.707118 -0
    outer loop
      vertex 26.8302 3.21394 1.4
      vertex 26.2139 3.83022 -1.4
      vertex 26.8302 3.21394 -1.4
    endloop
  endfacet
  facet normal -0.819155 -0.573572 -9.23663e-19
    outer loop
      vertex 27.3301 2.5 -1.4
      vertex 26.8302 3.21394 1.4
      vertex 26.8302 3.21394 -1.4
    endloop
  endfacet
  facet normal -0.819155 -0.573572 -9.23663e-19
    outer loop
      vertex 26.8302 3.21394 1.4
      vertex 27.3301 2.5 -1.4
      vertex 27.3301 2.5 1.4
    endloop
  endfacet
  facet normal -0.258812 0.965928 0
    outer loop
      vertex 24.7101 -4.69846 -1.4
      vertex 23.8682 -4.92404 1.4
      vertex 24.7101 -4.69846 1.4
    endloop
  endfacet
  facet normal -0.258812 0.965928 0
    outer loop
      vertex 23.8682 -4.92404 1.4
      vertex 24.7101 -4.69846 -1.4
      vertex 23.8682 -4.92404 -1.4
    endloop
  endfacet
  facet normal -0.965948 -0.258738 -1.70466e-17
    outer loop
      vertex 27.924 0.86824 -1.4
      vertex 27.6985 1.7101 -1.1
      vertex 27.6985 1.7101 -1.4
    endloop
  endfacet
  facet normal -0.965948 -0.258738 -1.70466e-17
    outer loop
      vertex 27.6985 1.7101 -1.1
      vertex 27.924 0.86824 -1.4
      vertex 27.924 0.86824 -1.1
    endloop
  endfacet
  facet normal -0.573601 -0.819135 0
    outer loop
      vertex 25.5 4.33013 -1.4
      vertex 26.2139 3.83022 1.4
      vertex 25.5 4.33013 1.4
    endloop
  endfacet
  facet normal -0.573601 -0.819135 -0
    outer loop
      vertex 26.2139 3.83022 1.4
      vertex 25.5 4.33013 -1.4
      vertex 26.2139 3.83022 -1.4
    endloop
  endfacet
  facet normal -0.906299 -0.422636 0
    outer loop
      vertex 27.3301 2.5 -1.4
      vertex 27.6103 1.89914 -1.1
      vertex 27.3301 2.5 1.4
    endloop
  endfacet
  facet normal -0.90628 -0.422678 -0.000102664
    outer loop
      vertex 27.6985 1.7101 -1.4
      vertex 27.6103 1.89914 -1.1
      vertex 27.3301 2.5 -1.4
    endloop
  endfacet
  facet normal -0.906217 -0.422812 -2.14459e-17
    outer loop
      vertex 27.6103 1.89914 -1.1
      vertex 27.6985 1.7101 -1.4
      vertex 27.6985 1.7101 -1.1
    endloop
  endfacet
  facet normal -0.906299 -0.422636 -3.15063e-18
    outer loop
      vertex 27.3301 2.5 1.4
      vertex 27.6103 1.89914 -1.1
      vertex 27.6103 1.89914 1.4
    endloop
  endfacet
  facet normal -0.996191 0.0872 -2.18678e-18
    outer loop
      vertex 27.924 -0.86824 -1.4
      vertex 28 0 -1.1
      vertex 28 0 -1.4
    endloop
  endfacet
  facet normal -0.996191 0.0872 -2.18678e-18
    outer loop
      vertex 28 0 -1.1
      vertex 27.924 -0.86824 -1.4
      vertex 27.924 -0.86824 -1.1
    endloop
  endfacet
  facet normal -0.996191 -0.0872 2.18678e-18
    outer loop
      vertex 28 0 -1.4
      vertex 27.924 0.86824 -1.1
      vertex 27.924 0.86824 -1.4
    endloop
  endfacet
  facet normal -0.996191 -0.0872 2.18678e-18
    outer loop
      vertex 27.924 0.86824 -1.1
      vertex 28 0 -1.4
      vertex 28 0 -1.1
    endloop
  endfacet
  facet normal -0.707095 0.707118 0
    outer loop
      vertex 26.8302 -3.21394 -1.4
      vertex 26.2139 -3.83022 1.4
      vertex 26.8302 -3.21394 1.4
    endloop
  endfacet
  facet normal -0.707095 0.707118 0
    outer loop
      vertex 26.2139 -3.83022 1.4
      vertex 26.8302 -3.21394 -1.4
      vertex 26.2139 -3.83022 -1.4
    endloop
  endfacet
  facet normal -0.0871584 0.996194 0
    outer loop
      vertex 23.8682 -4.92404 -1.4
      vertex 23 -5 1.4
      vertex 23.8682 -4.92404 1.4
    endloop
  endfacet
  facet normal -0.0871584 0.996194 0
    outer loop
      vertex 23 -5 1.4
      vertex 23.8682 -4.92404 -1.4
      vertex 23 -5 -1.4
    endloop
  endfacet
  facet normal -0.422612 0.906311 0
    outer loop
      vertex 25.5 -4.33013 -1.4
      vertex 24.7101 -4.69846 1.4
      vertex 25.5 -4.33013 1.4
    endloop
  endfacet
  facet normal -0.422612 0.906311 0
    outer loop
      vertex 24.7101 -4.69846 1.4
      vertex 25.5 -4.33013 -1.4
      vertex 24.7101 -4.69846 -1.4
    endloop
  endfacet
  facet normal -0.573601 0.819135 0
    outer loop
      vertex 26.2139 -3.83022 -1.4
      vertex 25.5 -4.33013 1.4
      vertex 26.2139 -3.83022 1.4
    endloop
  endfacet
  facet normal -0.573601 0.819135 0
    outer loop
      vertex 25.5 -4.33013 1.4
      vertex 26.2139 -3.83022 -1.4
      vertex 25.5 -4.33013 -1.4
    endloop
  endfacet
  facet normal -0.422612 -0.906311 0
    outer loop
      vertex 24.7101 4.69846 -1.4
      vertex 25.5 4.33013 1.4
      vertex 24.7101 4.69846 1.4
    endloop
  endfacet
  facet normal -0.422612 -0.906311 -0
    outer loop
      vertex 25.5 4.33013 1.4
      vertex 24.7101 4.69846 -1.4
      vertex 25.5 4.33013 -1.4
    endloop
  endfacet
  facet normal -0.258812 -0.965928 0
    outer loop
      vertex 23.8682 4.92404 -1.4
      vertex 24.7101 4.69846 1.4
      vertex 23.8682 4.92404 1.4
    endloop
  endfacet
  facet normal -0.258812 -0.965928 -0
    outer loop
      vertex 24.7101 4.69846 1.4
      vertex 23.8682 4.92404 -1.4
      vertex 24.7101 4.69846 -1.4
    endloop
  endfacet
  facet normal -0.906217 0.422812 0
    outer loop
      vertex 27.6985 -1.7101 -1.4
      vertex 27.6103 -1.89914 -1.1
      vertex 27.6985 -1.7101 -1.1
    endloop
  endfacet
  facet normal -0.90628 0.422678 -0.000102664
    outer loop
      vertex 27.3301 -2.5 -1.4
      vertex 27.6103 -1.89914 -1.1
      vertex 27.6985 -1.7101 -1.4
    endloop
  endfacet
  facet normal -0.906299 0.422636 0
    outer loop
      vertex 27.3301 -2.5 1.4
      vertex 27.6103 -1.89914 -1.1
      vertex 27.3301 -2.5 -1.4
    endloop
  endfacet
  facet normal -0.906299 0.422636 0
    outer loop
      vertex 27.6103 -1.89914 -1.1
      vertex 27.3301 -2.5 1.4
      vertex 27.6103 -1.89914 1.4
    endloop
  endfacet
  facet normal -0.965948 0.258738 1.70466e-17
    outer loop
      vertex 27.6985 -1.7101 -1.4
      vertex 27.924 -0.86824 -1.1
      vertex 27.924 -0.86824 -1.4
    endloop
  endfacet
  facet normal -0.965948 0.258738 1.70466e-17
    outer loop
      vertex 27.924 -0.86824 -1.1
      vertex 27.6985 -1.7101 -1.4
      vertex 27.6985 -1.7101 -1.1
    endloop
  endfacet
  facet normal -1 0 0
    outer loop
      vertex 44 -11 -1.4
      vertex 44 11 1.4
      vertex 44 11 -1.4
    endloop
  endfacet
  facet normal -1 -0 0
    outer loop
      vertex 44 11 1.4
      vertex 44 -11 -1.4
      vertex 44 -11 1.4
    endloop
  endfacet
  facet normal 1 -0 0
    outer loop
      vertex 36 -11 1.4
      vertex 36 11 -1.4
      vertex 36 11 1.4
    endloop
  endfacet
  facet normal 1 0 0
    outer loop
      vertex 36 11 -1.4
      vertex 36 -11 1.4
      vertex 36 -11 -1.4
    endloop
  endfacet
  facet normal 0 -1 0
    outer loop
      vertex 36 11 -1.4
      vertex 44 11 1.4
      vertex 36 11 1.4
    endloop
  endfacet
  facet normal 0 -1 -0
    outer loop
      vertex 44 11 1.4
      vertex 36 11 -1.4
      vertex 44 11 -1.4
    endloop
  endfacet
  facet normal 0 1 -0
    outer loop
      vertex 44 -11 -1.4
      vertex 36 -11 1.4
      vertex 44 -11 1.4
    endloop
  endfacet
  facet normal 0 1 0
    outer loop
      vertex 36 -11 1.4
      vertex 44 -11 -1.4
      vertex 36 -11 -1.4
    endloop
  endfacet
  facet normal -0.0871582 0.996194 0
    outer loop
      vertex -61.4356 -3.20062 23.9
      vertex -62 -3.25 26.9
      vertex -61.4356 -3.20062 26.9
    endloop
  endfacet
  facet normal -0.0871582 0.996194 0
    outer loop
      vertex -62 -3.25 26.9
      vertex -61.4356 -3.20062 23.9
      vertex -62 -3.25 23.9
    endloop
  endfacet
  facet normal -0.965936 -0.258781 -2.66626e-18
    outer loop
      vertex -58.7994 0.564356 23.9
      vertex -58.946 1.11156 26.9
      vertex -58.946 1.11156 23.9
    endloop
  endfacet
  facet normal -0.965936 -0.258781 -2.66626e-18
    outer loop
      vertex -58.946 1.11156 26.9
      vertex -58.7994 0.564356 23.9
      vertex -58.7994 0.564356 26.9
    endloop
  endfacet
  facet normal -0.996191 -0.0872 -1.77232e-19
    outer loop
      vertex -58.75 0 23.9
      vertex -58.7994 0.564356 26.9
      vertex -58.7994 0.564356 23.9
    endloop
  endfacet
  facet normal -0.996191 -0.0872 -1.77232e-19
    outer loop
      vertex -58.7994 0.564356 26.9
      vertex -58.75 0 23.9
      vertex -58.75 0 26.9
    endloop
  endfacet
  facet normal -0.906322 -0.422588 4.41411e-20
    outer loop
      vertex -58.946 1.11156 23.9
      vertex -59.1854 1.625 26.9
      vertex -59.1854 1.625 23.9
    endloop
  endfacet
  facet normal -0.906322 -0.422588 4.41411e-20
    outer loop
      vertex -59.1854 1.625 26.9
      vertex -58.946 1.11156 23.9
      vertex -58.946 1.11156 26.9
    endloop
  endfacet
  facet normal -0.965936 0.258781 2.66626e-18
    outer loop
      vertex -58.946 -1.11156 23.9
      vertex -58.7994 -0.564356 26.9
      vertex -58.7994 -0.564356 23.9
    endloop
  endfacet
  facet normal -0.965936 0.258781 2.66626e-18
    outer loop
      vertex -58.7994 -0.564356 26.9
      vertex -58.946 -1.11156 23.9
      vertex -58.946 -1.11156 26.9
    endloop
  endfacet
  facet normal 0.573545 -0.819174 0
    outer loop
      vertex -64.0891 2.48964 23.9
      vertex -63.625 2.81458 26.9
      vertex -64.0891 2.48964 26.9
    endloop
  endfacet
  facet normal 0.573545 -0.819174 0
    outer loop
      vertex -63.625 2.81458 26.9
      vertex -64.0891 2.48964 23.9
      vertex -63.625 2.81458 23.9
    endloop
  endfacet
  facet normal 0.0871582 0.996194 -0
    outer loop
      vertex -62 -3.25 23.9
      vertex -62.5644 -3.20062 26.9
      vertex -62 -3.25 26.9
    endloop
  endfacet
  facet normal 0.0871582 0.996194 0
    outer loop
      vertex -62.5644 -3.20062 26.9
      vertex -62 -3.25 23.9
      vertex -62.5644 -3.20062 23.9
    endloop
  endfacet
  facet normal -0.422644 0.906296 0
    outer loop
      vertex -60.375 -2.81458 23.9
      vertex -60.8884 -3.054 26.9
      vertex -60.375 -2.81458 26.9
    endloop
  endfacet
  facet normal -0.422644 0.906296 0
    outer loop
      vertex -60.8884 -3.054 26.9
      vertex -60.375 -2.81458 23.9
      vertex -60.8884 -3.054 23.9
    endloop
  endfacet
  facet normal 0.906322 -0.422588 -4.41411e-20
    outer loop
      vertex -65.054 1.11156 26.9
      vertex -64.8146 1.625 23.9
      vertex -64.8146 1.625 26.9
    endloop
  endfacet
  facet normal 0.906322 -0.422588 -4.41411e-20
    outer loop
      vertex -64.8146 1.625 23.9
      vertex -65.054 1.11156 26.9
      vertex -65.054 1.11156 23.9
    endloop
  endfacet
  facet normal -0.906322 0.422588 -4.41411e-20
    outer loop
      vertex -59.1854 -1.625 23.9
      vertex -58.946 -1.11156 26.9
      vertex -58.946 -1.11156 23.9
    endloop
  endfacet
  facet normal -0.906322 0.422588 -4.41411e-20
    outer loop
      vertex -58.946 -1.11156 26.9
      vertex -59.1854 -1.625 23.9
      vertex -59.1854 -1.625 26.9
    endloop
  endfacet
  facet normal -0.258816 -0.965927 0
    outer loop
      vertex -61.4356 3.20062 23.9
      vertex -60.8884 3.054 26.9
      vertex -61.4356 3.20062 26.9
    endloop
  endfacet
  facet normal -0.258816 -0.965927 -0
    outer loop
      vertex -60.8884 3.054 26.9
      vertex -61.4356 3.20062 23.9
      vertex -60.8884 3.054 23.9
    endloop
  endfacet
  facet normal -0.707177 -0.707036 0
    outer loop
      vertex -59.9109 2.48964 23.9
      vertex -59.5104 2.08906 26.9
      vertex -59.9109 2.48964 26.9
    endloop
  endfacet
  facet normal -0.707177 -0.707036 -0
    outer loop
      vertex -59.5104 2.08906 26.9
      vertex -59.9109 2.48964 23.9
      vertex -59.5104 2.08906 23.9
    endloop
  endfacet
  facet normal -0.573545 0.819174 0
    outer loop
      vertex -59.9109 -2.48964 23.9
      vertex -60.375 -2.81458 26.9
      vertex -59.9109 -2.48964 26.9
    endloop
  endfacet
  facet normal -0.573545 0.819174 0
    outer loop
      vertex -60.375 -2.81458 26.9
      vertex -59.9109 -2.48964 23.9
      vertex -60.375 -2.81458 23.9
    endloop
  endfacet
  facet normal 0.996191 0.0872 2.28827e-19
    outer loop
      vertex -65.2006 -0.564356 26.9
      vertex -65.25 0 23.9
      vertex -65.25 0 26.9
    endloop
  endfacet
  facet normal 0.996191 0.0872 2.28827e-19
    outer loop
      vertex -65.25 0 23.9
      vertex -65.2006 -0.564356 26.9
      vertex -65.2006 -0.564356 23.9
    endloop
  endfacet
  facet normal -0.819101 0.573649 -1.30015e-18
    outer loop
      vertex -59.5104 -2.08906 23.9
      vertex -59.1854 -1.625 26.9
      vertex -59.1854 -1.625 23.9
    endloop
  endfacet
  facet normal -0.819101 0.573649 -1.30015e-18
    outer loop
      vertex -59.1854 -1.625 26.9
      vertex -59.5104 -2.08906 23.9
      vertex -59.5104 -2.08906 26.9
    endloop
  endfacet
  facet normal 0.965936 0.258781 -1.29075e-18
    outer loop
      vertex -65.054 -1.11156 26.9
      vertex -65.2006 -0.564356 23.9
      vertex -65.2006 -0.564356 26.9
    endloop
  endfacet
  facet normal 0.965936 0.258781 -1.29075e-18
    outer loop
      vertex -65.2006 -0.564356 23.9
      vertex -65.054 -1.11156 26.9
      vertex -65.054 -1.11156 23.9
    endloop
  endfacet
  facet normal -0.258816 0.965927 0
    outer loop
      vertex -60.8884 -3.054 23.9
      vertex -61.4356 -3.20062 26.9
      vertex -60.8884 -3.054 26.9
    endloop
  endfacet
  facet normal -0.258816 0.965927 0
    outer loop
      vertex -61.4356 -3.20062 26.9
      vertex -60.8884 -3.054 23.9
      vertex -61.4356 -3.20062 23.9
    endloop
  endfacet
  facet normal -0.422644 -0.906296 0
    outer loop
      vertex -60.8884 3.054 23.9
      vertex -60.375 2.81458 26.9
      vertex -60.8884 3.054 26.9
    endloop
  endfacet
  facet normal -0.422644 -0.906296 -0
    outer loop
      vertex -60.375 2.81458 26.9
      vertex -60.8884 3.054 23.9
      vertex -60.375 2.81458 23.9
    endloop
  endfacet
  facet normal 0.258816 0.965927 -0
    outer loop
      vertex -62.5644 -3.20062 23.9
      vertex -63.1116 -3.054 26.9
      vertex -62.5644 -3.20062 26.9
    endloop
  endfacet
  facet normal 0.258816 0.965927 0
    outer loop
      vertex -63.1116 -3.054 26.9
      vertex -62.5644 -3.20062 23.9
      vertex -63.1116 -3.054 23.9
    endloop
  endfacet
  facet normal 0.422644 -0.906296 0
    outer loop
      vertex -63.625 2.81458 23.9
      vertex -63.1116 3.054 26.9
      vertex -63.625 2.81458 26.9
    endloop
  endfacet
  facet normal 0.422644 -0.906296 0
    outer loop
      vertex -63.1116 3.054 26.9
      vertex -63.625 2.81458 23.9
      vertex -63.1116 3.054 23.9
    endloop
  endfacet
  facet normal 0.422644 0.906296 -0
    outer loop
      vertex -63.1116 -3.054 23.9
      vertex -63.625 -2.81458 26.9
      vertex -63.1116 -3.054 26.9
    endloop
  endfacet
  facet normal 0.422644 0.906296 0
    outer loop
      vertex -63.625 -2.81458 26.9
      vertex -63.1116 -3.054 23.9
      vertex -63.625 -2.81458 23.9
    endloop
  endfacet
  facet normal -0.819101 -0.573649 1.30015e-18
    outer loop
      vertex -59.1854 1.625 23.9
      vertex -59.5104 2.08906 26.9
      vertex -59.5104 2.08906 23.9
    endloop
  endfacet
  facet normal -0.819101 -0.573649 1.30015e-18
    outer loop
      vertex -59.5104 2.08906 26.9
      vertex -59.1854 1.625 23.9
      vertex -59.1854 1.625 26.9
    endloop
  endfacet
  facet normal 0.819101 -0.573649 -4.57664e-18
    outer loop
      vertex -64.8146 1.625 26.9
      vertex -64.4896 2.08906 23.9
      vertex -64.4896 2.08906 26.9
    endloop
  endfacet
  facet normal 0.819101 -0.573649 -4.57664e-18
    outer loop
      vertex -64.4896 2.08906 23.9
      vertex -64.8146 1.625 26.9
      vertex -64.8146 1.625 23.9
    endloop
  endfacet
  facet normal 0.573545 0.819174 -0
    outer loop
      vertex -63.625 -2.81458 23.9
      vertex -64.0891 -2.48964 26.9
      vertex -63.625 -2.81458 26.9
    endloop
  endfacet
  facet normal 0.573545 0.819174 0
    outer loop
      vertex -64.0891 -2.48964 26.9
      vertex -63.625 -2.81458 23.9
      vertex -64.0891 -2.48964 23.9
    endloop
  endfacet
  facet normal -0.996191 0.0872 1.77232e-19
    outer loop
      vertex -58.7994 -0.564356 23.9
      vertex -58.75 0 26.9
      vertex -58.75 0 23.9
    endloop
  endfacet
  facet normal -0.996191 0.0872 1.77232e-19
    outer loop
      vertex -58.75 0 26.9
      vertex -58.7994 -0.564356 23.9
      vertex -58.7994 -0.564356 26.9
    endloop
  endfacet
  facet normal -0.573545 -0.819174 0
    outer loop
      vertex -60.375 2.81458 23.9
      vertex -59.9109 2.48964 26.9
      vertex -60.375 2.81458 26.9
    endloop
  endfacet
  facet normal -0.573545 -0.819174 -0
    outer loop
      vertex -59.9109 2.48964 26.9
      vertex -60.375 2.81458 23.9
      vertex -59.9109 2.48964 23.9
    endloop
  endfacet
  facet normal -0.0871582 -0.996194 0
    outer loop
      vertex -62 3.25 23.9
      vertex -61.4356 3.20062 26.9
      vertex -62 3.25 26.9
    endloop
  endfacet
  facet normal -0.0871582 -0.996194 -0
    outer loop
      vertex -61.4356 3.20062 26.9
      vertex -62 3.25 23.9
      vertex -61.4356 3.20062 23.9
    endloop
  endfacet
  facet normal 0.996191 -0.0872 -2.28827e-19
    outer loop
      vertex -65.25 0 26.9
      vertex -65.2006 0.564356 23.9
      vertex -65.2006 0.564356 26.9
    endloop
  endfacet
  facet normal 0.996191 -0.0872 -2.28827e-19
    outer loop
      vertex -65.2006 0.564356 23.9
      vertex -65.25 0 26.9
      vertex -65.25 0 23.9
    endloop
  endfacet
  facet normal 0.258816 -0.965927 0
    outer loop
      vertex -63.1116 3.054 23.9
      vertex -62.5644 3.20062 26.9
      vertex -63.1116 3.054 26.9
    endloop
  endfacet
  facet normal 0.258816 -0.965927 0
    outer loop
      vertex -62.5644 3.20062 26.9
      vertex -63.1116 3.054 23.9
      vertex -62.5644 3.20062 23.9
    endloop
  endfacet
  facet normal 0.0871582 -0.996194 0
    outer loop
      vertex -62.5644 3.20062 23.9
      vertex -62 3.25 26.9
      vertex -62.5644 3.20062 26.9
    endloop
  endfacet
  facet normal 0.0871582 -0.996194 0
    outer loop
      vertex -62 3.25 26.9
      vertex -62.5644 3.20062 23.9
      vertex -62 3.25 23.9
    endloop
  endfacet
  facet normal 0.707177 0.707036 -0
    outer loop
      vertex -64.0891 -2.48964 23.9
      vertex -64.4896 -2.08906 26.9
      vertex -64.0891 -2.48964 26.9
    endloop
  endfacet
  facet normal 0.707177 0.707036 0
    outer loop
      vertex -64.4896 -2.08906 26.9
      vertex -64.0891 -2.48964 23.9
      vertex -64.4896 -2.08906 23.9
    endloop
  endfacet
  facet normal 0.906322 0.422588 4.41411e-20
    outer loop
      vertex -64.8146 -1.625 26.9
      vertex -65.054 -1.11156 23.9
      vertex -65.054 -1.11156 26.9
    endloop
  endfacet
  facet normal 0.906322 0.422588 4.41411e-20
    outer loop
      vertex -65.054 -1.11156 23.9
      vertex -64.8146 -1.625 26.9
      vertex -64.8146 -1.625 23.9
    endloop
  endfacet
  facet normal 0.819101 0.573649 4.57664e-18
    outer loop
      vertex -64.4896 -2.08906 26.9
      vertex -64.8146 -1.625 23.9
      vertex -64.8146 -1.625 26.9
    endloop
  endfacet
  facet normal 0.819101 0.573649 4.57664e-18
    outer loop
      vertex -64.8146 -1.625 23.9
      vertex -64.4896 -2.08906 26.9
      vertex -64.4896 -2.08906 23.9
    endloop
  endfacet
  facet normal -0.707177 0.707036 0
    outer loop
      vertex -59.5104 -2.08906 23.9
      vertex -59.9109 -2.48964 26.9
      vertex -59.5104 -2.08906 26.9
    endloop
  endfacet
  facet normal -0.707177 0.707036 0
    outer loop
      vertex -59.9109 -2.48964 26.9
      vertex -59.5104 -2.08906 23.9
      vertex -59.9109 -2.48964 23.9
    endloop
  endfacet
  facet normal 0.965936 -0.258781 1.29075e-18
    outer loop
      vertex -65.2006 0.564356 26.9
      vertex -65.054 1.11156 23.9
      vertex -65.054 1.11156 26.9
    endloop
  endfacet
  facet normal 0.965936 -0.258781 1.29075e-18
    outer loop
      vertex -65.054 1.11156 23.9
      vertex -65.2006 0.564356 26.9
      vertex -65.2006 0.564356 23.9
    endloop
  endfacet
  facet normal 0.707177 -0.707036 0
    outer loop
      vertex -64.4896 2.08906 23.9
      vertex -64.0891 2.48964 26.9
      vertex -64.4896 2.08906 26.9
    endloop
  endfacet
  facet normal 0.707177 -0.707036 0
    outer loop
      vertex -64.0891 2.48964 26.9
      vertex -64.4896 2.08906 23.9
      vertex -64.0891 2.48964 23.9
    endloop
  endfacet
  facet normal 1 -0 0
    outer loop
      vertex 26 -13 -1.4
      vertex 26 -11 -2.4
      vertex 26 -11 -1.4
    endloop
  endfacet
  facet normal 1 0 0
    outer loop
      vertex 26 -11 -2.4
      vertex 26 -13 -1.4
      vertex 26 -13 -2.4
    endloop
  endfacet
  facet normal 0 0 -1
    outer loop
      vertex -26 -13 -2.4
      vertex 26 -11 -2.4
      vertex 26 -13 -2.4
    endloop
  endfacet
  facet normal -0 0 -1
    outer loop
      vertex 26 -11 -2.4
      vertex -26 -13 -2.4
      vertex -26 -11 -2.4
    endloop
  endfacet
  facet normal -1 0 0
    outer loop
      vertex -26 -13 -2.4
      vertex -26 -11 -1.4
      vertex -26 -11 -2.4
    endloop
  endfacet
  facet normal -1 -0 0
    outer loop
      vertex -26 -11 -1.4
      vertex -26 -13 -2.4
      vertex -26 -13 -1.4
    endloop
  endfacet
  facet normal 0 1 -0
    outer loop
      vertex 26 -11 -2.4
      vertex -26 -11 -1.4
      vertex 26 -11 -1.4
    endloop
  endfacet
  facet normal 0 1 0
    outer loop
      vertex -26 -11 -1.4
      vertex 26 -11 -2.4
      vertex -26 -11 -2.4
    endloop
  endfacet
  facet normal 0 -1 0
    outer loop
      vertex -26 -13 -2.4
      vertex 26 -13 -1.4
      vertex -26 -13 -1.4
    endloop
  endfacet
  facet normal 0 -1 -0
    outer loop
      vertex 26 -13 -1.4
      vertex -26 -13 -2.4
      vertex 26 -13 -2.4
    endloop
  endfacet
  facet normal 1 -0 0
    outer loop
      vertex 26 11 -1.4
      vertex 26 13 -2.4
      vertex 26 13 -1.4
    endloop
  endfacet
  facet normal 1 0 0
    outer loop
      vertex 26 13 -2.4
      vertex 26 11 -1.4
      vertex 26 11 -2.4
    endloop
  endfacet
  facet normal 0 0 -1
    outer loop
      vertex -26 11 -2.4
      vertex 26 13 -2.4
      vertex 26 11 -2.4
    endloop
  endfacet
  facet normal -0 0 -1
    outer loop
      vertex 26 13 -2.4
      vertex -26 11 -2.4
      vertex -26 13 -2.4
    endloop
  endfacet
  facet normal -1 0 0
    outer loop
      vertex -26 11 -2.4
      vertex -26 13 -1.4
      vertex -26 13 -2.4
    endloop
  endfacet
  facet normal -1 -0 0
    outer loop
      vertex -26 13 -1.4
      vertex -26 11 -2.4
      vertex -26 11 -1.4
    endloop
  endfacet
  facet normal 0 1 -0
    outer loop
      vertex 26 13 -2.4
      vertex -26 13 -1.4
      vertex 26 13 -1.4
    endloop
  endfacet
  facet normal 0 1 0
    outer loop
      vertex -26 13 -1.4
      vertex 26 13 -2.4
      vertex -26 13 -2.4
    endloop
  endfacet
  facet normal 0 -1 0
    outer loop
      vertex -26 11 -2.4
      vertex 26 11 -1.4
      vertex -26 11 -1.4
    endloop
  endfacet
  facet normal 0 -1 -0
    outer loop
      vertex 26 11 -1.4
      vertex -26 11 -2.4
      vertex 26 11 -2.4
    endloop
  endfacet
  facet normal 1 -0 0
    outer loop
      vertex 32 -20 5.4
      vertex 32 -18 1.4
      vertex 32 -18 5.4
    endloop
  endfacet
  facet normal 1 0 0
    outer loop
      vertex 32 -18 1.4
      vertex 32 -20 5.4
      vertex 32 -20 1.4
    endloop
  endfacet
  facet normal 0 0 1
    outer loop
      vertex 32 -18 5.4
      vertex 28.6401 -20 5.4
      vertex 32 -20 5.4
    endloop
  endfacet
  facet normal 0 0 1
    outer loop
      vertex 32 -18 5.4
      vertex 28.5 -19.9019 5.4
      vertex 28.6401 -20 5.4
    endloop
  endfacet
  facet normal 0 0 1
    outer loop
      vertex 32 -18 5.4
      vertex 28.0261 -19.6809 5.4
      vertex 28.5 -19.9019 5.4
    endloop
  endfacet
  facet normal 0 0 1
    outer loop
      vertex 32 -18 5.4
      vertex 27.5209 -19.5456 5.4
      vertex 28.0261 -19.6809 5.4
    endloop
  endfacet
  facet normal 0 0 1
    outer loop
      vertex 32 -18 5.4
      vertex 27 -19.5 5.4
      vertex 27.5209 -19.5456 5.4
    endloop
  endfacet
  facet normal 0 0 1
    outer loop
      vertex 32 -18 5.4
      vertex 26.4791 -19.5456 5.4
      vertex 27 -19.5 5.4
    endloop
  endfacet
  facet normal -0 0 1
    outer loop
      vertex -36 -18 5.4
      vertex 26.4791 -19.5456 5.4
      vertex 32 -18 5.4
    endloop
  endfacet
  facet normal 0 0 1
    outer loop
      vertex 25.5 -19.9019 5.4
      vertex -31.3599 -20 5.4
      vertex 25.3599 -20 5.4
    endloop
  endfacet
  facet normal 0 0 1
    outer loop
      vertex -31.5 -19.9019 5.4
      vertex 25.5 -19.9019 5.4
      vertex 25.9739 -19.6809 5.4
    endloop
  endfacet
  facet normal 0 0 1
    outer loop
      vertex 26.4791 -19.5456 5.4
      vertex -36 -18 5.4
      vertex 25.9739 -19.6809 5.4
    endloop
  endfacet
  facet normal 0 0 1
    outer loop
      vertex 25.5 -19.9019 5.4
      vertex -31.5 -19.9019 5.4
      vertex -31.3599 -20 5.4
    endloop
  endfacet
  facet normal 0 0 1
    outer loop
      vertex 25.9739 -19.6809 5.4
      vertex -31.9739 -19.6809 5.4
      vertex -31.5 -19.9019 5.4
    endloop
  endfacet
  facet normal 0 0 1
    outer loop
      vertex 25.9739 -19.6809 5.4
      vertex -36 -18 5.4
      vertex -31.9739 -19.6809 5.4
    endloop
  endfacet
  facet normal 0 0 1
    outer loop
      vertex -31.9739 -19.6809 5.4
      vertex -36 -18 5.4
      vertex -32.4791 -19.5456 5.4
    endloop
  endfacet
  facet normal 0 0 1
    outer loop
      vertex -32.4791 -19.5456 5.4
      vertex -36 -18 5.4
      vertex -33 -19.5 5.4
    endloop
  endfacet
  facet normal 0 0 1
    outer loop
      vertex -36 -18 5.4
      vertex -33.5209 -19.5456 5.4
      vertex -33 -19.5 5.4
    endloop
  endfacet
  facet normal 0 0 1
    outer loop
      vertex -36 -18 5.4
      vertex -34.0261 -19.6809 5.4
      vertex -33.5209 -19.5456 5.4
    endloop
  endfacet
  facet normal 0 0 1
    outer loop
      vertex -36 -18 5.4
      vertex -34.5 -19.9019 5.4
      vertex -34.0261 -19.6809 5.4
    endloop
  endfacet
  facet normal 0 0 1
    outer loop
      vertex -36 -18 5.4
      vertex -34.6401 -20 5.4
      vertex -34.5 -19.9019 5.4
    endloop
  endfacet
  facet normal 0 0 1
    outer loop
      vertex -34.6401 -20 5.4
      vertex -36 -18 5.4
      vertex -36 -20 5.4
    endloop
  endfacet
  facet normal -1 0 0
    outer loop
      vertex -36 -20 1.4
      vertex -36 -18 5.4
      vertex -36 -18 1.4
    endloop
  endfacet
  facet normal -1 -0 0
    outer loop
      vertex -36 -18 5.4
      vertex -36 -20 1.4
      vertex -36 -20 5.4
    endloop
  endfacet
  facet normal 0 1 -0
    outer loop
      vertex 32 -18 1.4
      vertex -36 -18 5.4
      vertex 32 -18 5.4
    endloop
  endfacet
  facet normal 0 1 0
    outer loop
      vertex -36 -18 5.4
      vertex 32 -18 1.4
      vertex -36 -18 1.4
    endloop
  endfacet
  facet normal 0 -1 0
    outer loop
      vertex -36 -20 1.4
      vertex -34.6401 -20 5.4
      vertex -36 -20 5.4
    endloop
  endfacet
  facet normal 0 -1 -0
    outer loop
      vertex -34.6401 -20 5.4
      vertex -36 -20 1.4
      vertex -34.6401 -20 1.4
    endloop
  endfacet
  facet normal 0 -1 0
    outer loop
      vertex 28.6401 -20 1.4
      vertex 32 -20 5.4
      vertex 28.6401 -20 5.4
    endloop
  endfacet
  facet normal 0 -1 -0
    outer loop
      vertex 32 -20 5.4
      vertex 28.6401 -20 1.4
      vertex 32 -20 1.4
    endloop
  endfacet
  facet normal 0 -1 0
    outer loop
      vertex -31.3599 -20 1.4
      vertex 25.3599 -20 5.4
      vertex -31.3599 -20 5.4
    endloop
  endfacet
  facet normal 0 -1 -0
    outer loop
      vertex 25.3599 -20 5.4
      vertex -31.3599 -20 1.4
      vertex 25.3599 -20 1.4
    endloop
  endfacet
  facet normal 1 -0 0
    outer loop
      vertex 32 18 5.4
      vertex 32 20 1.4
      vertex 32 20 5.4
    endloop
  endfacet
  facet normal 1 0 0
    outer loop
      vertex 32 20 1.4
      vertex 32 18 5.4
      vertex 32 18 1.4
    endloop
  endfacet
  facet normal -0 0 1
    outer loop
      vertex 28.6401 20 5.4
      vertex 32 18 5.4
      vertex 32 20 5.4
    endloop
  endfacet
  facet normal -0 0 1
    outer loop
      vertex 28.5 19.9019 5.4
      vertex 32 18 5.4
      vertex 28.6401 20 5.4
    endloop
  endfacet
  facet normal -0 0 1
    outer loop
      vertex 28.0261 19.6809 5.4
      vertex 32 18 5.4
      vertex 28.5 19.9019 5.4
    endloop
  endfacet
  facet normal -0 0 1
    outer loop
      vertex 27.5209 19.5456 5.4
      vertex 32 18 5.4
      vertex 28.0261 19.6809 5.4
    endloop
  endfacet
  facet normal -0 0 1
    outer loop
      vertex 27 19.5 5.4
      vertex 32 18 5.4
      vertex 27.5209 19.5456 5.4
    endloop
  endfacet
  facet normal 0 0 1
    outer loop
      vertex 26.4791 19.5456 5.4
      vertex 32 18 5.4
      vertex 27 19.5 5.4
    endloop
  endfacet
  facet normal 0 0 1
    outer loop
      vertex -36 18 5.4
      vertex 26.4791 19.5456 5.4
      vertex 25.9739 19.6809 5.4
    endloop
  endfacet
  facet normal -0 0 1
    outer loop
      vertex -31.3599 20 5.4
      vertex 25.5 19.9019 5.4
      vertex 25.3599 20 5.4
    endloop
  endfacet
  facet normal 0 0 1
    outer loop
      vertex -31.5 19.9019 5.4
      vertex 25.5 19.9019 5.4
      vertex -31.3599 20 5.4
    endloop
  endfacet
  facet normal 0 0 1
    outer loop
      vertex 25.5 19.9019 5.4
      vertex -31.5 19.9019 5.4
      vertex 25.9739 19.6809 5.4
    endloop
  endfacet
  facet normal 0 0 1
    outer loop
      vertex -31.9739 19.6809 5.4
      vertex 25.9739 19.6809 5.4
      vertex -31.5 19.9019 5.4
    endloop
  endfacet
  facet normal 0 0 1
    outer loop
      vertex -36 18 5.4
      vertex 25.9739 19.6809 5.4
      vertex -31.9739 19.6809 5.4
    endloop
  endfacet
  facet normal 0 0 1
    outer loop
      vertex -36 18 5.4
      vertex -31.9739 19.6809 5.4
      vertex -32.4791 19.5456 5.4
    endloop
  endfacet
  facet normal 0 0 1
    outer loop
      vertex -36 18 5.4
      vertex -32.4791 19.5456 5.4
      vertex -33 19.5 5.4
    endloop
  endfacet
  facet normal 0 0 1
    outer loop
      vertex -36 18 5.4
      vertex -34.6401 20 5.4
      vertex -36 20 5.4
    endloop
  endfacet
  facet normal 0 0 1
    outer loop
      vertex -34.6401 20 5.4
      vertex -36 18 5.4
      vertex -34.5 19.9019 5.4
    endloop
  endfacet
  facet normal 0 0 1
    outer loop
      vertex -34.5 19.9019 5.4
      vertex -36 18 5.4
      vertex -34.0261 19.6809 5.4
    endloop
  endfacet
  facet normal 0 0 1
    outer loop
      vertex 26.4791 19.5456 5.4
      vertex -36 18 5.4
      vertex 32 18 5.4
    endloop
  endfacet
  facet normal 0 0 1
    outer loop
      vertex -33.5209 19.5456 5.4
      vertex -36 18 5.4
      vertex -33 19.5 5.4
    endloop
  endfacet
  facet normal 0 0 1
    outer loop
      vertex -34.0261 19.6809 5.4
      vertex -36 18 5.4
      vertex -33.5209 19.5456 5.4
    endloop
  endfacet
  facet normal -1 0 0
    outer loop
      vertex -36 18 1.4
      vertex -36 20 5.4
      vertex -36 20 1.4
    endloop
  endfacet
  facet normal -1 -0 0
    outer loop
      vertex -36 20 5.4
      vertex -36 18 1.4
      vertex -36 18 5.4
    endloop
  endfacet
  facet normal 0 1 -0
    outer loop
      vertex -34.6401 20 1.4
      vertex -36 20 5.4
      vertex -34.6401 20 5.4
    endloop
  endfacet
  facet normal 0 1 0
    outer loop
      vertex -36 20 5.4
      vertex -34.6401 20 1.4
      vertex -36 20 1.4
    endloop
  endfacet
  facet normal 0 1 -0
    outer loop
      vertex 32 20 1.4
      vertex 28.6401 20 5.4
      vertex 32 20 5.4
    endloop
  endfacet
  facet normal 0 1 0
    outer loop
      vertex 28.6401 20 5.4
      vertex 32 20 1.4
      vertex 28.6401 20 1.4
    endloop
  endfacet
  facet normal 0 1 -0
    outer loop
      vertex 25.3599 20 1.4
      vertex -31.3599 20 5.4
      vertex 25.3599 20 5.4
    endloop
  endfacet
  facet normal 0 1 0
    outer loop
      vertex -31.3599 20 5.4
      vertex 25.3599 20 1.4
      vertex -31.3599 20 1.4
    endloop
  endfacet
  facet normal 0 -1 0
    outer loop
      vertex -36 18 1.4
      vertex 32 18 5.4
      vertex -36 18 5.4
    endloop
  endfacet
  facet normal 0 -1 -0
    outer loop
      vertex 32 18 5.4
      vertex -36 18 1.4
      vertex 32 18 1.4
    endloop
  endfacet
  facet normal 1 -0 0
    outer loop
      vertex -36 -17 5.4
      vertex -36 -7 1.4
      vertex -36 -7 5.4
    endloop
  endfacet
  facet normal 1 0 0
    outer loop
      vertex -36 -7 1.4
      vertex -36 -17 5.4
      vertex -36 -17 1.4
    endloop
  endfacet
  facet normal -0 0 1
    outer loop
      vertex -38 -7 5.4
      vertex -36 -17 5.4
      vertex -36 -7 5.4
    endloop
  endfacet
  facet normal 0 0 1
    outer loop
      vertex -36 -17 5.4
      vertex -38 -7 5.4
      vertex -38 -17 5.4
    endloop
  endfacet
  facet normal -1 0 0
    outer loop
      vertex -38 -17 1.4
      vertex -38 -7 5.4
      vertex -38 -7 1.4
    endloop
  endfacet
  facet normal -1 -0 0
    outer loop
      vertex -38 -7 5.4
      vertex -38 -17 1.4
      vertex -38 -17 5.4
    endloop
  endfacet
  facet normal 0 1 -0
    outer loop
      vertex -36 -7 1.4
      vertex -38 -7 5.4
      vertex -36 -7 5.4
    endloop
  endfacet
  facet normal 0 1 0
    outer loop
      vertex -38 -7 5.4
      vertex -36 -7 1.4
      vertex -38 -7 1.4
    endloop
  endfacet
  facet normal 0 -1 0
    outer loop
      vertex -38 -17 1.4
      vertex -36 -17 5.4
      vertex -38 -17 5.4
    endloop
  endfacet
  facet normal 0 -1 -0
    outer loop
      vertex -36 -17 5.4
      vertex -38 -17 1.4
      vertex -36 -17 1.4
    endloop
  endfacet
  facet normal 1 -0 0
    outer loop
      vertex -36 7 5.4
      vertex -36 17 1.4
      vertex -36 17 5.4
    endloop
  endfacet
  facet normal 1 0 0
    outer loop
      vertex -36 17 1.4
      vertex -36 7 5.4
      vertex -36 7 1.4
    endloop
  endfacet
  facet normal -0 0 1
    outer loop
      vertex -38 17 5.4
      vertex -36 7 5.4
      vertex -36 17 5.4
    endloop
  endfacet
  facet normal 0 0 1
    outer loop
      vertex -36 7 5.4
      vertex -38 17 5.4
      vertex -38 7 5.4
    endloop
  endfacet
  facet normal -1 0 0
    outer loop
      vertex -38 7 1.4
      vertex -38 17 5.4
      vertex -38 17 1.4
    endloop
  endfacet
  facet normal -1 -0 0
    outer loop
      vertex -38 17 5.4
      vertex -38 7 1.4
      vertex -38 7 5.4
    endloop
  endfacet
  facet normal 0 1 -0
    outer loop
      vertex -36 17 1.4
      vertex -38 17 5.4
      vertex -36 17 5.4
    endloop
  endfacet
  facet normal 0 1 0
    outer loop
      vertex -38 17 5.4
      vertex -36 17 1.4
      vertex -38 17 1.4
    endloop
  endfacet
  facet normal 0 -1 0
    outer loop
      vertex -38 7 1.4
      vertex -36 7 5.4
      vertex -38 7 5.4
    endloop
  endfacet
  facet normal 0 -1 -0
    outer loop
      vertex -36 7 5.4
      vertex -38 7 1.4
      vertex -36 7 1.4
    endloop
  endfacet
  facet normal 1 -0 0
    outer loop
      vertex 34 -17 5.4
      vertex 34 -7 1.4
      vertex 34 -7 5.4
    endloop
  endfacet
  facet normal 1 0 0
    outer loop
      vertex 34 -7 1.4
      vertex 34 -17 5.4
      vertex 34 -17 1.4
    endloop
  endfacet
  facet normal -0 0 1
    outer loop
      vertex 32 -7 5.4
      vertex 34 -17 5.4
      vertex 34 -7 5.4
    endloop
  endfacet
  facet normal 0 0 1
    outer loop
      vertex 34 -17 5.4
      vertex 32 -7 5.4
      vertex 32 -17 5.4
    endloop
  endfacet
  facet normal -1 0 0
    outer loop
      vertex 32 -17 1.4
      vertex 32 -7 5.4
      vertex 32 -7 1.4
    endloop
  endfacet
  facet normal -1 -0 0
    outer loop
      vertex 32 -7 5.4
      vertex 32 -17 1.4
      vertex 32 -17 5.4
    endloop
  endfacet
  facet normal 0 1 -0
    outer loop
      vertex 34 -7 1.4
      vertex 32 -7 5.4
      vertex 34 -7 5.4
    endloop
  endfacet
  facet normal 0 1 0
    outer loop
      vertex 32 -7 5.4
      vertex 34 -7 1.4
      vertex 32 -7 1.4
    endloop
  endfacet
  facet normal 0 -1 0
    outer loop
      vertex 32 -17 1.4
      vertex 34 -17 5.4
      vertex 32 -17 5.4
    endloop
  endfacet
  facet normal 0 -1 -0
    outer loop
      vertex 34 -17 5.4
      vertex 32 -17 1.4
      vertex 34 -17 1.4
    endloop
  endfacet
  facet normal 1 -0 0
    outer loop
      vertex 34 7 5.4
      vertex 34 17 1.4
      vertex 34 17 5.4
    endloop
  endfacet
  facet normal 1 0 0
    outer loop
      vertex 34 17 1.4
      vertex 34 7 5.4
      vertex 34 7 1.4
    endloop
  endfacet
  facet normal -0 0 1
    outer loop
      vertex 32 17 5.4
      vertex 34 7 5.4
      vertex 34 17 5.4
    endloop
  endfacet
  facet normal 0 0 1
    outer loop
      vertex 34 7 5.4
      vertex 32 17 5.4
      vertex 32 7 5.4
    endloop
  endfacet
  facet normal -1 0 0
    outer loop
      vertex 32 7 1.4
      vertex 32 17 5.4
      vertex 32 17 1.4
    endloop
  endfacet
  facet normal -1 -0 0
    outer loop
      vertex 32 17 5.4
      vertex 32 7 1.4
      vertex 32 7 5.4
    endloop
  endfacet
  facet normal 0 1 -0
    outer loop
      vertex 34 17 1.4
      vertex 32 17 5.4
      vertex 34 17 5.4
    endloop
  endfacet
  facet normal 0 1 0
    outer loop
      vertex 32 17 5.4
      vertex 34 17 1.4
      vertex 32 17 1.4
    endloop
  endfacet
  facet normal 0 -1 0
    outer loop
      vertex 32 7 1.4
      vertex 34 7 5.4
      vertex 32 7 5.4
    endloop
  endfacet
  facet normal 0 -1 -0
    outer loop
      vertex 34 7 5.4
      vertex 32 7 1.4
      vertex 34 7 1.4
    endloop
  endfacet
  facet normal 0.965958 -0.258698 -2.17032e-19
    outer loop
      vertex -30.1809 -23.5261 43
      vertex -30.0456 -23.0209 1.4
      vertex -30.0456 -23.0209 43
    endloop
  endfacet
  facet normal 0.965958 -0.258698 -2.17032e-19
    outer loop
      vertex -30.0456 -23.0209 1.4
      vertex -30.1809 -23.5261 43
      vertex -30.1809 -23.5261 1.4
    endloop
  endfacet
  facet normal 0.965958 0.258698 3.0095e-18
    outer loop
      vertex -30.0456 -21.9791 43
      vertex -30.1809 -21.4739 40
      vertex -30.1809 -21.4739 43
    endloop
  endfacet
  facet normal 0.965958 0.258698 3.0095e-18
    outer loop
      vertex -30.1809 -21.4739 40
      vertex -30.0456 -21.9791 43
      vertex -30.0456 -21.9791 40
    endloop
  endfacet
  facet normal 0.965958 0.258698 2.51491e-19
    outer loop
      vertex -30.0456 -21.9791 37.3
      vertex -30.1809 -21.4739 1.4
      vertex -30.1809 -21.4739 37.3
    endloop
  endfacet
  facet normal 0.965958 0.258698 2.51491e-19
    outer loop
      vertex -30.1809 -21.4739 1.4
      vertex -30.0456 -21.9791 37.3
      vertex -30.0456 -21.9791 1.4
    endloop
  endfacet
  facet normal 0.996166 0.0874858 0
    outer loop
      vertex -30.0456 -21.9791 43
      vertex -30.0262 -22.2 40
      vertex -30.0456 -21.9791 40
    endloop
  endfacet
  facet normal 0.996208 0.0870022 0
    outer loop
      vertex -30.0262 -22.2 40
      vertex -30 -22.5 43
      vertex -30.0262 -22.2 37.3
    endloop
  endfacet
  facet normal 0.99619 0.0872073 2.06671e-05
    outer loop
      vertex -30 -22.5 43
      vertex -30.0262 -22.2 40
      vertex -30.0456 -21.9791 43
    endloop
  endfacet
  facet normal 0.996166 0.0874858 -1.27074e-20
    outer loop
      vertex -30.0262 -22.2 37.3
      vertex -30.0456 -21.9791 1.4
      vertex -30.0456 -21.9791 37.3
    endloop
  endfacet
  facet normal 0.996208 0.0870022 -0
    outer loop
      vertex -30 -22.5 1.4
      vertex -30.0262 -22.2 37.3
      vertex -30 -22.5 43
    endloop
  endfacet
  facet normal 0.99619 0.0872073 -1.72706e-06
    outer loop
      vertex -30.0262 -22.2 37.3
      vertex -30 -22.5 1.4
      vertex -30.0456 -21.9791 1.4
    endloop
  endfacet
  facet normal 0.906295 0.422645 3.61263e-18
    outer loop
      vertex -30.1809 -21.4739 43
      vertex -30.4019 -21 40
      vertex -30.4019 -21 43
    endloop
  endfacet
  facet normal 0.906295 0.422645 3.61263e-18
    outer loop
      vertex -30.4019 -21 40
      vertex -30.1809 -21.4739 43
      vertex -30.1809 -21.4739 40
    endloop
  endfacet
  facet normal 0.906295 0.422645 3.01891e-19
    outer loop
      vertex -30.1809 -21.4739 37.3
      vertex -30.4019 -21 1.4
      vertex -30.4019 -21 37.3
    endloop
  endfacet
  facet normal 0.906295 0.422645 3.01891e-19
    outer loop
      vertex -30.4019 -21 1.4
      vertex -30.1809 -21.4739 37.3
      vertex -30.1809 -21.4739 1.4
    endloop
  endfacet
  facet normal -0.965958 -0.258698 2.17032e-19
    outer loop
      vertex -35.8191 -23.5261 1.4
      vertex -35.9544 -23.0209 43
      vertex -35.9544 -23.0209 1.4
    endloop
  endfacet
  facet normal -0.965958 -0.258698 2.17032e-19
    outer loop
      vertex -35.9544 -23.0209 43
      vertex -35.8191 -23.5261 1.4
      vertex -35.8191 -23.5261 43
    endloop
  endfacet
  facet normal -0.819124 0.573616 -2.52287e-19
    outer loop
      vertex -35.5981 -21 1.4
      vertex -35.2981 -20.5716 43
      vertex -35.2981 -20.5716 1.4
    endloop
  endfacet
  facet normal -0.819124 0.573616 -2.52287e-19
    outer loop
      vertex -35.2981 -20.5716 43
      vertex -35.5981 -21 1.4
      vertex -35.5981 -21 43
    endloop
  endfacet
  facet normal -0.422645 0.906295 0
    outer loop
      vertex -34.0261 -19.6809 5.4
      vertex -34.5 -19.9019 43
      vertex -34.0261 -19.6809 43
    endloop
  endfacet
  facet normal -0.422645 0.906295 0
    outer loop
      vertex -34.5 -19.9019 43
      vertex -34.0261 -19.6809 5.4
      vertex -34.5 -19.9019 5.4
    endloop
  endfacet
  facet normal -0.573616 -0.819124 0
    outer loop
      vertex -34.9284 -24.7981 1.4
      vertex -34.5 -25.0981 43
      vertex -34.9284 -24.7981 43
    endloop
  endfacet
  facet normal -0.573616 -0.819124 -0
    outer loop
      vertex -34.5 -25.0981 43
      vertex -34.9284 -24.7981 1.4
      vertex -34.5 -25.0981 1.4
    endloop
  endfacet
  facet normal -0.0872073 -0.99619 0
    outer loop
      vertex -33.5209 -25.4544 1.4
      vertex -33 -25.5 43
      vertex -33.5209 -25.4544 43
    endloop
  endfacet
  facet normal -0.0872073 -0.99619 -0
    outer loop
      vertex -33 -25.5 43
      vertex -33.5209 -25.4544 1.4
      vertex -33 -25.5 1.4
    endloop
  endfacet
  facet normal 0.0872073 -0.99619 0
    outer loop
      vertex -33 -25.5 1.4
      vertex -32.4791 -25.4544 43
      vertex -33 -25.5 43
    endloop
  endfacet
  facet normal 0.0872073 -0.99619 0
    outer loop
      vertex -32.4791 -25.4544 43
      vertex -33 -25.5 1.4
      vertex -32.4791 -25.4544 1.4
    endloop
  endfacet
  facet normal 0.906295 -0.422645 -2.60526e-19
    outer loop
      vertex -30.4019 -24 43
      vertex -30.1809 -23.5261 1.4
      vertex -30.1809 -23.5261 43
    endloop
  endfacet
  facet normal 0.906295 -0.422645 -2.60526e-19
    outer loop
      vertex -30.1809 -23.5261 1.4
      vertex -30.4019 -24 43
      vertex -30.4019 -24 1.4
    endloop
  endfacet
  facet normal 0.707107 0.707107 -5.87865e-19
    outer loop
      vertex -30.7019 -20.5716 43
      vertex -31.0716 -20.2019 38.4
      vertex -31.0716 -20.2019 43
    endloop
  endfacet
  facet normal 0.707107 0.707107 -5.87865e-19
    outer loop
      vertex -31.0716 -20.2019 38.4
      vertex -30.7019 -20.5716 43
      vertex -30.7019 -20.5716 38.4
    endloop
  endfacet
  facet normal 0.707107 0.707107 -7.53253e-20
    outer loop
      vertex -30.7019 -20.5716 37.3
      vertex -31.0716 -20.2019 1.4
      vertex -31.0716 -20.2019 37.3
    endloop
  endfacet
  facet normal 0.707107 0.707107 -7.53253e-20
    outer loop
      vertex -31.0716 -20.2019 1.4
      vertex -30.7019 -20.5716 37.3
      vertex -30.7019 -20.5716 1.4
    endloop
  endfacet
  facet normal 0.707107 -0.707107 6.50043e-20
    outer loop
      vertex -31.0716 -24.7981 43
      vertex -30.7019 -24.4284 1.4
      vertex -30.7019 -24.4284 43
    endloop
  endfacet
  facet normal 0.707107 -0.707107 6.50043e-20
    outer loop
      vertex -30.7019 -24.4284 1.4
      vertex -31.0716 -24.7981 43
      vertex -31.0716 -24.7981 1.4
    endloop
  endfacet
  facet normal -0.99619 0.0872073 -4.26979e-20
    outer loop
      vertex -36 -22.5 1.4
      vertex -35.9544 -21.9791 43
      vertex -35.9544 -21.9791 1.4
    endloop
  endfacet
  facet normal -0.99619 0.0872073 -4.26979e-20
    outer loop
      vertex -35.9544 -21.9791 43
      vertex -36 -22.5 1.4
      vertex -36 -22.5 43
    endloop
  endfacet
  facet normal 0.258698 0.965958 -0
    outer loop
      vertex -31.9739 -19.6809 40
      vertex -32.4791 -19.5456 43
      vertex -31.9739 -19.6809 43
    endloop
  endfacet
  facet normal 0.258698 0.965958 0
    outer loop
      vertex -32.4791 -19.5456 43
      vertex -31.9739 -19.6809 40
      vertex -32.4791 -19.5456 40
    endloop
  endfacet
  facet normal 0.258698 0.965958 -0
    outer loop
      vertex -31.9739 -19.6809 5.4
      vertex -32.4791 -19.5456 37.3
      vertex -31.9739 -19.6809 37.3
    endloop
  endfacet
  facet normal 0.258698 0.965958 0
    outer loop
      vertex -32.4791 -19.5456 37.3
      vertex -31.9739 -19.6809 5.4
      vertex -32.4791 -19.5456 5.4
    endloop
  endfacet
  facet normal -0.99619 -0.0872073 4.26979e-20
    outer loop
      vertex -35.9544 -23.0209 1.4
      vertex -36 -22.5 43
      vertex -36 -22.5 1.4
    endloop
  endfacet
  facet normal -0.99619 -0.0872073 4.26979e-20
    outer loop
      vertex -36 -22.5 43
      vertex -35.9544 -23.0209 1.4
      vertex -35.9544 -23.0209 43
    endloop
  endfacet
  facet normal 0.819124 -0.573616 1.68192e-19
    outer loop
      vertex -30.7019 -24.4284 43
      vertex -30.4019 -24 1.4
      vertex -30.4019 -24 43
    endloop
  endfacet
  facet normal 0.819124 -0.573616 1.68192e-19
    outer loop
      vertex -30.4019 -24 1.4
      vertex -30.7019 -24.4284 43
      vertex -30.7019 -24.4284 1.4
    endloop
  endfacet
  facet normal -0.258698 -0.965958 0
    outer loop
      vertex -34.0261 -25.3191 1.4
      vertex -33.5209 -25.4544 43
      vertex -34.0261 -25.3191 43
    endloop
  endfacet
  facet normal -0.258698 -0.965958 -0
    outer loop
      vertex -33.5209 -25.4544 43
      vertex -34.0261 -25.3191 1.4
      vertex -33.5209 -25.4544 1.4
    endloop
  endfacet
  facet normal 0.422645 -0.906295 0
    outer loop
      vertex -31.9739 -25.3191 1.4
      vertex -31.5 -25.0981 43
      vertex -31.9739 -25.3191 43
    endloop
  endfacet
  facet normal 0.422645 -0.906295 0
    outer loop
      vertex -31.5 -25.0981 43
      vertex -31.9739 -25.3191 1.4
      vertex -31.5 -25.0981 1.4
    endloop
  endfacet
  facet normal -0.573616 0.819124 0
    outer loop
      vertex -34.5 -19.9019 5.4
      vertex -34.9284 -20.2019 43
      vertex -34.5 -19.9019 43
    endloop
  endfacet
  facet normal -0.57358 0.81915 6.1579e-07
    outer loop
      vertex -34.6401 -20 5.4
      vertex -34.9284 -20.2019 43
      vertex -34.5 -19.9019 5.4
    endloop
  endfacet
  facet normal -0.573634 0.819112 5.04076e-19
    outer loop
      vertex -34.9284 -20.2019 1.4
      vertex -34.6401 -20 5.4
      vertex -34.6401 -20 1.4
    endloop
  endfacet
  facet normal -0.573634 0.819112 4.84689e-20
    outer loop
      vertex -34.6401 -20 5.4
      vertex -34.9284 -20.2019 1.4
      vertex -34.9284 -20.2019 43
    endloop
  endfacet
  facet normal 0.819124 0.573616 -0
    outer loop
      vertex -30.4019 -21 40
      vertex -30.7019 -20.5716 43
      vertex -30.4019 -21 43
    endloop
  endfacet
  facet normal 0.819124 0.573616 0
    outer loop
      vertex -30.7019 -20.5716 43
      vertex -30.4019 -21 40
      vertex -30.7019 -20.5716 38.4
    endloop
  endfacet
  facet normal 0.819124 0.573616 -4.37298e-18
    outer loop
      vertex -30.7019 -20.5716 38.4
      vertex -30.4019 -21 40
      vertex -30.4019 -21 38.4
    endloop
  endfacet
  facet normal 0.819124 0.573616 -1.94896e-19
    outer loop
      vertex -30.4019 -21 37.3
      vertex -30.7019 -20.5716 1.4
      vertex -30.7019 -20.5716 37.3
    endloop
  endfacet
  facet normal 0.819124 0.573616 -1.94896e-19
    outer loop
      vertex -30.7019 -20.5716 1.4
      vertex -30.4019 -21 37.3
      vertex -30.4019 -21 1.4
    endloop
  endfacet
  facet normal 0.422645 0.906295 -0
    outer loop
      vertex -31.5 -19.9019 40
      vertex -31.9739 -19.6809 43
      vertex -31.5 -19.9019 43
    endloop
  endfacet
  facet normal 0.422645 0.906295 0
    outer loop
      vertex -31.9739 -19.6809 43
      vertex -31.5 -19.9019 40
      vertex -31.9739 -19.6809 40
    endloop
  endfacet
  facet normal 0.422645 0.906295 -0
    outer loop
      vertex -31.5 -19.9019 5.4
      vertex -31.9739 -19.6809 37.3
      vertex -31.5 -19.9019 37.3
    endloop
  endfacet
  facet normal 0.422645 0.906295 0
    outer loop
      vertex -31.9739 -19.6809 37.3
      vertex -31.5 -19.9019 5.4
      vertex -31.9739 -19.6809 5.4
    endloop
  endfacet
  facet normal 0.258698 -0.965958 0
    outer loop
      vertex -32.4791 -25.4544 1.4
      vertex -31.9739 -25.3191 43
      vertex -32.4791 -25.4544 43
    endloop
  endfacet
  facet normal 0.258698 -0.965958 0
    outer loop
      vertex -31.9739 -25.3191 43
      vertex -32.4791 -25.4544 1.4
      vertex -31.9739 -25.3191 1.4
    endloop
  endfacet
  facet normal 0 0 1
    outer loop
      vertex -31.625 -22.5 43
      vertex -30 -22.5 43
      vertex -30.0456 -21.9791 43
    endloop
  endfacet
  facet normal 0 0 1
    outer loop
      vertex -31.6459 -22.2612 43
      vertex -30.0456 -21.9791 43
      vertex -30.1809 -21.4739 43
    endloop
  endfacet
  facet normal 0 0 1
    outer loop
      vertex -30 -22.5 43
      vertex -31.625 -22.5 43
      vertex -30.0456 -23.0209 43
    endloop
  endfacet
  facet normal 0 0 1
    outer loop
      vertex -31.7079 -22.0297 43
      vertex -30.1809 -21.4739 43
      vertex -30.4019 -21 43
    endloop
  endfacet
  facet normal -0 0 1
    outer loop
      vertex -31.6459 -22.7388 43
      vertex -30.0456 -23.0209 43
      vertex -31.625 -22.5 43
    endloop
  endfacet
  facet normal 0 0 1
    outer loop
      vertex -31.8092 -21.8125 43
      vertex -30.4019 -21 43
      vertex -30.7019 -20.5716 43
    endloop
  endfacet
  facet normal 0 0 1
    outer loop
      vertex -30.0456 -23.0209 43
      vertex -31.6459 -22.7388 43
      vertex -30.1809 -23.5261 43
    endloop
  endfacet
  facet normal 0 0 1
    outer loop
      vertex -31.9467 -21.6162 43
      vertex -30.7019 -20.5716 43
      vertex -31.0716 -20.2019 43
    endloop
  endfacet
  facet normal -0 0 1
    outer loop
      vertex -31.7079 -22.9703 43
      vertex -30.1809 -23.5261 43
      vertex -31.6459 -22.7388 43
    endloop
  endfacet
  facet normal 0 0 1
    outer loop
      vertex -32.1162 -21.4467 43
      vertex -31.0716 -20.2019 43
      vertex -31.5 -19.9019 43
    endloop
  endfacet
  facet normal 0 0 1
    outer loop
      vertex -30.1809 -23.5261 43
      vertex -31.7079 -22.9703 43
      vertex -30.4019 -24 43
    endloop
  endfacet
  facet normal -0 0 1
    outer loop
      vertex -31.8092 -23.1875 43
      vertex -30.4019 -24 43
      vertex -31.7079 -22.9703 43
    endloop
  endfacet
  facet normal 0 0 1
    outer loop
      vertex -30.0456 -21.9791 43
      vertex -31.6459 -22.2612 43
      vertex -31.625 -22.5 43
    endloop
  endfacet
  facet normal 0 0 1
    outer loop
      vertex -30.1809 -21.4739 43
      vertex -31.7079 -22.0297 43
      vertex -31.6459 -22.2612 43
    endloop
  endfacet
  facet normal 0 0 1
    outer loop
      vertex -30.4019 -21 43
      vertex -31.8092 -21.8125 43
      vertex -31.7079 -22.0297 43
    endloop
  endfacet
  facet normal 0 0 1
    outer loop
      vertex -30.7019 -20.5716 43
      vertex -31.9467 -21.6162 43
      vertex -31.8092 -21.8125 43
    endloop
  endfacet
  facet normal 0 0 1
    outer loop
      vertex -32.3125 -21.3092 43
      vertex -31.5 -19.9019 43
      vertex -31.9739 -19.6809 43
    endloop
  endfacet
  facet normal 0 0 1
    outer loop
      vertex -31.0716 -20.2019 43
      vertex -32.1162 -21.4467 43
      vertex -31.9467 -21.6162 43
    endloop
  endfacet
  facet normal 0 0 1
    outer loop
      vertex -31.5 -19.9019 43
      vertex -32.3125 -21.3092 43
      vertex -32.1162 -21.4467 43
    endloop
  endfacet
  facet normal 0 0 1
    outer loop
      vertex -32.5297 -21.2079 43
      vertex -31.9739 -19.6809 43
      vertex -32.4791 -19.5456 43
    endloop
  endfacet
  facet normal 0 0 1
    outer loop
      vertex -31.9739 -19.6809 43
      vertex -32.5297 -21.2079 43
      vertex -32.3125 -21.3092 43
    endloop
  endfacet
  facet normal 0 0 1
    outer loop
      vertex -32.4791 -19.5456 43
      vertex -32.7612 -21.1459 43
      vertex -32.5297 -21.2079 43
    endloop
  endfacet
  facet normal 0 0 1
    outer loop
      vertex -33 -19.5 43
      vertex -32.7612 -21.1459 43
      vertex -32.4791 -19.5456 43
    endloop
  endfacet
  facet normal 0 0 1
    outer loop
      vertex -33 -19.5 43
      vertex -33 -21.125 43
      vertex -32.7612 -21.1459 43
    endloop
  endfacet
  facet normal 0 0 1
    outer loop
      vertex -33 -19.5 43
      vertex -33.2388 -21.1459 43
      vertex -33 -21.125 43
    endloop
  endfacet
  facet normal -0 0 1
    outer loop
      vertex -33.5209 -19.5456 43
      vertex -33.2388 -21.1459 43
      vertex -33 -19.5 43
    endloop
  endfacet
  facet normal 0 0 1
    outer loop
      vertex -33.2388 -21.1459 43
      vertex -33.5209 -19.5456 43
      vertex -33.4703 -21.2079 43
    endloop
  endfacet
  facet normal -0 0 1
    outer loop
      vertex -34.0261 -19.6809 43
      vertex -33.4703 -21.2079 43
      vertex -33.5209 -19.5456 43
    endloop
  endfacet
  facet normal 0 0 1
    outer loop
      vertex -33.4703 -21.2079 43
      vertex -34.0261 -19.6809 43
      vertex -33.6875 -21.3092 43
    endloop
  endfacet
  facet normal -0 0 1
    outer loop
      vertex -34.5 -19.9019 43
      vertex -33.6875 -21.3092 43
      vertex -34.0261 -19.6809 43
    endloop
  endfacet
  facet normal 0 0 1
    outer loop
      vertex -33.6875 -21.3092 43
      vertex -34.5 -19.9019 43
      vertex -33.8838 -21.4467 43
    endloop
  endfacet
  facet normal -0 0 1
    outer loop
      vertex -34.9284 -20.2019 43
      vertex -33.8838 -21.4467 43
      vertex -34.5 -19.9019 43
    endloop
  endfacet
  facet normal 0 0 1
    outer loop
      vertex -33.8838 -21.4467 43
      vertex -34.9284 -20.2019 43
      vertex -34.0533 -21.6162 43
    endloop
  endfacet
  facet normal -0 0 1
    outer loop
      vertex -35.2981 -20.5716 43
      vertex -34.0533 -21.6162 43
      vertex -34.9284 -20.2019 43
    endloop
  endfacet
  facet normal -0 0 1
    outer loop
      vertex -35.5981 -21 43
      vertex -34.1908 -21.8125 43
      vertex -35.2981 -20.5716 43
    endloop
  endfacet
  facet normal 0 0 1
    outer loop
      vertex -34.0533 -21.6162 43
      vertex -35.2981 -20.5716 43
      vertex -34.1908 -21.8125 43
    endloop
  endfacet
  facet normal 0 0 1
    outer loop
      vertex -30.4019 -24 43
      vertex -31.8092 -23.1875 43
      vertex -30.7019 -24.4284 43
    endloop
  endfacet
  facet normal -0 0 1
    outer loop
      vertex -31.9467 -23.3838 43
      vertex -30.7019 -24.4284 43
      vertex -31.8092 -23.1875 43
    endloop
  endfacet
  facet normal 0 0 1
    outer loop
      vertex -30.7019 -24.4284 43
      vertex -31.9467 -23.3838 43
      vertex -31.0716 -24.7981 43
    endloop
  endfacet
  facet normal -0 0 1
    outer loop
      vertex -32.1162 -23.5533 43
      vertex -31.0716 -24.7981 43
      vertex -31.9467 -23.3838 43
    endloop
  endfacet
  facet normal 0 0 1
    outer loop
      vertex -31.0716 -24.7981 43
      vertex -32.1162 -23.5533 43
      vertex -31.5 -25.0981 43
    endloop
  endfacet
  facet normal -0 0 1
    outer loop
      vertex -32.3125 -23.6908 43
      vertex -31.5 -25.0981 43
      vertex -32.1162 -23.5533 43
    endloop
  endfacet
  facet normal 0 0 1
    outer loop
      vertex -31.5 -25.0981 43
      vertex -32.3125 -23.6908 43
      vertex -31.9739 -25.3191 43
    endloop
  endfacet
  facet normal -0 0 1
    outer loop
      vertex -32.5297 -23.7921 43
      vertex -31.9739 -25.3191 43
      vertex -32.3125 -23.6908 43
    endloop
  endfacet
  facet normal 0 0 1
    outer loop
      vertex -31.9739 -25.3191 43
      vertex -32.5297 -23.7921 43
      vertex -32.4791 -25.4544 43
    endloop
  endfacet
  facet normal -0 0 1
    outer loop
      vertex -32.7612 -23.8541 43
      vertex -32.4791 -25.4544 43
      vertex -32.5297 -23.7921 43
    endloop
  endfacet
  facet normal -0 0 1
    outer loop
      vertex -33 -23.875 43
      vertex -32.4791 -25.4544 43
      vertex -32.7612 -23.8541 43
    endloop
  endfacet
  facet normal 0 0 1
    outer loop
      vertex -33 -23.875 43
      vertex -33 -25.5 43
      vertex -32.4791 -25.4544 43
    endloop
  endfacet
  facet normal 0 0 1
    outer loop
      vertex -33.2388 -23.8541 43
      vertex -33 -25.5 43
      vertex -33 -23.875 43
    endloop
  endfacet
  facet normal 0 0 1
    outer loop
      vertex -33.5209 -25.4544 43
      vertex -33.2388 -23.8541 43
      vertex -33.4703 -23.7921 43
    endloop
  endfacet
  facet normal 0 0 1
    outer loop
      vertex -33.2388 -23.8541 43
      vertex -33.5209 -25.4544 43
      vertex -33 -25.5 43
    endloop
  endfacet
  facet normal 0 0 1
    outer loop
      vertex -34.0261 -25.3191 43
      vertex -33.4703 -23.7921 43
      vertex -33.6875 -23.6908 43
    endloop
  endfacet
  facet normal 0 0 1
    outer loop
      vertex -34.5 -25.0981 43
      vertex -33.6875 -23.6908 43
      vertex -33.8838 -23.5533 43
    endloop
  endfacet
  facet normal 0 0 1
    outer loop
      vertex -33.4703 -23.7921 43
      vertex -34.0261 -25.3191 43
      vertex -33.5209 -25.4544 43
    endloop
  endfacet
  facet normal 0 0 1
    outer loop
      vertex -34.9284 -24.7981 43
      vertex -33.8838 -23.5533 43
      vertex -34.0533 -23.3838 43
    endloop
  endfacet
  facet normal 0 0 1
    outer loop
      vertex -35.2981 -24.4284 43
      vertex -34.0533 -23.3838 43
      vertex -34.1908 -23.1875 43
    endloop
  endfacet
  facet normal 0 0 1
    outer loop
      vertex -35.5981 -24 43
      vertex -34.1908 -23.1875 43
      vertex -34.2921 -22.9703 43
    endloop
  endfacet
  facet normal 0 0 1
    outer loop
      vertex -35.8191 -23.5261 43
      vertex -34.2921 -22.9703 43
      vertex -34.3541 -22.7388 43
    endloop
  endfacet
  facet normal 0 0 1
    outer loop
      vertex -33.6875 -23.6908 43
      vertex -34.5 -25.0981 43
      vertex -34.0261 -25.3191 43
    endloop
  endfacet
  facet normal 0 0 1
    outer loop
      vertex -35.9544 -23.0209 43
      vertex -34.3541 -22.7388 43
      vertex -34.375 -22.5 43
    endloop
  endfacet
  facet normal 0 0 1
    outer loop
      vertex -34.1908 -21.8125 43
      vertex -35.5981 -21 43
      vertex -34.2921 -22.0297 43
    endloop
  endfacet
  facet normal -0 0 1
    outer loop
      vertex -35.8191 -21.4739 43
      vertex -34.2921 -22.0297 43
      vertex -35.5981 -21 43
    endloop
  endfacet
  facet normal 0 0 1
    outer loop
      vertex -33.8838 -23.5533 43
      vertex -34.9284 -24.7981 43
      vertex -34.5 -25.0981 43
    endloop
  endfacet
  facet normal 0 0 1
    outer loop
      vertex -34.2921 -22.0297 43
      vertex -35.8191 -21.4739 43
      vertex -34.3541 -22.2612 43
    endloop
  endfacet
  facet normal 0 0 1
    outer loop
      vertex -34.0533 -23.3838 43
      vertex -35.2981 -24.4284 43
      vertex -34.9284 -24.7981 43
    endloop
  endfacet
  facet normal -0 0 1
    outer loop
      vertex -35.9544 -21.9791 43
      vertex -34.3541 -22.2612 43
      vertex -35.8191 -21.4739 43
    endloop
  endfacet
  facet normal 0 0 1
    outer loop
      vertex -34.1908 -23.1875 43
      vertex -35.5981 -24 43
      vertex -35.2981 -24.4284 43
    endloop
  endfacet
  facet normal 0 0 1
    outer loop
      vertex -34.3541 -22.2612 43
      vertex -35.9544 -21.9791 43
      vertex -34.375 -22.5 43
    endloop
  endfacet
  facet normal 0 0 1
    outer loop
      vertex -34.2921 -22.9703 43
      vertex -35.8191 -23.5261 43
      vertex -35.5981 -24 43
    endloop
  endfacet
  facet normal 0 0 1
    outer loop
      vertex -36 -22.5 43
      vertex -34.375 -22.5 43
      vertex -35.9544 -21.9791 43
    endloop
  endfacet
  facet normal 0 0 1
    outer loop
      vertex -34.3541 -22.7388 43
      vertex -35.9544 -23.0209 43
      vertex -35.8191 -23.5261 43
    endloop
  endfacet
  facet normal 0 0 1
    outer loop
      vertex -34.375 -22.5 43
      vertex -36 -22.5 43
      vertex -35.9544 -23.0209 43
    endloop
  endfacet
  facet normal 0.573616 -0.819124 0
    outer loop
      vertex -31.5 -25.0981 1.4
      vertex -31.0716 -24.7981 43
      vertex -31.5 -25.0981 43
    endloop
  endfacet
  facet normal 0.573616 -0.819124 0
    outer loop
      vertex -31.0716 -24.7981 43
      vertex -31.5 -25.0981 1.4
      vertex -31.0716 -24.7981 1.4
    endloop
  endfacet
  facet normal 0.99619 -0.0872073 -4.26979e-20
    outer loop
      vertex -30.0456 -23.0209 43
      vertex -30 -22.5 1.4
      vertex -30 -22.5 43
    endloop
  endfacet
  facet normal 0.99619 -0.0872073 -4.26979e-20
    outer loop
      vertex -30 -22.5 1.4
      vertex -30.0456 -23.0209 43
      vertex -30.0456 -23.0209 1.4
    endloop
  endfacet
  facet normal 0.573616 0.819124 -2.33226e-18
    outer loop
      vertex -31.0716 -20.2019 43
      vertex -31.5 -19.9019 40
      vertex -31.5 -19.9019 43
    endloop
  endfacet
  facet normal 0.573616 0.819124 -0
    outer loop
      vertex -31.0716 -20.2019 38.4
      vertex -31.5 -19.9019 40
      vertex -31.0716 -20.2019 43
    endloop
  endfacet
  facet normal 0.573616 0.819124 0
    outer loop
      vertex -31.5 -19.9019 40
      vertex -31.0716 -20.2019 38.4
      vertex -31.5 -19.9019 38.4
    endloop
  endfacet
  facet normal 0.573616 0.819124 2.37358e-07
    outer loop
      vertex -31.0716 -20.2019 37.3
      vertex -31.3599 -20 5.4
      vertex -31.5 -19.9019 37.3
    endloop
  endfacet
  facet normal 0.573634 0.819112 -0
    outer loop
      vertex -31.0716 -20.2019 1.4
      vertex -31.3599 -20 5.4
      vertex -31.0716 -20.2019 37.3
    endloop
  endfacet
  facet normal 0.573634 0.819112 0
    outer loop
      vertex -31.3599 -20 5.4
      vertex -31.0716 -20.2019 1.4
      vertex -31.3599 -20 1.4
    endloop
  endfacet
  facet normal 0.57358 0.81915 0
    outer loop
      vertex -31.5 -19.9019 37.3
      vertex -31.3599 -20 5.4
      vertex -31.5 -19.9019 5.4
    endloop
  endfacet
  facet normal 0.0874858 0.996166 0
    outer loop
      vertex -32.4791 -19.5456 37.3
      vertex -32.4791 -19.5456 5.4
      vertex -32.7 -19.5262 37.3
    endloop
  endfacet
  facet normal 0.0874858 0.996166 -1.52065e-19
    outer loop
      vertex -32.7 -19.5262 40
      vertex -32.4791 -19.5456 43
      vertex -32.4791 -19.5456 40
    endloop
  endfacet
  facet normal 0.0872073 0.99619 2.06671e-05
    outer loop
      vertex -32.4791 -19.5456 43
      vertex -32.7 -19.5262 40
      vertex -33 -19.5 43
    endloop
  endfacet
  facet normal 0.0870022 0.996208 -0
    outer loop
      vertex -32.7 -19.5262 37.3
      vertex -33 -19.5 43
      vertex -32.7 -19.5262 40
    endloop
  endfacet
  facet normal 0.0872073 0.99619 -1.94361e-06
    outer loop
      vertex -33 -19.5 5.4
      vertex -32.7 -19.5262 37.3
      vertex -32.4791 -19.5456 5.4
    endloop
  endfacet
  facet normal 0.0870022 0.996208 4.99569e-20
    outer loop
      vertex -32.7 -19.5262 37.3
      vertex -33 -19.5 5.4
      vertex -33 -19.5 43
    endloop
  endfacet
  facet normal -0.906295 0.422645 1.74324e-19
    outer loop
      vertex -35.8191 -21.4739 1.4
      vertex -35.5981 -21 43
      vertex -35.5981 -21 1.4
    endloop
  endfacet
  facet normal -0.906295 0.422645 1.74324e-19
    outer loop
      vertex -35.5981 -21 43
      vertex -35.8191 -21.4739 1.4
      vertex -35.8191 -21.4739 43
    endloop
  endfacet
  facet normal -0.258698 0.965958 0
    outer loop
      vertex -33.5209 -19.5456 5.4
      vertex -34.0261 -19.6809 43
      vertex -33.5209 -19.5456 43
    endloop
  endfacet
  facet normal -0.258698 0.965958 0
    outer loop
      vertex -34.0261 -19.6809 43
      vertex -33.5209 -19.5456 5.4
      vertex -34.0261 -19.6809 5.4
    endloop
  endfacet
  facet normal -0.0872073 0.99619 0
    outer loop
      vertex -33 -19.5 5.4
      vertex -33.5209 -19.5456 43
      vertex -33 -19.5 43
    endloop
  endfacet
  facet normal -0.0872073 0.99619 0
    outer loop
      vertex -33.5209 -19.5456 43
      vertex -33 -19.5 5.4
      vertex -33.5209 -19.5456 5.4
    endloop
  endfacet
  facet normal -0.906295 -0.422645 -1.74324e-19
    outer loop
      vertex -35.5981 -24 1.4
      vertex -35.8191 -23.5261 43
      vertex -35.8191 -23.5261 1.4
    endloop
  endfacet
  facet normal -0.906295 -0.422645 -1.74324e-19
    outer loop
      vertex -35.8191 -23.5261 43
      vertex -35.5981 -24 1.4
      vertex -35.5981 -24 43
    endloop
  endfacet
  facet normal -0.819124 -0.573616 2.52287e-19
    outer loop
      vertex -35.2981 -24.4284 1.4
      vertex -35.5981 -24 43
      vertex -35.5981 -24 1.4
    endloop
  endfacet
  facet normal -0.819124 -0.573616 2.52287e-19
    outer loop
      vertex -35.5981 -24 43
      vertex -35.2981 -24.4284 1.4
      vertex -35.2981 -24.4284 43
    endloop
  endfacet
  facet normal -0.707107 -0.707107 0
    outer loop
      vertex -35.2981 -24.4284 1.4
      vertex -34.9284 -24.7981 43
      vertex -35.2981 -24.4284 43
    endloop
  endfacet
  facet normal -0.707107 -0.707107 -0
    outer loop
      vertex -34.9284 -24.7981 43
      vertex -35.2981 -24.4284 1.4
      vertex -34.9284 -24.7981 1.4
    endloop
  endfacet
  facet normal -0.422645 -0.906295 0
    outer loop
      vertex -34.5 -25.0981 1.4
      vertex -34.0261 -25.3191 43
      vertex -34.5 -25.0981 43
    endloop
  endfacet
  facet normal -0.422645 -0.906295 -0
    outer loop
      vertex -34.0261 -25.3191 43
      vertex -34.5 -25.0981 1.4
      vertex -34.0261 -25.3191 1.4
    endloop
  endfacet
  facet normal -0.965958 0.258698 -2.17032e-19
    outer loop
      vertex -35.9544 -21.9791 1.4
      vertex -35.8191 -21.4739 43
      vertex -35.8191 -21.4739 1.4
    endloop
  endfacet
  facet normal -0.965958 0.258698 -2.17032e-19
    outer loop
      vertex -35.8191 -21.4739 43
      vertex -35.9544 -21.9791 1.4
      vertex -35.9544 -21.9791 43
    endloop
  endfacet
  facet normal -0.707107 0.707107 0
    outer loop
      vertex -34.9284 -20.2019 1.4
      vertex -35.2981 -20.5716 43
      vertex -34.9284 -20.2019 43
    endloop
  endfacet
  facet normal -0.707107 0.707107 0
    outer loop
      vertex -35.2981 -20.5716 43
      vertex -34.9284 -20.2019 1.4
      vertex -35.2981 -20.5716 1.4
    endloop
  endfacet
  facet normal 0.707107 0.707107 1.10311e-19
    outer loop
      vertex -33.8838 -23.5533 43
      vertex -34.0533 -23.3838 1.4
      vertex -34.0533 -23.3838 43
    endloop
  endfacet
  facet normal 0.707107 0.707107 1.10311e-19
    outer loop
      vertex -34.0533 -23.3838 1.4
      vertex -33.8838 -23.5533 43
      vertex -33.8838 -23.5533 1.4
    endloop
  endfacet
  facet normal 0.906279 -0.42268 5.68912e-20
    outer loop
      vertex -34.2921 -22.0297 43
      vertex -34.1908 -21.8125 1.4
      vertex -34.1908 -21.8125 43
    endloop
  endfacet
  facet normal 0.906279 -0.42268 5.68912e-20
    outer loop
      vertex -34.1908 -21.8125 1.4
      vertex -34.2921 -22.0297 43
      vertex -34.2921 -22.0297 1.4
    endloop
  endfacet
  facet normal -0.966051 -0.25835 0
    outer loop
      vertex -31.7079 -22.0297 1.4
      vertex -31.6845 -22.1172 37.3
      vertex -31.7079 -22.0297 37.3
    endloop
  endfacet
  facet normal -0.9659 -0.258915 -0
    outer loop
      vertex -31.6459 -22.2612 43
      vertex -31.6845 -22.1172 37.3
      vertex -31.6459 -22.2612 1.4
    endloop
  endfacet
  facet normal -0.965957 -0.258701 -9.18205e-07
    outer loop
      vertex -31.6459 -22.2612 1.4
      vertex -31.6845 -22.1172 37.3
      vertex -31.7079 -22.0297 1.4
    endloop
  endfacet
  facet normal -0.966051 -0.25835 -2.24499e-19
    outer loop
      vertex -31.6845 -22.1172 38.4
      vertex -31.7079 -22.0297 43
      vertex -31.7079 -22.0297 38.4
    endloop
  endfacet
  facet normal -0.965957 -0.258701 7.16599e-06
    outer loop
      vertex -31.6845 -22.1172 38.4
      vertex -31.6459 -22.2612 43
      vertex -31.7079 -22.0297 43
    endloop
  endfacet
  facet normal -0.9659 -0.258915 0
    outer loop
      vertex -31.6845 -22.1172 37.3
      vertex -31.6459 -22.2612 43
      vertex -31.6845 -22.1172 38.4
    endloop
  endfacet
  facet normal -0.996192 -0.0871877 2.63597e-20
    outer loop
      vertex -31.625 -22.5 1.4
      vertex -31.6459 -22.2612 43
      vertex -31.6459 -22.2612 1.4
    endloop
  endfacet
  facet normal -0.996192 -0.0871877 2.63597e-20
    outer loop
      vertex -31.6459 -22.2612 43
      vertex -31.625 -22.5 1.4
      vertex -31.625 -22.5 43
    endloop
  endfacet
  facet normal -0.906279 -0.42268 3.43528e-20
    outer loop
      vertex -31.7079 -22.0297 38.4
      vertex -31.8092 -21.8125 43
      vertex -31.8092 -21.8125 38.4
    endloop
  endfacet
  facet normal -0.906279 -0.42268 3.43528e-20
    outer loop
      vertex -31.8092 -21.8125 43
      vertex -31.7079 -22.0297 38.4
      vertex -31.7079 -22.0297 43
    endloop
  endfacet
  facet normal -0.906279 -0.42268 4.40175e-21
    outer loop
      vertex -31.7079 -22.0297 1.4
      vertex -31.8092 -21.8125 37.3
      vertex -31.8092 -21.8125 1.4
    endloop
  endfacet
  facet normal -0.906279 -0.42268 4.40175e-21
    outer loop
      vertex -31.8092 -21.8125 37.3
      vertex -31.7079 -22.0297 1.4
      vertex -31.7079 -22.0297 37.3
    endloop
  endfacet
  facet normal -0.573714 0.819055 0
    outer loop
      vertex -32.1162 -23.5533 1.4
      vertex -32.3125 -23.6908 43
      vertex -32.1162 -23.5533 43
    endloop
  endfacet
  facet normal -0.573714 0.819055 0
    outer loop
      vertex -32.3125 -23.6908 43
      vertex -32.1162 -23.5533 1.4
      vertex -32.3125 -23.6908 1.4
    endloop
  endfacet
  facet normal 0.0871877 0.996192 -0
    outer loop
      vertex -33 -23.875 1.4
      vertex -33.2388 -23.8541 43
      vertex -33 -23.875 43
    endloop
  endfacet
  facet normal 0.0871877 0.996192 0
    outer loop
      vertex -33.2388 -23.8541 43
      vertex -33 -23.875 1.4
      vertex -33.2388 -23.8541 1.4
    endloop
  endfacet
  facet normal -0.707107 0.707107 -1.10311e-19
    outer loop
      vertex -32.1162 -23.5533 1.4
      vertex -31.9467 -23.3838 43
      vertex -31.9467 -23.3838 1.4
    endloop
  endfacet
  facet normal -0.707107 0.707107 -1.10311e-19
    outer loop
      vertex -31.9467 -23.3838 43
      vertex -32.1162 -23.5533 1.4
      vertex -32.1162 -23.5533 43
    endloop
  endfacet
  facet normal -0.42268 0.906279 0
    outer loop
      vertex -32.3125 -23.6908 1.4
      vertex -32.5297 -23.7921 43
      vertex -32.3125 -23.6908 43
    endloop
  endfacet
  facet normal -0.42268 0.906279 0
    outer loop
      vertex -32.5297 -23.7921 43
      vertex -32.3125 -23.6908 1.4
      vertex -32.5297 -23.7921 1.4
    endloop
  endfacet
  facet normal 0.258701 -0.965957 0
    outer loop
      vertex -33.4703 -21.2079 1.4
      vertex -33.2388 -21.1459 43
      vertex -33.4703 -21.2079 43
    endloop
  endfacet
  facet normal 0.258701 -0.965957 0
    outer loop
      vertex -33.2388 -21.1459 43
      vertex -33.4703 -21.2079 1.4
      vertex -33.2388 -21.1459 1.4
    endloop
  endfacet
  facet normal 0.42268 -0.906279 0
    outer loop
      vertex -33.6875 -21.3092 1.4
      vertex -33.4703 -21.2079 43
      vertex -33.6875 -21.3092 43
    endloop
  endfacet
  facet normal 0.42268 -0.906279 0
    outer loop
      vertex -33.4703 -21.2079 43
      vertex -33.6875 -21.3092 1.4
      vertex -33.4703 -21.2079 1.4
    endloop
  endfacet
  facet normal -0.0871877 0.996192 0
    outer loop
      vertex -32.7612 -23.8541 1.4
      vertex -33 -23.875 43
      vertex -32.7612 -23.8541 43
    endloop
  endfacet
  facet normal -0.0871877 0.996192 0
    outer loop
      vertex -33 -23.875 43
      vertex -32.7612 -23.8541 1.4
      vertex -33 -23.875 1.4
    endloop
  endfacet
  facet normal 0.965957 0.258701 -3.70156e-20
    outer loop
      vertex -34.2921 -22.9703 43
      vertex -34.3541 -22.7388 1.4
      vertex -34.3541 -22.7388 43
    endloop
  endfacet
  facet normal 0.965957 0.258701 -3.70156e-20
    outer loop
      vertex -34.3541 -22.7388 1.4
      vertex -34.2921 -22.9703 43
      vertex -34.2921 -22.9703 1.4
    endloop
  endfacet
  facet normal 0.573714 0.819055 -0
    outer loop
      vertex -33.6875 -23.6908 1.4
      vertex -33.8838 -23.5533 43
      vertex -33.6875 -23.6908 43
    endloop
  endfacet
  facet normal 0.573714 0.819055 0
    outer loop
      vertex -33.8838 -23.5533 43
      vertex -33.6875 -23.6908 1.4
      vertex -33.8838 -23.5533 1.4
    endloop
  endfacet
  facet normal 0.819055 -0.573714 1.42312e-19
    outer loop
      vertex -34.1908 -21.8125 43
      vertex -34.0533 -21.6162 1.4
      vertex -34.0533 -21.6162 43
    endloop
  endfacet
  facet normal 0.819055 -0.573714 1.42312e-19
    outer loop
      vertex -34.0533 -21.6162 1.4
      vertex -34.1908 -21.8125 43
      vertex -34.1908 -21.8125 1.4
    endloop
  endfacet
  facet normal -0.906279 0.42268 -3.79862e-21
    outer loop
      vertex -31.8092 -23.1875 1.4
      vertex -31.7079 -22.9703 43
      vertex -31.7079 -22.9703 1.4
    endloop
  endfacet
  facet normal -0.906279 0.42268 -3.79862e-21
    outer loop
      vertex -31.7079 -22.9703 43
      vertex -31.8092 -23.1875 1.4
      vertex -31.8092 -23.1875 43
    endloop
  endfacet
  facet normal 0.819055 0.573714 -1.42312e-19
    outer loop
      vertex -34.0533 -23.3838 43
      vertex -34.1908 -23.1875 1.4
      vertex -34.1908 -23.1875 43
    endloop
  endfacet
  facet normal 0.819055 0.573714 -1.42312e-19
    outer loop
      vertex -34.1908 -23.1875 1.4
      vertex -34.0533 -23.3838 43
      vertex -34.0533 -23.3838 1.4
    endloop
  endfacet
  facet normal 0.573714 -0.819055 0
    outer loop
      vertex -33.8838 -21.4467 1.4
      vertex -33.6875 -21.3092 43
      vertex -33.8838 -21.4467 43
    endloop
  endfacet
  facet normal 0.573714 -0.819055 0
    outer loop
      vertex -33.6875 -21.3092 43
      vertex -33.8838 -21.4467 1.4
      vertex -33.6875 -21.3092 1.4
    endloop
  endfacet
  facet normal -0.819055 0.573714 1.38414e-19
    outer loop
      vertex -31.9467 -23.3838 1.4
      vertex -31.8092 -23.1875 43
      vertex -31.8092 -23.1875 1.4
    endloop
  endfacet
  facet normal -0.819055 0.573714 1.38414e-19
    outer loop
      vertex -31.8092 -23.1875 43
      vertex -31.9467 -23.3838 1.4
      vertex -31.9467 -23.3838 43
    endloop
  endfacet
  facet normal -0.819055 -0.573714 -1.25175e-18
    outer loop
      vertex -31.8092 -21.8125 38.4
      vertex -31.9467 -21.6162 43
      vertex -31.9467 -21.6162 38.4
    endloop
  endfacet
  facet normal -0.819055 -0.573714 -1.25175e-18
    outer loop
      vertex -31.9467 -21.6162 43
      vertex -31.8092 -21.8125 38.4
      vertex -31.8092 -21.8125 43
    endloop
  endfacet
  facet normal -0.819055 -0.573714 -1.60391e-19
    outer loop
      vertex -31.8092 -21.8125 1.4
      vertex -31.9467 -21.6162 37.3
      vertex -31.9467 -21.6162 1.4
    endloop
  endfacet
  facet normal -0.819055 -0.573714 -1.60391e-19
    outer loop
      vertex -31.9467 -21.6162 37.3
      vertex -31.8092 -21.8125 1.4
      vertex -31.8092 -21.8125 37.3
    endloop
  endfacet
  facet normal -0.965957 0.258701 -1.95991e-21
    outer loop
      vertex -31.7079 -22.9703 1.4
      vertex -31.6459 -22.7388 43
      vertex -31.6459 -22.7388 1.4
    endloop
  endfacet
  facet normal -0.965957 0.258701 -1.95991e-21
    outer loop
      vertex -31.6459 -22.7388 43
      vertex -31.7079 -22.9703 1.4
      vertex -31.7079 -22.9703 43
    endloop
  endfacet
  facet normal 0.996192 -0.0871877 -3.72148e-20
    outer loop
      vertex -34.375 -22.5 43
      vertex -34.3541 -22.2612 1.4
      vertex -34.3541 -22.2612 43
    endloop
  endfacet
  facet normal 0.996192 -0.0871877 -3.72148e-20
    outer loop
      vertex -34.3541 -22.2612 1.4
      vertex -34.375 -22.5 43
      vertex -34.375 -22.5 1.4
    endloop
  endfacet
  facet normal -0.42268 -0.906279 0
    outer loop
      vertex -32.5297 -21.2079 38.4
      vertex -32.3125 -21.3092 43
      vertex -32.5297 -21.2079 43
    endloop
  endfacet
  facet normal -0.42268 -0.906279 -0
    outer loop
      vertex -32.3125 -21.3092 43
      vertex -32.5297 -21.2079 38.4
      vertex -32.3125 -21.3092 38.4
    endloop
  endfacet
  facet normal -0.42268 -0.906279 0
    outer loop
      vertex -32.5297 -21.2079 1.4
      vertex -32.3125 -21.3092 37.3
      vertex -32.5297 -21.2079 37.3
    endloop
  endfacet
  facet normal -0.42268 -0.906279 -0
    outer loop
      vertex -32.3125 -21.3092 37.3
      vertex -32.5297 -21.2079 1.4
      vertex -32.3125 -21.3092 1.4
    endloop
  endfacet
  facet normal -0.707107 -0.707107 9.97594e-19
    outer loop
      vertex -31.9467 -21.6162 38.4
      vertex -32.1162 -21.4467 43
      vertex -32.1162 -21.4467 38.4
    endloop
  endfacet
  facet normal -0.707107 -0.707107 9.97594e-19
    outer loop
      vertex -32.1162 -21.4467 43
      vertex -31.9467 -21.6162 38.4
      vertex -31.9467 -21.6162 43
    endloop
  endfacet
  facet normal -0.707107 -0.707107 1.27825e-19
    outer loop
      vertex -31.9467 -21.6162 1.4
      vertex -32.1162 -21.4467 37.3
      vertex -32.1162 -21.4467 1.4
    endloop
  endfacet
  facet normal -0.707107 -0.707107 1.27825e-19
    outer loop
      vertex -32.1162 -21.4467 37.3
      vertex -31.9467 -21.6162 1.4
      vertex -31.9467 -21.6162 37.3
    endloop
  endfacet
  facet normal -0.258701 0.965957 0
    outer loop
      vertex -32.5297 -23.7921 1.4
      vertex -32.7612 -23.8541 43
      vertex -32.5297 -23.7921 43
    endloop
  endfacet
  facet normal -0.258701 0.965957 0
    outer loop
      vertex -32.7612 -23.8541 43
      vertex -32.5297 -23.7921 1.4
      vertex -32.7612 -23.8541 1.4
    endloop
  endfacet
  facet normal -0.996192 0.0871877 -2.63597e-20
    outer loop
      vertex -31.6459 -22.7388 1.4
      vertex -31.625 -22.5 43
      vertex -31.625 -22.5 1.4
    endloop
  endfacet
  facet normal -0.996192 0.0871877 -2.63597e-20
    outer loop
      vertex -31.625 -22.5 43
      vertex -31.6459 -22.7388 1.4
      vertex -31.6459 -22.7388 43
    endloop
  endfacet
  facet normal -0.573714 -0.819055 0
    outer loop
      vertex -32.3125 -21.3092 38.4
      vertex -32.1162 -21.4467 43
      vertex -32.3125 -21.3092 43
    endloop
  endfacet
  facet normal -0.573714 -0.819055 -0
    outer loop
      vertex -32.1162 -21.4467 43
      vertex -32.3125 -21.3092 38.4
      vertex -32.1162 -21.4467 38.4
    endloop
  endfacet
  facet normal -0.573714 -0.819055 0
    outer loop
      vertex -32.3125 -21.3092 1.4
      vertex -32.1162 -21.4467 37.3
      vertex -32.3125 -21.3092 37.3
    endloop
  endfacet
  facet normal -0.573714 -0.819055 -0
    outer loop
      vertex -32.1162 -21.4467 37.3
      vertex -32.3125 -21.3092 1.4
      vertex -32.1162 -21.4467 1.4
    endloop
  endfacet
  facet normal 0.0871877 -0.996192 0
    outer loop
      vertex -33.2388 -21.1459 1.4
      vertex -33 -21.125 43
      vertex -33.2388 -21.1459 43
    endloop
  endfacet
  facet normal 0.0871877 -0.996192 0
    outer loop
      vertex -33 -21.125 43
      vertex -33.2388 -21.1459 1.4
      vertex -33 -21.125 1.4
    endloop
  endfacet
  facet normal 0.258701 0.965957 -0
    outer loop
      vertex -33.2388 -23.8541 1.4
      vertex -33.4703 -23.7921 43
      vertex -33.2388 -23.8541 43
    endloop
  endfacet
  facet normal 0.258701 0.965957 0
    outer loop
      vertex -33.4703 -23.7921 43
      vertex -33.2388 -23.8541 1.4
      vertex -33.4703 -23.7921 1.4
    endloop
  endfacet
  facet normal 0.906279 0.42268 -5.68912e-20
    outer loop
      vertex -34.1908 -23.1875 43
      vertex -34.2921 -22.9703 1.4
      vertex -34.2921 -22.9703 43
    endloop
  endfacet
  facet normal 0.906279 0.42268 -5.68912e-20
    outer loop
      vertex -34.2921 -22.9703 1.4
      vertex -34.1908 -23.1875 43
      vertex -34.1908 -23.1875 1.4
    endloop
  endfacet
  facet normal -0.0871877 -0.996192 0
    outer loop
      vertex -33 -21.125 1.4
      vertex -32.7612 -21.1459 43
      vertex -33 -21.125 43
    endloop
  endfacet
  facet normal -0.0871877 -0.996192 -0
    outer loop
      vertex -32.7612 -21.1459 43
      vertex -33 -21.125 1.4
      vertex -32.7612 -21.1459 1.4
    endloop
  endfacet
  facet normal 0.996192 0.0871877 3.72148e-20
    outer loop
      vertex -34.3541 -22.7388 43
      vertex -34.375 -22.5 1.4
      vertex -34.375 -22.5 43
    endloop
  endfacet
  facet normal 0.996192 0.0871877 3.72148e-20
    outer loop
      vertex -34.375 -22.5 1.4
      vertex -34.3541 -22.7388 43
      vertex -34.3541 -22.7388 1.4
    endloop
  endfacet
  facet normal -0.258701 -0.965957 7.16599e-06
    outer loop
      vertex -32.7612 -21.1459 43
      vertex -32.6172 -21.1845 38.4
      vertex -32.5297 -21.2079 43
    endloop
  endfacet
  facet normal -0.258915 -0.9659 -2.08495e-18
    outer loop
      vertex -32.7612 -21.1459 43
      vertex -32.6172 -21.1845 37.3
      vertex -32.6172 -21.1845 38.4
    endloop
  endfacet
  facet normal -0.258915 -0.9659 0
    outer loop
      vertex -32.7612 -21.1459 1.4
      vertex -32.6172 -21.1845 37.3
      vertex -32.7612 -21.1459 43
    endloop
  endfacet
  facet normal -0.25835 -0.966051 -2.42954e-06
    outer loop
      vertex -32.7612 -21.1459 1.4
      vertex -32.5297 -21.2079 37.3
      vertex -32.6172 -21.1845 37.3
    endloop
  endfacet
  facet normal -0.258701 -0.965957 -0
    outer loop
      vertex -32.5297 -21.2079 37.3
      vertex -32.7612 -21.1459 1.4
      vertex -32.5297 -21.2079 1.4
    endloop
  endfacet
  facet normal -0.25835 -0.966051 -0
    outer loop
      vertex -32.5297 -21.2079 43
      vertex -32.6172 -21.1845 38.4
      vertex -32.5297 -21.2079 38.4
    endloop
  endfacet
  facet normal 0.965957 -0.258701 3.70156e-20
    outer loop
      vertex -34.3541 -22.2612 43
      vertex -34.2921 -22.0297 1.4
      vertex -34.2921 -22.0297 43
    endloop
  endfacet
  facet normal 0.965957 -0.258701 3.70156e-20
    outer loop
      vertex -34.2921 -22.0297 1.4
      vertex -34.3541 -22.2612 43
      vertex -34.3541 -22.2612 1.4
    endloop
  endfacet
  facet normal 0.42268 0.906279 -0
    outer loop
      vertex -33.4703 -23.7921 1.4
      vertex -33.6875 -23.6908 43
      vertex -33.4703 -23.7921 43
    endloop
  endfacet
  facet normal 0.42268 0.906279 0
    outer loop
      vertex -33.6875 -23.6908 43
      vertex -33.4703 -23.7921 1.4
      vertex -33.6875 -23.6908 1.4
    endloop
  endfacet
  facet normal 0.707107 -0.707107 -1.10311e-19
    outer loop
      vertex -34.0533 -21.6162 43
      vertex -33.8838 -21.4467 1.4
      vertex -33.8838 -21.4467 43
    endloop
  endfacet
  facet normal 0.707107 -0.707107 -1.10311e-19
    outer loop
      vertex -33.8838 -21.4467 1.4
      vertex -34.0533 -21.6162 43
      vertex -34.0533 -21.6162 1.4
    endloop
  endfacet
  facet normal 0.965958 -0.258698 -3.0095e-18
    outer loop
      vertex -30.1809 21.4739 43
      vertex -30.0456 21.9791 40
      vertex -30.0456 21.9791 43
    endloop
  endfacet
  facet normal 0.965958 -0.258698 -3.0095e-18
    outer loop
      vertex -30.0456 21.9791 40
      vertex -30.1809 21.4739 43
      vertex -30.1809 21.4739 40
    endloop
  endfacet
  facet normal 0.965958 -0.258698 -2.51491e-19
    outer loop
      vertex -30.1809 21.4739 37.3
      vertex -30.0456 21.9791 1.4
      vertex -30.0456 21.9791 37.3
    endloop
  endfacet
  facet normal 0.965958 -0.258698 -2.51491e-19
    outer loop
      vertex -30.0456 21.9791 1.4
      vertex -30.1809 21.4739 37.3
      vertex -30.1809 21.4739 1.4
    endloop
  endfacet
  facet normal 0.965958 0.258698 2.17032e-19
    outer loop
      vertex -30.0456 23.0209 43
      vertex -30.1809 23.5261 1.4
      vertex -30.1809 23.5261 43
    endloop
  endfacet
  facet normal 0.965958 0.258698 2.17032e-19
    outer loop
      vertex -30.1809 23.5261 1.4
      vertex -30.0456 23.0209 43
      vertex -30.0456 23.0209 1.4
    endloop
  endfacet
  facet normal 0.99619 0.0872073 4.26979e-20
    outer loop
      vertex -30 22.5 43
      vertex -30.0456 23.0209 1.4
      vertex -30.0456 23.0209 43
    endloop
  endfacet
  facet normal 0.99619 0.0872073 4.26979e-20
    outer loop
      vertex -30.0456 23.0209 1.4
      vertex -30 22.5 43
      vertex -30 22.5 1.4
    endloop
  endfacet
  facet normal 0.906295 0.422645 2.60526e-19
    outer loop
      vertex -30.1809 23.5261 43
      vertex -30.4019 24 1.4
      vertex -30.4019 24 43
    endloop
  endfacet
  facet normal 0.906295 0.422645 2.60526e-19
    outer loop
      vertex -30.4019 24 1.4
      vertex -30.1809 23.5261 43
      vertex -30.1809 23.5261 1.4
    endloop
  endfacet
  facet normal -0.965958 -0.258698 2.17032e-19
    outer loop
      vertex -35.8191 21.4739 1.4
      vertex -35.9544 21.9791 43
      vertex -35.9544 21.9791 1.4
    endloop
  endfacet
  facet normal -0.965958 -0.258698 2.17032e-19
    outer loop
      vertex -35.9544 21.9791 43
      vertex -35.8191 21.4739 1.4
      vertex -35.8191 21.4739 43
    endloop
  endfacet
  facet normal -0.819124 0.573616 -2.52287e-19
    outer loop
      vertex -35.5981 24 1.4
      vertex -35.2981 24.4284 43
      vertex -35.2981 24.4284 1.4
    endloop
  endfacet
  facet normal -0.819124 0.573616 -2.52287e-19
    outer loop
      vertex -35.2981 24.4284 43
      vertex -35.5981 24 1.4
      vertex -35.5981 24 43
    endloop
  endfacet
  facet normal -0.422645 0.906295 0
    outer loop
      vertex -34.0261 25.3191 1.4
      vertex -34.5 25.0981 43
      vertex -34.0261 25.3191 43
    endloop
  endfacet
  facet normal -0.422645 0.906295 0
    outer loop
      vertex -34.5 25.0981 43
      vertex -34.0261 25.3191 1.4
      vertex -34.5 25.0981 1.4
    endloop
  endfacet
  facet normal -0.573616 -0.819124 2.01376e-07
    outer loop
      vertex -34.9284 20.2019 43
      vertex -34.6401 20 5.4
      vertex -34.5 19.9019 43
    endloop
  endfacet
  facet normal -0.573634 -0.819112 0
    outer loop
      vertex -34.9284 20.2019 1.4
      vertex -34.6401 20 5.4
      vertex -34.9284 20.2019 43
    endloop
  endfacet
  facet normal -0.573634 -0.819112 -0
    outer loop
      vertex -34.6401 20 5.4
      vertex -34.9284 20.2019 1.4
      vertex -34.6401 20 1.4
    endloop
  endfacet
  facet normal -0.57358 -0.81915 -0
    outer loop
      vertex -34.5 19.9019 43
      vertex -34.6401 20 5.4
      vertex -34.5 19.9019 5.4
    endloop
  endfacet
  facet normal -0.0872073 -0.99619 0
    outer loop
      vertex -33.5209 19.5456 5.4
      vertex -33 19.5 43
      vertex -33.5209 19.5456 43
    endloop
  endfacet
  facet normal -0.0872073 -0.99619 -0
    outer loop
      vertex -33 19.5 43
      vertex -33.5209 19.5456 5.4
      vertex -33 19.5 5.4
    endloop
  endfacet
  facet normal 0.0872073 -0.99619 2.06671e-05
    outer loop
      vertex -33 19.5 43
      vertex -32.7 19.5262 40
      vertex -32.4791 19.5456 43
    endloop
  endfacet
  facet normal 0.0870022 -0.996208 -6.95696e-19
    outer loop
      vertex -33 19.5 43
      vertex -32.7 19.5262 37.3
      vertex -32.7 19.5262 40
    endloop
  endfacet
  facet normal 0.0870022 -0.996208 0
    outer loop
      vertex -33 19.5 5.4
      vertex -32.7 19.5262 37.3
      vertex -33 19.5 43
    endloop
  endfacet
  facet normal 0.0874858 -0.996166 -4.58309e-06
    outer loop
      vertex -33 19.5 5.4
      vertex -32.4791 19.5456 37.3
      vertex -32.7 19.5262 37.3
    endloop
  endfacet
  facet normal 0.0872073 -0.99619 0
    outer loop
      vertex -32.4791 19.5456 37.3
      vertex -33 19.5 5.4
      vertex -32.4791 19.5456 5.4
    endloop
  endfacet
  facet normal 0.0874858 -0.996166 0
    outer loop
      vertex -32.4791 19.5456 43
      vertex -32.7 19.5262 40
      vertex -32.4791 19.5456 40
    endloop
  endfacet
  facet normal 0.906295 -0.422645 -3.61263e-18
    outer loop
      vertex -30.4019 21 43
      vertex -30.1809 21.4739 40
      vertex -30.1809 21.4739 43
    endloop
  endfacet
  facet normal 0.906295 -0.422645 -3.61263e-18
    outer loop
      vertex -30.1809 21.4739 40
      vertex -30.4019 21 43
      vertex -30.4019 21 40
    endloop
  endfacet
  facet normal 0.906295 -0.422645 -3.01891e-19
    outer loop
      vertex -30.4019 21 37.3
      vertex -30.1809 21.4739 1.4
      vertex -30.1809 21.4739 37.3
    endloop
  endfacet
  facet normal 0.906295 -0.422645 -3.01891e-19
    outer loop
      vertex -30.1809 21.4739 1.4
      vertex -30.4019 21 37.3
      vertex -30.4019 21 1.4
    endloop
  endfacet
  facet normal 0.707107 0.707107 -6.50043e-20
    outer loop
      vertex -30.7019 24.4284 43
      vertex -31.0716 24.7981 1.4
      vertex -31.0716 24.7981 43
    endloop
  endfacet
  facet normal 0.707107 0.707107 -6.50043e-20
    outer loop
      vertex -31.0716 24.7981 1.4
      vertex -30.7019 24.4284 43
      vertex -30.7019 24.4284 1.4
    endloop
  endfacet
  facet normal 0.707107 -0.707107 5.87865e-19
    outer loop
      vertex -31.0716 20.2019 43
      vertex -30.7019 20.5716 38.4
      vertex -30.7019 20.5716 43
    endloop
  endfacet
  facet normal 0.707107 -0.707107 5.87865e-19
    outer loop
      vertex -30.7019 20.5716 38.4
      vertex -31.0716 20.2019 43
      vertex -31.0716 20.2019 38.4
    endloop
  endfacet
  facet normal 0.707107 -0.707107 7.53253e-20
    outer loop
      vertex -31.0716 20.2019 37.3
      vertex -30.7019 20.5716 1.4
      vertex -30.7019 20.5716 37.3
    endloop
  endfacet
  facet normal 0.707107 -0.707107 7.53253e-20
    outer loop
      vertex -30.7019 20.5716 1.4
      vertex -31.0716 20.2019 37.3
      vertex -31.0716 20.2019 1.4
    endloop
  endfacet
  facet normal -0.99619 0.0872073 -4.26979e-20
    outer loop
      vertex -36 22.5 1.4
      vertex -35.9544 23.0209 43
      vertex -35.9544 23.0209 1.4
    endloop
  endfacet
  facet normal -0.99619 0.0872073 -4.26979e-20
    outer loop
      vertex -35.9544 23.0209 43
      vertex -36 22.5 1.4
      vertex -36 22.5 43
    endloop
  endfacet
  facet normal 0.258698 0.965958 -0
    outer loop
      vertex -31.9739 25.3191 1.4
      vertex -32.4791 25.4544 43
      vertex -31.9739 25.3191 43
    endloop
  endfacet
  facet normal 0.258698 0.965958 0
    outer loop
      vertex -32.4791 25.4544 43
      vertex -31.9739 25.3191 1.4
      vertex -32.4791 25.4544 1.4
    endloop
  endfacet
  facet normal -0.99619 -0.0872073 4.26979e-20
    outer loop
      vertex -35.9544 21.9791 1.4
      vertex -36 22.5 43
      vertex -36 22.5 1.4
    endloop
  endfacet
  facet normal -0.99619 -0.0872073 4.26979e-20
    outer loop
      vertex -36 22.5 43
      vertex -35.9544 21.9791 1.4
      vertex -35.9544 21.9791 43
    endloop
  endfacet
  facet normal 0.819124 -0.573616 2.33226e-18
    outer loop
      vertex -30.7019 20.5716 43
      vertex -30.4019 21 40
      vertex -30.4019 21 43
    endloop
  endfacet
  facet normal 0.819124 -0.573616 0
    outer loop
      vertex -30.7019 20.5716 38.4
      vertex -30.4019 21 40
      vertex -30.7019 20.5716 43
    endloop
  endfacet
  facet normal 0.819124 -0.573616 0
    outer loop
      vertex -30.4019 21 40
      vertex -30.7019 20.5716 38.4
      vertex -30.4019 21 38.4
    endloop
  endfacet
  facet normal 0.819124 -0.573616 1.94896e-19
    outer loop
      vertex -30.7019 20.5716 37.3
      vertex -30.4019 21 1.4
      vertex -30.4019 21 37.3
    endloop
  endfacet
  facet normal 0.819124 -0.573616 1.94896e-19
    outer loop
      vertex -30.4019 21 1.4
      vertex -30.7019 20.5716 37.3
      vertex -30.7019 20.5716 1.4
    endloop
  endfacet
  facet normal -0.258698 -0.965958 0
    outer loop
      vertex -34.0261 19.6809 5.4
      vertex -33.5209 19.5456 43
      vertex -34.0261 19.6809 43
    endloop
  endfacet
  facet normal -0.258698 -0.965958 -0
    outer loop
      vertex -33.5209 19.5456 43
      vertex -34.0261 19.6809 5.4
      vertex -33.5209 19.5456 5.4
    endloop
  endfacet
  facet normal 0.422645 -0.906295 0
    outer loop
      vertex -31.9739 19.6809 40
      vertex -31.5 19.9019 43
      vertex -31.9739 19.6809 43
    endloop
  endfacet
  facet normal 0.422645 -0.906295 0
    outer loop
      vertex -31.5 19.9019 43
      vertex -31.9739 19.6809 40
      vertex -31.5 19.9019 40
    endloop
  endfacet
  facet normal 0.422645 -0.906295 0
    outer loop
      vertex -31.9739 19.6809 5.4
      vertex -31.5 19.9019 37.3
      vertex -31.9739 19.6809 37.3
    endloop
  endfacet
  facet normal 0.422645 -0.906295 0
    outer loop
      vertex -31.5 19.9019 37.3
      vertex -31.9739 19.6809 5.4
      vertex -31.5 19.9019 5.4
    endloop
  endfacet
  facet normal -0.573616 0.819124 0
    outer loop
      vertex -34.5 25.0981 1.4
      vertex -34.9284 24.7981 43
      vertex -34.5 25.0981 43
    endloop
  endfacet
  facet normal -0.573616 0.819124 0
    outer loop
      vertex -34.9284 24.7981 43
      vertex -34.5 25.0981 1.4
      vertex -34.9284 24.7981 1.4
    endloop
  endfacet
  facet normal 0.819124 0.573616 -1.68192e-19
    outer loop
      vertex -30.4019 24 43
      vertex -30.7019 24.4284 1.4
      vertex -30.7019 24.4284 43
    endloop
  endfacet
  facet normal 0.819124 0.573616 -1.68192e-19
    outer loop
      vertex -30.7019 24.4284 1.4
      vertex -30.4019 24 43
      vertex -30.4019 24 1.4
    endloop
  endfacet
  facet normal 0.422645 0.906295 -0
    outer loop
      vertex -31.5 25.0981 1.4
      vertex -31.9739 25.3191 43
      vertex -31.5 25.0981 43
    endloop
  endfacet
  facet normal 0.422645 0.906295 0
    outer loop
      vertex -31.9739 25.3191 43
      vertex -31.5 25.0981 1.4
      vertex -31.9739 25.3191 1.4
    endloop
  endfacet
  facet normal 0.258698 -0.965958 0
    outer loop
      vertex -32.4791 19.5456 40
      vertex -31.9739 19.6809 43
      vertex -32.4791 19.5456 43
    endloop
  endfacet
  facet normal 0.258698 -0.965958 0
    outer loop
      vertex -31.9739 19.6809 43
      vertex -32.4791 19.5456 40
      vertex -31.9739 19.6809 40
    endloop
  endfacet
  facet normal 0.258698 -0.965958 0
    outer loop
      vertex -32.4791 19.5456 5.4
      vertex -31.9739 19.6809 37.3
      vertex -32.4791 19.5456 37.3
    endloop
  endfacet
  facet normal 0.258698 -0.965958 0
    outer loop
      vertex -31.9739 19.6809 37.3
      vertex -32.4791 19.5456 5.4
      vertex -31.9739 19.6809 5.4
    endloop
  endfacet
  facet normal 0 0 1
    outer loop
      vertex -31.625 22.5 43
      vertex -30 22.5 43
      vertex -30.0456 23.0209 43
    endloop
  endfacet
  facet normal 0 0 1
    outer loop
      vertex -31.6459 22.7388 43
      vertex -30.0456 23.0209 43
      vertex -30.1809 23.5261 43
    endloop
  endfacet
  facet normal 0 0 1
    outer loop
      vertex -30 22.5 43
      vertex -31.625 22.5 43
      vertex -30.0456 21.9791 43
    endloop
  endfacet
  facet normal 0 0 1
    outer loop
      vertex -31.7079 22.9703 43
      vertex -30.1809 23.5261 43
      vertex -30.4019 24 43
    endloop
  endfacet
  facet normal -0 0 1
    outer loop
      vertex -31.6459 22.2612 43
      vertex -30.0456 21.9791 43
      vertex -31.625 22.5 43
    endloop
  endfacet
  facet normal 0 0 1
    outer loop
      vertex -31.8092 23.1875 43
      vertex -30.4019 24 43
      vertex -30.7019 24.4284 43
    endloop
  endfacet
  facet normal 0 0 1
    outer loop
      vertex -30.0456 21.9791 43
      vertex -31.6459 22.2612 43
      vertex -30.1809 21.4739 43
    endloop
  endfacet
  facet normal 0 0 1
    outer loop
      vertex -31.9467 23.3838 43
      vertex -30.7019 24.4284 43
      vertex -31.0716 24.7981 43
    endloop
  endfacet
  facet normal -0 0 1
    outer loop
      vertex -31.7079 22.0297 43
      vertex -30.1809 21.4739 43
      vertex -31.6459 22.2612 43
    endloop
  endfacet
  facet normal 0 0 1
    outer loop
      vertex -32.1162 23.5533 43
      vertex -31.0716 24.7981 43
      vertex -31.5 25.0981 43
    endloop
  endfacet
  facet normal 0 0 1
    outer loop
      vertex -30.1809 21.4739 43
      vertex -31.7079 22.0297 43
      vertex -30.4019 21 43
    endloop
  endfacet
  facet normal -0 0 1
    outer loop
      vertex -31.8092 21.8125 43
      vertex -30.4019 21 43
      vertex -31.7079 22.0297 43
    endloop
  endfacet
  facet normal 0 0 1
    outer loop
      vertex -30.0456 23.0209 43
      vertex -31.6459 22.7388 43
      vertex -31.625 22.5 43
    endloop
  endfacet
  facet normal 0 0 1
    outer loop
      vertex -30.1809 23.5261 43
      vertex -31.7079 22.9703 43
      vertex -31.6459 22.7388 43
    endloop
  endfacet
  facet normal 0 0 1
    outer loop
      vertex -30.4019 24 43
      vertex -31.8092 23.1875 43
      vertex -31.7079 22.9703 43
    endloop
  endfacet
  facet normal 0 0 1
    outer loop
      vertex -30.7019 24.4284 43
      vertex -31.9467 23.3838 43
      vertex -31.8092 23.1875 43
    endloop
  endfacet
  facet normal 0 0 1
    outer loop
      vertex -32.3125 23.6908 43
      vertex -31.5 25.0981 43
      vertex -31.9739 25.3191 43
    endloop
  endfacet
  facet normal 0 0 1
    outer loop
      vertex -31.0716 24.7981 43
      vertex -32.1162 23.5533 43
      vertex -31.9467 23.3838 43
    endloop
  endfacet
  facet normal 0 0 1
    outer loop
      vertex -31.5 25.0981 43
      vertex -32.3125 23.6908 43
      vertex -32.1162 23.5533 43
    endloop
  endfacet
  facet normal 0 0 1
    outer loop
      vertex -32.5297 23.7921 43
      vertex -31.9739 25.3191 43
      vertex -32.4791 25.4544 43
    endloop
  endfacet
  facet normal 0 0 1
    outer loop
      vertex -31.9739 25.3191 43
      vertex -32.5297 23.7921 43
      vertex -32.3125 23.6908 43
    endloop
  endfacet
  facet normal 0 0 1
    outer loop
      vertex -32.4791 25.4544 43
      vertex -32.7612 23.8541 43
      vertex -32.5297 23.7921 43
    endloop
  endfacet
  facet normal 0 0 1
    outer loop
      vertex -33 25.5 43
      vertex -32.7612 23.8541 43
      vertex -32.4791 25.4544 43
    endloop
  endfacet
  facet normal 0 0 1
    outer loop
      vertex -33 25.5 43
      vertex -33 23.875 43
      vertex -32.7612 23.8541 43
    endloop
  endfacet
  facet normal 0 0 1
    outer loop
      vertex -33 25.5 43
      vertex -33.2388 23.8541 43
      vertex -33 23.875 43
    endloop
  endfacet
  facet normal -0 0 1
    outer loop
      vertex -33.5209 25.4544 43
      vertex -33.2388 23.8541 43
      vertex -33 25.5 43
    endloop
  endfacet
  facet normal 0 0 1
    outer loop
      vertex -33.2388 23.8541 43
      vertex -33.5209 25.4544 43
      vertex -33.4703 23.7921 43
    endloop
  endfacet
  facet normal -0 0 1
    outer loop
      vertex -34.0261 25.3191 43
      vertex -33.4703 23.7921 43
      vertex -33.5209 25.4544 43
    endloop
  endfacet
  facet normal 0 0 1
    outer loop
      vertex -33.4703 23.7921 43
      vertex -34.0261 25.3191 43
      vertex -33.6875 23.6908 43
    endloop
  endfacet
  facet normal -0 0 1
    outer loop
      vertex -34.5 25.0981 43
      vertex -33.6875 23.6908 43
      vertex -34.0261 25.3191 43
    endloop
  endfacet
  facet normal 0 0 1
    outer loop
      vertex -33.6875 23.6908 43
      vertex -34.5 25.0981 43
      vertex -33.8838 23.5533 43
    endloop
  endfacet
  facet normal -0 0 1
    outer loop
      vertex -34.9284 24.7981 43
      vertex -33.8838 23.5533 43
      vertex -34.5 25.0981 43
    endloop
  endfacet
  facet normal 0 0 1
    outer loop
      vertex -33.8838 23.5533 43
      vertex -34.9284 24.7981 43
      vertex -34.0533 23.3838 43
    endloop
  endfacet
  facet normal -0 0 1
    outer loop
      vertex -35.2981 24.4284 43
      vertex -34.0533 23.3838 43
      vertex -34.9284 24.7981 43
    endloop
  endfacet
  facet normal -0 0 1
    outer loop
      vertex -35.5981 24 43
      vertex -34.1908 23.1875 43
      vertex -35.2981 24.4284 43
    endloop
  endfacet
  facet normal 0 0 1
    outer loop
      vertex -34.0533 23.3838 43
      vertex -35.2981 24.4284 43
      vertex -34.1908 23.1875 43
    endloop
  endfacet
  facet normal 0 0 1
    outer loop
      vertex -30.4019 21 43
      vertex -31.8092 21.8125 43
      vertex -30.7019 20.5716 43
    endloop
  endfacet
  facet normal -0 0 1
    outer loop
      vertex -31.9467 21.6162 43
      vertex -30.7019 20.5716 43
      vertex -31.8092 21.8125 43
    endloop
  endfacet
  facet normal 0 0 1
    outer loop
      vertex -30.7019 20.5716 43
      vertex -31.9467 21.6162 43
      vertex -31.0716 20.2019 43
    endloop
  endfacet
  facet normal -0 0 1
    outer loop
      vertex -32.1162 21.4467 43
      vertex -31.0716 20.2019 43
      vertex -31.9467 21.6162 43
    endloop
  endfacet
  facet normal 0 0 1
    outer loop
      vertex -31.0716 20.2019 43
      vertex -32.1162 21.4467 43
      vertex -31.5 19.9019 43
    endloop
  endfacet
  facet normal -0 0 1
    outer loop
      vertex -32.3125 21.3092 43
      vertex -31.5 19.9019 43
      vertex -32.1162 21.4467 43
    endloop
  endfacet
  facet normal 0 0 1
    outer loop
      vertex -31.5 19.9019 43
      vertex -32.3125 21.3092 43
      vertex -31.9739 19.6809 43
    endloop
  endfacet
  facet normal -0 0 1
    outer loop
      vertex -32.5297 21.2079 43
      vertex -31.9739 19.6809 43
      vertex -32.3125 21.3092 43
    endloop
  endfacet
  facet normal 0 0 1
    outer loop
      vertex -31.9739 19.6809 43
      vertex -32.5297 21.2079 43
      vertex -32.4791 19.5456 43
    endloop
  endfacet
  facet normal -0 0 1
    outer loop
      vertex -32.7612 21.1459 43
      vertex -32.4791 19.5456 43
      vertex -32.5297 21.2079 43
    endloop
  endfacet
  facet normal -0 0 1
    outer loop
      vertex -33 21.125 43
      vertex -32.4791 19.5456 43
      vertex -32.7612 21.1459 43
    endloop
  endfacet
  facet normal 0 0 1
    outer loop
      vertex -33 21.125 43
      vertex -33 19.5 43
      vertex -32.4791 19.5456 43
    endloop
  endfacet
  facet normal 0 0 1
    outer loop
      vertex -33.2388 21.1459 43
      vertex -33 19.5 43
      vertex -33 21.125 43
    endloop
  endfacet
  facet normal 0 0 1
    outer loop
      vertex -33.5209 19.5456 43
      vertex -33.2388 21.1459 43
      vertex -33.4703 21.2079 43
    endloop
  endfacet
  facet normal 0 0 1
    outer loop
      vertex -33.2388 21.1459 43
      vertex -33.5209 19.5456 43
      vertex -33 19.5 43
    endloop
  endfacet
  facet normal 0 0 1
    outer loop
      vertex -34.0261 19.6809 43
      vertex -33.4703 21.2079 43
      vertex -33.6875 21.3092 43
    endloop
  endfacet
  facet normal 0 0 1
    outer loop
      vertex -34.5 19.9019 43
      vertex -33.6875 21.3092 43
      vertex -33.8838 21.4467 43
    endloop
  endfacet
  facet normal 0 0 1
    outer loop
      vertex -33.4703 21.2079 43
      vertex -34.0261 19.6809 43
      vertex -33.5209 19.5456 43
    endloop
  endfacet
  facet normal 0 0 1
    outer loop
      vertex -34.9284 20.2019 43
      vertex -33.8838 21.4467 43
      vertex -34.0533 21.6162 43
    endloop
  endfacet
  facet normal 0 0 1
    outer loop
      vertex -35.2981 20.5716 43
      vertex -34.0533 21.6162 43
      vertex -34.1908 21.8125 43
    endloop
  endfacet
  facet normal 0 0 1
    outer loop
      vertex -35.5981 21 43
      vertex -34.1908 21.8125 43
      vertex -34.2921 22.0297 43
    endloop
  endfacet
  facet normal 0 0 1
    outer loop
      vertex -35.8191 21.4739 43
      vertex -34.2921 22.0297 43
      vertex -34.3541 22.2612 43
    endloop
  endfacet
  facet normal 0 0 1
    outer loop
      vertex -33.6875 21.3092 43
      vertex -34.5 19.9019 43
      vertex -34.0261 19.6809 43
    endloop
  endfacet
  facet normal 0 0 1
    outer loop
      vertex -35.9544 21.9791 43
      vertex -34.3541 22.2612 43
      vertex -34.375 22.5 43
    endloop
  endfacet
  facet normal 0 0 1
    outer loop
      vertex -34.1908 23.1875 43
      vertex -35.5981 24 43
      vertex -34.2921 22.9703 43
    endloop
  endfacet
  facet normal -0 0 1
    outer loop
      vertex -35.8191 23.5261 43
      vertex -34.2921 22.9703 43
      vertex -35.5981 24 43
    endloop
  endfacet
  facet normal 0 0 1
    outer loop
      vertex -33.8838 21.4467 43
      vertex -34.9284 20.2019 43
      vertex -34.5 19.9019 43
    endloop
  endfacet
  facet normal 0 0 1
    outer loop
      vertex -34.2921 22.9703 43
      vertex -35.8191 23.5261 43
      vertex -34.3541 22.7388 43
    endloop
  endfacet
  facet normal 0 0 1
    outer loop
      vertex -34.0533 21.6162 43
      vertex -35.2981 20.5716 43
      vertex -34.9284 20.2019 43
    endloop
  endfacet
  facet normal -0 0 1
    outer loop
      vertex -35.9544 23.0209 43
      vertex -34.3541 22.7388 43
      vertex -35.8191 23.5261 43
    endloop
  endfacet
  facet normal 0 0 1
    outer loop
      vertex -34.1908 21.8125 43
      vertex -35.5981 21 43
      vertex -35.2981 20.5716 43
    endloop
  endfacet
  facet normal 0 0 1
    outer loop
      vertex -34.3541 22.7388 43
      vertex -35.9544 23.0209 43
      vertex -34.375 22.5 43
    endloop
  endfacet
  facet normal 0 0 1
    outer loop
      vertex -34.2921 22.0297 43
      vertex -35.8191 21.4739 43
      vertex -35.5981 21 43
    endloop
  endfacet
  facet normal 0 0 1
    outer loop
      vertex -36 22.5 43
      vertex -34.375 22.5 43
      vertex -35.9544 23.0209 43
    endloop
  endfacet
  facet normal 0 0 1
    outer loop
      vertex -34.3541 22.2612 43
      vertex -35.9544 21.9791 43
      vertex -35.8191 21.4739 43
    endloop
  endfacet
  facet normal 0 0 1
    outer loop
      vertex -34.375 22.5 43
      vertex -36 22.5 43
      vertex -35.9544 21.9791 43
    endloop
  endfacet
  facet normal 0.573616 -0.819124 0
    outer loop
      vertex -31.5 19.9019 40
      vertex -31.0716 20.2019 43
      vertex -31.5 19.9019 43
    endloop
  endfacet
  facet normal 0.573616 -0.819124 4.37298e-18
    outer loop
      vertex -31.0716 20.2019 38.4
      vertex -31.5 19.9019 40
      vertex -31.5 19.9019 38.4
    endloop
  endfacet
  facet normal 0.573616 -0.819124 1.52104e-18
    outer loop
      vertex -31.5 19.9019 40
      vertex -31.0716 20.2019 38.4
      vertex -31.0716 20.2019 43
    endloop
  endfacet
  facet normal 0.573616 -0.819124 0
    outer loop
      vertex -31.5 19.9019 5.4
      vertex -31.0716 20.2019 37.3
      vertex -31.5 19.9019 37.3
    endloop
  endfacet
  facet normal 0.57358 -0.81915 7.25821e-07
    outer loop
      vertex -31.3599 20 5.4
      vertex -31.0716 20.2019 37.3
      vertex -31.5 19.9019 5.4
    endloop
  endfacet
  facet normal 0.573634 -0.819112 1.75793e-18
    outer loop
      vertex -31.0716 20.2019 1.4
      vertex -31.3599 20 5.4
      vertex -31.3599 20 1.4
    endloop
  endfacet
  facet normal 0.573634 -0.819112 1.95869e-19
    outer loop
      vertex -31.3599 20 5.4
      vertex -31.0716 20.2019 1.4
      vertex -31.0716 20.2019 37.3
    endloop
  endfacet
  facet normal 0.996208 -0.0870022 0
    outer loop
      vertex -30.0262 22.2 37.3
      vertex -30 22.5 43
      vertex -30.0262 22.2 40
    endloop
  endfacet
  facet normal 0.99619 -0.0872073 2.06671e-05
    outer loop
      vertex -30.0456 21.9791 43
      vertex -30.0262 22.2 40
      vertex -30 22.5 43
    endloop
  endfacet
  facet normal 0.996166 -0.0874858 1.52065e-19
    outer loop
      vertex -30.0262 22.2 40
      vertex -30.0456 21.9791 43
      vertex -30.0456 21.9791 40
    endloop
  endfacet
  facet normal 0.996208 -0.0870022 0
    outer loop
      vertex -30 22.5 43
      vertex -30.0262 22.2 37.3
      vertex -30 22.5 1.4
    endloop
  endfacet
  facet normal 0.996166 -0.0874858 -4.07244e-06
    outer loop
      vertex -30.0456 21.9791 37.3
      vertex -30 22.5 1.4
      vertex -30.0262 22.2 37.3
    endloop
  endfacet
  facet normal 0.99619 -0.0872073 -4.94772e-20
    outer loop
      vertex -30 22.5 1.4
      vertex -30.0456 21.9791 37.3
      vertex -30.0456 21.9791 1.4
    endloop
  endfacet
  facet normal 0.573616 0.819124 -0
    outer loop
      vertex -31.0716 24.7981 1.4
      vertex -31.5 25.0981 43
      vertex -31.0716 24.7981 43
    endloop
  endfacet
  facet normal 0.573616 0.819124 0
    outer loop
      vertex -31.5 25.0981 43
      vertex -31.0716 24.7981 1.4
      vertex -31.5 25.0981 1.4
    endloop
  endfacet
  facet normal 0.0872073 0.99619 -0
    outer loop
      vertex -32.4791 25.4544 1.4
      vertex -33 25.5 43
      vertex -32.4791 25.4544 43
    endloop
  endfacet
  facet normal 0.0872073 0.99619 0
    outer loop
      vertex -33 25.5 43
      vertex -32.4791 25.4544 1.4
      vertex -33 25.5 1.4
    endloop
  endfacet
  facet normal -0.906295 0.422645 1.74324e-19
    outer loop
      vertex -35.8191 23.5261 1.4
      vertex -35.5981 24 43
      vertex -35.5981 24 1.4
    endloop
  endfacet
  facet normal -0.906295 0.422645 1.74324e-19
    outer loop
      vertex -35.5981 24 43
      vertex -35.8191 23.5261 1.4
      vertex -35.8191 23.5261 43
    endloop
  endfacet
  facet normal -0.258698 0.965958 0
    outer loop
      vertex -33.5209 25.4544 1.4
      vertex -34.0261 25.3191 43
      vertex -33.5209 25.4544 43
    endloop
  endfacet
  facet normal -0.258698 0.965958 0
    outer loop
      vertex -34.0261 25.3191 43
      vertex -33.5209 25.4544 1.4
      vertex -34.0261 25.3191 1.4
    endloop
  endfacet
  facet normal -0.0872073 0.99619 0
    outer loop
      vertex -33 25.5 1.4
      vertex -33.5209 25.4544 43
      vertex -33 25.5 43
    endloop
  endfacet
  facet normal -0.0872073 0.99619 0
    outer loop
      vertex -33.5209 25.4544 43
      vertex -33 25.5 1.4
      vertex -33.5209 25.4544 1.4
    endloop
  endfacet
  facet normal -0.906295 -0.422645 -1.74324e-19
    outer loop
      vertex -35.5981 21 1.4
      vertex -35.8191 21.4739 43
      vertex -35.8191 21.4739 1.4
    endloop
  endfacet
  facet normal -0.906295 -0.422645 -1.74324e-19
    outer loop
      vertex -35.8191 21.4739 43
      vertex -35.5981 21 1.4
      vertex -35.5981 21 43
    endloop
  endfacet
  facet normal -0.819124 -0.573616 2.52287e-19
    outer loop
      vertex -35.2981 20.5716 1.4
      vertex -35.5981 21 43
      vertex -35.5981 21 1.4
    endloop
  endfacet
  facet normal -0.819124 -0.573616 2.52287e-19
    outer loop
      vertex -35.5981 21 43
      vertex -35.2981 20.5716 1.4
      vertex -35.2981 20.5716 43
    endloop
  endfacet
  facet normal -0.707107 -0.707107 0
    outer loop
      vertex -35.2981 20.5716 1.4
      vertex -34.9284 20.2019 43
      vertex -35.2981 20.5716 43
    endloop
  endfacet
  facet normal -0.707107 -0.707107 -0
    outer loop
      vertex -34.9284 20.2019 43
      vertex -35.2981 20.5716 1.4
      vertex -34.9284 20.2019 1.4
    endloop
  endfacet
  facet normal -0.422645 -0.906295 0
    outer loop
      vertex -34.5 19.9019 5.4
      vertex -34.0261 19.6809 43
      vertex -34.5 19.9019 43
    endloop
  endfacet
  facet normal -0.422645 -0.906295 -0
    outer loop
      vertex -34.0261 19.6809 43
      vertex -34.5 19.9019 5.4
      vertex -34.0261 19.6809 5.4
    endloop
  endfacet
  facet normal -0.965958 0.258698 -2.17032e-19
    outer loop
      vertex -35.9544 23.0209 1.4
      vertex -35.8191 23.5261 43
      vertex -35.8191 23.5261 1.4
    endloop
  endfacet
  facet normal -0.965958 0.258698 -2.17032e-19
    outer loop
      vertex -35.8191 23.5261 43
      vertex -35.9544 23.0209 1.4
      vertex -35.9544 23.0209 43
    endloop
  endfacet
  facet normal -0.707107 0.707107 0
    outer loop
      vertex -34.9284 24.7981 1.4
      vertex -35.2981 24.4284 43
      vertex -34.9284 24.7981 43
    endloop
  endfacet
  facet normal -0.707107 0.707107 0
    outer loop
      vertex -35.2981 24.4284 43
      vertex -34.9284 24.7981 1.4
      vertex -35.2981 24.4284 1.4
    endloop
  endfacet
  facet normal 0.707107 0.707107 1.10311e-19
    outer loop
      vertex -33.8838 21.4467 43
      vertex -34.0533 21.6162 1.4
      vertex -34.0533 21.6162 43
    endloop
  endfacet
  facet normal 0.707107 0.707107 1.10311e-19
    outer loop
      vertex -34.0533 21.6162 1.4
      vertex -33.8838 21.4467 43
      vertex -33.8838 21.4467 1.4
    endloop
  endfacet
  facet normal 0.906279 -0.42268 5.68912e-20
    outer loop
      vertex -34.2921 22.9703 43
      vertex -34.1908 23.1875 1.4
      vertex -34.1908 23.1875 43
    endloop
  endfacet
  facet normal 0.906279 -0.42268 5.68912e-20
    outer loop
      vertex -34.1908 23.1875 1.4
      vertex -34.2921 22.9703 43
      vertex -34.2921 22.9703 1.4
    endloop
  endfacet
  facet normal -0.965957 -0.258701 1.95991e-21
    outer loop
      vertex -31.6459 22.7388 1.4
      vertex -31.7079 22.9703 43
      vertex -31.7079 22.9703 1.4
    endloop
  endfacet
  facet normal -0.965957 -0.258701 1.95991e-21
    outer loop
      vertex -31.7079 22.9703 43
      vertex -31.6459 22.7388 1.4
      vertex -31.6459 22.7388 43
    endloop
  endfacet
  facet normal -0.996192 -0.0871877 2.63597e-20
    outer loop
      vertex -31.625 22.5 1.4
      vertex -31.6459 22.7388 43
      vertex -31.6459 22.7388 1.4
    endloop
  endfacet
  facet normal -0.996192 -0.0871877 2.63597e-20
    outer loop
      vertex -31.6459 22.7388 43
      vertex -31.625 22.5 1.4
      vertex -31.625 22.5 43
    endloop
  endfacet
  facet normal -0.906279 -0.42268 3.79862e-21
    outer loop
      vertex -31.7079 22.9703 1.4
      vertex -31.8092 23.1875 43
      vertex -31.8092 23.1875 1.4
    endloop
  endfacet
  facet normal -0.906279 -0.42268 3.79862e-21
    outer loop
      vertex -31.8092 23.1875 43
      vertex -31.7079 22.9703 1.4
      vertex -31.7079 22.9703 43
    endloop
  endfacet
  facet normal -0.573714 0.819055 0
    outer loop
      vertex -32.1162 21.4467 38.4
      vertex -32.3125 21.3092 43
      vertex -32.1162 21.4467 43
    endloop
  endfacet
  facet normal -0.573714 0.819055 0
    outer loop
      vertex -32.3125 21.3092 43
      vertex -32.1162 21.4467 38.4
      vertex -32.3125 21.3092 38.4
    endloop
  endfacet
  facet normal -0.573714 0.819055 0
    outer loop
      vertex -32.1162 21.4467 1.4
      vertex -32.3125 21.3092 37.3
      vertex -32.1162 21.4467 37.3
    endloop
  endfacet
  facet normal -0.573714 0.819055 0
    outer loop
      vertex -32.3125 21.3092 37.3
      vertex -32.1162 21.4467 1.4
      vertex -32.3125 21.3092 1.4
    endloop
  endfacet
  facet normal 0.0871877 0.996192 -0
    outer loop
      vertex -33 21.125 1.4
      vertex -33.2388 21.1459 43
      vertex -33 21.125 43
    endloop
  endfacet
  facet normal 0.0871877 0.996192 0
    outer loop
      vertex -33.2388 21.1459 43
      vertex -33 21.125 1.4
      vertex -33.2388 21.1459 1.4
    endloop
  endfacet
  facet normal -0.707107 0.707107 -9.97594e-19
    outer loop
      vertex -32.1162 21.4467 38.4
      vertex -31.9467 21.6162 43
      vertex -31.9467 21.6162 38.4
    endloop
  endfacet
  facet normal -0.707107 0.707107 -9.97594e-19
    outer loop
      vertex -31.9467 21.6162 43
      vertex -32.1162 21.4467 38.4
      vertex -32.1162 21.4467 43
    endloop
  endfacet
  facet normal -0.707107 0.707107 -1.27825e-19
    outer loop
      vertex -32.1162 21.4467 1.4
      vertex -31.9467 21.6162 37.3
      vertex -31.9467 21.6162 1.4
    endloop
  endfacet
  facet normal -0.707107 0.707107 -1.27825e-19
    outer loop
      vertex -31.9467 21.6162 37.3
      vertex -32.1162 21.4467 1.4
      vertex -32.1162 21.4467 37.3
    endloop
  endfacet
  facet normal -0.42268 0.906279 0
    outer loop
      vertex -32.3125 21.3092 38.4
      vertex -32.5297 21.2079 43
      vertex -32.3125 21.3092 43
    endloop
  endfacet
  facet normal -0.42268 0.906279 0
    outer loop
      vertex -32.5297 21.2079 43
      vertex -32.3125 21.3092 38.4
      vertex -32.5297 21.2079 38.4
    endloop
  endfacet
  facet normal -0.42268 0.906279 0
    outer loop
      vertex -32.3125 21.3092 1.4
      vertex -32.5297 21.2079 37.3
      vertex -32.3125 21.3092 37.3
    endloop
  endfacet
  facet normal -0.42268 0.906279 0
    outer loop
      vertex -32.5297 21.2079 37.3
      vertex -32.3125 21.3092 1.4
      vertex -32.5297 21.2079 1.4
    endloop
  endfacet
  facet normal 0.258701 -0.965957 0
    outer loop
      vertex -33.4703 23.7921 1.4
      vertex -33.2388 23.8541 43
      vertex -33.4703 23.7921 43
    endloop
  endfacet
  facet normal 0.258701 -0.965957 0
    outer loop
      vertex -33.2388 23.8541 43
      vertex -33.4703 23.7921 1.4
      vertex -33.2388 23.8541 1.4
    endloop
  endfacet
  facet normal 0.42268 -0.906279 0
    outer loop
      vertex -33.6875 23.6908 1.4
      vertex -33.4703 23.7921 43
      vertex -33.6875 23.6908 43
    endloop
  endfacet
  facet normal 0.42268 -0.906279 0
    outer loop
      vertex -33.4703 23.7921 43
      vertex -33.6875 23.6908 1.4
      vertex -33.4703 23.7921 1.4
    endloop
  endfacet
  facet normal -0.0871877 0.996192 0
    outer loop
      vertex -32.7612 21.1459 1.4
      vertex -33 21.125 43
      vertex -32.7612 21.1459 43
    endloop
  endfacet
  facet normal -0.0871877 0.996192 0
    outer loop
      vertex -33 21.125 43
      vertex -32.7612 21.1459 1.4
      vertex -33 21.125 1.4
    endloop
  endfacet
  facet normal 0.965957 0.258701 -3.70156e-20
    outer loop
      vertex -34.2921 22.0297 43
      vertex -34.3541 22.2612 1.4
      vertex -34.3541 22.2612 43
    endloop
  endfacet
  facet normal 0.965957 0.258701 -3.70156e-20
    outer loop
      vertex -34.3541 22.2612 1.4
      vertex -34.2921 22.0297 43
      vertex -34.2921 22.0297 1.4
    endloop
  endfacet
  facet normal 0.573714 0.819055 -0
    outer loop
      vertex -33.6875 21.3092 1.4
      vertex -33.8838 21.4467 43
      vertex -33.6875 21.3092 43
    endloop
  endfacet
  facet normal 0.573714 0.819055 0
    outer loop
      vertex -33.8838 21.4467 43
      vertex -33.6875 21.3092 1.4
      vertex -33.8838 21.4467 1.4
    endloop
  endfacet
  facet normal 0.819055 -0.573714 1.42312e-19
    outer loop
      vertex -34.1908 23.1875 43
      vertex -34.0533 23.3838 1.4
      vertex -34.0533 23.3838 43
    endloop
  endfacet
  facet normal 0.819055 -0.573714 1.42312e-19
    outer loop
      vertex -34.0533 23.3838 1.4
      vertex -34.1908 23.1875 43
      vertex -34.1908 23.1875 1.4
    endloop
  endfacet
  facet normal -0.906279 0.42268 -3.43528e-20
    outer loop
      vertex -31.8092 21.8125 38.4
      vertex -31.7079 22.0297 43
      vertex -31.7079 22.0297 38.4
    endloop
  endfacet
  facet normal -0.906279 0.42268 -3.43528e-20
    outer loop
      vertex -31.7079 22.0297 43
      vertex -31.8092 21.8125 38.4
      vertex -31.8092 21.8125 43
    endloop
  endfacet
  facet normal -0.906279 0.42268 -4.40175e-21
    outer loop
      vertex -31.8092 21.8125 1.4
      vertex -31.7079 22.0297 37.3
      vertex -31.7079 22.0297 1.4
    endloop
  endfacet
  facet normal -0.906279 0.42268 -4.40175e-21
    outer loop
      vertex -31.7079 22.0297 37.3
      vertex -31.8092 21.8125 1.4
      vertex -31.8092 21.8125 37.3
    endloop
  endfacet
  facet normal 0.819055 0.573714 -1.42312e-19
    outer loop
      vertex -34.0533 21.6162 43
      vertex -34.1908 21.8125 1.4
      vertex -34.1908 21.8125 43
    endloop
  endfacet
  facet normal 0.819055 0.573714 -1.42312e-19
    outer loop
      vertex -34.1908 21.8125 1.4
      vertex -34.0533 21.6162 43
      vertex -34.0533 21.6162 1.4
    endloop
  endfacet
  facet normal 0.573714 -0.819055 0
    outer loop
      vertex -33.8838 23.5533 1.4
      vertex -33.6875 23.6908 43
      vertex -33.8838 23.5533 43
    endloop
  endfacet
  facet normal 0.573714 -0.819055 0
    outer loop
      vertex -33.6875 23.6908 43
      vertex -33.8838 23.5533 1.4
      vertex -33.6875 23.6908 1.4
    endloop
  endfacet
  facet normal -0.819055 0.573714 1.25175e-18
    outer loop
      vertex -31.9467 21.6162 38.4
      vertex -31.8092 21.8125 43
      vertex -31.8092 21.8125 38.4
    endloop
  endfacet
  facet normal -0.819055 0.573714 1.25175e-18
    outer loop
      vertex -31.8092 21.8125 43
      vertex -31.9467 21.6162 38.4
      vertex -31.9467 21.6162 43
    endloop
  endfacet
  facet normal -0.819055 0.573714 1.60391e-19
    outer loop
      vertex -31.9467 21.6162 1.4
      vertex -31.8092 21.8125 37.3
      vertex -31.8092 21.8125 1.4
    endloop
  endfacet
  facet normal -0.819055 0.573714 1.60391e-19
    outer loop
      vertex -31.8092 21.8125 37.3
      vertex -31.9467 21.6162 1.4
      vertex -31.9467 21.6162 37.3
    endloop
  endfacet
  facet normal -0.819055 -0.573714 -1.38414e-19
    outer loop
      vertex -31.8092 23.1875 1.4
      vertex -31.9467 23.3838 43
      vertex -31.9467 23.3838 1.4
    endloop
  endfacet
  facet normal -0.819055 -0.573714 -1.38414e-19
    outer loop
      vertex -31.9467 23.3838 43
      vertex -31.8092 23.1875 1.4
      vertex -31.8092 23.1875 43
    endloop
  endfacet
  facet normal -0.9659 0.258915 0
    outer loop
      vertex -31.6459 22.2612 1.4
      vertex -31.6845 22.1172 37.3
      vertex -31.6459 22.2612 43
    endloop
  endfacet
  facet normal -0.965957 0.258701 -9.18205e-07
    outer loop
      vertex -31.7079 22.0297 1.4
      vertex -31.6845 22.1172 37.3
      vertex -31.6459 22.2612 1.4
    endloop
  endfacet
  facet normal -0.966051 0.25835 2.87659e-20
    outer loop
      vertex -31.6845 22.1172 37.3
      vertex -31.7079 22.0297 1.4
      vertex -31.7079 22.0297 37.3
    endloop
  endfacet
  facet normal -0.9659 0.258915 0
    outer loop
      vertex -31.6845 22.1172 38.4
      vertex -31.6459 22.2612 43
      vertex -31.6845 22.1172 37.3
    endloop
  endfacet
  facet normal -0.966051 0.25835 0
    outer loop
      vertex -31.7079 22.0297 43
      vertex -31.6845 22.1172 38.4
      vertex -31.7079 22.0297 38.4
    endloop
  endfacet
  facet normal -0.965957 0.258701 7.16599e-06
    outer loop
      vertex -31.6845 22.1172 38.4
      vertex -31.7079 22.0297 43
      vertex -31.6459 22.2612 43
    endloop
  endfacet
  facet normal 0.996192 -0.0871877 -3.72148e-20
    outer loop
      vertex -34.375 22.5 43
      vertex -34.3541 22.7388 1.4
      vertex -34.3541 22.7388 43
    endloop
  endfacet
  facet normal 0.996192 -0.0871877 -3.72148e-20
    outer loop
      vertex -34.3541 22.7388 1.4
      vertex -34.375 22.5 43
      vertex -34.375 22.5 1.4
    endloop
  endfacet
  facet normal -0.42268 -0.906279 0
    outer loop
      vertex -32.5297 23.7921 1.4
      vertex -32.3125 23.6908 43
      vertex -32.5297 23.7921 43
    endloop
  endfacet
  facet normal -0.42268 -0.906279 -0
    outer loop
      vertex -32.3125 23.6908 43
      vertex -32.5297 23.7921 1.4
      vertex -32.3125 23.6908 1.4
    endloop
  endfacet
  facet normal -0.707107 -0.707107 1.10311e-19
    outer loop
      vertex -31.9467 23.3838 1.4
      vertex -32.1162 23.5533 43
      vertex -32.1162 23.5533 1.4
    endloop
  endfacet
  facet normal -0.707107 -0.707107 1.10311e-19
    outer loop
      vertex -32.1162 23.5533 43
      vertex -31.9467 23.3838 1.4
      vertex -31.9467 23.3838 43
    endloop
  endfacet
  facet normal -0.25835 0.966051 0
    outer loop
      vertex -32.5297 21.2079 37.3
      vertex -32.5297 21.2079 1.4
      vertex -32.6172 21.1845 37.3
    endloop
  endfacet
  facet normal -0.25835 0.966051 -4.96629e-19
    outer loop
      vertex -32.6172 21.1845 38.4
      vertex -32.5297 21.2079 43
      vertex -32.5297 21.2079 38.4
    endloop
  endfacet
  facet normal -0.258701 0.965957 7.16599e-06
    outer loop
      vertex -32.5297 21.2079 43
      vertex -32.6172 21.1845 38.4
      vertex -32.7612 21.1459 43
    endloop
  endfacet
  facet normal -0.258915 0.9659 0
    outer loop
      vertex -32.6172 21.1845 37.3
      vertex -32.7612 21.1459 43
      vertex -32.6172 21.1845 38.4
    endloop
  endfacet
  facet normal -0.258701 0.965957 -9.18205e-07
    outer loop
      vertex -32.7612 21.1459 1.4
      vertex -32.6172 21.1845 37.3
      vertex -32.5297 21.2079 1.4
    endloop
  endfacet
  facet normal -0.258915 0.9659 5.51309e-20
    outer loop
      vertex -32.6172 21.1845 37.3
      vertex -32.7612 21.1459 1.4
      vertex -32.7612 21.1459 43
    endloop
  endfacet
  facet normal -0.996192 0.0871877 -2.63597e-20
    outer loop
      vertex -31.6459 22.2612 1.4
      vertex -31.625 22.5 43
      vertex -31.625 22.5 1.4
    endloop
  endfacet
  facet normal -0.996192 0.0871877 -2.63597e-20
    outer loop
      vertex -31.625 22.5 43
      vertex -31.6459 22.2612 1.4
      vertex -31.6459 22.2612 43
    endloop
  endfacet
  facet normal -0.573714 -0.819055 0
    outer loop
      vertex -32.3125 23.6908 1.4
      vertex -32.1162 23.5533 43
      vertex -32.3125 23.6908 43
    endloop
  endfacet
  facet normal -0.573714 -0.819055 -0
    outer loop
      vertex -32.1162 23.5533 43
      vertex -32.3125 23.6908 1.4
      vertex -32.1162 23.5533 1.4
    endloop
  endfacet
  facet normal 0.0871877 -0.996192 0
    outer loop
      vertex -33.2388 23.8541 1.4
      vertex -33 23.875 43
      vertex -33.2388 23.8541 43
    endloop
  endfacet
  facet normal 0.0871877 -0.996192 0
    outer loop
      vertex -33 23.875 43
      vertex -33.2388 23.8541 1.4
      vertex -33 23.875 1.4
    endloop
  endfacet
  facet normal 0.258701 0.965957 -0
    outer loop
      vertex -33.2388 21.1459 1.4
      vertex -33.4703 21.2079 43
      vertex -33.2388 21.1459 43
    endloop
  endfacet
  facet normal 0.258701 0.965957 0
    outer loop
      vertex -33.4703 21.2079 43
      vertex -33.2388 21.1459 1.4
      vertex -33.4703 21.2079 1.4
    endloop
  endfacet
  facet normal 0.906279 0.42268 -5.68912e-20
    outer loop
      vertex -34.1908 21.8125 43
      vertex -34.2921 22.0297 1.4
      vertex -34.2921 22.0297 43
    endloop
  endfacet
  facet normal 0.906279 0.42268 -5.68912e-20
    outer loop
      vertex -34.2921 22.0297 1.4
      vertex -34.1908 21.8125 43
      vertex -34.1908 21.8125 1.4
    endloop
  endfacet
  facet normal -0.0871877 -0.996192 0
    outer loop
      vertex -33 23.875 1.4
      vertex -32.7612 23.8541 43
      vertex -33 23.875 43
    endloop
  endfacet
  facet normal -0.0871877 -0.996192 -0
    outer loop
      vertex -32.7612 23.8541 43
      vertex -33 23.875 1.4
      vertex -32.7612 23.8541 1.4
    endloop
  endfacet
  facet normal 0.996192 0.0871877 3.72148e-20
    outer loop
      vertex -34.3541 22.2612 43
      vertex -34.375 22.5 1.4
      vertex -34.375 22.5 43
    endloop
  endfacet
  facet normal 0.996192 0.0871877 3.72148e-20
    outer loop
      vertex -34.375 22.5 1.4
      vertex -34.3541 22.2612 43
      vertex -34.3541 22.2612 1.4
    endloop
  endfacet
  facet normal -0.258701 -0.965957 0
    outer loop
      vertex -32.7612 23.8541 1.4
      vertex -32.5297 23.7921 43
      vertex -32.7612 23.8541 43
    endloop
  endfacet
  facet normal -0.258701 -0.965957 -0
    outer loop
      vertex -32.5297 23.7921 43
      vertex -32.7612 23.8541 1.4
      vertex -32.5297 23.7921 1.4
    endloop
  endfacet
  facet normal 0.965957 -0.258701 3.70156e-20
    outer loop
      vertex -34.3541 22.7388 43
      vertex -34.2921 22.9703 1.4
      vertex -34.2921 22.9703 43
    endloop
  endfacet
  facet normal 0.965957 -0.258701 3.70156e-20
    outer loop
      vertex -34.2921 22.9703 1.4
      vertex -34.3541 22.7388 43
      vertex -34.3541 22.7388 1.4
    endloop
  endfacet
  facet normal 0.42268 0.906279 -0
    outer loop
      vertex -33.4703 21.2079 1.4
      vertex -33.6875 21.3092 43
      vertex -33.4703 21.2079 43
    endloop
  endfacet
  facet normal 0.42268 0.906279 0
    outer loop
      vertex -33.6875 21.3092 43
      vertex -33.4703 21.2079 1.4
      vertex -33.6875 21.3092 1.4
    endloop
  endfacet
  facet normal 0.707107 -0.707107 -1.10311e-19
    outer loop
      vertex -34.0533 23.3838 43
      vertex -33.8838 23.5533 1.4
      vertex -33.8838 23.5533 43
    endloop
  endfacet
  facet normal 0.707107 -0.707107 -1.10311e-19
    outer loop
      vertex -33.8838 23.5533 1.4
      vertex -34.0533 23.3838 43
      vertex -34.0533 23.3838 1.4
    endloop
  endfacet
  facet normal 0.965958 -0.258698 -2.17032e-19
    outer loop
      vertex 29.8191 -23.5261 43
      vertex 29.9544 -23.0209 1.4
      vertex 29.9544 -23.0209 43
    endloop
  endfacet
  facet normal 0.965958 -0.258698 -2.17032e-19
    outer loop
      vertex 29.9544 -23.0209 1.4
      vertex 29.8191 -23.5261 43
      vertex 29.8191 -23.5261 1.4
    endloop
  endfacet
  facet normal 0.965958 0.258698 2.17032e-19
    outer loop
      vertex 29.9544 -21.9791 43
      vertex 29.8191 -21.4739 1.4
      vertex 29.8191 -21.4739 43
    endloop
  endfacet
  facet normal 0.965958 0.258698 2.17032e-19
    outer loop
      vertex 29.8191 -21.4739 1.4
      vertex 29.9544 -21.9791 43
      vertex 29.9544 -21.9791 1.4
    endloop
  endfacet
  facet normal 0.99619 0.0872073 4.26979e-20
    outer loop
      vertex 30 -22.5 43
      vertex 29.9544 -21.9791 1.4
      vertex 29.9544 -21.9791 43
    endloop
  endfacet
  facet normal 0.99619 0.0872073 4.26979e-20
    outer loop
      vertex 29.9544 -21.9791 1.4
      vertex 30 -22.5 43
      vertex 30 -22.5 1.4
    endloop
  endfacet
  facet normal 0.906295 0.422645 2.60526e-19
    outer loop
      vertex 29.8191 -21.4739 43
      vertex 29.5981 -21 1.4
      vertex 29.5981 -21 43
    endloop
  endfacet
  facet normal 0.906295 0.422645 2.60526e-19
    outer loop
      vertex 29.5981 -21 1.4
      vertex 29.8191 -21.4739 43
      vertex 29.8191 -21.4739 1.4
    endloop
  endfacet
  facet normal -0.965958 -0.258698 2.17032e-19
    outer loop
      vertex 24.1809 -23.5261 1.4
      vertex 24.0456 -23.0209 43
      vertex 24.0456 -23.0209 1.4
    endloop
  endfacet
  facet normal -0.965958 -0.258698 2.17032e-19
    outer loop
      vertex 24.0456 -23.0209 43
      vertex 24.1809 -23.5261 1.4
      vertex 24.1809 -23.5261 43
    endloop
  endfacet
  facet normal -0.819124 0.573616 0
    outer loop
      vertex 24.4019 -21 40
      vertex 24.7019 -20.5716 38.4
      vertex 24.4019 -21 38.4
    endloop
  endfacet
  facet normal -0.819124 0.573616 0
    outer loop
      vertex 24.7019 -20.5716 38.4
      vertex 24.4019 -21 40
      vertex 24.7019 -20.5716 43
    endloop
  endfacet
  facet normal -0.819124 0.573616 2.33226e-18
    outer loop
      vertex 24.7019 -20.5716 43
      vertex 24.4019 -21 40
      vertex 24.4019 -21 43
    endloop
  endfacet
  facet normal -0.819124 0.573616 1.94896e-19
    outer loop
      vertex 24.4019 -21 1.4
      vertex 24.7019 -20.5716 37.3
      vertex 24.7019 -20.5716 1.4
    endloop
  endfacet
  facet normal -0.819124 0.573616 1.94896e-19
    outer loop
      vertex 24.7019 -20.5716 37.3
      vertex 24.4019 -21 1.4
      vertex 24.4019 -21 37.3
    endloop
  endfacet
  facet normal -0.422645 0.906295 0
    outer loop
      vertex 25.9739 -19.6809 40
      vertex 25.5 -19.9019 43
      vertex 25.9739 -19.6809 43
    endloop
  endfacet
  facet normal -0.422645 0.906295 0
    outer loop
      vertex 25.5 -19.9019 43
      vertex 25.9739 -19.6809 40
      vertex 25.5 -19.9019 40
    endloop
  endfacet
  facet normal -0.422645 0.906295 0
    outer loop
      vertex 25.9739 -19.6809 5.4
      vertex 25.5 -19.9019 37.3
      vertex 25.9739 -19.6809 37.3
    endloop
  endfacet
  facet normal -0.422645 0.906295 0
    outer loop
      vertex 25.5 -19.9019 37.3
      vertex 25.9739 -19.6809 5.4
      vertex 25.5 -19.9019 5.4
    endloop
  endfacet
  facet normal -0.573616 -0.819124 0
    outer loop
      vertex 25.0716 -24.7981 1.4
      vertex 25.5 -25.0981 43
      vertex 25.0716 -24.7981 43
    endloop
  endfacet
  facet normal -0.573616 -0.819124 -0
    outer loop
      vertex 25.5 -25.0981 43
      vertex 25.0716 -24.7981 1.4
      vertex 25.5 -25.0981 1.4
    endloop
  endfacet
  facet normal -0.0872073 -0.99619 0
    outer loop
      vertex 26.4791 -25.4544 1.4
      vertex 27 -25.5 43
      vertex 26.4791 -25.4544 43
    endloop
  endfacet
  facet normal -0.0872073 -0.99619 -0
    outer loop
      vertex 27 -25.5 43
      vertex 26.4791 -25.4544 1.4
      vertex 27 -25.5 1.4
    endloop
  endfacet
  facet normal 0.0872073 -0.99619 0
    outer loop
      vertex 27 -25.5 1.4
      vertex 27.5209 -25.4544 43
      vertex 27 -25.5 43
    endloop
  endfacet
  facet normal 0.0872073 -0.99619 0
    outer loop
      vertex 27.5209 -25.4544 43
      vertex 27 -25.5 1.4
      vertex 27.5209 -25.4544 1.4
    endloop
  endfacet
  facet normal 0.906295 -0.422645 -2.60526e-19
    outer loop
      vertex 29.5981 -24 43
      vertex 29.8191 -23.5261 1.4
      vertex 29.8191 -23.5261 43
    endloop
  endfacet
  facet normal 0.906295 -0.422645 -2.60526e-19
    outer loop
      vertex 29.8191 -23.5261 1.4
      vertex 29.5981 -24 43
      vertex 29.5981 -24 1.4
    endloop
  endfacet
  facet normal 0.707107 0.707107 -6.50043e-20
    outer loop
      vertex 29.2981 -20.5716 43
      vertex 28.9284 -20.2019 1.4
      vertex 28.9284 -20.2019 43
    endloop
  endfacet
  facet normal 0.707107 0.707107 -6.50043e-20
    outer loop
      vertex 28.9284 -20.2019 1.4
      vertex 29.2981 -20.5716 43
      vertex 29.2981 -20.5716 1.4
    endloop
  endfacet
  facet normal 0.707107 -0.707107 6.50043e-20
    outer loop
      vertex 28.9284 -24.7981 43
      vertex 29.2981 -24.4284 1.4
      vertex 29.2981 -24.4284 43
    endloop
  endfacet
  facet normal 0.707107 -0.707107 6.50043e-20
    outer loop
      vertex 29.2981 -24.4284 1.4
      vertex 28.9284 -24.7981 43
      vertex 28.9284 -24.7981 1.4
    endloop
  endfacet
  facet normal -0.996166 0.0874858 0
    outer loop
      vertex 24.0456 -21.9791 1.4
      vertex 24.0262 -22.2 37.3
      vertex 24.0456 -21.9791 37.3
    endloop
  endfacet
  facet normal -0.996208 0.0870022 0
    outer loop
      vertex 24 -22.5 43
      vertex 24.0262 -22.2 37.3
      vertex 24 -22.5 1.4
    endloop
  endfacet
  facet normal -0.99619 0.0872073 -1.72706e-06
    outer loop
      vertex 24 -22.5 1.4
      vertex 24.0262 -22.2 37.3
      vertex 24.0456 -21.9791 1.4
    endloop
  endfacet
  facet normal -0.996166 0.0874858 1.52065e-19
    outer loop
      vertex 24.0262 -22.2 40
      vertex 24.0456 -21.9791 43
      vertex 24.0456 -21.9791 40
    endloop
  endfacet
  facet normal -0.99619 0.0872073 2.06671e-05
    outer loop
      vertex 24.0262 -22.2 40
      vertex 24 -22.5 43
      vertex 24.0456 -21.9791 43
    endloop
  endfacet
  facet normal -0.996208 0.0870022 0
    outer loop
      vertex 24.0262 -22.2 37.3
      vertex 24 -22.5 43
      vertex 24.0262 -22.2 40
    endloop
  endfacet
  facet normal 0.258698 0.965958 -0
    outer loop
      vertex 28.0261 -19.6809 5.4
      vertex 27.5209 -19.5456 43
      vertex 28.0261 -19.6809 43
    endloop
  endfacet
  facet normal 0.258698 0.965958 0
    outer loop
      vertex 27.5209 -19.5456 43
      vertex 28.0261 -19.6809 5.4
      vertex 27.5209 -19.5456 5.4
    endloop
  endfacet
  facet normal -0.99619 -0.0872073 4.26979e-20
    outer loop
      vertex 24.0456 -23.0209 1.4
      vertex 24 -22.5 43
      vertex 24 -22.5 1.4
    endloop
  endfacet
  facet normal -0.99619 -0.0872073 4.26979e-20
    outer loop
      vertex 24 -22.5 43
      vertex 24.0456 -23.0209 1.4
      vertex 24.0456 -23.0209 43
    endloop
  endfacet
  facet normal 0.819124 -0.573616 1.68192e-19
    outer loop
      vertex 29.2981 -24.4284 43
      vertex 29.5981 -24 1.4
      vertex 29.5981 -24 43
    endloop
  endfacet
  facet normal 0.819124 -0.573616 1.68192e-19
    outer loop
      vertex 29.5981 -24 1.4
      vertex 29.2981 -24.4284 43
      vertex 29.2981 -24.4284 1.4
    endloop
  endfacet
  facet normal -0.258698 -0.965958 0
    outer loop
      vertex 25.9739 -25.3191 1.4
      vertex 26.4791 -25.4544 43
      vertex 25.9739 -25.3191 43
    endloop
  endfacet
  facet normal -0.258698 -0.965958 -0
    outer loop
      vertex 26.4791 -25.4544 43
      vertex 25.9739 -25.3191 1.4
      vertex 26.4791 -25.4544 1.4
    endloop
  endfacet
  facet normal 0.422645 -0.906295 0
    outer loop
      vertex 28.0261 -25.3191 1.4
      vertex 28.5 -25.0981 43
      vertex 28.0261 -25.3191 43
    endloop
  endfacet
  facet normal 0.422645 -0.906295 0
    outer loop
      vertex 28.5 -25.0981 43
      vertex 28.0261 -25.3191 1.4
      vertex 28.5 -25.0981 1.4
    endloop
  endfacet
  facet normal -0.573616 0.819124 0
    outer loop
      vertex 25.5 -19.9019 40
      vertex 25.0716 -20.2019 43
      vertex 25.5 -19.9019 43
    endloop
  endfacet
  facet normal -0.573616 0.819124 4.37298e-18
    outer loop
      vertex 25.0716 -20.2019 38.4
      vertex 25.5 -19.9019 40
      vertex 25.5 -19.9019 38.4
    endloop
  endfacet
  facet normal -0.573616 0.819124 1.52104e-18
    outer loop
      vertex 25.5 -19.9019 40
      vertex 25.0716 -20.2019 38.4
      vertex 25.0716 -20.2019 43
    endloop
  endfacet
  facet normal -0.573616 0.819124 0
    outer loop
      vertex 25.5 -19.9019 5.4
      vertex 25.0716 -20.2019 37.3
      vertex 25.5 -19.9019 37.3
    endloop
  endfacet
  facet normal -0.57358 0.81915 7.25821e-07
    outer loop
      vertex 25.3599 -20 5.4
      vertex 25.0716 -20.2019 37.3
      vertex 25.5 -19.9019 5.4
    endloop
  endfacet
  facet normal -0.573634 0.819112 1.75793e-18
    outer loop
      vertex 25.0716 -20.2019 1.4
      vertex 25.3599 -20 5.4
      vertex 25.3599 -20 1.4
    endloop
  endfacet
  facet normal -0.573634 0.819112 1.95869e-19
    outer loop
      vertex 25.3599 -20 5.4
      vertex 25.0716 -20.2019 1.4
      vertex 25.0716 -20.2019 37.3
    endloop
  endfacet
  facet normal 0.819124 0.573616 -1.68192e-19
    outer loop
      vertex 29.5981 -21 43
      vertex 29.2981 -20.5716 1.4
      vertex 29.2981 -20.5716 43
    endloop
  endfacet
  facet normal 0.819124 0.573616 -1.68192e-19
    outer loop
      vertex 29.2981 -20.5716 1.4
      vertex 29.5981 -21 43
      vertex 29.5981 -21 1.4
    endloop
  endfacet
  facet normal 0.422645 0.906295 -0
    outer loop
      vertex 28.5 -19.9019 5.4
      vertex 28.0261 -19.6809 43
      vertex 28.5 -19.9019 43
    endloop
  endfacet
  facet normal 0.422645 0.906295 0
    outer loop
      vertex 28.0261 -19.6809 43
      vertex 28.5 -19.9019 5.4
      vertex 28.0261 -19.6809 5.4
    endloop
  endfacet
  facet normal 0.258698 -0.965958 0
    outer loop
      vertex 27.5209 -25.4544 1.4
      vertex 28.0261 -25.3191 43
      vertex 27.5209 -25.4544 43
    endloop
  endfacet
  facet normal 0.258698 -0.965958 0
    outer loop
      vertex 28.0261 -25.3191 43
      vertex 27.5209 -25.4544 1.4
      vertex 28.0261 -25.3191 1.4
    endloop
  endfacet
  facet normal 0 0 1
    outer loop
      vertex 28.375 -22.5 43
      vertex 30 -22.5 43
      vertex 29.9544 -21.9791 43
    endloop
  endfacet
  facet normal 0 0 1
    outer loop
      vertex 28.3541 -22.2612 43
      vertex 29.9544 -21.9791 43
      vertex 29.8191 -21.4739 43
    endloop
  endfacet
  facet normal 0 0 1
    outer loop
      vertex 30 -22.5 43
      vertex 28.375 -22.5 43
      vertex 29.9544 -23.0209 43
    endloop
  endfacet
  facet normal 0 0 1
    outer loop
      vertex 28.2921 -22.0297 43
      vertex 29.8191 -21.4739 43
      vertex 29.5981 -21 43
    endloop
  endfacet
  facet normal -0 0 1
    outer loop
      vertex 28.3541 -22.7388 43
      vertex 29.9544 -23.0209 43
      vertex 28.375 -22.5 43
    endloop
  endfacet
  facet normal 0 0 1
    outer loop
      vertex 28.1908 -21.8125 43
      vertex 29.5981 -21 43
      vertex 29.2981 -20.5716 43
    endloop
  endfacet
  facet normal 0 0 1
    outer loop
      vertex 29.9544 -23.0209 43
      vertex 28.3541 -22.7388 43
      vertex 29.8191 -23.5261 43
    endloop
  endfacet
  facet normal 0 0 1
    outer loop
      vertex 28.0533 -21.6162 43
      vertex 29.2981 -20.5716 43
      vertex 28.9284 -20.2019 43
    endloop
  endfacet
  facet normal -0 0 1
    outer loop
      vertex 28.2921 -22.9703 43
      vertex 29.8191 -23.5261 43
      vertex 28.3541 -22.7388 43
    endloop
  endfacet
  facet normal 0 0 1
    outer loop
      vertex 27.8838 -21.4467 43
      vertex 28.9284 -20.2019 43
      vertex 28.5 -19.9019 43
    endloop
  endfacet
  facet normal 0 0 1
    outer loop
      vertex 29.8191 -23.5261 43
      vertex 28.2921 -22.9703 43
      vertex 29.5981 -24 43
    endloop
  endfacet
  facet normal -0 0 1
    outer loop
      vertex 28.1908 -23.1875 43
      vertex 29.5981 -24 43
      vertex 28.2921 -22.9703 43
    endloop
  endfacet
  facet normal 0 0 1
    outer loop
      vertex 29.9544 -21.9791 43
      vertex 28.3541 -22.2612 43
      vertex 28.375 -22.5 43
    endloop
  endfacet
  facet normal 0 0 1
    outer loop
      vertex 29.8191 -21.4739 43
      vertex 28.2921 -22.0297 43
      vertex 28.3541 -22.2612 43
    endloop
  endfacet
  facet normal 0 0 1
    outer loop
      vertex 29.5981 -21 43
      vertex 28.1908 -21.8125 43
      vertex 28.2921 -22.0297 43
    endloop
  endfacet
  facet normal 0 0 1
    outer loop
      vertex 29.2981 -20.5716 43
      vertex 28.0533 -21.6162 43
      vertex 28.1908 -21.8125 43
    endloop
  endfacet
  facet normal 0 0 1
    outer loop
      vertex 27.6875 -21.3092 43
      vertex 28.5 -19.9019 43
      vertex 28.0261 -19.6809 43
    endloop
  endfacet
  facet normal 0 0 1
    outer loop
      vertex 28.9284 -20.2019 43
      vertex 27.8838 -21.4467 43
      vertex 28.0533 -21.6162 43
    endloop
  endfacet
  facet normal 0 0 1
    outer loop
      vertex 28.5 -19.9019 43
      vertex 27.6875 -21.3092 43
      vertex 27.8838 -21.4467 43
    endloop
  endfacet
  facet normal 0 0 1
    outer loop
      vertex 27.4703 -21.2079 43
      vertex 28.0261 -19.6809 43
      vertex 27.5209 -19.5456 43
    endloop
  endfacet
  facet normal 0 0 1
    outer loop
      vertex 28.0261 -19.6809 43
      vertex 27.4703 -21.2079 43
      vertex 27.6875 -21.3092 43
    endloop
  endfacet
  facet normal 0 0 1
    outer loop
      vertex 27.5209 -19.5456 43
      vertex 27.2388 -21.1459 43
      vertex 27.4703 -21.2079 43
    endloop
  endfacet
  facet normal 0 0 1
    outer loop
      vertex 27 -19.5 43
      vertex 27.2388 -21.1459 43
      vertex 27.5209 -19.5456 43
    endloop
  endfacet
  facet normal 0 0 1
    outer loop
      vertex 27 -19.5 43
      vertex 27 -21.125 43
      vertex 27.2388 -21.1459 43
    endloop
  endfacet
  facet normal 0 0 1
    outer loop
      vertex 27 -19.5 43
      vertex 26.7612 -21.1459 43
      vertex 27 -21.125 43
    endloop
  endfacet
  facet normal -0 0 1
    outer loop
      vertex 26.4791 -19.5456 43
      vertex 26.7612 -21.1459 43
      vertex 27 -19.5 43
    endloop
  endfacet
  facet normal 0 0 1
    outer loop
      vertex 26.7612 -21.1459 43
      vertex 26.4791 -19.5456 43
      vertex 26.5297 -21.2079 43
    endloop
  endfacet
  facet normal -0 0 1
    outer loop
      vertex 25.9739 -19.6809 43
      vertex 26.5297 -21.2079 43
      vertex 26.4791 -19.5456 43
    endloop
  endfacet
  facet normal 0 0 1
    outer loop
      vertex 26.5297 -21.2079 43
      vertex 25.9739 -19.6809 43
      vertex 26.3125 -21.3092 43
    endloop
  endfacet
  facet normal -0 0 1
    outer loop
      vertex 25.5 -19.9019 43
      vertex 26.3125 -21.3092 43
      vertex 25.9739 -19.6809 43
    endloop
  endfacet
  facet normal 0 0 1
    outer loop
      vertex 26.3125 -21.3092 43
      vertex 25.5 -19.9019 43
      vertex 26.1162 -21.4467 43
    endloop
  endfacet
  facet normal -0 0 1
    outer loop
      vertex 25.0716 -20.2019 43
      vertex 26.1162 -21.4467 43
      vertex 25.5 -19.9019 43
    endloop
  endfacet
  facet normal 0 0 1
    outer loop
      vertex 26.1162 -21.4467 43
      vertex 25.0716 -20.2019 43
      vertex 25.9467 -21.6162 43
    endloop
  endfacet
  facet normal -0 0 1
    outer loop
      vertex 24.7019 -20.5716 43
      vertex 25.9467 -21.6162 43
      vertex 25.0716 -20.2019 43
    endloop
  endfacet
  facet normal -0 0 1
    outer loop
      vertex 24.4019 -21 43
      vertex 25.8092 -21.8125 43
      vertex 24.7019 -20.5716 43
    endloop
  endfacet
  facet normal 0 0 1
    outer loop
      vertex 25.9467 -21.6162 43
      vertex 24.7019 -20.5716 43
      vertex 25.8092 -21.8125 43
    endloop
  endfacet
  facet normal 0 0 1
    outer loop
      vertex 29.5981 -24 43
      vertex 28.1908 -23.1875 43
      vertex 29.2981 -24.4284 43
    endloop
  endfacet
  facet normal -0 0 1
    outer loop
      vertex 28.0533 -23.3838 43
      vertex 29.2981 -24.4284 43
      vertex 28.1908 -23.1875 43
    endloop
  endfacet
  facet normal 0 0 1
    outer loop
      vertex 29.2981 -24.4284 43
      vertex 28.0533 -23.3838 43
      vertex 28.9284 -24.7981 43
    endloop
  endfacet
  facet normal -0 0 1
    outer loop
      vertex 27.8838 -23.5533 43
      vertex 28.9284 -24.7981 43
      vertex 28.0533 -23.3838 43
    endloop
  endfacet
  facet normal 0 0 1
    outer loop
      vertex 28.9284 -24.7981 43
      vertex 27.8838 -23.5533 43
      vertex 28.5 -25.0981 43
    endloop
  endfacet
  facet normal -0 0 1
    outer loop
      vertex 27.6875 -23.6908 43
      vertex 28.5 -25.0981 43
      vertex 27.8838 -23.5533 43
    endloop
  endfacet
  facet normal 0 0 1
    outer loop
      vertex 28.5 -25.0981 43
      vertex 27.6875 -23.6908 43
      vertex 28.0261 -25.3191 43
    endloop
  endfacet
  facet normal -0 0 1
    outer loop
      vertex 27.4703 -23.7921 43
      vertex 28.0261 -25.3191 43
      vertex 27.6875 -23.6908 43
    endloop
  endfacet
  facet normal 0 0 1
    outer loop
      vertex 28.0261 -25.3191 43
      vertex 27.4703 -23.7921 43
      vertex 27.5209 -25.4544 43
    endloop
  endfacet
  facet normal -0 0 1
    outer loop
      vertex 27.2388 -23.8541 43
      vertex 27.5209 -25.4544 43
      vertex 27.4703 -23.7921 43
    endloop
  endfacet
  facet normal -0 0 1
    outer loop
      vertex 27 -23.875 43
      vertex 27.5209 -25.4544 43
      vertex 27.2388 -23.8541 43
    endloop
  endfacet
  facet normal 0 0 1
    outer loop
      vertex 27 -23.875 43
      vertex 27 -25.5 43
      vertex 27.5209 -25.4544 43
    endloop
  endfacet
  facet normal 0 0 1
    outer loop
      vertex 26.7612 -23.8541 43
      vertex 27 -25.5 43
      vertex 27 -23.875 43
    endloop
  endfacet
  facet normal 0 0 1
    outer loop
      vertex 26.4791 -25.4544 43
      vertex 26.7612 -23.8541 43
      vertex 26.5297 -23.7921 43
    endloop
  endfacet
  facet normal 0 0 1
    outer loop
      vertex 26.7612 -23.8541 43
      vertex 26.4791 -25.4544 43
      vertex 27 -25.5 43
    endloop
  endfacet
  facet normal 0 0 1
    outer loop
      vertex 25.9739 -25.3191 43
      vertex 26.5297 -23.7921 43
      vertex 26.3125 -23.6908 43
    endloop
  endfacet
  facet normal 0 0 1
    outer loop
      vertex 25.5 -25.0981 43
      vertex 26.3125 -23.6908 43
      vertex 26.1162 -23.5533 43
    endloop
  endfacet
  facet normal 0 0 1
    outer loop
      vertex 26.5297 -23.7921 43
      vertex 25.9739 -25.3191 43
      vertex 26.4791 -25.4544 43
    endloop
  endfacet
  facet normal 0 0 1
    outer loop
      vertex 25.0716 -24.7981 43
      vertex 26.1162 -23.5533 43
      vertex 25.9467 -23.3838 43
    endloop
  endfacet
  facet normal 0 0 1
    outer loop
      vertex 24.7019 -24.4284 43
      vertex 25.9467 -23.3838 43
      vertex 25.8092 -23.1875 43
    endloop
  endfacet
  facet normal 0 0 1
    outer loop
      vertex 24.4019 -24 43
      vertex 25.8092 -23.1875 43
      vertex 25.7079 -22.9703 43
    endloop
  endfacet
  facet normal 0 0 1
    outer loop
      vertex 24.1809 -23.5261 43
      vertex 25.7079 -22.9703 43
      vertex 25.6459 -22.7388 43
    endloop
  endfacet
  facet normal 0 0 1
    outer loop
      vertex 26.3125 -23.6908 43
      vertex 25.5 -25.0981 43
      vertex 25.9739 -25.3191 43
    endloop
  endfacet
  facet normal 0 0 1
    outer loop
      vertex 24.0456 -23.0209 43
      vertex 25.6459 -22.7388 43
      vertex 25.625 -22.5 43
    endloop
  endfacet
  facet normal 0 0 1
    outer loop
      vertex 25.8092 -21.8125 43
      vertex 24.4019 -21 43
      vertex 25.7079 -22.0297 43
    endloop
  endfacet
  facet normal -0 0 1
    outer loop
      vertex 24.1809 -21.4739 43
      vertex 25.7079 -22.0297 43
      vertex 24.4019 -21 43
    endloop
  endfacet
  facet normal 0 0 1
    outer loop
      vertex 26.1162 -23.5533 43
      vertex 25.0716 -24.7981 43
      vertex 25.5 -25.0981 43
    endloop
  endfacet
  facet normal 0 0 1
    outer loop
      vertex 25.7079 -22.0297 43
      vertex 24.1809 -21.4739 43
      vertex 25.6459 -22.2612 43
    endloop
  endfacet
  facet normal 0 0 1
    outer loop
      vertex 25.9467 -23.3838 43
      vertex 24.7019 -24.4284 43
      vertex 25.0716 -24.7981 43
    endloop
  endfacet
  facet normal -0 0 1
    outer loop
      vertex 24.0456 -21.9791 43
      vertex 25.6459 -22.2612 43
      vertex 24.1809 -21.4739 43
    endloop
  endfacet
  facet normal 0 0 1
    outer loop
      vertex 25.8092 -23.1875 43
      vertex 24.4019 -24 43
      vertex 24.7019 -24.4284 43
    endloop
  endfacet
  facet normal 0 0 1
    outer loop
      vertex 25.6459 -22.2612 43
      vertex 24.0456 -21.9791 43
      vertex 25.625 -22.5 43
    endloop
  endfacet
  facet normal 0 0 1
    outer loop
      vertex 25.7079 -22.9703 43
      vertex 24.1809 -23.5261 43
      vertex 24.4019 -24 43
    endloop
  endfacet
  facet normal 0 0 1
    outer loop
      vertex 24 -22.5 43
      vertex 25.625 -22.5 43
      vertex 24.0456 -21.9791 43
    endloop
  endfacet
  facet normal 0 0 1
    outer loop
      vertex 25.6459 -22.7388 43
      vertex 24.0456 -23.0209 43
      vertex 24.1809 -23.5261 43
    endloop
  endfacet
  facet normal 0 0 1
    outer loop
      vertex 25.625 -22.5 43
      vertex 24 -22.5 43
      vertex 24.0456 -23.0209 43
    endloop
  endfacet
  facet normal 0.573616 -0.819124 0
    outer loop
      vertex 28.5 -25.0981 1.4
      vertex 28.9284 -24.7981 43
      vertex 28.5 -25.0981 43
    endloop
  endfacet
  facet normal 0.573616 -0.819124 0
    outer loop
      vertex 28.9284 -24.7981 43
      vertex 28.5 -25.0981 1.4
      vertex 28.9284 -24.7981 1.4
    endloop
  endfacet
  facet normal 0.99619 -0.0872073 -4.26979e-20
    outer loop
      vertex 29.9544 -23.0209 43
      vertex 30 -22.5 1.4
      vertex 30 -22.5 43
    endloop
  endfacet
  facet normal 0.99619 -0.0872073 -4.26979e-20
    outer loop
      vertex 30 -22.5 1.4
      vertex 29.9544 -23.0209 43
      vertex 29.9544 -23.0209 1.4
    endloop
  endfacet
  facet normal 0.573616 0.819124 2.01376e-07
    outer loop
      vertex 28.9284 -20.2019 43
      vertex 28.6401 -20 5.4
      vertex 28.5 -19.9019 43
    endloop
  endfacet
  facet normal 0.573634 0.819112 -0
    outer loop
      vertex 28.9284 -20.2019 1.4
      vertex 28.6401 -20 5.4
      vertex 28.9284 -20.2019 43
    endloop
  endfacet
  facet normal 0.573634 0.819112 0
    outer loop
      vertex 28.6401 -20 5.4
      vertex 28.9284 -20.2019 1.4
      vertex 28.6401 -20 1.4
    endloop
  endfacet
  facet normal 0.57358 0.81915 0
    outer loop
      vertex 28.5 -19.9019 43
      vertex 28.6401 -20 5.4
      vertex 28.5 -19.9019 5.4
    endloop
  endfacet
  facet normal 0.0872073 0.99619 -0
    outer loop
      vertex 27.5209 -19.5456 5.4
      vertex 27 -19.5 43
      vertex 27.5209 -19.5456 43
    endloop
  endfacet
  facet normal 0.0872073 0.99619 0
    outer loop
      vertex 27 -19.5 43
      vertex 27.5209 -19.5456 5.4
      vertex 27 -19.5 5.4
    endloop
  endfacet
  facet normal -0.906295 0.422645 -3.61263e-18
    outer loop
      vertex 24.1809 -21.4739 40
      vertex 24.4019 -21 43
      vertex 24.4019 -21 40
    endloop
  endfacet
  facet normal -0.906295 0.422645 -3.61263e-18
    outer loop
      vertex 24.4019 -21 43
      vertex 24.1809 -21.4739 40
      vertex 24.1809 -21.4739 43
    endloop
  endfacet
  facet normal -0.906295 0.422645 -3.01891e-19
    outer loop
      vertex 24.1809 -21.4739 1.4
      vertex 24.4019 -21 37.3
      vertex 24.4019 -21 1.4
    endloop
  endfacet
  facet normal -0.906295 0.422645 -3.01891e-19
    outer loop
      vertex 24.4019 -21 37.3
      vertex 24.1809 -21.4739 1.4
      vertex 24.1809 -21.4739 37.3
    endloop
  endfacet
  facet normal -0.258698 0.965958 0
    outer loop
      vertex 26.4791 -19.5456 40
      vertex 25.9739 -19.6809 43
      vertex 26.4791 -19.5456 43
    endloop
  endfacet
  facet normal -0.258698 0.965958 0
    outer loop
      vertex 25.9739 -19.6809 43
      vertex 26.4791 -19.5456 40
      vertex 25.9739 -19.6809 40
    endloop
  endfacet
  facet normal -0.258698 0.965958 0
    outer loop
      vertex 26.4791 -19.5456 5.4
      vertex 25.9739 -19.6809 37.3
      vertex 26.4791 -19.5456 37.3
    endloop
  endfacet
  facet normal -0.258698 0.965958 0
    outer loop
      vertex 25.9739 -19.6809 37.3
      vertex 26.4791 -19.5456 5.4
      vertex 25.9739 -19.6809 5.4
    endloop
  endfacet
  facet normal -0.0872073 0.99619 2.06671e-05
    outer loop
      vertex 27 -19.5 43
      vertex 26.7 -19.5262 40
      vertex 26.4791 -19.5456 43
    endloop
  endfacet
  facet normal -0.0870022 0.996208 7.07302e-19
    outer loop
      vertex 27 -19.5 43
      vertex 26.7 -19.5262 37.3
      vertex 26.7 -19.5262 40
    endloop
  endfacet
  facet normal -0.0870022 0.996208 0
    outer loop
      vertex 27 -19.5 5.4
      vertex 26.7 -19.5262 37.3
      vertex 27 -19.5 43
    endloop
  endfacet
  facet normal -0.0874858 0.996166 -4.58309e-06
    outer loop
      vertex 27 -19.5 5.4
      vertex 26.4791 -19.5456 37.3
      vertex 26.7 -19.5262 37.3
    endloop
  endfacet
  facet normal -0.0872073 0.99619 0
    outer loop
      vertex 26.4791 -19.5456 37.3
      vertex 27 -19.5 5.4
      vertex 26.4791 -19.5456 5.4
    endloop
  endfacet
  facet normal -0.0874858 0.996166 0
    outer loop
      vertex 26.4791 -19.5456 43
      vertex 26.7 -19.5262 40
      vertex 26.4791 -19.5456 40
    endloop
  endfacet
  facet normal -0.906295 -0.422645 2.60526e-19
    outer loop
      vertex 24.4019 -24 1.4
      vertex 24.1809 -23.5261 43
      vertex 24.1809 -23.5261 1.4
    endloop
  endfacet
  facet normal -0.906295 -0.422645 2.60526e-19
    outer loop
      vertex 24.1809 -23.5261 43
      vertex 24.4019 -24 1.4
      vertex 24.4019 -24 43
    endloop
  endfacet
  facet normal -0.819124 -0.573616 -1.68192e-19
    outer loop
      vertex 24.7019 -24.4284 1.4
      vertex 24.4019 -24 43
      vertex 24.4019 -24 1.4
    endloop
  endfacet
  facet normal -0.819124 -0.573616 -1.68192e-19
    outer loop
      vertex 24.4019 -24 43
      vertex 24.7019 -24.4284 1.4
      vertex 24.7019 -24.4284 43
    endloop
  endfacet
  facet normal -0.707107 -0.707107 -6.50043e-20
    outer loop
      vertex 25.0716 -24.7981 1.4
      vertex 24.7019 -24.4284 43
      vertex 24.7019 -24.4284 1.4
    endloop
  endfacet
  facet normal -0.707107 -0.707107 -6.50043e-20
    outer loop
      vertex 24.7019 -24.4284 43
      vertex 25.0716 -24.7981 1.4
      vertex 25.0716 -24.7981 43
    endloop
  endfacet
  facet normal -0.422645 -0.906295 0
    outer loop
      vertex 25.5 -25.0981 1.4
      vertex 25.9739 -25.3191 43
      vertex 25.5 -25.0981 43
    endloop
  endfacet
  facet normal -0.422645 -0.906295 -0
    outer loop
      vertex 25.9739 -25.3191 43
      vertex 25.5 -25.0981 1.4
      vertex 25.9739 -25.3191 1.4
    endloop
  endfacet
  facet normal -0.965958 0.258698 -3.0095e-18
    outer loop
      vertex 24.0456 -21.9791 40
      vertex 24.1809 -21.4739 43
      vertex 24.1809 -21.4739 40
    endloop
  endfacet
  facet normal -0.965958 0.258698 -3.0095e-18
    outer loop
      vertex 24.1809 -21.4739 43
      vertex 24.0456 -21.9791 40
      vertex 24.0456 -21.9791 43
    endloop
  endfacet
  facet normal -0.965958 0.258698 -2.51491e-19
    outer loop
      vertex 24.0456 -21.9791 1.4
      vertex 24.1809 -21.4739 37.3
      vertex 24.1809 -21.4739 1.4
    endloop
  endfacet
  facet normal -0.965958 0.258698 -2.51491e-19
    outer loop
      vertex 24.1809 -21.4739 37.3
      vertex 24.0456 -21.9791 1.4
      vertex 24.0456 -21.9791 37.3
    endloop
  endfacet
  facet normal -0.707107 0.707107 5.87865e-19
    outer loop
      vertex 24.7019 -20.5716 38.4
      vertex 25.0716 -20.2019 43
      vertex 25.0716 -20.2019 38.4
    endloop
  endfacet
  facet normal -0.707107 0.707107 5.87865e-19
    outer loop
      vertex 25.0716 -20.2019 43
      vertex 24.7019 -20.5716 38.4
      vertex 24.7019 -20.5716 43
    endloop
  endfacet
  facet normal -0.707107 0.707107 7.53253e-20
    outer loop
      vertex 24.7019 -20.5716 1.4
      vertex 25.0716 -20.2019 37.3
      vertex 25.0716 -20.2019 1.4
    endloop
  endfacet
  facet normal -0.707107 0.707107 7.53253e-20
    outer loop
      vertex 25.0716 -20.2019 37.3
      vertex 24.7019 -20.5716 1.4
      vertex 24.7019 -20.5716 37.3
    endloop
  endfacet
  facet normal 0.707107 0.707107 1.10311e-19
    outer loop
      vertex 26.1162 -23.5533 43
      vertex 25.9467 -23.3838 1.4
      vertex 25.9467 -23.3838 43
    endloop
  endfacet
  facet normal 0.707107 0.707107 1.10311e-19
    outer loop
      vertex 25.9467 -23.3838 1.4
      vertex 26.1162 -23.5533 43
      vertex 26.1162 -23.5533 1.4
    endloop
  endfacet
  facet normal 0.906279 -0.42268 -3.43528e-20
    outer loop
      vertex 25.7079 -22.0297 43
      vertex 25.8092 -21.8125 38.4
      vertex 25.8092 -21.8125 43
    endloop
  endfacet
  facet normal 0.906279 -0.42268 -3.43528e-20
    outer loop
      vertex 25.8092 -21.8125 38.4
      vertex 25.7079 -22.0297 43
      vertex 25.7079 -22.0297 38.4
    endloop
  endfacet
  facet normal 0.906279 -0.42268 -4.40175e-21
    outer loop
      vertex 25.7079 -22.0297 37.3
      vertex 25.8092 -21.8125 1.4
      vertex 25.8092 -21.8125 37.3
    endloop
  endfacet
  facet normal 0.906279 -0.42268 -4.40175e-21
    outer loop
      vertex 25.8092 -21.8125 1.4
      vertex 25.7079 -22.0297 37.3
      vertex 25.7079 -22.0297 1.4
    endloop
  endfacet
  facet normal -0.965957 -0.258701 1.95991e-21
    outer loop
      vertex 28.3541 -22.2612 1.4
      vertex 28.2921 -22.0297 43
      vertex 28.2921 -22.0297 1.4
    endloop
  endfacet
  facet normal -0.965957 -0.258701 1.95991e-21
    outer loop
      vertex 28.2921 -22.0297 43
      vertex 28.3541 -22.2612 1.4
      vertex 28.3541 -22.2612 43
    endloop
  endfacet
  facet normal -0.996192 -0.0871877 2.63597e-20
    outer loop
      vertex 28.375 -22.5 1.4
      vertex 28.3541 -22.2612 43
      vertex 28.3541 -22.2612 1.4
    endloop
  endfacet
  facet normal -0.996192 -0.0871877 2.63597e-20
    outer loop
      vertex 28.3541 -22.2612 43
      vertex 28.375 -22.5 1.4
      vertex 28.375 -22.5 43
    endloop
  endfacet
  facet normal -0.906279 -0.42268 3.79862e-21
    outer loop
      vertex 28.2921 -22.0297 1.4
      vertex 28.1908 -21.8125 43
      vertex 28.1908 -21.8125 1.4
    endloop
  endfacet
  facet normal -0.906279 -0.42268 3.79862e-21
    outer loop
      vertex 28.1908 -21.8125 43
      vertex 28.2921 -22.0297 1.4
      vertex 28.2921 -22.0297 43
    endloop
  endfacet
  facet normal -0.573714 0.819055 0
    outer loop
      vertex 27.8838 -23.5533 1.4
      vertex 27.6875 -23.6908 43
      vertex 27.8838 -23.5533 43
    endloop
  endfacet
  facet normal -0.573714 0.819055 0
    outer loop
      vertex 27.6875 -23.6908 43
      vertex 27.8838 -23.5533 1.4
      vertex 27.6875 -23.6908 1.4
    endloop
  endfacet
  facet normal 0.0871877 0.996192 -0
    outer loop
      vertex 27 -23.875 1.4
      vertex 26.7612 -23.8541 43
      vertex 27 -23.875 43
    endloop
  endfacet
  facet normal 0.0871877 0.996192 0
    outer loop
      vertex 26.7612 -23.8541 43
      vertex 27 -23.875 1.4
      vertex 26.7612 -23.8541 1.4
    endloop
  endfacet
  facet normal -0.707107 0.707107 -1.10311e-19
    outer loop
      vertex 27.8838 -23.5533 1.4
      vertex 28.0533 -23.3838 43
      vertex 28.0533 -23.3838 1.4
    endloop
  endfacet
  facet normal -0.707107 0.707107 -1.10311e-19
    outer loop
      vertex 28.0533 -23.3838 43
      vertex 27.8838 -23.5533 1.4
      vertex 27.8838 -23.5533 43
    endloop
  endfacet
  facet normal -0.42268 0.906279 0
    outer loop
      vertex 27.6875 -23.6908 1.4
      vertex 27.4703 -23.7921 43
      vertex 27.6875 -23.6908 43
    endloop
  endfacet
  facet normal -0.42268 0.906279 0
    outer loop
      vertex 27.4703 -23.7921 43
      vertex 27.6875 -23.6908 1.4
      vertex 27.4703 -23.7921 1.4
    endloop
  endfacet
  facet normal 0.25835 -0.966051 0
    outer loop
      vertex 26.5297 -21.2079 37.3
      vertex 26.5297 -21.2079 1.4
      vertex 26.6172 -21.1845 37.3
    endloop
  endfacet
  facet normal 0.25835 -0.966051 2.24499e-19
    outer loop
      vertex 26.6172 -21.1845 38.4
      vertex 26.5297 -21.2079 43
      vertex 26.5297 -21.2079 38.4
    endloop
  endfacet
  facet normal 0.258701 -0.965957 7.16599e-06
    outer loop
      vertex 26.5297 -21.2079 43
      vertex 26.6172 -21.1845 38.4
      vertex 26.7612 -21.1459 43
    endloop
  endfacet
  facet normal 0.258915 -0.9659 0
    outer loop
      vertex 26.6172 -21.1845 37.3
      vertex 26.7612 -21.1459 43
      vertex 26.6172 -21.1845 38.4
    endloop
  endfacet
  facet normal 0.258701 -0.965957 -9.18205e-07
    outer loop
      vertex 26.7612 -21.1459 1.4
      vertex 26.6172 -21.1845 37.3
      vertex 26.5297 -21.2079 1.4
    endloop
  endfacet
  facet normal 0.258915 -0.9659 2.55936e-20
    outer loop
      vertex 26.6172 -21.1845 37.3
      vertex 26.7612 -21.1459 1.4
      vertex 26.7612 -21.1459 43
    endloop
  endfacet
  facet normal 0.42268 -0.906279 0
    outer loop
      vertex 26.3125 -21.3092 38.4
      vertex 26.5297 -21.2079 43
      vertex 26.3125 -21.3092 43
    endloop
  endfacet
  facet normal 0.42268 -0.906279 0
    outer loop
      vertex 26.5297 -21.2079 43
      vertex 26.3125 -21.3092 38.4
      vertex 26.5297 -21.2079 38.4
    endloop
  endfacet
  facet normal 0.42268 -0.906279 0
    outer loop
      vertex 26.3125 -21.3092 1.4
      vertex 26.5297 -21.2079 37.3
      vertex 26.3125 -21.3092 37.3
    endloop
  endfacet
  facet normal 0.42268 -0.906279 0
    outer loop
      vertex 26.5297 -21.2079 37.3
      vertex 26.3125 -21.3092 1.4
      vertex 26.5297 -21.2079 1.4
    endloop
  endfacet
  facet normal -0.0871877 0.996192 0
    outer loop
      vertex 27.2388 -23.8541 1.4
      vertex 27 -23.875 43
      vertex 27.2388 -23.8541 43
    endloop
  endfacet
  facet normal -0.0871877 0.996192 0
    outer loop
      vertex 27 -23.875 43
      vertex 27.2388 -23.8541 1.4
      vertex 27 -23.875 1.4
    endloop
  endfacet
  facet normal 0.965957 0.258701 1.95991e-21
    outer loop
      vertex 25.7079 -22.9703 43
      vertex 25.6459 -22.7388 1.4
      vertex 25.6459 -22.7388 43
    endloop
  endfacet
  facet normal 0.965957 0.258701 1.95991e-21
    outer loop
      vertex 25.6459 -22.7388 1.4
      vertex 25.7079 -22.9703 43
      vertex 25.7079 -22.9703 1.4
    endloop
  endfacet
  facet normal 0.573714 0.819055 -0
    outer loop
      vertex 26.3125 -23.6908 1.4
      vertex 26.1162 -23.5533 43
      vertex 26.3125 -23.6908 43
    endloop
  endfacet
  facet normal 0.573714 0.819055 0
    outer loop
      vertex 26.1162 -23.5533 43
      vertex 26.3125 -23.6908 1.4
      vertex 26.1162 -23.5533 1.4
    endloop
  endfacet
  facet normal 0.819055 -0.573714 1.25175e-18
    outer loop
      vertex 25.8092 -21.8125 43
      vertex 25.9467 -21.6162 38.4
      vertex 25.9467 -21.6162 43
    endloop
  endfacet
  facet normal 0.819055 -0.573714 1.25175e-18
    outer loop
      vertex 25.9467 -21.6162 38.4
      vertex 25.8092 -21.8125 43
      vertex 25.8092 -21.8125 38.4
    endloop
  endfacet
  facet normal 0.819055 -0.573714 1.60391e-19
    outer loop
      vertex 25.8092 -21.8125 37.3
      vertex 25.9467 -21.6162 1.4
      vertex 25.9467 -21.6162 37.3
    endloop
  endfacet
  facet normal 0.819055 -0.573714 1.60391e-19
    outer loop
      vertex 25.9467 -21.6162 1.4
      vertex 25.8092 -21.8125 37.3
      vertex 25.8092 -21.8125 1.4
    endloop
  endfacet
  facet normal -0.906279 0.42268 -3.79862e-21
    outer loop
      vertex 28.1908 -23.1875 1.4
      vertex 28.2921 -22.9703 43
      vertex 28.2921 -22.9703 1.4
    endloop
  endfacet
  facet normal -0.906279 0.42268 -3.79862e-21
    outer loop
      vertex 28.2921 -22.9703 43
      vertex 28.1908 -23.1875 1.4
      vertex 28.1908 -23.1875 43
    endloop
  endfacet
  facet normal 0.819055 0.573714 -1.38414e-19
    outer loop
      vertex 25.9467 -23.3838 43
      vertex 25.8092 -23.1875 1.4
      vertex 25.8092 -23.1875 43
    endloop
  endfacet
  facet normal 0.819055 0.573714 -1.38414e-19
    outer loop
      vertex 25.8092 -23.1875 1.4
      vertex 25.9467 -23.3838 43
      vertex 25.9467 -23.3838 1.4
    endloop
  endfacet
  facet normal 0.573714 -0.819055 0
    outer loop
      vertex 26.1162 -21.4467 38.4
      vertex 26.3125 -21.3092 43
      vertex 26.1162 -21.4467 43
    endloop
  endfacet
  facet normal 0.573714 -0.819055 0
    outer loop
      vertex 26.3125 -21.3092 43
      vertex 26.1162 -21.4467 38.4
      vertex 26.3125 -21.3092 38.4
    endloop
  endfacet
  facet normal 0.573714 -0.819055 0
    outer loop
      vertex 26.1162 -21.4467 1.4
      vertex 26.3125 -21.3092 37.3
      vertex 26.1162 -21.4467 37.3
    endloop
  endfacet
  facet normal 0.573714 -0.819055 0
    outer loop
      vertex 26.3125 -21.3092 37.3
      vertex 26.1162 -21.4467 1.4
      vertex 26.3125 -21.3092 1.4
    endloop
  endfacet
  facet normal -0.819055 0.573714 1.38414e-19
    outer loop
      vertex 28.0533 -23.3838 1.4
      vertex 28.1908 -23.1875 43
      vertex 28.1908 -23.1875 1.4
    endloop
  endfacet
  facet normal -0.819055 0.573714 1.38414e-19
    outer loop
      vertex 28.1908 -23.1875 43
      vertex 28.0533 -23.3838 1.4
      vertex 28.0533 -23.3838 43
    endloop
  endfacet
  facet normal -0.819055 -0.573714 -1.38414e-19
    outer loop
      vertex 28.1908 -21.8125 1.4
      vertex 28.0533 -21.6162 43
      vertex 28.0533 -21.6162 1.4
    endloop
  endfacet
  facet normal -0.819055 -0.573714 -1.38414e-19
    outer loop
      vertex 28.0533 -21.6162 43
      vertex 28.1908 -21.8125 1.4
      vertex 28.1908 -21.8125 43
    endloop
  endfacet
  facet normal -0.965957 0.258701 -1.95991e-21
    outer loop
      vertex 28.2921 -22.9703 1.4
      vertex 28.3541 -22.7388 43
      vertex 28.3541 -22.7388 1.4
    endloop
  endfacet
  facet normal -0.965957 0.258701 -1.95991e-21
    outer loop
      vertex 28.3541 -22.7388 43
      vertex 28.2921 -22.9703 1.4
      vertex 28.2921 -22.9703 43
    endloop
  endfacet
  facet normal 0.996192 -0.0871877 -2.63597e-20
    outer loop
      vertex 25.625 -22.5 43
      vertex 25.6459 -22.2612 1.4
      vertex 25.6459 -22.2612 43
    endloop
  endfacet
  facet normal 0.996192 -0.0871877 -2.63597e-20
    outer loop
      vertex 25.6459 -22.2612 1.4
      vertex 25.625 -22.5 43
      vertex 25.625 -22.5 1.4
    endloop
  endfacet
  facet normal -0.42268 -0.906279 0
    outer loop
      vertex 27.4703 -21.2079 1.4
      vertex 27.6875 -21.3092 43
      vertex 27.4703 -21.2079 43
    endloop
  endfacet
  facet normal -0.42268 -0.906279 -0
    outer loop
      vertex 27.6875 -21.3092 43
      vertex 27.4703 -21.2079 1.4
      vertex 27.6875 -21.3092 1.4
    endloop
  endfacet
  facet normal -0.707107 -0.707107 1.10311e-19
    outer loop
      vertex 28.0533 -21.6162 1.4
      vertex 27.8838 -21.4467 43
      vertex 27.8838 -21.4467 1.4
    endloop
  endfacet
  facet normal -0.707107 -0.707107 1.10311e-19
    outer loop
      vertex 27.8838 -21.4467 43
      vertex 28.0533 -21.6162 1.4
      vertex 28.0533 -21.6162 43
    endloop
  endfacet
  facet normal -0.258701 0.965957 0
    outer loop
      vertex 27.4703 -23.7921 1.4
      vertex 27.2388 -23.8541 43
      vertex 27.4703 -23.7921 43
    endloop
  endfacet
  facet normal -0.258701 0.965957 0
    outer loop
      vertex 27.2388 -23.8541 43
      vertex 27.4703 -23.7921 1.4
      vertex 27.2388 -23.8541 1.4
    endloop
  endfacet
  facet normal -0.996192 0.0871877 -2.63597e-20
    outer loop
      vertex 28.3541 -22.7388 1.4
      vertex 28.375 -22.5 43
      vertex 28.375 -22.5 1.4
    endloop
  endfacet
  facet normal -0.996192 0.0871877 -2.63597e-20
    outer loop
      vertex 28.375 -22.5 43
      vertex 28.3541 -22.7388 1.4
      vertex 28.3541 -22.7388 43
    endloop
  endfacet
  facet normal -0.573714 -0.819055 0
    outer loop
      vertex 27.6875 -21.3092 1.4
      vertex 27.8838 -21.4467 43
      vertex 27.6875 -21.3092 43
    endloop
  endfacet
  facet normal -0.573714 -0.819055 -0
    outer loop
      vertex 27.8838 -21.4467 43
      vertex 27.6875 -21.3092 1.4
      vertex 27.8838 -21.4467 1.4
    endloop
  endfacet
  facet normal 0.0871877 -0.996192 0
    outer loop
      vertex 26.7612 -21.1459 1.4
      vertex 27 -21.125 43
      vertex 26.7612 -21.1459 43
    endloop
  endfacet
  facet normal 0.0871877 -0.996192 0
    outer loop
      vertex 27 -21.125 43
      vertex 26.7612 -21.1459 1.4
      vertex 27 -21.125 1.4
    endloop
  endfacet
  facet normal 0.258701 0.965957 -0
    outer loop
      vertex 26.7612 -23.8541 1.4
      vertex 26.5297 -23.7921 43
      vertex 26.7612 -23.8541 43
    endloop
  endfacet
  facet normal 0.258701 0.965957 0
    outer loop
      vertex 26.5297 -23.7921 43
      vertex 26.7612 -23.8541 1.4
      vertex 26.5297 -23.7921 1.4
    endloop
  endfacet
  facet normal 0.906279 0.42268 3.79862e-21
    outer loop
      vertex 25.8092 -23.1875 43
      vertex 25.7079 -22.9703 1.4
      vertex 25.7079 -22.9703 43
    endloop
  endfacet
  facet normal 0.906279 0.42268 3.79862e-21
    outer loop
      vertex 25.7079 -22.9703 1.4
      vertex 25.8092 -23.1875 43
      vertex 25.8092 -23.1875 1.4
    endloop
  endfacet
  facet normal -0.0871877 -0.996192 0
    outer loop
      vertex 27 -21.125 1.4
      vertex 27.2388 -21.1459 43
      vertex 27 -21.125 43
    endloop
  endfacet
  facet normal -0.0871877 -0.996192 -0
    outer loop
      vertex 27.2388 -21.1459 43
      vertex 27 -21.125 1.4
      vertex 27.2388 -21.1459 1.4
    endloop
  endfacet
  facet normal 0.996192 0.0871877 2.63597e-20
    outer loop
      vertex 25.6459 -22.7388 43
      vertex 25.625 -22.5 1.4
      vertex 25.625 -22.5 43
    endloop
  endfacet
  facet normal 0.996192 0.0871877 2.63597e-20
    outer loop
      vertex 25.625 -22.5 1.4
      vertex 25.6459 -22.7388 43
      vertex 25.6459 -22.7388 1.4
    endloop
  endfacet
  facet normal -0.258701 -0.965957 0
    outer loop
      vertex 27.2388 -21.1459 1.4
      vertex 27.4703 -21.2079 43
      vertex 27.2388 -21.1459 43
    endloop
  endfacet
  facet normal -0.258701 -0.965957 -0
    outer loop
      vertex 27.4703 -21.2079 43
      vertex 27.2388 -21.1459 1.4
      vertex 27.4703 -21.2079 1.4
    endloop
  endfacet
  facet normal 0.966051 -0.25835 0
    outer loop
      vertex 25.7079 -22.0297 43
      vertex 25.6845 -22.1172 38.4
      vertex 25.7079 -22.0297 38.4
    endloop
  endfacet
  facet normal 0.9659 -0.258915 0
    outer loop
      vertex 25.6845 -22.1172 38.4
      vertex 25.6459 -22.2612 43
      vertex 25.6845 -22.1172 37.3
    endloop
  endfacet
  facet normal 0.965957 -0.258701 7.16599e-06
    outer loop
      vertex 25.6459 -22.2612 43
      vertex 25.6845 -22.1172 38.4
      vertex 25.7079 -22.0297 43
    endloop
  endfacet
  facet normal 0.966051 -0.25835 2.87659e-20
    outer loop
      vertex 25.6845 -22.1172 37.3
      vertex 25.7079 -22.0297 1.4
      vertex 25.7079 -22.0297 37.3
    endloop
  endfacet
  facet normal 0.9659 -0.258915 0
    outer loop
      vertex 25.6459 -22.2612 1.4
      vertex 25.6845 -22.1172 37.3
      vertex 25.6459 -22.2612 43
    endloop
  endfacet
  facet normal 0.965957 -0.258701 -9.18205e-07
    outer loop
      vertex 25.6845 -22.1172 37.3
      vertex 25.6459 -22.2612 1.4
      vertex 25.7079 -22.0297 1.4
    endloop
  endfacet
  facet normal 0.42268 0.906279 -0
    outer loop
      vertex 26.5297 -23.7921 1.4
      vertex 26.3125 -23.6908 43
      vertex 26.5297 -23.7921 43
    endloop
  endfacet
  facet normal 0.42268 0.906279 0
    outer loop
      vertex 26.3125 -23.6908 43
      vertex 26.5297 -23.7921 1.4
      vertex 26.3125 -23.6908 1.4
    endloop
  endfacet
  facet normal 0.707107 -0.707107 -9.97594e-19
    outer loop
      vertex 25.9467 -21.6162 43
      vertex 26.1162 -21.4467 38.4
      vertex 26.1162 -21.4467 43
    endloop
  endfacet
  facet normal 0.707107 -0.707107 -9.97594e-19
    outer loop
      vertex 26.1162 -21.4467 38.4
      vertex 25.9467 -21.6162 43
      vertex 25.9467 -21.6162 38.4
    endloop
  endfacet
  facet normal 0.707107 -0.707107 -1.27825e-19
    outer loop
      vertex 25.9467 -21.6162 37.3
      vertex 26.1162 -21.4467 1.4
      vertex 26.1162 -21.4467 37.3
    endloop
  endfacet
  facet normal 0.707107 -0.707107 -1.27825e-19
    outer loop
      vertex 26.1162 -21.4467 1.4
      vertex 25.9467 -21.6162 37.3
      vertex 25.9467 -21.6162 1.4
    endloop
  endfacet
  facet normal 0.965958 -0.258698 -2.17032e-19
    outer loop
      vertex 29.8191 21.4739 43
      vertex 29.9544 21.9791 1.4
      vertex 29.9544 21.9791 43
    endloop
  endfacet
  facet normal 0.965958 -0.258698 -2.17032e-19
    outer loop
      vertex 29.9544 21.9791 1.4
      vertex 29.8191 21.4739 43
      vertex 29.8191 21.4739 1.4
    endloop
  endfacet
  facet normal 0.965958 0.258698 2.17032e-19
    outer loop
      vertex 29.9544 23.0209 43
      vertex 29.8191 23.5261 1.4
      vertex 29.8191 23.5261 43
    endloop
  endfacet
  facet normal 0.965958 0.258698 2.17032e-19
    outer loop
      vertex 29.8191 23.5261 1.4
      vertex 29.9544 23.0209 43
      vertex 29.9544 23.0209 1.4
    endloop
  endfacet
  facet normal 0.99619 0.0872073 4.26979e-20
    outer loop
      vertex 30 22.5 43
      vertex 29.9544 23.0209 1.4
      vertex 29.9544 23.0209 43
    endloop
  endfacet
  facet normal 0.99619 0.0872073 4.26979e-20
    outer loop
      vertex 29.9544 23.0209 1.4
      vertex 30 22.5 43
      vertex 30 22.5 1.4
    endloop
  endfacet
  facet normal 0.906295 0.422645 2.60526e-19
    outer loop
      vertex 29.8191 23.5261 43
      vertex 29.5981 24 1.4
      vertex 29.5981 24 43
    endloop
  endfacet
  facet normal 0.906295 0.422645 2.60526e-19
    outer loop
      vertex 29.5981 24 1.4
      vertex 29.8191 23.5261 43
      vertex 29.8191 23.5261 1.4
    endloop
  endfacet
  facet normal -0.965958 -0.258698 3.0095e-18
    outer loop
      vertex 24.1809 21.4739 40
      vertex 24.0456 21.9791 43
      vertex 24.0456 21.9791 40
    endloop
  endfacet
  facet normal -0.965958 -0.258698 3.0095e-18
    outer loop
      vertex 24.0456 21.9791 43
      vertex 24.1809 21.4739 40
      vertex 24.1809 21.4739 43
    endloop
  endfacet
  facet normal -0.965958 -0.258698 2.51491e-19
    outer loop
      vertex 24.1809 21.4739 1.4
      vertex 24.0456 21.9791 37.3
      vertex 24.0456 21.9791 1.4
    endloop
  endfacet
  facet normal -0.965958 -0.258698 2.51491e-19
    outer loop
      vertex 24.0456 21.9791 37.3
      vertex 24.1809 21.4739 1.4
      vertex 24.1809 21.4739 37.3
    endloop
  endfacet
  facet normal -0.819124 0.573616 1.68192e-19
    outer loop
      vertex 24.4019 24 1.4
      vertex 24.7019 24.4284 43
      vertex 24.7019 24.4284 1.4
    endloop
  endfacet
  facet normal -0.819124 0.573616 1.68192e-19
    outer loop
      vertex 24.7019 24.4284 43
      vertex 24.4019 24 1.4
      vertex 24.4019 24 43
    endloop
  endfacet
  facet normal -0.422645 0.906295 0
    outer loop
      vertex 25.9739 25.3191 1.4
      vertex 25.5 25.0981 43
      vertex 25.9739 25.3191 43
    endloop
  endfacet
  facet normal -0.422645 0.906295 0
    outer loop
      vertex 25.5 25.0981 43
      vertex 25.9739 25.3191 1.4
      vertex 25.5 25.0981 1.4
    endloop
  endfacet
  facet normal -0.573616 -0.819124 -2.33226e-18
    outer loop
      vertex 25.0716 20.2019 43
      vertex 25.5 19.9019 40
      vertex 25.5 19.9019 43
    endloop
  endfacet
  facet normal -0.573616 -0.819124 0
    outer loop
      vertex 25.0716 20.2019 38.4
      vertex 25.5 19.9019 40
      vertex 25.0716 20.2019 43
    endloop
  endfacet
  facet normal -0.573616 -0.819124 -0
    outer loop
      vertex 25.5 19.9019 40
      vertex 25.0716 20.2019 38.4
      vertex 25.5 19.9019 38.4
    endloop
  endfacet
  facet normal -0.573616 -0.819124 2.37358e-07
    outer loop
      vertex 25.0716 20.2019 37.3
      vertex 25.3599 20 5.4
      vertex 25.5 19.9019 37.3
    endloop
  endfacet
  facet normal -0.573634 -0.819112 0
    outer loop
      vertex 25.0716 20.2019 1.4
      vertex 25.3599 20 5.4
      vertex 25.0716 20.2019 37.3
    endloop
  endfacet
  facet normal -0.573634 -0.819112 -0
    outer loop
      vertex 25.3599 20 5.4
      vertex 25.0716 20.2019 1.4
      vertex 25.3599 20 1.4
    endloop
  endfacet
  facet normal -0.57358 -0.81915 -0
    outer loop
      vertex 25.5 19.9019 37.3
      vertex 25.3599 20 5.4
      vertex 25.5 19.9019 5.4
    endloop
  endfacet
  facet normal -0.0874858 -0.996166 -0
    outer loop
      vertex 26.4791 19.5456 37.3
      vertex 26.4791 19.5456 5.4
      vertex 26.7 19.5262 37.3
    endloop
  endfacet
  facet normal -0.0874858 -0.996166 -1.52065e-19
    outer loop
      vertex 26.7 19.5262 40
      vertex 26.4791 19.5456 43
      vertex 26.4791 19.5456 40
    endloop
  endfacet
  facet normal -0.0872073 -0.99619 2.06671e-05
    outer loop
      vertex 26.4791 19.5456 43
      vertex 26.7 19.5262 40
      vertex 27 19.5 43
    endloop
  endfacet
  facet normal -0.0870022 -0.996208 0
    outer loop
      vertex 26.7 19.5262 37.3
      vertex 27 19.5 43
      vertex 26.7 19.5262 40
    endloop
  endfacet
  facet normal -0.0872073 -0.99619 -1.94361e-06
    outer loop
      vertex 27 19.5 5.4
      vertex 26.7 19.5262 37.3
      vertex 26.4791 19.5456 5.4
    endloop
  endfacet
  facet normal -0.0870022 -0.996208 -5.07903e-20
    outer loop
      vertex 26.7 19.5262 37.3
      vertex 27 19.5 5.4
      vertex 27 19.5 43
    endloop
  endfacet
  facet normal 0.0872073 -0.99619 0
    outer loop
      vertex 27 19.5 5.4
      vertex 27.5209 19.5456 43
      vertex 27 19.5 43
    endloop
  endfacet
  facet normal 0.0872073 -0.99619 0
    outer loop
      vertex 27.5209 19.5456 43
      vertex 27 19.5 5.4
      vertex 27.5209 19.5456 5.4
    endloop
  endfacet
  facet normal 0.906295 -0.422645 -2.60526e-19
    outer loop
      vertex 29.5981 21 43
      vertex 29.8191 21.4739 1.4
      vertex 29.8191 21.4739 43
    endloop
  endfacet
  facet normal 0.906295 -0.422645 -2.60526e-19
    outer loop
      vertex 29.8191 21.4739 1.4
      vertex 29.5981 21 43
      vertex 29.5981 21 1.4
    endloop
  endfacet
  facet normal 0.707107 0.707107 -6.50043e-20
    outer loop
      vertex 29.2981 24.4284 43
      vertex 28.9284 24.7981 1.4
      vertex 28.9284 24.7981 43
    endloop
  endfacet
  facet normal 0.707107 0.707107 -6.50043e-20
    outer loop
      vertex 28.9284 24.7981 1.4
      vertex 29.2981 24.4284 43
      vertex 29.2981 24.4284 1.4
    endloop
  endfacet
  facet normal 0.707107 -0.707107 6.50043e-20
    outer loop
      vertex 28.9284 20.2019 43
      vertex 29.2981 20.5716 1.4
      vertex 29.2981 20.5716 43
    endloop
  endfacet
  facet normal 0.707107 -0.707107 6.50043e-20
    outer loop
      vertex 29.2981 20.5716 1.4
      vertex 28.9284 20.2019 43
      vertex 28.9284 20.2019 1.4
    endloop
  endfacet
  facet normal -0.99619 0.0872073 -4.26979e-20
    outer loop
      vertex 24 22.5 1.4
      vertex 24.0456 23.0209 43
      vertex 24.0456 23.0209 1.4
    endloop
  endfacet
  facet normal -0.99619 0.0872073 -4.26979e-20
    outer loop
      vertex 24.0456 23.0209 43
      vertex 24 22.5 1.4
      vertex 24 22.5 43
    endloop
  endfacet
  facet normal 0.258698 0.965958 -0
    outer loop
      vertex 28.0261 25.3191 1.4
      vertex 27.5209 25.4544 43
      vertex 28.0261 25.3191 43
    endloop
  endfacet
  facet normal 0.258698 0.965958 0
    outer loop
      vertex 27.5209 25.4544 43
      vertex 28.0261 25.3191 1.4
      vertex 27.5209 25.4544 1.4
    endloop
  endfacet
  facet normal -0.996208 -0.0870022 0
    outer loop
      vertex 24 22.5 1.4
      vertex 24.0262 22.2 37.3
      vertex 24 22.5 43
    endloop
  endfacet
  facet normal -0.99619 -0.0872073 -1.72706e-06
    outer loop
      vertex 24.0456 21.9791 1.4
      vertex 24.0262 22.2 37.3
      vertex 24 22.5 1.4
    endloop
  endfacet
  facet normal -0.996166 -0.0874858 -1.27074e-20
    outer loop
      vertex 24.0262 22.2 37.3
      vertex 24.0456 21.9791 1.4
      vertex 24.0456 21.9791 37.3
    endloop
  endfacet
  facet normal -0.996208 -0.0870022 -0
    outer loop
      vertex 24.0262 22.2 40
      vertex 24 22.5 43
      vertex 24.0262 22.2 37.3
    endloop
  endfacet
  facet normal -0.996166 -0.0874858 -0
    outer loop
      vertex 24.0456 21.9791 43
      vertex 24.0262 22.2 40
      vertex 24.0456 21.9791 40
    endloop
  endfacet
  facet normal -0.99619 -0.0872073 2.06671e-05
    outer loop
      vertex 24.0262 22.2 40
      vertex 24.0456 21.9791 43
      vertex 24 22.5 43
    endloop
  endfacet
  facet normal 0.819124 -0.573616 1.68192e-19
    outer loop
      vertex 29.2981 20.5716 43
      vertex 29.5981 21 1.4
      vertex 29.5981 21 43
    endloop
  endfacet
  facet normal 0.819124 -0.573616 1.68192e-19
    outer loop
      vertex 29.5981 21 1.4
      vertex 29.2981 20.5716 43
      vertex 29.2981 20.5716 1.4
    endloop
  endfacet
  facet normal -0.258698 -0.965958 0
    outer loop
      vertex 25.9739 19.6809 40
      vertex 26.4791 19.5456 43
      vertex 25.9739 19.6809 43
    endloop
  endfacet
  facet normal -0.258698 -0.965958 -0
    outer loop
      vertex 26.4791 19.5456 43
      vertex 25.9739 19.6809 40
      vertex 26.4791 19.5456 40
    endloop
  endfacet
  facet normal -0.258698 -0.965958 0
    outer loop
      vertex 25.9739 19.6809 5.4
      vertex 26.4791 19.5456 37.3
      vertex 25.9739 19.6809 37.3
    endloop
  endfacet
  facet normal -0.258698 -0.965958 -0
    outer loop
      vertex 26.4791 19.5456 37.3
      vertex 25.9739 19.6809 5.4
      vertex 26.4791 19.5456 5.4
    endloop
  endfacet
  facet normal 0.422645 -0.906295 0
    outer loop
      vertex 28.0261 19.6809 5.4
      vertex 28.5 19.9019 43
      vertex 28.0261 19.6809 43
    endloop
  endfacet
  facet normal 0.422645 -0.906295 0
    outer loop
      vertex 28.5 19.9019 43
      vertex 28.0261 19.6809 5.4
      vertex 28.5 19.9019 5.4
    endloop
  endfacet
  facet normal -0.573616 0.819124 0
    outer loop
      vertex 25.5 25.0981 1.4
      vertex 25.0716 24.7981 43
      vertex 25.5 25.0981 43
    endloop
  endfacet
  facet normal -0.573616 0.819124 0
    outer loop
      vertex 25.0716 24.7981 43
      vertex 25.5 25.0981 1.4
      vertex 25.0716 24.7981 1.4
    endloop
  endfacet
  facet normal 0.819124 0.573616 -1.68192e-19
    outer loop
      vertex 29.5981 24 43
      vertex 29.2981 24.4284 1.4
      vertex 29.2981 24.4284 43
    endloop
  endfacet
  facet normal 0.819124 0.573616 -1.68192e-19
    outer loop
      vertex 29.2981 24.4284 1.4
      vertex 29.5981 24 43
      vertex 29.5981 24 1.4
    endloop
  endfacet
  facet normal 0.422645 0.906295 -0
    outer loop
      vertex 28.5 25.0981 1.4
      vertex 28.0261 25.3191 43
      vertex 28.5 25.0981 43
    endloop
  endfacet
  facet normal 0.422645 0.906295 0
    outer loop
      vertex 28.0261 25.3191 43
      vertex 28.5 25.0981 1.4
      vertex 28.0261 25.3191 1.4
    endloop
  endfacet
  facet normal 0.258698 -0.965958 0
    outer loop
      vertex 27.5209 19.5456 5.4
      vertex 28.0261 19.6809 43
      vertex 27.5209 19.5456 43
    endloop
  endfacet
  facet normal 0.258698 -0.965958 0
    outer loop
      vertex 28.0261 19.6809 43
      vertex 27.5209 19.5456 5.4
      vertex 28.0261 19.6809 5.4
    endloop
  endfacet
  facet normal 0 0 1
    outer loop
      vertex 28.375 22.5 43
      vertex 30 22.5 43
      vertex 29.9544 23.0209 43
    endloop
  endfacet
  facet normal 0 0 1
    outer loop
      vertex 28.3541 22.7388 43
      vertex 29.9544 23.0209 43
      vertex 29.8191 23.5261 43
    endloop
  endfacet
  facet normal 0 0 1
    outer loop
      vertex 30 22.5 43
      vertex 28.375 22.5 43
      vertex 29.9544 21.9791 43
    endloop
  endfacet
  facet normal 0 0 1
    outer loop
      vertex 28.2921 22.9703 43
      vertex 29.8191 23.5261 43
      vertex 29.5981 24 43
    endloop
  endfacet
  facet normal -0 0 1
    outer loop
      vertex 28.3541 22.2612 43
      vertex 29.9544 21.9791 43
      vertex 28.375 22.5 43
    endloop
  endfacet
  facet normal 0 0 1
    outer loop
      vertex 28.1908 23.1875 43
      vertex 29.5981 24 43
      vertex 29.2981 24.4284 43
    endloop
  endfacet
  facet normal 0 0 1
    outer loop
      vertex 29.9544 21.9791 43
      vertex 28.3541 22.2612 43
      vertex 29.8191 21.4739 43
    endloop
  endfacet
  facet normal 0 0 1
    outer loop
      vertex 28.0533 23.3838 43
      vertex 29.2981 24.4284 43
      vertex 28.9284 24.7981 43
    endloop
  endfacet
  facet normal -0 0 1
    outer loop
      vertex 28.2921 22.0297 43
      vertex 29.8191 21.4739 43
      vertex 28.3541 22.2612 43
    endloop
  endfacet
  facet normal 0 0 1
    outer loop
      vertex 27.8838 23.5533 43
      vertex 28.9284 24.7981 43
      vertex 28.5 25.0981 43
    endloop
  endfacet
  facet normal 0 0 1
    outer loop
      vertex 29.8191 21.4739 43
      vertex 28.2921 22.0297 43
      vertex 29.5981 21 43
    endloop
  endfacet
  facet normal -0 0 1
    outer loop
      vertex 28.1908 21.8125 43
      vertex 29.5981 21 43
      vertex 28.2921 22.0297 43
    endloop
  endfacet
  facet normal 0 0 1
    outer loop
      vertex 29.9544 23.0209 43
      vertex 28.3541 22.7388 43
      vertex 28.375 22.5 43
    endloop
  endfacet
  facet normal 0 0 1
    outer loop
      vertex 29.8191 23.5261 43
      vertex 28.2921 22.9703 43
      vertex 28.3541 22.7388 43
    endloop
  endfacet
  facet normal 0 0 1
    outer loop
      vertex 29.5981 24 43
      vertex 28.1908 23.1875 43
      vertex 28.2921 22.9703 43
    endloop
  endfacet
  facet normal 0 0 1
    outer loop
      vertex 29.2981 24.4284 43
      vertex 28.0533 23.3838 43
      vertex 28.1908 23.1875 43
    endloop
  endfacet
  facet normal 0 0 1
    outer loop
      vertex 27.6875 23.6908 43
      vertex 28.5 25.0981 43
      vertex 28.0261 25.3191 43
    endloop
  endfacet
  facet normal 0 0 1
    outer loop
      vertex 28.9284 24.7981 43
      vertex 27.8838 23.5533 43
      vertex 28.0533 23.3838 43
    endloop
  endfacet
  facet normal 0 0 1
    outer loop
      vertex 28.5 25.0981 43
      vertex 27.6875 23.6908 43
      vertex 27.8838 23.5533 43
    endloop
  endfacet
  facet normal 0 0 1
    outer loop
      vertex 27.4703 23.7921 43
      vertex 28.0261 25.3191 43
      vertex 27.5209 25.4544 43
    endloop
  endfacet
  facet normal 0 0 1
    outer loop
      vertex 28.0261 25.3191 43
      vertex 27.4703 23.7921 43
      vertex 27.6875 23.6908 43
    endloop
  endfacet
  facet normal 0 0 1
    outer loop
      vertex 27.5209 25.4544 43
      vertex 27.2388 23.8541 43
      vertex 27.4703 23.7921 43
    endloop
  endfacet
  facet normal 0 0 1
    outer loop
      vertex 27 25.5 43
      vertex 27.2388 23.8541 43
      vertex 27.5209 25.4544 43
    endloop
  endfacet
  facet normal 0 0 1
    outer loop
      vertex 27 25.5 43
      vertex 27 23.875 43
      vertex 27.2388 23.8541 43
    endloop
  endfacet
  facet normal 0 0 1
    outer loop
      vertex 27 25.5 43
      vertex 26.7612 23.8541 43
      vertex 27 23.875 43
    endloop
  endfacet
  facet normal -0 0 1
    outer loop
      vertex 26.4791 25.4544 43
      vertex 26.7612 23.8541 43
      vertex 27 25.5 43
    endloop
  endfacet
  facet normal 0 0 1
    outer loop
      vertex 26.7612 23.8541 43
      vertex 26.4791 25.4544 43
      vertex 26.5297 23.7921 43
    endloop
  endfacet
  facet normal -0 0 1
    outer loop
      vertex 25.9739 25.3191 43
      vertex 26.5297 23.7921 43
      vertex 26.4791 25.4544 43
    endloop
  endfacet
  facet normal 0 0 1
    outer loop
      vertex 26.5297 23.7921 43
      vertex 25.9739 25.3191 43
      vertex 26.3125 23.6908 43
    endloop
  endfacet
  facet normal -0 0 1
    outer loop
      vertex 25.5 25.0981 43
      vertex 26.3125 23.6908 43
      vertex 25.9739 25.3191 43
    endloop
  endfacet
  facet normal 0 0 1
    outer loop
      vertex 26.3125 23.6908 43
      vertex 25.5 25.0981 43
      vertex 26.1162 23.5533 43
    endloop
  endfacet
  facet normal -0 0 1
    outer loop
      vertex 25.0716 24.7981 43
      vertex 26.1162 23.5533 43
      vertex 25.5 25.0981 43
    endloop
  endfacet
  facet normal 0 0 1
    outer loop
      vertex 26.1162 23.5533 43
      vertex 25.0716 24.7981 43
      vertex 25.9467 23.3838 43
    endloop
  endfacet
  facet normal -0 0 1
    outer loop
      vertex 24.7019 24.4284 43
      vertex 25.9467 23.3838 43
      vertex 25.0716 24.7981 43
    endloop
  endfacet
  facet normal -0 0 1
    outer loop
      vertex 24.4019 24 43
      vertex 25.8092 23.1875 43
      vertex 24.7019 24.4284 43
    endloop
  endfacet
  facet normal 0 0 1
    outer loop
      vertex 25.9467 23.3838 43
      vertex 24.7019 24.4284 43
      vertex 25.8092 23.1875 43
    endloop
  endfacet
  facet normal 0 0 1
    outer loop
      vertex 29.5981 21 43
      vertex 28.1908 21.8125 43
      vertex 29.2981 20.5716 43
    endloop
  endfacet
  facet normal -0 0 1
    outer loop
      vertex 28.0533 21.6162 43
      vertex 29.2981 20.5716 43
      vertex 28.1908 21.8125 43
    endloop
  endfacet
  facet normal 0 0 1
    outer loop
      vertex 29.2981 20.5716 43
      vertex 28.0533 21.6162 43
      vertex 28.9284 20.2019 43
    endloop
  endfacet
  facet normal -0 0 1
    outer loop
      vertex 27.8838 21.4467 43
      vertex 28.9284 20.2019 43
      vertex 28.0533 21.6162 43
    endloop
  endfacet
  facet normal 0 0 1
    outer loop
      vertex 28.9284 20.2019 43
      vertex 27.8838 21.4467 43
      vertex 28.5 19.9019 43
    endloop
  endfacet
  facet normal -0 0 1
    outer loop
      vertex 27.6875 21.3092 43
      vertex 28.5 19.9019 43
      vertex 27.8838 21.4467 43
    endloop
  endfacet
  facet normal 0 0 1
    outer loop
      vertex 28.5 19.9019 43
      vertex 27.6875 21.3092 43
      vertex 28.0261 19.6809 43
    endloop
  endfacet
  facet normal -0 0 1
    outer loop
      vertex 27.4703 21.2079 43
      vertex 28.0261 19.6809 43
      vertex 27.6875 21.3092 43
    endloop
  endfacet
  facet normal 0 0 1
    outer loop
      vertex 28.0261 19.6809 43
      vertex 27.4703 21.2079 43
      vertex 27.5209 19.5456 43
    endloop
  endfacet
  facet normal -0 0 1
    outer loop
      vertex 27.2388 21.1459 43
      vertex 27.5209 19.5456 43
      vertex 27.4703 21.2079 43
    endloop
  endfacet
  facet normal -0 0 1
    outer loop
      vertex 27 21.125 43
      vertex 27.5209 19.5456 43
      vertex 27.2388 21.1459 43
    endloop
  endfacet
  facet normal 0 0 1
    outer loop
      vertex 27 21.125 43
      vertex 27 19.5 43
      vertex 27.5209 19.5456 43
    endloop
  endfacet
  facet normal 0 0 1
    outer loop
      vertex 26.7612 21.1459 43
      vertex 27 19.5 43
      vertex 27 21.125 43
    endloop
  endfacet
  facet normal 0 0 1
    outer loop
      vertex 26.4791 19.5456 43
      vertex 26.7612 21.1459 43
      vertex 26.5297 21.2079 43
    endloop
  endfacet
  facet normal 0 0 1
    outer loop
      vertex 26.7612 21.1459 43
      vertex 26.4791 19.5456 43
      vertex 27 19.5 43
    endloop
  endfacet
  facet normal 0 0 1
    outer loop
      vertex 25.9739 19.6809 43
      vertex 26.5297 21.2079 43
      vertex 26.3125 21.3092 43
    endloop
  endfacet
  facet normal 0 0 1
    outer loop
      vertex 25.5 19.9019 43
      vertex 26.3125 21.3092 43
      vertex 26.1162 21.4467 43
    endloop
  endfacet
  facet normal 0 0 1
    outer loop
      vertex 26.5297 21.2079 43
      vertex 25.9739 19.6809 43
      vertex 26.4791 19.5456 43
    endloop
  endfacet
  facet normal 0 0 1
    outer loop
      vertex 25.0716 20.2019 43
      vertex 26.1162 21.4467 43
      vertex 25.9467 21.6162 43
    endloop
  endfacet
  facet normal 0 0 1
    outer loop
      vertex 24.7019 20.5716 43
      vertex 25.9467 21.6162 43
      vertex 25.8092 21.8125 43
    endloop
  endfacet
  facet normal 0 0 1
    outer loop
      vertex 24.4019 21 43
      vertex 25.8092 21.8125 43
      vertex 25.7079 22.0297 43
    endloop
  endfacet
  facet normal 0 0 1
    outer loop
      vertex 24.1809 21.4739 43
      vertex 25.7079 22.0297 43
      vertex 25.6459 22.2612 43
    endloop
  endfacet
  facet normal 0 0 1
    outer loop
      vertex 26.3125 21.3092 43
      vertex 25.5 19.9019 43
      vertex 25.9739 19.6809 43
    endloop
  endfacet
  facet normal 0 0 1
    outer loop
      vertex 24.0456 21.9791 43
      vertex 25.6459 22.2612 43
      vertex 25.625 22.5 43
    endloop
  endfacet
  facet normal 0 0 1
    outer loop
      vertex 25.8092 23.1875 43
      vertex 24.4019 24 43
      vertex 25.7079 22.9703 43
    endloop
  endfacet
  facet normal -0 0 1
    outer loop
      vertex 24.1809 23.5261 43
      vertex 25.7079 22.9703 43
      vertex 24.4019 24 43
    endloop
  endfacet
  facet normal 0 0 1
    outer loop
      vertex 26.1162 21.4467 43
      vertex 25.0716 20.2019 43
      vertex 25.5 19.9019 43
    endloop
  endfacet
  facet normal 0 0 1
    outer loop
      vertex 25.7079 22.9703 43
      vertex 24.1809 23.5261 43
      vertex 25.6459 22.7388 43
    endloop
  endfacet
  facet normal 0 0 1
    outer loop
      vertex 25.9467 21.6162 43
      vertex 24.7019 20.5716 43
      vertex 25.0716 20.2019 43
    endloop
  endfacet
  facet normal -0 0 1
    outer loop
      vertex 24.0456 23.0209 43
      vertex 25.6459 22.7388 43
      vertex 24.1809 23.5261 43
    endloop
  endfacet
  facet normal 0 0 1
    outer loop
      vertex 25.8092 21.8125 43
      vertex 24.4019 21 43
      vertex 24.7019 20.5716 43
    endloop
  endfacet
  facet normal 0 0 1
    outer loop
      vertex 25.6459 22.7388 43
      vertex 24.0456 23.0209 43
      vertex 25.625 22.5 43
    endloop
  endfacet
  facet normal 0 0 1
    outer loop
      vertex 25.7079 22.0297 43
      vertex 24.1809 21.4739 43
      vertex 24.4019 21 43
    endloop
  endfacet
  facet normal 0 0 1
    outer loop
      vertex 24 22.5 43
      vertex 25.625 22.5 43
      vertex 24.0456 23.0209 43
    endloop
  endfacet
  facet normal 0 0 1
    outer loop
      vertex 25.6459 22.2612 43
      vertex 24.0456 21.9791 43
      vertex 24.1809 21.4739 43
    endloop
  endfacet
  facet normal 0 0 1
    outer loop
      vertex 25.625 22.5 43
      vertex 24 22.5 43
      vertex 24.0456 21.9791 43
    endloop
  endfacet
  facet normal 0.573616 -0.819124 0
    outer loop
      vertex 28.5 19.9019 5.4
      vertex 28.9284 20.2019 43
      vertex 28.5 19.9019 43
    endloop
  endfacet
  facet normal 0.57358 -0.81915 6.1579e-07
    outer loop
      vertex 28.6401 20 5.4
      vertex 28.9284 20.2019 43
      vertex 28.5 19.9019 5.4
    endloop
  endfacet
  facet normal 0.573634 -0.819112 1.75793e-18
    outer loop
      vertex 28.9284 20.2019 1.4
      vertex 28.6401 20 5.4
      vertex 28.6401 20 1.4
    endloop
  endfacet
  facet normal 0.573634 -0.819112 1.69031e-19
    outer loop
      vertex 28.6401 20 5.4
      vertex 28.9284 20.2019 1.4
      vertex 28.9284 20.2019 43
    endloop
  endfacet
  facet normal 0.99619 -0.0872073 -4.26979e-20
    outer loop
      vertex 29.9544 21.9791 43
      vertex 30 22.5 1.4
      vertex 30 22.5 43
    endloop
  endfacet
  facet normal 0.99619 -0.0872073 -4.26979e-20
    outer loop
      vertex 30 22.5 1.4
      vertex 29.9544 21.9791 43
      vertex 29.9544 21.9791 1.4
    endloop
  endfacet
  facet normal 0.573616 0.819124 -0
    outer loop
      vertex 28.9284 24.7981 1.4
      vertex 28.5 25.0981 43
      vertex 28.9284 24.7981 43
    endloop
  endfacet
  facet normal 0.573616 0.819124 0
    outer loop
      vertex 28.5 25.0981 43
      vertex 28.9284 24.7981 1.4
      vertex 28.5 25.0981 1.4
    endloop
  endfacet
  facet normal 0.0872073 0.99619 -0
    outer loop
      vertex 27.5209 25.4544 1.4
      vertex 27 25.5 43
      vertex 27.5209 25.4544 43
    endloop
  endfacet
  facet normal 0.0872073 0.99619 0
    outer loop
      vertex 27 25.5 43
      vertex 27.5209 25.4544 1.4
      vertex 27 25.5 1.4
    endloop
  endfacet
  facet normal -0.906295 0.422645 -2.60526e-19
    outer loop
      vertex 24.1809 23.5261 1.4
      vertex 24.4019 24 43
      vertex 24.4019 24 1.4
    endloop
  endfacet
  facet normal -0.906295 0.422645 -2.60526e-19
    outer loop
      vertex 24.4019 24 43
      vertex 24.1809 23.5261 1.4
      vertex 24.1809 23.5261 43
    endloop
  endfacet
  facet normal -0.258698 0.965958 0
    outer loop
      vertex 26.4791 25.4544 1.4
      vertex 25.9739 25.3191 43
      vertex 26.4791 25.4544 43
    endloop
  endfacet
  facet normal -0.258698 0.965958 0
    outer loop
      vertex 25.9739 25.3191 43
      vertex 26.4791 25.4544 1.4
      vertex 25.9739 25.3191 1.4
    endloop
  endfacet
  facet normal -0.0872073 0.99619 0
    outer loop
      vertex 27 25.5 1.4
      vertex 26.4791 25.4544 43
      vertex 27 25.5 43
    endloop
  endfacet
  facet normal -0.0872073 0.99619 0
    outer loop
      vertex 26.4791 25.4544 43
      vertex 27 25.5 1.4
      vertex 26.4791 25.4544 1.4
    endloop
  endfacet
  facet normal -0.906295 -0.422645 3.61263e-18
    outer loop
      vertex 24.4019 21 40
      vertex 24.1809 21.4739 43
      vertex 24.1809 21.4739 40
    endloop
  endfacet
  facet normal -0.906295 -0.422645 3.61263e-18
    outer loop
      vertex 24.1809 21.4739 43
      vertex 24.4019 21 40
      vertex 24.4019 21 43
    endloop
  endfacet
  facet normal -0.906295 -0.422645 3.01891e-19
    outer loop
      vertex 24.4019 21 1.4
      vertex 24.1809 21.4739 37.3
      vertex 24.1809 21.4739 1.4
    endloop
  endfacet
  facet normal -0.906295 -0.422645 3.01891e-19
    outer loop
      vertex 24.1809 21.4739 37.3
      vertex 24.4019 21 1.4
      vertex 24.4019 21 37.3
    endloop
  endfacet
  facet normal -0.819124 -0.573616 -4.37298e-18
    outer loop
      vertex 24.7019 20.5716 38.4
      vertex 24.4019 21 40
      vertex 24.4019 21 38.4
    endloop
  endfacet
  facet normal -0.819124 -0.573616 -0
    outer loop
      vertex 24.7019 20.5716 43
      vertex 24.4019 21 40
      vertex 24.7019 20.5716 38.4
    endloop
  endfacet
  facet normal -0.819124 -0.573616 0
    outer loop
      vertex 24.4019 21 40
      vertex 24.7019 20.5716 43
      vertex 24.4019 21 43
    endloop
  endfacet
  facet normal -0.819124 -0.573616 -1.94896e-19
    outer loop
      vertex 24.7019 20.5716 1.4
      vertex 24.4019 21 37.3
      vertex 24.4019 21 1.4
    endloop
  endfacet
  facet normal -0.819124 -0.573616 -1.94896e-19
    outer loop
      vertex 24.4019 21 37.3
      vertex 24.7019 20.5716 1.4
      vertex 24.7019 20.5716 37.3
    endloop
  endfacet
  facet normal -0.707107 -0.707107 -5.87865e-19
    outer loop
      vertex 25.0716 20.2019 38.4
      vertex 24.7019 20.5716 43
      vertex 24.7019 20.5716 38.4
    endloop
  endfacet
  facet normal -0.707107 -0.707107 -5.87865e-19
    outer loop
      vertex 24.7019 20.5716 43
      vertex 25.0716 20.2019 38.4
      vertex 25.0716 20.2019 43
    endloop
  endfacet
  facet normal -0.707107 -0.707107 -7.53253e-20
    outer loop
      vertex 25.0716 20.2019 1.4
      vertex 24.7019 20.5716 37.3
      vertex 24.7019 20.5716 1.4
    endloop
  endfacet
  facet normal -0.707107 -0.707107 -7.53253e-20
    outer loop
      vertex 24.7019 20.5716 37.3
      vertex 25.0716 20.2019 1.4
      vertex 25.0716 20.2019 37.3
    endloop
  endfacet
  facet normal -0.422645 -0.906295 0
    outer loop
      vertex 25.5 19.9019 40
      vertex 25.9739 19.6809 43
      vertex 25.5 19.9019 43
    endloop
  endfacet
  facet normal -0.422645 -0.906295 -0
    outer loop
      vertex 25.9739 19.6809 43
      vertex 25.5 19.9019 40
      vertex 25.9739 19.6809 40
    endloop
  endfacet
  facet normal -0.422645 -0.906295 0
    outer loop
      vertex 25.5 19.9019 5.4
      vertex 25.9739 19.6809 37.3
      vertex 25.5 19.9019 37.3
    endloop
  endfacet
  facet normal -0.422645 -0.906295 -0
    outer loop
      vertex 25.9739 19.6809 37.3
      vertex 25.5 19.9019 5.4
      vertex 25.9739 19.6809 5.4
    endloop
  endfacet
  facet normal -0.965958 0.258698 -2.17032e-19
    outer loop
      vertex 24.0456 23.0209 1.4
      vertex 24.1809 23.5261 43
      vertex 24.1809 23.5261 1.4
    endloop
  endfacet
  facet normal -0.965958 0.258698 -2.17032e-19
    outer loop
      vertex 24.1809 23.5261 43
      vertex 24.0456 23.0209 1.4
      vertex 24.0456 23.0209 43
    endloop
  endfacet
  facet normal -0.707107 0.707107 6.50043e-20
    outer loop
      vertex 24.7019 24.4284 1.4
      vertex 25.0716 24.7981 43
      vertex 25.0716 24.7981 1.4
    endloop
  endfacet
  facet normal -0.707107 0.707107 6.50043e-20
    outer loop
      vertex 25.0716 24.7981 43
      vertex 24.7019 24.4284 1.4
      vertex 24.7019 24.4284 43
    endloop
  endfacet
  facet normal 0.707107 0.707107 9.97594e-19
    outer loop
      vertex 26.1162 21.4467 43
      vertex 25.9467 21.6162 38.4
      vertex 25.9467 21.6162 43
    endloop
  endfacet
  facet normal 0.707107 0.707107 9.97594e-19
    outer loop
      vertex 25.9467 21.6162 38.4
      vertex 26.1162 21.4467 43
      vertex 26.1162 21.4467 38.4
    endloop
  endfacet
  facet normal 0.707107 0.707107 1.27825e-19
    outer loop
      vertex 26.1162 21.4467 37.3
      vertex 25.9467 21.6162 1.4
      vertex 25.9467 21.6162 37.3
    endloop
  endfacet
  facet normal 0.707107 0.707107 1.27825e-19
    outer loop
      vertex 25.9467 21.6162 1.4
      vertex 26.1162 21.4467 37.3
      vertex 26.1162 21.4467 1.4
    endloop
  endfacet
  facet normal 0.906279 -0.42268 -3.79862e-21
    outer loop
      vertex 25.7079 22.9703 43
      vertex 25.8092 23.1875 1.4
      vertex 25.8092 23.1875 43
    endloop
  endfacet
  facet normal 0.906279 -0.42268 -3.79862e-21
    outer loop
      vertex 25.8092 23.1875 1.4
      vertex 25.7079 22.9703 43
      vertex 25.7079 22.9703 1.4
    endloop
  endfacet
  facet normal -0.965957 -0.258701 1.95991e-21
    outer loop
      vertex 28.3541 22.7388 1.4
      vertex 28.2921 22.9703 43
      vertex 28.2921 22.9703 1.4
    endloop
  endfacet
  facet normal -0.965957 -0.258701 1.95991e-21
    outer loop
      vertex 28.2921 22.9703 43
      vertex 28.3541 22.7388 1.4
      vertex 28.3541 22.7388 43
    endloop
  endfacet
  facet normal -0.996192 -0.0871877 2.63597e-20
    outer loop
      vertex 28.375 22.5 1.4
      vertex 28.3541 22.7388 43
      vertex 28.3541 22.7388 1.4
    endloop
  endfacet
  facet normal -0.996192 -0.0871877 2.63597e-20
    outer loop
      vertex 28.3541 22.7388 43
      vertex 28.375 22.5 1.4
      vertex 28.375 22.5 43
    endloop
  endfacet
  facet normal -0.906279 -0.42268 3.79862e-21
    outer loop
      vertex 28.2921 22.9703 1.4
      vertex 28.1908 23.1875 43
      vertex 28.1908 23.1875 1.4
    endloop
  endfacet
  facet normal -0.906279 -0.42268 3.79862e-21
    outer loop
      vertex 28.1908 23.1875 43
      vertex 28.2921 22.9703 1.4
      vertex 28.2921 22.9703 43
    endloop
  endfacet
  facet normal -0.573714 0.819055 0
    outer loop
      vertex 27.8838 21.4467 1.4
      vertex 27.6875 21.3092 43
      vertex 27.8838 21.4467 43
    endloop
  endfacet
  facet normal -0.573714 0.819055 0
    outer loop
      vertex 27.6875 21.3092 43
      vertex 27.8838 21.4467 1.4
      vertex 27.6875 21.3092 1.4
    endloop
  endfacet
  facet normal 0.0871877 0.996192 -0
    outer loop
      vertex 27 21.125 1.4
      vertex 26.7612 21.1459 43
      vertex 27 21.125 43
    endloop
  endfacet
  facet normal 0.0871877 0.996192 0
    outer loop
      vertex 26.7612 21.1459 43
      vertex 27 21.125 1.4
      vertex 26.7612 21.1459 1.4
    endloop
  endfacet
  facet normal -0.707107 0.707107 -1.10311e-19
    outer loop
      vertex 27.8838 21.4467 1.4
      vertex 28.0533 21.6162 43
      vertex 28.0533 21.6162 1.4
    endloop
  endfacet
  facet normal -0.707107 0.707107 -1.10311e-19
    outer loop
      vertex 28.0533 21.6162 43
      vertex 27.8838 21.4467 1.4
      vertex 27.8838 21.4467 43
    endloop
  endfacet
  facet normal -0.42268 0.906279 0
    outer loop
      vertex 27.6875 21.3092 1.4
      vertex 27.4703 21.2079 43
      vertex 27.6875 21.3092 43
    endloop
  endfacet
  facet normal -0.42268 0.906279 0
    outer loop
      vertex 27.4703 21.2079 43
      vertex 27.6875 21.3092 1.4
      vertex 27.4703 21.2079 1.4
    endloop
  endfacet
  facet normal 0.258701 -0.965957 0
    outer loop
      vertex 26.5297 23.7921 1.4
      vertex 26.7612 23.8541 43
      vertex 26.5297 23.7921 43
    endloop
  endfacet
  facet normal 0.258701 -0.965957 0
    outer loop
      vertex 26.7612 23.8541 43
      vertex 26.5297 23.7921 1.4
      vertex 26.7612 23.8541 1.4
    endloop
  endfacet
  facet normal 0.42268 -0.906279 0
    outer loop
      vertex 26.3125 23.6908 1.4
      vertex 26.5297 23.7921 43
      vertex 26.3125 23.6908 43
    endloop
  endfacet
  facet normal 0.42268 -0.906279 0
    outer loop
      vertex 26.5297 23.7921 43
      vertex 26.3125 23.6908 1.4
      vertex 26.5297 23.7921 1.4
    endloop
  endfacet
  facet normal -0.0871877 0.996192 0
    outer loop
      vertex 27.2388 21.1459 1.4
      vertex 27 21.125 43
      vertex 27.2388 21.1459 43
    endloop
  endfacet
  facet normal -0.0871877 0.996192 0
    outer loop
      vertex 27 21.125 43
      vertex 27.2388 21.1459 1.4
      vertex 27 21.125 1.4
    endloop
  endfacet
  facet normal 0.9659 0.258915 -0
    outer loop
      vertex 25.6845 22.1172 37.3
      vertex 25.6459 22.2612 43
      vertex 25.6845 22.1172 38.4
    endloop
  endfacet
  facet normal 0.965957 0.258701 7.16599e-06
    outer loop
      vertex 25.7079 22.0297 43
      vertex 25.6845 22.1172 38.4
      vertex 25.6459 22.2612 43
    endloop
  endfacet
  facet normal 0.966051 0.25835 -2.24499e-19
    outer loop
      vertex 25.6845 22.1172 38.4
      vertex 25.7079 22.0297 43
      vertex 25.7079 22.0297 38.4
    endloop
  endfacet
  facet normal 0.9659 0.258915 0
    outer loop
      vertex 25.6459 22.2612 43
      vertex 25.6845 22.1172 37.3
      vertex 25.6459 22.2612 1.4
    endloop
  endfacet
  facet normal 0.966051 0.25835 -2.42954e-06
    outer loop
      vertex 25.7079 22.0297 37.3
      vertex 25.6459 22.2612 1.4
      vertex 25.6845 22.1172 37.3
    endloop
  endfacet
  facet normal 0.965957 0.258701 2.2711e-21
    outer loop
      vertex 25.6459 22.2612 1.4
      vertex 25.7079 22.0297 37.3
      vertex 25.7079 22.0297 1.4
    endloop
  endfacet
  facet normal 0.573714 0.819055 -0
    outer loop
      vertex 26.3125 21.3092 38.4
      vertex 26.1162 21.4467 43
      vertex 26.3125 21.3092 43
    endloop
  endfacet
  facet normal 0.573714 0.819055 0
    outer loop
      vertex 26.1162 21.4467 43
      vertex 26.3125 21.3092 38.4
      vertex 26.1162 21.4467 38.4
    endloop
  endfacet
  facet normal 0.573714 0.819055 -0
    outer loop
      vertex 26.3125 21.3092 1.4
      vertex 26.1162 21.4467 37.3
      vertex 26.3125 21.3092 37.3
    endloop
  endfacet
  facet normal 0.573714 0.819055 0
    outer loop
      vertex 26.1162 21.4467 37.3
      vertex 26.3125 21.3092 1.4
      vertex 26.1162 21.4467 1.4
    endloop
  endfacet
  facet normal 0.819055 -0.573714 1.38414e-19
    outer loop
      vertex 25.8092 23.1875 43
      vertex 25.9467 23.3838 1.4
      vertex 25.9467 23.3838 43
    endloop
  endfacet
  facet normal 0.819055 -0.573714 1.38414e-19
    outer loop
      vertex 25.9467 23.3838 1.4
      vertex 25.8092 23.1875 43
      vertex 25.8092 23.1875 1.4
    endloop
  endfacet
  facet normal -0.906279 0.42268 -3.79862e-21
    outer loop
      vertex 28.1908 21.8125 1.4
      vertex 28.2921 22.0297 43
      vertex 28.2921 22.0297 1.4
    endloop
  endfacet
  facet normal -0.906279 0.42268 -3.79862e-21
    outer loop
      vertex 28.2921 22.0297 43
      vertex 28.1908 21.8125 1.4
      vertex 28.1908 21.8125 43
    endloop
  endfacet
  facet normal 0.819055 0.573714 -1.25175e-18
    outer loop
      vertex 25.9467 21.6162 43
      vertex 25.8092 21.8125 38.4
      vertex 25.8092 21.8125 43
    endloop
  endfacet
  facet normal 0.819055 0.573714 -1.25175e-18
    outer loop
      vertex 25.8092 21.8125 38.4
      vertex 25.9467 21.6162 43
      vertex 25.9467 21.6162 38.4
    endloop
  endfacet
  facet normal 0.819055 0.573714 -1.60391e-19
    outer loop
      vertex 25.9467 21.6162 37.3
      vertex 25.8092 21.8125 1.4
      vertex 25.8092 21.8125 37.3
    endloop
  endfacet
  facet normal 0.819055 0.573714 -1.60391e-19
    outer loop
      vertex 25.8092 21.8125 1.4
      vertex 25.9467 21.6162 37.3
      vertex 25.9467 21.6162 1.4
    endloop
  endfacet
  facet normal 0.573714 -0.819055 0
    outer loop
      vertex 26.1162 23.5533 1.4
      vertex 26.3125 23.6908 43
      vertex 26.1162 23.5533 43
    endloop
  endfacet
  facet normal 0.573714 -0.819055 0
    outer loop
      vertex 26.3125 23.6908 43
      vertex 26.1162 23.5533 1.4
      vertex 26.3125 23.6908 1.4
    endloop
  endfacet
  facet normal -0.819055 0.573714 1.38414e-19
    outer loop
      vertex 28.0533 21.6162 1.4
      vertex 28.1908 21.8125 43
      vertex 28.1908 21.8125 1.4
    endloop
  endfacet
  facet normal -0.819055 0.573714 1.38414e-19
    outer loop
      vertex 28.1908 21.8125 43
      vertex 28.0533 21.6162 1.4
      vertex 28.0533 21.6162 43
    endloop
  endfacet
  facet normal -0.819055 -0.573714 -1.38414e-19
    outer loop
      vertex 28.1908 23.1875 1.4
      vertex 28.0533 23.3838 43
      vertex 28.0533 23.3838 1.4
    endloop
  endfacet
  facet normal -0.819055 -0.573714 -1.38414e-19
    outer loop
      vertex 28.0533 23.3838 43
      vertex 28.1908 23.1875 1.4
      vertex 28.1908 23.1875 43
    endloop
  endfacet
  facet normal -0.965957 0.258701 -1.95991e-21
    outer loop
      vertex 28.2921 22.0297 1.4
      vertex 28.3541 22.2612 43
      vertex 28.3541 22.2612 1.4
    endloop
  endfacet
  facet normal -0.965957 0.258701 -1.95991e-21
    outer loop
      vertex 28.3541 22.2612 43
      vertex 28.2921 22.0297 1.4
      vertex 28.2921 22.0297 43
    endloop
  endfacet
  facet normal 0.996192 -0.0871877 -2.63597e-20
    outer loop
      vertex 25.625 22.5 43
      vertex 25.6459 22.7388 1.4
      vertex 25.6459 22.7388 43
    endloop
  endfacet
  facet normal 0.996192 -0.0871877 -2.63597e-20
    outer loop
      vertex 25.6459 22.7388 1.4
      vertex 25.625 22.5 43
      vertex 25.625 22.5 1.4
    endloop
  endfacet
  facet normal -0.42268 -0.906279 0
    outer loop
      vertex 27.4703 23.7921 1.4
      vertex 27.6875 23.6908 43
      vertex 27.4703 23.7921 43
    endloop
  endfacet
  facet normal -0.42268 -0.906279 -0
    outer loop
      vertex 27.6875 23.6908 43
      vertex 27.4703 23.7921 1.4
      vertex 27.6875 23.6908 1.4
    endloop
  endfacet
  facet normal -0.707107 -0.707107 1.10311e-19
    outer loop
      vertex 28.0533 23.3838 1.4
      vertex 27.8838 23.5533 43
      vertex 27.8838 23.5533 1.4
    endloop
  endfacet
  facet normal -0.707107 -0.707107 1.10311e-19
    outer loop
      vertex 27.8838 23.5533 43
      vertex 28.0533 23.3838 1.4
      vertex 28.0533 23.3838 43
    endloop
  endfacet
  facet normal -0.258701 0.965957 0
    outer loop
      vertex 27.4703 21.2079 1.4
      vertex 27.2388 21.1459 43
      vertex 27.4703 21.2079 43
    endloop
  endfacet
  facet normal -0.258701 0.965957 0
    outer loop
      vertex 27.2388 21.1459 43
      vertex 27.4703 21.2079 1.4
      vertex 27.2388 21.1459 1.4
    endloop
  endfacet
  facet normal -0.996192 0.0871877 -2.63597e-20
    outer loop
      vertex 28.3541 22.2612 1.4
      vertex 28.375 22.5 43
      vertex 28.375 22.5 1.4
    endloop
  endfacet
  facet normal -0.996192 0.0871877 -2.63597e-20
    outer loop
      vertex 28.375 22.5 43
      vertex 28.3541 22.2612 1.4
      vertex 28.3541 22.2612 43
    endloop
  endfacet
  facet normal -0.573714 -0.819055 0
    outer loop
      vertex 27.6875 23.6908 1.4
      vertex 27.8838 23.5533 43
      vertex 27.6875 23.6908 43
    endloop
  endfacet
  facet normal -0.573714 -0.819055 -0
    outer loop
      vertex 27.8838 23.5533 43
      vertex 27.6875 23.6908 1.4
      vertex 27.8838 23.5533 1.4
    endloop
  endfacet
  facet normal 0.0871877 -0.996192 0
    outer loop
      vertex 26.7612 23.8541 1.4
      vertex 27 23.875 43
      vertex 26.7612 23.8541 43
    endloop
  endfacet
  facet normal 0.0871877 -0.996192 0
    outer loop
      vertex 27 23.875 43
      vertex 26.7612 23.8541 1.4
      vertex 27 23.875 1.4
    endloop
  endfacet
  facet normal 0.258701 0.965957 7.16599e-06
    outer loop
      vertex 26.7612 21.1459 43
      vertex 26.6172 21.1845 38.4
      vertex 26.5297 21.2079 43
    endloop
  endfacet
  facet normal 0.258915 0.9659 -9.67904e-19
    outer loop
      vertex 26.7612 21.1459 43
      vertex 26.6172 21.1845 37.3
      vertex 26.6172 21.1845 38.4
    endloop
  endfacet
  facet normal 0.258915 0.9659 -0
    outer loop
      vertex 26.7612 21.1459 1.4
      vertex 26.6172 21.1845 37.3
      vertex 26.7612 21.1459 43
    endloop
  endfacet
  facet normal 0.25835 0.966051 -2.42954e-06
    outer loop
      vertex 26.7612 21.1459 1.4
      vertex 26.5297 21.2079 37.3
      vertex 26.6172 21.1845 37.3
    endloop
  endfacet
  facet normal 0.258701 0.965957 0
    outer loop
      vertex 26.5297 21.2079 37.3
      vertex 26.7612 21.1459 1.4
      vertex 26.5297 21.2079 1.4
    endloop
  endfacet
  facet normal 0.25835 0.966051 0
    outer loop
      vertex 26.5297 21.2079 43
      vertex 26.6172 21.1845 38.4
      vertex 26.5297 21.2079 38.4
    endloop
  endfacet
  facet normal 0.906279 0.42268 3.43528e-20
    outer loop
      vertex 25.8092 21.8125 43
      vertex 25.7079 22.0297 38.4
      vertex 25.7079 22.0297 43
    endloop
  endfacet
  facet normal 0.906279 0.42268 3.43528e-20
    outer loop
      vertex 25.7079 22.0297 38.4
      vertex 25.8092 21.8125 43
      vertex 25.8092 21.8125 38.4
    endloop
  endfacet
  facet normal 0.906279 0.42268 4.40175e-21
    outer loop
      vertex 25.8092 21.8125 37.3
      vertex 25.7079 22.0297 1.4
      vertex 25.7079 22.0297 37.3
    endloop
  endfacet
  facet normal 0.906279 0.42268 4.40175e-21
    outer loop
      vertex 25.7079 22.0297 1.4
      vertex 25.8092 21.8125 37.3
      vertex 25.8092 21.8125 1.4
    endloop
  endfacet
  facet normal -0.0871877 -0.996192 0
    outer loop
      vertex 27 23.875 1.4
      vertex 27.2388 23.8541 43
      vertex 27 23.875 43
    endloop
  endfacet
  facet normal -0.0871877 -0.996192 -0
    outer loop
      vertex 27.2388 23.8541 43
      vertex 27 23.875 1.4
      vertex 27.2388 23.8541 1.4
    endloop
  endfacet
  facet normal 0.996192 0.0871877 2.63597e-20
    outer loop
      vertex 25.6459 22.2612 43
      vertex 25.625 22.5 1.4
      vertex 25.625 22.5 43
    endloop
  endfacet
  facet normal 0.996192 0.0871877 2.63597e-20
    outer loop
      vertex 25.625 22.5 1.4
      vertex 25.6459 22.2612 43
      vertex 25.6459 22.2612 1.4
    endloop
  endfacet
  facet normal -0.258701 -0.965957 0
    outer loop
      vertex 27.2388 23.8541 1.4
      vertex 27.4703 23.7921 43
      vertex 27.2388 23.8541 43
    endloop
  endfacet
  facet normal -0.258701 -0.965957 -0
    outer loop
      vertex 27.4703 23.7921 43
      vertex 27.2388 23.8541 1.4
      vertex 27.4703 23.7921 1.4
    endloop
  endfacet
  facet normal 0.965957 -0.258701 -1.95991e-21
    outer loop
      vertex 25.6459 22.7388 43
      vertex 25.7079 22.9703 1.4
      vertex 25.7079 22.9703 43
    endloop
  endfacet
  facet normal 0.965957 -0.258701 -1.95991e-21
    outer loop
      vertex 25.7079 22.9703 1.4
      vertex 25.6459 22.7388 43
      vertex 25.6459 22.7388 1.4
    endloop
  endfacet
  facet normal 0.42268 0.906279 -0
    outer loop
      vertex 26.5297 21.2079 38.4
      vertex 26.3125 21.3092 43
      vertex 26.5297 21.2079 43
    endloop
  endfacet
  facet normal 0.42268 0.906279 0
    outer loop
      vertex 26.3125 21.3092 43
      vertex 26.5297 21.2079 38.4
      vertex 26.3125 21.3092 38.4
    endloop
  endfacet
  facet normal 0.42268 0.906279 -0
    outer loop
      vertex 26.5297 21.2079 1.4
      vertex 26.3125 21.3092 37.3
      vertex 26.5297 21.2079 37.3
    endloop
  endfacet
  facet normal 0.42268 0.906279 0
    outer loop
      vertex 26.3125 21.3092 37.3
      vertex 26.5297 21.2079 1.4
      vertex 26.3125 21.3092 1.4
    endloop
  endfacet
  facet normal 0.707107 -0.707107 -1.10311e-19
    outer loop
      vertex 25.9467 23.3838 43
      vertex 26.1162 23.5533 1.4
      vertex 26.1162 23.5533 43
    endloop
  endfacet
  facet normal 0.707107 -0.707107 -1.10311e-19
    outer loop
      vertex 26.1162 23.5533 1.4
      vertex 25.9467 23.3838 43
      vertex 25.9467 23.3838 1.4
    endloop
  endfacet
  facet normal -0.260824 -0.965386 0
    outer loop
      vertex -31.713 -22.1095 37.3
      vertex -31.6845 -22.1172 38.4
      vertex -31.713 -22.1095 38.4
    endloop
  endfacet
  facet normal -0.260824 -0.965386 -0
    outer loop
      vertex -31.6845 -22.1172 38.4
      vertex -31.713 -22.1095 37.3
      vertex -31.6845 -22.1172 37.3
    endloop
  endfacet
  facet normal 0.819304 -0.57336 -3.16999e-18
    outer loop
      vertex -24.0509 -21.6642 38.4
      vertex -23.901 -21.45 37.3
      vertex -23.901 -21.45 38.4
    endloop
  endfacet
  facet normal 0.819304 -0.57336 -3.16999e-18
    outer loop
      vertex -23.901 -21.45 37.3
      vertex -24.0509 -21.6642 38.4
      vertex -24.0509 -21.6642 37.3
    endloop
  endfacet
  facet normal 0.422571 0.90633 -0
    outer loop
      vertex -24.45 -14.401 37.3
      vertex -24.687 -14.2905 38.4
      vertex -24.45 -14.401 38.4
    endloop
  endfacet
  facet normal 0.422571 0.90633 0
    outer loop
      vertex -24.687 -14.2905 38.4
      vertex -24.45 -14.401 37.3
      vertex -24.687 -14.2905 37.3
    endloop
  endfacet
  facet normal 1 -0 0
    outer loop
      vertex -23.7 -20.7 38.4
      vertex -23.7 -15.7 37.3
      vertex -23.7 -15.7 38.4
    endloop
  endfacet
  facet normal 1 0 0
    outer loop
      vertex -23.7 -15.7 37.3
      vertex -23.7 -20.7 38.4
      vertex -23.7 -20.7 37.3
    endloop
  endfacet
  facet normal -0.90633 -0.422571 -5.79266e-18
    outer loop
      vertex -32.499 -21.45 37.3
      vertex -32.6095 -21.213 38.4
      vertex -32.6095 -21.213 37.3
    endloop
  endfacet
  facet normal -0.90633 -0.422571 -5.79266e-18
    outer loop
      vertex -32.6095 -21.213 38.4
      vertex -32.499 -21.45 37.3
      vertex -32.499 -21.45 38.4
    endloop
  endfacet
  facet normal 0.0871907 -0.996192 0
    outer loop
      vertex -25.2 -22.2 37.3
      vertex -24.9395 -22.1772 38.4
      vertex -25.2 -22.2 38.4
    endloop
  endfacet
  facet normal 0.0871907 -0.996192 0
    outer loop
      vertex -24.9395 -22.1772 38.4
      vertex -25.2 -22.2 37.3
      vertex -24.9395 -22.1772 37.3
    endloop
  endfacet
  facet normal 0.707107 0.707107 -5.74883e-18
    outer loop
      vertex -24.0509 -14.7358 38.4
      vertex -24.2358 -14.5509 37.3
      vertex -24.2358 -14.5509 38.4
    endloop
  endfacet
  facet normal 0.707107 0.707107 -5.74883e-18
    outer loop
      vertex -24.2358 -14.5509 37.3
      vertex -24.0509 -14.7358 38.4
      vertex -24.0509 -14.7358 37.3
    endloop
  endfacet
  facet normal 0.258972 -0.965885 0
    outer loop
      vertex -24.9395 -22.1772 37.3
      vertex -24.687 -22.1095 38.4
      vertex -24.9395 -22.1772 38.4
    endloop
  endfacet
  facet normal 0.258972 -0.965885 0
    outer loop
      vertex -24.687 -22.1095 38.4
      vertex -24.9395 -22.1772 37.3
      vertex -24.687 -22.1095 37.3
    endloop
  endfacet
  facet normal -0.258972 0.965885 0
    outer loop
      vertex -31.4605 -14.2228 37.3
      vertex -31.713 -14.2905 38.4
      vertex -31.4605 -14.2228 38.4
    endloop
  endfacet
  facet normal -0.258972 0.965885 0
    outer loop
      vertex -31.713 -14.2905 38.4
      vertex -31.4605 -14.2228 37.3
      vertex -31.713 -14.2905 37.3
    endloop
  endfacet
  facet normal 0 1 -0
    outer loop
      vertex -25.2 -14.2 37.3
      vertex -31.2 -14.2 38.4
      vertex -25.2 -14.2 38.4
    endloop
  endfacet
  facet normal 0 1 0
    outer loop
      vertex -31.2 -14.2 38.4
      vertex -25.2 -14.2 37.3
      vertex -31.2 -14.2 37.3
    endloop
  endfacet
  facet normal 0.57336 -0.819304 0
    outer loop
      vertex -24.45 -21.999 37.3
      vertex -24.2358 -21.8491 38.4
      vertex -24.45 -21.999 38.4
    endloop
  endfacet
  facet normal 0.57336 -0.819304 0
    outer loop
      vertex -24.2358 -21.8491 38.4
      vertex -24.45 -21.999 37.3
      vertex -24.2358 -21.8491 37.3
    endloop
  endfacet
  facet normal 0.90633 0.422571 3.08469e-18
    outer loop
      vertex -23.7905 -15.187 38.4
      vertex -23.901 -14.95 37.3
      vertex -23.901 -14.95 38.4
    endloop
  endfacet
  facet normal 0.90633 0.422571 3.08469e-18
    outer loop
      vertex -23.901 -14.95 37.3
      vertex -23.7905 -15.187 38.4
      vertex -23.7905 -15.187 37.3
    endloop
  endfacet
  facet normal -0.819304 -0.57336 1.11226e-17
    outer loop
      vertex -32.3491 -21.6642 37.3
      vertex -32.499 -21.45 38.4
      vertex -32.499 -21.45 37.3
    endloop
  endfacet
  facet normal -0.819304 -0.57336 1.11226e-17
    outer loop
      vertex -32.499 -21.45 38.4
      vertex -32.3491 -21.6642 37.3
      vertex -32.3491 -21.6642 38.4
    endloop
  endfacet
  facet normal -0.996192 0.0871907 -7.82387e-19
    outer loop
      vertex -32.7 -15.7 37.3
      vertex -32.6772 -15.4395 38.16
      vertex -32.6772 -15.4395 37.3
    endloop
  endfacet
  facet normal -0.996192 0.0871907 -7.82387e-19
    outer loop
      vertex -32.6772 -15.4395 38.16
      vertex -32.7 -15.7 37.3
      vertex -32.7 -15.7 38.16
    endloop
  endfacet
  facet normal 0.0871907 0.996192 -0
    outer loop
      vertex -24.9395 -14.2228 37.3
      vertex -25.2 -14.2 38.4
      vertex -24.9395 -14.2228 38.4
    endloop
  endfacet
  facet normal 0.0871907 0.996192 0
    outer loop
      vertex -25.2 -14.2 38.4
      vertex -24.9395 -14.2228 37.3
      vertex -25.2 -14.2 37.3
    endloop
  endfacet
  facet normal 0.965885 0.258972 3.8979e-18
    outer loop
      vertex -23.7228 -15.4395 38.4
      vertex -23.7905 -15.187 37.3
      vertex -23.7905 -15.187 38.4
    endloop
  endfacet
  facet normal 0.965885 0.258972 3.8979e-18
    outer loop
      vertex -23.7905 -15.187 37.3
      vertex -23.7228 -15.4395 38.4
      vertex -23.7228 -15.4395 37.3
    endloop
  endfacet
  facet normal 0.996192 -0.0871907 1.45808e-18
    outer loop
      vertex -23.7228 -20.9605 38.4
      vertex -23.7 -20.7 37.3
      vertex -23.7 -20.7 38.4
    endloop
  endfacet
  facet normal 0.996192 -0.0871907 1.45808e-18
    outer loop
      vertex -23.7 -20.7 37.3
      vertex -23.7228 -20.9605 38.4
      vertex -23.7228 -20.9605 37.3
    endloop
  endfacet
  facet normal -0.422571 0.90633 0
    outer loop
      vertex -31.713 -14.2905 37.3
      vertex -31.95 -14.401 38.4
      vertex -31.713 -14.2905 38.4
    endloop
  endfacet
  facet normal -0.422571 0.90633 0
    outer loop
      vertex -31.95 -14.401 38.4
      vertex -31.713 -14.2905 37.3
      vertex -31.95 -14.401 37.3
    endloop
  endfacet
  facet normal 0 -1 0
    outer loop
      vertex -30.0262 -22.2 40
      vertex -25.5 -22.2 38.4
      vertex -25.5 -22.2 40
    endloop
  endfacet
  facet normal 0 -1 0
    outer loop
      vertex -30.0262 -22.2 37.3
      vertex -25.5 -22.2 38.4
      vertex -30.0262 -22.2 40
    endloop
  endfacet
  facet normal 0 -1 0
    outer loop
      vertex -25.2 -22.2 37.3
      vertex -25.5 -22.2 38.4
      vertex -30.0262 -22.2 37.3
    endloop
  endfacet
  facet normal 0 -1 0
    outer loop
      vertex -25.5 -22.2 38.4
      vertex -25.2 -22.2 37.3
      vertex -25.2 -22.2 38.4
    endloop
  endfacet
  facet normal 0.819304 0.57336 -1.19245e-17
    outer loop
      vertex -23.901 -14.95 38.4
      vertex -24.0509 -14.7358 37.3
      vertex -24.0509 -14.7358 38.4
    endloop
  endfacet
  facet normal 0.819304 0.57336 -1.19245e-17
    outer loop
      vertex -24.0509 -14.7358 37.3
      vertex -23.901 -14.95 38.4
      vertex -23.901 -14.95 37.3
    endloop
  endfacet
  facet normal 0.965885 -0.258972 -3.8979e-18
    outer loop
      vertex -23.7905 -21.213 38.4
      vertex -23.7228 -20.9605 37.3
      vertex -23.7228 -20.9605 38.4
    endloop
  endfacet
  facet normal 0.965885 -0.258972 -3.8979e-18
    outer loop
      vertex -23.7228 -20.9605 37.3
      vertex -23.7905 -21.213 38.4
      vertex -23.7905 -21.213 37.3
    endloop
  endfacet
  facet normal 0.57336 0.819304 -0
    outer loop
      vertex -24.2358 -14.5509 37.3
      vertex -24.45 -14.401 38.4
      vertex -24.2358 -14.5509 38.4
    endloop
  endfacet
  facet normal 0.57336 0.819304 0
    outer loop
      vertex -24.45 -14.401 38.4
      vertex -24.2358 -14.5509 37.3
      vertex -24.45 -14.401 37.3
    endloop
  endfacet
  facet normal 0.258972 0.965885 -0
    outer loop
      vertex -24.687 -14.2905 37.3
      vertex -24.9395 -14.2228 38.4
      vertex -24.687 -14.2905 38.4
    endloop
  endfacet
  facet normal 0.258972 0.965885 0
    outer loop
      vertex -24.9395 -14.2228 38.4
      vertex -24.687 -14.2905 37.3
      vertex -24.9395 -14.2228 37.3
    endloop
  endfacet
  facet normal 0.90633 -0.422571 2.02944e-18
    outer loop
      vertex -23.901 -21.45 38.4
      vertex -23.7905 -21.213 37.3
      vertex -23.7905 -21.213 38.4
    endloop
  endfacet
  facet normal 0.90633 -0.422571 2.02944e-18
    outer loop
      vertex -23.7905 -21.213 37.3
      vertex -23.901 -21.45 38.4
      vertex -23.901 -21.45 37.3
    endloop
  endfacet
  facet normal 0.422571 -0.90633 0
    outer loop
      vertex -24.687 -22.1095 37.3
      vertex -24.45 -21.999 38.4
      vertex -24.687 -22.1095 38.4
    endloop
  endfacet
  facet normal 0.422571 -0.90633 0
    outer loop
      vertex -24.45 -21.999 38.4
      vertex -24.687 -22.1095 37.3
      vertex -24.45 -21.999 37.3
    endloop
  endfacet
  facet normal -0.819304 0.57336 3.97192e-18
    outer loop
      vertex -32.499 -14.95 37.3
      vertex -32.3491 -14.7358 38.4
      vertex -32.3491 -14.7358 37.3
    endloop
  endfacet
  facet normal -0.819304 0.57336 3.97192e-18
    outer loop
      vertex -32.3491 -14.7358 38.4
      vertex -32.499 -14.95 37.3
      vertex -32.499 -14.95 38.4
    endloop
  endfacet
  facet normal -0.707107 0.707107 0
    outer loop
      vertex -32.1642 -14.5509 37.3
      vertex -32.3491 -14.7358 38.4
      vertex -32.1642 -14.5509 38.4
    endloop
  endfacet
  facet normal -0.707107 0.707107 0
    outer loop
      vertex -32.3491 -14.7358 38.4
      vertex -32.1642 -14.5509 37.3
      vertex -32.3491 -14.7358 37.3
    endloop
  endfacet
  facet normal -0.0871907 0.996192 0
    outer loop
      vertex -31.2 -14.2 37.3
      vertex -31.4605 -14.2228 38.4
      vertex -31.2 -14.2 38.4
    endloop
  endfacet
  facet normal -0.0871907 0.996192 0
    outer loop
      vertex -31.4605 -14.2228 38.4
      vertex -31.2 -14.2 37.3
      vertex -31.4605 -14.2228 37.3
    endloop
  endfacet
  facet normal -0.422571 -0.90633 0
    outer loop
      vertex -31.95 -21.999 37.3
      vertex -31.713 -22.1095 38.4
      vertex -31.95 -21.999 38.4
    endloop
  endfacet
  facet normal -0.422571 -0.90633 -0
    outer loop
      vertex -31.713 -22.1095 38.4
      vertex -31.95 -21.999 37.3
      vertex -31.713 -22.1095 37.3
    endloop
  endfacet
  facet normal -0.965885 0.258972 -4.98569e-18
    outer loop
      vertex -32.6772 -15.4395 37.3
      vertex -32.6095 -15.187 38.16
      vertex -32.6095 -15.187 37.3
    endloop
  endfacet
  facet normal -0.965885 0.258972 -4.98569e-18
    outer loop
      vertex -32.6095 -15.187 38.16
      vertex -32.6772 -15.4395 37.3
      vertex -32.6772 -15.4395 38.16
    endloop
  endfacet
  facet normal -0.57336 0.819304 0
    outer loop
      vertex -31.95 -14.401 37.3
      vertex -32.1642 -14.5509 38.4
      vertex -31.95 -14.401 38.4
    endloop
  endfacet
  facet normal -0.57336 0.819304 0
    outer loop
      vertex -32.1642 -14.5509 38.4
      vertex -31.95 -14.401 37.3
      vertex -32.1642 -14.5509 37.3
    endloop
  endfacet
  facet normal 0.996192 0.0871907 6.35807e-19
    outer loop
      vertex -23.7 -15.7 38.4
      vertex -23.7228 -15.4395 37.3
      vertex -23.7228 -15.4395 38.4
    endloop
  endfacet
  facet normal 0.996192 0.0871907 6.35807e-19
    outer loop
      vertex -23.7228 -15.4395 37.3
      vertex -23.7 -15.7 38.4
      vertex -23.7 -15.7 37.3
    endloop
  endfacet
  facet normal -0.57336 -0.819304 0
    outer loop
      vertex -32.1642 -21.8491 37.3
      vertex -31.95 -21.999 38.4
      vertex -32.1642 -21.8491 38.4
    endloop
  endfacet
  facet normal -0.57336 -0.819304 -0
    outer loop
      vertex -31.95 -21.999 38.4
      vertex -32.1642 -21.8491 37.3
      vertex -31.95 -21.999 37.3
    endloop
  endfacet
  facet normal -0.707107 -0.707107 0
    outer loop
      vertex -32.3491 -21.6642 37.3
      vertex -32.1642 -21.8491 38.4
      vertex -32.3491 -21.6642 38.4
    endloop
  endfacet
  facet normal -0.707107 -0.707107 -0
    outer loop
      vertex -32.1642 -21.8491 38.4
      vertex -32.3491 -21.6642 37.3
      vertex -32.1642 -21.8491 37.3
    endloop
  endfacet
  facet normal -0.90572 0.423877 0
    outer loop
      vertex -32.499 -14.95 37.3
      vertex -32.5224 -15 38.16
      vertex -32.499 -14.95 38.4
    endloop
  endfacet
  facet normal -0.90633 0.422571 -9.24917e-05
    outer loop
      vertex -32.6095 -15.187 37.3
      vertex -32.5224 -15 38.16
      vertex -32.499 -14.95 37.3
    endloop
  endfacet
  facet normal -0.906493 0.422222 -6.1944e-18
    outer loop
      vertex -32.5224 -15 38.16
      vertex -32.6095 -15.187 37.3
      vertex -32.6095 -15.187 38.16
    endloop
  endfacet
  facet normal -0.90572 0.423877 4.53545e-18
    outer loop
      vertex -32.499 -14.95 38.4
      vertex -32.5224 -15 38.16
      vertex -32.5224 -15 38.4
    endloop
  endfacet
  facet normal -1 0 0
    outer loop
      vertex -32.7 -15.7 37.3
      vertex -32.7 -19.5262 37.3
      vertex -32.7 -15.7 38.16
    endloop
  endfacet
  facet normal -1 0 0
    outer loop
      vertex -32.7 -15.7 38.16
      vertex -32.7 -15 40
      vertex -32.7 -15 38.16
    endloop
  endfacet
  facet normal -1 0 0
    outer loop
      vertex -32.7 -19.5262 40
      vertex -32.7 -15.7 38.16
      vertex -32.7 -19.5262 37.3
    endloop
  endfacet
  facet normal -1 0 0
    outer loop
      vertex -32.7 -15.7 38.16
      vertex -32.7 -19.5262 40
      vertex -32.7 -15 40
    endloop
  endfacet
  facet normal -0.965386 -0.260824 2.02543e-19
    outer loop
      vertex -32.6095 -21.213 37.3
      vertex -32.6172 -21.1845 38.4
      vertex -32.6172 -21.1845 37.3
    endloop
  endfacet
  facet normal -0.965386 -0.260824 2.02543e-19
    outer loop
      vertex -32.6172 -21.1845 38.4
      vertex -32.6095 -21.213 37.3
      vertex -32.6095 -21.213 38.4
    endloop
  endfacet
  facet normal 0.707107 -0.707107 5.74883e-18
    outer loop
      vertex -24.2358 -21.8491 38.4
      vertex -24.0509 -21.6642 37.3
      vertex -24.0509 -21.6642 38.4
    endloop
  endfacet
  facet normal 0.707107 -0.707107 5.74883e-18
    outer loop
      vertex -24.0509 -21.6642 37.3
      vertex -24.2358 -21.8491 38.4
      vertex -24.2358 -21.8491 37.3
    endloop
  endfacet
  facet normal -0 0 1
    outer loop
      vertex -31.713 -14.2905 38.4
      vertex -31.5 -15 38.4
      vertex -31.4605 -14.2228 38.4
    endloop
  endfacet
  facet normal -0 0 1
    outer loop
      vertex -31.95 -14.401 38.4
      vertex -31.5 -15 38.4
      vertex -31.713 -14.2905 38.4
    endloop
  endfacet
  facet normal -0 0 1
    outer loop
      vertex -32.1642 -14.5509 38.4
      vertex -31.5 -15 38.4
      vertex -31.95 -14.401 38.4
    endloop
  endfacet
  facet normal -0 0 1
    outer loop
      vertex -32.3491 -14.7358 38.4
      vertex -31.5 -15 38.4
      vertex -32.1642 -14.5509 38.4
    endloop
  endfacet
  facet normal -0 0 1
    outer loop
      vertex -32.499 -14.95 38.4
      vertex -31.5 -15 38.4
      vertex -32.3491 -14.7358 38.4
    endloop
  endfacet
  facet normal 0 0 1
    outer loop
      vertex -31.5 -15 38.4
      vertex -32.499 -14.95 38.4
      vertex -32.5224 -15 38.4
    endloop
  endfacet
  facet normal 0 0 1
    outer loop
      vertex -25.2 -14.2 38.4
      vertex -23.7 -15.7 38.4
      vertex -23.7228 -15.4395 38.4
    endloop
  endfacet
  facet normal 0 0 1
    outer loop
      vertex -23.7 -15.7 38.4
      vertex -25.5 -21 38.4
      vertex -23.7 -20.7 38.4
    endloop
  endfacet
  facet normal 0 0 1
    outer loop
      vertex -25.2 -14.2 38.4
      vertex -23.7228 -15.4395 38.4
      vertex -23.7905 -15.187 38.4
    endloop
  endfacet
  facet normal 0 0 1
    outer loop
      vertex -23.7 -20.7 38.4
      vertex -25.5 -21 38.4
      vertex -23.7228 -20.9605 38.4
    endloop
  endfacet
  facet normal 0 0 1
    outer loop
      vertex -25.2 -14.2 38.4
      vertex -23.7905 -15.187 38.4
      vertex -23.901 -14.95 38.4
    endloop
  endfacet
  facet normal 0 0 1
    outer loop
      vertex -23.7228 -20.9605 38.4
      vertex -25.5 -21 38.4
      vertex -23.7905 -21.213 38.4
    endloop
  endfacet
  facet normal 0 0 1
    outer loop
      vertex -25.2 -14.2 38.4
      vertex -23.901 -14.95 38.4
      vertex -24.0509 -14.7358 38.4
    endloop
  endfacet
  facet normal 0 0 1
    outer loop
      vertex -23.7905 -21.213 38.4
      vertex -25.5 -21 38.4
      vertex -23.901 -21.45 38.4
    endloop
  endfacet
  facet normal 0 0 1
    outer loop
      vertex -25.2 -14.2 38.4
      vertex -24.0509 -14.7358 38.4
      vertex -24.2358 -14.5509 38.4
    endloop
  endfacet
  facet normal 0 0 1
    outer loop
      vertex -23.901 -21.45 38.4
      vertex -25.5 -21 38.4
      vertex -24.0509 -21.6642 38.4
    endloop
  endfacet
  facet normal 0 0 1
    outer loop
      vertex -25.2 -14.2 38.4
      vertex -24.2358 -14.5509 38.4
      vertex -24.45 -14.401 38.4
    endloop
  endfacet
  facet normal 0 0 1
    outer loop
      vertex -24.0509 -21.6642 38.4
      vertex -25.5 -21 38.4
      vertex -24.2358 -21.8491 38.4
    endloop
  endfacet
  facet normal 0 0 1
    outer loop
      vertex -25.2 -14.2 38.4
      vertex -24.45 -14.401 38.4
      vertex -24.687 -14.2905 38.4
    endloop
  endfacet
  facet normal 0 0 1
    outer loop
      vertex -24.2358 -21.8491 38.4
      vertex -25.5 -21 38.4
      vertex -24.45 -21.999 38.4
    endloop
  endfacet
  facet normal 0 0 1
    outer loop
      vertex -25.2 -14.2 38.4
      vertex -24.687 -14.2905 38.4
      vertex -24.9395 -14.2228 38.4
    endloop
  endfacet
  facet normal 0 0 1
    outer loop
      vertex -24.45 -21.999 38.4
      vertex -25.5 -21 38.4
      vertex -24.687 -22.1095 38.4
    endloop
  endfacet
  facet normal 0 0 1
    outer loop
      vertex -23.7 -15.7 38.4
      vertex -25.2 -14.2 38.4
      vertex -25.5 -21 38.4
    endloop
  endfacet
  facet normal 0 0 1
    outer loop
      vertex -24.687 -22.1095 38.4
      vertex -25.5 -21 38.4
      vertex -24.9395 -22.1772 38.4
    endloop
  endfacet
  facet normal 0 0 1
    outer loop
      vertex -24.9395 -22.1772 38.4
      vertex -25.5 -21 38.4
      vertex -25.2 -22.2 38.4
    endloop
  endfacet
  facet normal -0 0 1
    outer loop
      vertex -30.7019 -20.5716 38.4
      vertex -25.5 -21 38.4
      vertex -25.2 -14.2 38.4
    endloop
  endfacet
  facet normal 0 0 1
    outer loop
      vertex -25.5 -21 38.4
      vertex -30.7019 -20.5716 38.4
      vertex -30.4019 -21 38.4
    endloop
  endfacet
  facet normal 0 0 1
    outer loop
      vertex -25.2 -14.2 38.4
      vertex -31.0716 -20.2019 38.4
      vertex -30.7019 -20.5716 38.4
    endloop
  endfacet
  facet normal 0 0 1
    outer loop
      vertex -31.5 -15 38.4
      vertex -25.2 -14.2 38.4
      vertex -31.2 -14.2 38.4
    endloop
  endfacet
  facet normal 0 0 1
    outer loop
      vertex -31.5 -15 38.4
      vertex -31.2 -14.2 38.4
      vertex -31.4605 -14.2228 38.4
    endloop
  endfacet
  facet normal 0 0 1
    outer loop
      vertex -25.2 -14.2 38.4
      vertex -31.5 -15 38.4
      vertex -31.0716 -20.2019 38.4
    endloop
  endfacet
  facet normal 0 0 1
    outer loop
      vertex -31.0716 -20.2019 38.4
      vertex -31.5 -15 38.4
      vertex -31.5 -19.9019 38.4
    endloop
  endfacet
  facet normal 0 0 1
    outer loop
      vertex -25.2 -22.2 38.4
      vertex -25.5 -21 38.4
      vertex -25.5 -22.2 38.4
    endloop
  endfacet
  facet normal 0 0 1
    outer loop
      vertex -31.7079 -22.0297 38.4
      vertex -31.713 -22.1095 38.4
      vertex -31.6845 -22.1172 38.4
    endloop
  endfacet
  facet normal -0 0 1
    outer loop
      vertex -31.95 -21.999 38.4
      vertex -31.7079 -22.0297 38.4
      vertex -31.8092 -21.8125 38.4
    endloop
  endfacet
  facet normal 0 0 1
    outer loop
      vertex -32.1642 -21.8491 38.4
      vertex -31.8092 -21.8125 38.4
      vertex -31.9467 -21.6162 38.4
    endloop
  endfacet
  facet normal 0 0 1
    outer loop
      vertex -31.7079 -22.0297 38.4
      vertex -31.95 -21.999 38.4
      vertex -31.713 -22.1095 38.4
    endloop
  endfacet
  facet normal 0 0 1
    outer loop
      vertex -32.1642 -21.8491 38.4
      vertex -31.9467 -21.6162 38.4
      vertex -32.1162 -21.4467 38.4
    endloop
  endfacet
  facet normal 0 0 1
    outer loop
      vertex -31.8092 -21.8125 38.4
      vertex -32.1642 -21.8491 38.4
      vertex -31.95 -21.999 38.4
    endloop
  endfacet
  facet normal 0 0 1
    outer loop
      vertex -32.3491 -21.6642 38.4
      vertex -32.1162 -21.4467 38.4
      vertex -32.3125 -21.3092 38.4
    endloop
  endfacet
  facet normal 0 0 1
    outer loop
      vertex -32.1162 -21.4467 38.4
      vertex -32.3491 -21.6642 38.4
      vertex -32.1642 -21.8491 38.4
    endloop
  endfacet
  facet normal 0 0 1
    outer loop
      vertex -32.3125 -21.3092 38.4
      vertex -32.499 -21.45 38.4
      vertex -32.3491 -21.6642 38.4
    endloop
  endfacet
  facet normal 0 0 1
    outer loop
      vertex -32.5297 -21.2079 38.4
      vertex -32.499 -21.45 38.4
      vertex -32.3125 -21.3092 38.4
    endloop
  endfacet
  facet normal 0 0 1
    outer loop
      vertex -32.5297 -21.2079 38.4
      vertex -32.6095 -21.213 38.4
      vertex -32.499 -21.45 38.4
    endloop
  endfacet
  facet normal 0 -0 1
    outer loop
      vertex -32.6095 -21.213 38.4
      vertex -32.5297 -21.2079 38.4
      vertex -32.6172 -21.1845 38.4
    endloop
  endfacet
  facet normal 0 0 -1
    outer loop
      vertex -25.2 -22.2 37.3
      vertex -23.7 -20.7 37.3
      vertex -23.7228 -20.9605 37.3
    endloop
  endfacet
  facet normal 0 0 -1
    outer loop
      vertex -23.7 -20.7 37.3
      vertex -30.7019 -20.5716 37.3
      vertex -23.7 -15.7 37.3
    endloop
  endfacet
  facet normal 0 0 -1
    outer loop
      vertex -25.2 -22.2 37.3
      vertex -23.7228 -20.9605 37.3
      vertex -23.7905 -21.213 37.3
    endloop
  endfacet
  facet normal 0 0 -1
    outer loop
      vertex -23.7 -20.7 37.3
      vertex -25.2 -22.2 37.3
      vertex -30.4019 -21 37.3
    endloop
  endfacet
  facet normal 0 0 -1
    outer loop
      vertex -25.2 -22.2 37.3
      vertex -23.7905 -21.213 37.3
      vertex -23.901 -21.45 37.3
    endloop
  endfacet
  facet normal 0 -0 -1
    outer loop
      vertex -25.2 -14.2 37.3
      vertex -23.7 -15.7 37.3
      vertex -30.7019 -20.5716 37.3
    endloop
  endfacet
  facet normal 0 0 -1
    outer loop
      vertex -25.2 -22.2 37.3
      vertex -23.901 -21.45 37.3
      vertex -24.0509 -21.6642 37.3
    endloop
  endfacet
  facet normal 0 0 -1
    outer loop
      vertex -23.7228 -15.4395 37.3
      vertex -25.2 -14.2 37.3
      vertex -23.7905 -15.187 37.3
    endloop
  endfacet
  facet normal 0 0 -1
    outer loop
      vertex -25.2 -22.2 37.3
      vertex -24.0509 -21.6642 37.3
      vertex -24.2358 -21.8491 37.3
    endloop
  endfacet
  facet normal 0 0 -1
    outer loop
      vertex -23.7905 -15.187 37.3
      vertex -25.2 -14.2 37.3
      vertex -23.901 -14.95 37.3
    endloop
  endfacet
  facet normal 0 0 -1
    outer loop
      vertex -25.2 -22.2 37.3
      vertex -24.2358 -21.8491 37.3
      vertex -24.45 -21.999 37.3
    endloop
  endfacet
  facet normal 0 0 -1
    outer loop
      vertex -23.901 -14.95 37.3
      vertex -25.2 -14.2 37.3
      vertex -24.0509 -14.7358 37.3
    endloop
  endfacet
  facet normal 0 0 -1
    outer loop
      vertex -25.2 -22.2 37.3
      vertex -24.45 -21.999 37.3
      vertex -24.687 -22.1095 37.3
    endloop
  endfacet
  facet normal 0 0 -1
    outer loop
      vertex -24.0509 -14.7358 37.3
      vertex -25.2 -14.2 37.3
      vertex -24.2358 -14.5509 37.3
    endloop
  endfacet
  facet normal 0 0 -1
    outer loop
      vertex -25.2 -22.2 37.3
      vertex -24.687 -22.1095 37.3
      vertex -24.9395 -22.1772 37.3
    endloop
  endfacet
  facet normal 0 0 -1
    outer loop
      vertex -24.2358 -14.5509 37.3
      vertex -25.2 -14.2 37.3
      vertex -24.45 -14.401 37.3
    endloop
  endfacet
  facet normal 0 0 -1
    outer loop
      vertex -24.45 -14.401 37.3
      vertex -25.2 -14.2 37.3
      vertex -24.687 -14.2905 37.3
    endloop
  endfacet
  facet normal 0 0 -1
    outer loop
      vertex -24.687 -14.2905 37.3
      vertex -25.2 -14.2 37.3
      vertex -24.9395 -14.2228 37.3
    endloop
  endfacet
  facet normal 0 0 -1
    outer loop
      vertex -30.0456 -21.9791 37.3
      vertex -25.2 -22.2 37.3
      vertex -30.0262 -22.2 37.3
    endloop
  endfacet
  facet normal 0 0 -1
    outer loop
      vertex -30.1809 -21.4739 37.3
      vertex -25.2 -22.2 37.3
      vertex -30.0456 -21.9791 37.3
    endloop
  endfacet
  facet normal 0 0 -1
    outer loop
      vertex -30.4019 -21 37.3
      vertex -25.2 -22.2 37.3
      vertex -30.1809 -21.4739 37.3
    endloop
  endfacet
  facet normal -0 0 -1
    outer loop
      vertex -23.7 -20.7 37.3
      vertex -30.4019 -21 37.3
      vertex -30.7019 -20.5716 37.3
    endloop
  endfacet
  facet normal 0 0 -1
    outer loop
      vertex -23.7 -15.7 37.3
      vertex -25.2 -14.2 37.3
      vertex -23.7228 -15.4395 37.3
    endloop
  endfacet
  facet normal 0 0 -1
    outer loop
      vertex -31.0716 -20.2019 37.3
      vertex -25.2 -14.2 37.3
      vertex -30.7019 -20.5716 37.3
    endloop
  endfacet
  facet normal 0 0 -1
    outer loop
      vertex -31.0716 -20.2019 37.3
      vertex -31.2 -14.2 37.3
      vertex -25.2 -14.2 37.3
    endloop
  endfacet
  facet normal 0 0 -1
    outer loop
      vertex -31.5 -19.9019 37.3
      vertex -31.2 -14.2 37.3
      vertex -31.0716 -20.2019 37.3
    endloop
  endfacet
  facet normal 0 0 -1
    outer loop
      vertex -32.7 -15.7 37.3
      vertex -31.2 -14.2 37.3
      vertex -31.5 -19.9019 37.3
    endloop
  endfacet
  facet normal 0 0 -1
    outer loop
      vertex -31.2 -14.2 37.3
      vertex -32.7 -15.7 37.3
      vertex -31.4605 -14.2228 37.3
    endloop
  endfacet
  facet normal 0 0 -1
    outer loop
      vertex -31.4605 -14.2228 37.3
      vertex -32.7 -15.7 37.3
      vertex -31.713 -14.2905 37.3
    endloop
  endfacet
  facet normal 0 0 -1
    outer loop
      vertex -32.7 -15.7 37.3
      vertex -31.5 -19.9019 37.3
      vertex -31.9739 -19.6809 37.3
    endloop
  endfacet
  facet normal 0 0 -1
    outer loop
      vertex -31.713 -14.2905 37.3
      vertex -32.7 -15.7 37.3
      vertex -31.95 -14.401 37.3
    endloop
  endfacet
  facet normal 0 0 -1
    outer loop
      vertex -31.95 -14.401 37.3
      vertex -32.7 -15.7 37.3
      vertex -32.1642 -14.5509 37.3
    endloop
  endfacet
  facet normal 0 0 -1
    outer loop
      vertex -32.7 -15.7 37.3
      vertex -31.9739 -19.6809 37.3
      vertex -32.4791 -19.5456 37.3
    endloop
  endfacet
  facet normal 0 0 -1
    outer loop
      vertex -32.1642 -14.5509 37.3
      vertex -32.7 -15.7 37.3
      vertex -32.3491 -14.7358 37.3
    endloop
  endfacet
  facet normal 0 0 -1
    outer loop
      vertex -32.3491 -14.7358 37.3
      vertex -32.7 -15.7 37.3
      vertex -32.499 -14.95 37.3
    endloop
  endfacet
  facet normal 0 0 -1
    outer loop
      vertex -32.499 -14.95 37.3
      vertex -32.7 -15.7 37.3
      vertex -32.6095 -15.187 37.3
    endloop
  endfacet
  facet normal 0 0 -1
    outer loop
      vertex -32.7 -15.7 37.3
      vertex -32.4791 -19.5456 37.3
      vertex -32.7 -19.5262 37.3
    endloop
  endfacet
  facet normal 0 0 -1
    outer loop
      vertex -32.6095 -15.187 37.3
      vertex -32.7 -15.7 37.3
      vertex -32.6772 -15.4395 37.3
    endloop
  endfacet
  facet normal 0 0 -1
    outer loop
      vertex -31.713 -22.1095 37.3
      vertex -31.7079 -22.0297 37.3
      vertex -31.6845 -22.1172 37.3
    endloop
  endfacet
  facet normal 0 0 -1
    outer loop
      vertex -31.95 -21.999 37.3
      vertex -31.7079 -22.0297 37.3
      vertex -31.713 -22.1095 37.3
    endloop
  endfacet
  facet normal 0 0 -1
    outer loop
      vertex -31.7079 -22.0297 37.3
      vertex -31.95 -21.999 37.3
      vertex -31.8092 -21.8125 37.3
    endloop
  endfacet
  facet normal 0 0 -1
    outer loop
      vertex -32.1642 -21.8491 37.3
      vertex -31.8092 -21.8125 37.3
      vertex -31.95 -21.999 37.3
    endloop
  endfacet
  facet normal -0 0 -1
    outer loop
      vertex -31.8092 -21.8125 37.3
      vertex -32.1642 -21.8491 37.3
      vertex -31.9467 -21.6162 37.3
    endloop
  endfacet
  facet normal -0 0 -1
    outer loop
      vertex -31.9467 -21.6162 37.3
      vertex -32.1642 -21.8491 37.3
      vertex -32.1162 -21.4467 37.3
    endloop
  endfacet
  facet normal 0 0 -1
    outer loop
      vertex -32.3491 -21.6642 37.3
      vertex -32.1162 -21.4467 37.3
      vertex -32.1642 -21.8491 37.3
    endloop
  endfacet
  facet normal -0 0 -1
    outer loop
      vertex -32.1162 -21.4467 37.3
      vertex -32.3491 -21.6642 37.3
      vertex -32.3125 -21.3092 37.3
    endloop
  endfacet
  facet normal 0 0 -1
    outer loop
      vertex -32.499 -21.45 37.3
      vertex -32.3125 -21.3092 37.3
      vertex -32.3491 -21.6642 37.3
    endloop
  endfacet
  facet normal 0 0 -1
    outer loop
      vertex -32.499 -21.45 37.3
      vertex -32.5297 -21.2079 37.3
      vertex -32.3125 -21.3092 37.3
    endloop
  endfacet
  facet normal 0 0 -1
    outer loop
      vertex -32.6095 -21.213 37.3
      vertex -32.5297 -21.2079 37.3
      vertex -32.499 -21.45 37.3
    endloop
  endfacet
  facet normal -0 0 -1
    outer loop
      vertex -32.5297 -21.2079 37.3
      vertex -32.6095 -21.213 37.3
      vertex -32.6172 -21.1845 37.3
    endloop
  endfacet
  facet normal 1 -0 0
    outer loop
      vertex -31.5 -19.9019 40
      vertex -31.5 -15 38.4
      vertex -31.5 -15 40
    endloop
  endfacet
  facet normal 1 0 0
    outer loop
      vertex -31.5 -15 38.4
      vertex -31.5 -19.9019 40
      vertex -31.5 -19.9019 38.4
    endloop
  endfacet
  facet normal 0 0 1
    outer loop
      vertex -31.5 -15 40
      vertex -31.9739 -19.6809 40
      vertex -31.5 -19.9019 40
    endloop
  endfacet
  facet normal 0 0 1
    outer loop
      vertex -31.5 -15 40
      vertex -32.4791 -19.5456 40
      vertex -31.9739 -19.6809 40
    endloop
  endfacet
  facet normal -0 0 1
    outer loop
      vertex -32.7 -15 40
      vertex -32.4791 -19.5456 40
      vertex -31.5 -15 40
    endloop
  endfacet
  facet normal 0 0 1
    outer loop
      vertex -32.4791 -19.5456 40
      vertex -32.7 -15 40
      vertex -32.7 -19.5262 40
    endloop
  endfacet
  facet normal 0 0 -1
    outer loop
      vertex -32.6095 -15.187 38.16
      vertex -32.7 -15 38.16
      vertex -32.5224 -15 38.16
    endloop
  endfacet
  facet normal 0 0 -1
    outer loop
      vertex -32.6772 -15.4395 38.16
      vertex -32.7 -15 38.16
      vertex -32.6095 -15.187 38.16
    endloop
  endfacet
  facet normal 0 0 -1
    outer loop
      vertex -32.7 -15 38.16
      vertex -32.6772 -15.4395 38.16
      vertex -32.7 -15.7 38.16
    endloop
  endfacet
  facet normal 0 1 0
    outer loop
      vertex -32.5224 -15 38.4
      vertex -31.5 -15 40
      vertex -31.5 -15 38.4
    endloop
  endfacet
  facet normal 0 1 0
    outer loop
      vertex -31.5 -15 40
      vertex -32.5224 -15 38.4
      vertex -32.7 -15 40
    endloop
  endfacet
  facet normal 0 1 0
    outer loop
      vertex -32.7 -15 38.16
      vertex -32.5224 -15 38.4
      vertex -32.5224 -15 38.16
    endloop
  endfacet
  facet normal 0 1 0
    outer loop
      vertex -32.5224 -15 38.4
      vertex -32.7 -15 38.16
      vertex -32.7 -15 40
    endloop
  endfacet
  facet normal 1 -0 0
    outer loop
      vertex -25.5 -22.2 40
      vertex -25.5 -21 38.4
      vertex -25.5 -21 40
    endloop
  endfacet
  facet normal 1 0 0
    outer loop
      vertex -25.5 -21 38.4
      vertex -25.5 -22.2 40
      vertex -25.5 -22.2 38.4
    endloop
  endfacet
  facet normal -0 0 1
    outer loop
      vertex -30.0456 -21.9791 40
      vertex -25.5 -22.2 40
      vertex -25.5 -21 40
    endloop
  endfacet
  facet normal 0 0 1
    outer loop
      vertex -25.5 -22.2 40
      vertex -30.0456 -21.9791 40
      vertex -30.0262 -22.2 40
    endloop
  endfacet
  facet normal 0 0 1
    outer loop
      vertex -25.5 -21 40
      vertex -30.1809 -21.4739 40
      vertex -30.0456 -21.9791 40
    endloop
  endfacet
  facet normal 0 -0 1
    outer loop
      vertex -30.1809 -21.4739 40
      vertex -25.5 -21 40
      vertex -30.4019 -21 40
    endloop
  endfacet
  facet normal 0 1 -0
    outer loop
      vertex -25.5 -21 38.4
      vertex -30.4019 -21 40
      vertex -25.5 -21 40
    endloop
  endfacet
  facet normal 0 1 0
    outer loop
      vertex -30.4019 -21 40
      vertex -25.5 -21 38.4
      vertex -30.4019 -21 38.4
    endloop
  endfacet
  facet normal -0.258972 -0.965885 0
    outer loop
      vertex -31.713 14.2905 37.3
      vertex -31.4605 14.2228 38.4
      vertex -31.713 14.2905 38.4
    endloop
  endfacet
  facet normal -0.258972 -0.965885 -0
    outer loop
      vertex -31.4605 14.2228 38.4
      vertex -31.713 14.2905 37.3
      vertex -31.4605 14.2228 37.3
    endloop
  endfacet
  facet normal 0.819304 -0.57336 1.19245e-17
    outer loop
      vertex -24.0509 14.7358 38.4
      vertex -23.901 14.95 37.3
      vertex -23.901 14.95 38.4
    endloop
  endfacet
  facet normal 0.819304 -0.57336 1.19245e-17
    outer loop
      vertex -23.901 14.95 37.3
      vertex -24.0509 14.7358 38.4
      vertex -24.0509 14.7358 37.3
    endloop
  endfacet
  facet normal 0.422571 0.90633 -0
    outer loop
      vertex -24.45 21.999 37.3
      vertex -24.687 22.1095 38.4
      vertex -24.45 21.999 38.4
    endloop
  endfacet
  facet normal 0.422571 0.90633 0
    outer loop
      vertex -24.687 22.1095 38.4
      vertex -24.45 21.999 37.3
      vertex -24.687 22.1095 37.3
    endloop
  endfacet
  facet normal 1 -0 0
    outer loop
      vertex -23.7 15.7 38.4
      vertex -23.7 20.7 37.3
      vertex -23.7 20.7 38.4
    endloop
  endfacet
  facet normal 1 0 0
    outer loop
      vertex -23.7 20.7 37.3
      vertex -23.7 15.7 38.4
      vertex -23.7 15.7 37.3
    endloop
  endfacet
  facet normal -0.906493 -0.422222 0
    outer loop
      vertex -32.6095 15.187 37.3
      vertex -32.5224 15 38.16
      vertex -32.6095 15.187 38.16
    endloop
  endfacet
  facet normal -0.90633 -0.422571 -9.24917e-05
    outer loop
      vertex -32.499 14.95 37.3
      vertex -32.5224 15 38.16
      vertex -32.6095 15.187 37.3
    endloop
  endfacet
  facet normal -0.90572 -0.423877 -0
    outer loop
      vertex -32.499 14.95 38.4
      vertex -32.5224 15 38.16
      vertex -32.499 14.95 37.3
    endloop
  endfacet
  facet normal -0.90572 -0.423877 0
    outer loop
      vertex -32.5224 15 38.16
      vertex -32.499 14.95 38.4
      vertex -32.5224 15 38.4
    endloop
  endfacet
  facet normal 0.0871907 -0.996192 0
    outer loop
      vertex -25.2 14.2 37.3
      vertex -24.9395 14.2228 38.4
      vertex -25.2 14.2 38.4
    endloop
  endfacet
  facet normal 0.0871907 -0.996192 0
    outer loop
      vertex -24.9395 14.2228 38.4
      vertex -25.2 14.2 37.3
      vertex -24.9395 14.2228 37.3
    endloop
  endfacet
  facet normal 0.707107 0.707107 -5.74883e-18
    outer loop
      vertex -24.0509 21.6642 38.4
      vertex -24.2358 21.8491 37.3
      vertex -24.2358 21.8491 38.4
    endloop
  endfacet
  facet normal 0.707107 0.707107 -5.74883e-18
    outer loop
      vertex -24.2358 21.8491 37.3
      vertex -24.0509 21.6642 38.4
      vertex -24.0509 21.6642 37.3
    endloop
  endfacet
  facet normal 0.258972 -0.965885 0
    outer loop
      vertex -24.9395 14.2228 37.3
      vertex -24.687 14.2905 38.4
      vertex -24.9395 14.2228 38.4
    endloop
  endfacet
  facet normal 0.258972 -0.965885 0
    outer loop
      vertex -24.687 14.2905 38.4
      vertex -24.9395 14.2228 37.3
      vertex -24.687 14.2905 37.3
    endloop
  endfacet
  facet normal -0.260824 0.965386 0
    outer loop
      vertex -31.6845 22.1172 37.3
      vertex -31.713 22.1095 38.4
      vertex -31.6845 22.1172 38.4
    endloop
  endfacet
  facet normal -0.260824 0.965386 0
    outer loop
      vertex -31.713 22.1095 38.4
      vertex -31.6845 22.1172 37.3
      vertex -31.713 22.1095 37.3
    endloop
  endfacet
  facet normal 0 1 0
    outer loop
      vertex -25.2 22.2 38.4
      vertex -25.2 22.2 37.3
      vertex -25.5 22.2 38.4
    endloop
  endfacet
  facet normal 0 1 -0
    outer loop
      vertex -25.5 22.2 38.4
      vertex -30.0262 22.2 40
      vertex -25.5 22.2 40
    endloop
  endfacet
  facet normal 0 1 0
    outer loop
      vertex -30.0262 22.2 37.3
      vertex -25.5 22.2 38.4
      vertex -25.2 22.2 37.3
    endloop
  endfacet
  facet normal 0 1 0
    outer loop
      vertex -25.5 22.2 38.4
      vertex -30.0262 22.2 37.3
      vertex -30.0262 22.2 40
    endloop
  endfacet
  facet normal 0.57336 -0.819304 0
    outer loop
      vertex -24.45 14.401 37.3
      vertex -24.2358 14.5509 38.4
      vertex -24.45 14.401 38.4
    endloop
  endfacet
  facet normal 0.57336 -0.819304 0
    outer loop
      vertex -24.2358 14.5509 38.4
      vertex -24.45 14.401 37.3
      vertex -24.2358 14.5509 37.3
    endloop
  endfacet
  facet normal 0.90633 0.422571 -2.02944e-18
    outer loop
      vertex -23.7905 21.213 38.4
      vertex -23.901 21.45 37.3
      vertex -23.901 21.45 38.4
    endloop
  endfacet
  facet normal 0.90633 0.422571 -2.02944e-18
    outer loop
      vertex -23.901 21.45 37.3
      vertex -23.7905 21.213 38.4
      vertex -23.7905 21.213 37.3
    endloop
  endfacet
  facet normal -0.819304 -0.57336 -3.97192e-18
    outer loop
      vertex -32.3491 14.7358 37.3
      vertex -32.499 14.95 38.4
      vertex -32.499 14.95 37.3
    endloop
  endfacet
  facet normal -0.819304 -0.57336 -3.97192e-18
    outer loop
      vertex -32.499 14.95 38.4
      vertex -32.3491 14.7358 37.3
      vertex -32.3491 14.7358 38.4
    endloop
  endfacet
  facet normal 0.0871907 0.996192 -0
    outer loop
      vertex -24.9395 22.1772 37.3
      vertex -25.2 22.2 38.4
      vertex -24.9395 22.1772 38.4
    endloop
  endfacet
  facet normal 0.0871907 0.996192 0
    outer loop
      vertex -25.2 22.2 38.4
      vertex -24.9395 22.1772 37.3
      vertex -25.2 22.2 37.3
    endloop
  endfacet
  facet normal 0.965885 0.258972 3.8979e-18
    outer loop
      vertex -23.7228 20.9605 38.4
      vertex -23.7905 21.213 37.3
      vertex -23.7905 21.213 38.4
    endloop
  endfacet
  facet normal 0.965885 0.258972 3.8979e-18
    outer loop
      vertex -23.7905 21.213 37.3
      vertex -23.7228 20.9605 38.4
      vertex -23.7228 20.9605 37.3
    endloop
  endfacet
  facet normal 0.996192 -0.0871907 -6.35807e-19
    outer loop
      vertex -23.7228 15.4395 38.4
      vertex -23.7 15.7 37.3
      vertex -23.7 15.7 38.4
    endloop
  endfacet
  facet normal 0.996192 -0.0871907 -6.35807e-19
    outer loop
      vertex -23.7 15.7 37.3
      vertex -23.7228 15.4395 38.4
      vertex -23.7228 15.4395 37.3
    endloop
  endfacet
  facet normal -0.0871907 -0.996192 0
    outer loop
      vertex -31.4605 14.2228 37.3
      vertex -31.2 14.2 38.4
      vertex -31.4605 14.2228 38.4
    endloop
  endfacet
  facet normal -0.0871907 -0.996192 -0
    outer loop
      vertex -31.2 14.2 38.4
      vertex -31.4605 14.2228 37.3
      vertex -31.2 14.2 37.3
    endloop
  endfacet
  facet normal -0.422571 0.90633 0
    outer loop
      vertex -31.713 22.1095 37.3
      vertex -31.95 21.999 38.4
      vertex -31.713 22.1095 38.4
    endloop
  endfacet
  facet normal -0.422571 0.90633 0
    outer loop
      vertex -31.95 21.999 38.4
      vertex -31.713 22.1095 37.3
      vertex -31.95 21.999 37.3
    endloop
  endfacet
  facet normal 0 -1 0
    outer loop
      vertex -31.2 14.2 37.3
      vertex -25.2 14.2 38.4
      vertex -31.2 14.2 38.4
    endloop
  endfacet
  facet normal 0 -1 -0
    outer loop
      vertex -25.2 14.2 38.4
      vertex -31.2 14.2 37.3
      vertex -25.2 14.2 37.3
    endloop
  endfacet
  facet normal 0.819304 0.57336 3.16999e-18
    outer loop
      vertex -23.901 21.45 38.4
      vertex -24.0509 21.6642 37.3
      vertex -24.0509 21.6642 38.4
    endloop
  endfacet
  facet normal 0.819304 0.57336 3.16999e-18
    outer loop
      vertex -24.0509 21.6642 37.3
      vertex -23.901 21.45 38.4
      vertex -23.901 21.45 37.3
    endloop
  endfacet
  facet normal 0.965885 -0.258972 -3.8979e-18
    outer loop
      vertex -23.7905 15.187 38.4
      vertex -23.7228 15.4395 37.3
      vertex -23.7228 15.4395 38.4
    endloop
  endfacet
  facet normal 0.965885 -0.258972 -3.8979e-18
    outer loop
      vertex -23.7228 15.4395 37.3
      vertex -23.7905 15.187 38.4
      vertex -23.7905 15.187 37.3
    endloop
  endfacet
  facet normal 0.57336 0.819304 -0
    outer loop
      vertex -24.2358 21.8491 37.3
      vertex -24.45 21.999 38.4
      vertex -24.2358 21.8491 38.4
    endloop
  endfacet
  facet normal 0.57336 0.819304 0
    outer loop
      vertex -24.45 21.999 38.4
      vertex -24.2358 21.8491 37.3
      vertex -24.45 21.999 37.3
    endloop
  endfacet
  facet normal 0.258972 0.965885 -0
    outer loop
      vertex -24.687 22.1095 37.3
      vertex -24.9395 22.1772 38.4
      vertex -24.687 22.1095 38.4
    endloop
  endfacet
  facet normal 0.258972 0.965885 0
    outer loop
      vertex -24.9395 22.1772 38.4
      vertex -24.687 22.1095 37.3
      vertex -24.9395 22.1772 37.3
    endloop
  endfacet
  facet normal 0.90633 -0.422571 -3.08469e-18
    outer loop
      vertex -23.901 14.95 38.4
      vertex -23.7905 15.187 37.3
      vertex -23.7905 15.187 38.4
    endloop
  endfacet
  facet normal 0.90633 -0.422571 -3.08469e-18
    outer loop
      vertex -23.7905 15.187 37.3
      vertex -23.901 14.95 38.4
      vertex -23.901 14.95 37.3
    endloop
  endfacet
  facet normal 0.422571 -0.90633 0
    outer loop
      vertex -24.687 14.2905 37.3
      vertex -24.45 14.401 38.4
      vertex -24.687 14.2905 38.4
    endloop
  endfacet
  facet normal 0.422571 -0.90633 0
    outer loop
      vertex -24.45 14.401 38.4
      vertex -24.687 14.2905 37.3
      vertex -24.45 14.401 37.3
    endloop
  endfacet
  facet normal -0.57336 0.819304 0
    outer loop
      vertex -31.95 21.999 37.3
      vertex -32.1642 21.8491 38.4
      vertex -31.95 21.999 38.4
    endloop
  endfacet
  facet normal -0.57336 0.819304 0
    outer loop
      vertex -32.1642 21.8491 38.4
      vertex -31.95 21.999 37.3
      vertex -32.1642 21.8491 37.3
    endloop
  endfacet
  facet normal -0.819304 0.57336 -1.11226e-17
    outer loop
      vertex -32.499 21.45 37.3
      vertex -32.3491 21.6642 38.4
      vertex -32.3491 21.6642 37.3
    endloop
  endfacet
  facet normal -0.819304 0.57336 -1.11226e-17
    outer loop
      vertex -32.3491 21.6642 38.4
      vertex -32.499 21.45 37.3
      vertex -32.499 21.45 38.4
    endloop
  endfacet
  facet normal -0.996192 -0.0871907 7.82387e-19
    outer loop
      vertex -32.6772 15.4395 37.3
      vertex -32.7 15.7 38.16
      vertex -32.7 15.7 37.3
    endloop
  endfacet
  facet normal -0.996192 -0.0871907 7.82387e-19
    outer loop
      vertex -32.7 15.7 38.16
      vertex -32.6772 15.4395 37.3
      vertex -32.6772 15.4395 38.16
    endloop
  endfacet
  facet normal -0.422571 -0.90633 0
    outer loop
      vertex -31.95 14.401 37.3
      vertex -31.713 14.2905 38.4
      vertex -31.95 14.401 38.4
    endloop
  endfacet
  facet normal -0.422571 -0.90633 -0
    outer loop
      vertex -31.713 14.2905 38.4
      vertex -31.95 14.401 37.3
      vertex -31.713 14.2905 37.3
    endloop
  endfacet
  facet normal 0.996192 0.0871907 -1.45808e-18
    outer loop
      vertex -23.7 20.7 38.4
      vertex -23.7228 20.9605 37.3
      vertex -23.7228 20.9605 38.4
    endloop
  endfacet
  facet normal 0.996192 0.0871907 -1.45808e-18
    outer loop
      vertex -23.7228 20.9605 37.3
      vertex -23.7 20.7 38.4
      vertex -23.7 20.7 37.3
    endloop
  endfacet
  facet normal -0.57336 -0.819304 0
    outer loop
      vertex -32.1642 14.5509 37.3
      vertex -31.95 14.401 38.4
      vertex -32.1642 14.5509 38.4
    endloop
  endfacet
  facet normal -0.57336 -0.819304 -0
    outer loop
      vertex -31.95 14.401 38.4
      vertex -32.1642 14.5509 37.3
      vertex -31.95 14.401 37.3
    endloop
  endfacet
  facet normal -0.707107 -0.707107 0
    outer loop
      vertex -32.3491 14.7358 37.3
      vertex -32.1642 14.5509 38.4
      vertex -32.3491 14.7358 38.4
    endloop
  endfacet
  facet normal -0.707107 -0.707107 -0
    outer loop
      vertex -32.1642 14.5509 38.4
      vertex -32.3491 14.7358 37.3
      vertex -32.1642 14.5509 37.3
    endloop
  endfacet
  facet normal -0.90633 0.422571 5.79266e-18
    outer loop
      vertex -32.6095 21.213 37.3
      vertex -32.499 21.45 38.4
      vertex -32.499 21.45 37.3
    endloop
  endfacet
  facet normal -0.90633 0.422571 5.79266e-18
    outer loop
      vertex -32.499 21.45 38.4
      vertex -32.6095 21.213 37.3
      vertex -32.6095 21.213 38.4
    endloop
  endfacet
  facet normal -1 0 0
    outer loop
      vertex -32.7 15.7 38.16
      vertex -32.7 19.5262 37.3
      vertex -32.7 15.7 37.3
    endloop
  endfacet
  facet normal -1 0 0
    outer loop
      vertex -32.7 19.5262 37.3
      vertex -32.7 15.7 38.16
      vertex -32.7 19.5262 40
    endloop
  endfacet
  facet normal -1 0 0
    outer loop
      vertex -32.7 15 40
      vertex -32.7 15.7 38.16
      vertex -32.7 15 38.16
    endloop
  endfacet
  facet normal -1 0 0
    outer loop
      vertex -32.7 15.7 38.16
      vertex -32.7 15 40
      vertex -32.7 19.5262 40
    endloop
  endfacet
  facet normal -0.965885 -0.258972 4.98569e-18
    outer loop
      vertex -32.6095 15.187 37.3
      vertex -32.6772 15.4395 38.16
      vertex -32.6772 15.4395 37.3
    endloop
  endfacet
  facet normal -0.965885 -0.258972 4.98569e-18
    outer loop
      vertex -32.6772 15.4395 38.16
      vertex -32.6095 15.187 37.3
      vertex -32.6095 15.187 38.16
    endloop
  endfacet
  facet normal 0.707107 -0.707107 5.74883e-18
    outer loop
      vertex -24.2358 14.5509 38.4
      vertex -24.0509 14.7358 37.3
      vertex -24.0509 14.7358 38.4
    endloop
  endfacet
  facet normal 0.707107 -0.707107 5.74883e-18
    outer loop
      vertex -24.0509 14.7358 37.3
      vertex -24.2358 14.5509 38.4
      vertex -24.2358 14.5509 37.3
    endloop
  endfacet
  facet normal 0 0 1
    outer loop
      vertex -25.5 21 38.4
      vertex -23.7 20.7 38.4
      vertex -23.7228 20.9605 38.4
    endloop
  endfacet
  facet normal 0 0 1
    outer loop
      vertex -23.7 20.7 38.4
      vertex -25.5 21 38.4
      vertex -23.7 15.7 38.4
    endloop
  endfacet
  facet normal -0 0 1
    outer loop
      vertex -25.5 21 38.4
      vertex -23.7228 20.9605 38.4
      vertex -23.7905 21.213 38.4
    endloop
  endfacet
  facet normal 0 -0 1
    outer loop
      vertex -25.2 14.2 38.4
      vertex -23.7 15.7 38.4
      vertex -25.5 21 38.4
    endloop
  endfacet
  facet normal 0 0 1
    outer loop
      vertex -25.5 21 38.4
      vertex -23.7905 21.213 38.4
      vertex -23.901 21.45 38.4
    endloop
  endfacet
  facet normal 0 0 1
    outer loop
      vertex -23.7 15.7 38.4
      vertex -25.2 14.2 38.4
      vertex -23.7228 15.4395 38.4
    endloop
  endfacet
  facet normal 0 0 1
    outer loop
      vertex -25.5 21 38.4
      vertex -23.901 21.45 38.4
      vertex -24.0509 21.6642 38.4
    endloop
  endfacet
  facet normal 0 0 1
    outer loop
      vertex -23.7228 15.4395 38.4
      vertex -25.2 14.2 38.4
      vertex -23.7905 15.187 38.4
    endloop
  endfacet
  facet normal 0 0 1
    outer loop
      vertex -25.5 21 38.4
      vertex -24.0509 21.6642 38.4
      vertex -24.2358 21.8491 38.4
    endloop
  endfacet
  facet normal 0 0 1
    outer loop
      vertex -23.7905 15.187 38.4
      vertex -25.2 14.2 38.4
      vertex -23.901 14.95 38.4
    endloop
  endfacet
  facet normal 0 0 1
    outer loop
      vertex -25.5 21 38.4
      vertex -24.2358 21.8491 38.4
      vertex -24.45 21.999 38.4
    endloop
  endfacet
  facet normal 0 0 1
    outer loop
      vertex -23.901 14.95 38.4
      vertex -25.2 14.2 38.4
      vertex -24.0509 14.7358 38.4
    endloop
  endfacet
  facet normal 0 0 1
    outer loop
      vertex -25.5 21 38.4
      vertex -24.45 21.999 38.4
      vertex -24.687 22.1095 38.4
    endloop
  endfacet
  facet normal 0 0 1
    outer loop
      vertex -24.0509 14.7358 38.4
      vertex -25.2 14.2 38.4
      vertex -24.2358 14.5509 38.4
    endloop
  endfacet
  facet normal 0 0 1
    outer loop
      vertex -25.5 21 38.4
      vertex -24.687 22.1095 38.4
      vertex -24.9395 22.1772 38.4
    endloop
  endfacet
  facet normal 0 0 1
    outer loop
      vertex -24.2358 14.5509 38.4
      vertex -25.2 14.2 38.4
      vertex -24.45 14.401 38.4
    endloop
  endfacet
  facet normal 0 0 1
    outer loop
      vertex -25.5 21 38.4
      vertex -24.9395 22.1772 38.4
      vertex -25.2 22.2 38.4
    endloop
  endfacet
  facet normal 0 0 1
    outer loop
      vertex -24.45 14.401 38.4
      vertex -25.2 14.2 38.4
      vertex -24.687 14.2905 38.4
    endloop
  endfacet
  facet normal 0 0 1
    outer loop
      vertex -25.5 21 38.4
      vertex -25.2 22.2 38.4
      vertex -25.5 22.2 38.4
    endloop
  endfacet
  facet normal 0 0 1
    outer loop
      vertex -24.687 14.2905 38.4
      vertex -25.2 14.2 38.4
      vertex -24.9395 14.2228 38.4
    endloop
  endfacet
  facet normal 0 0 1
    outer loop
      vertex -30.7019 20.5716 38.4
      vertex -25.5 21 38.4
      vertex -30.4019 21 38.4
    endloop
  endfacet
  facet normal 0 0 1
    outer loop
      vertex -25.5 21 38.4
      vertex -30.7019 20.5716 38.4
      vertex -25.2 14.2 38.4
    endloop
  endfacet
  facet normal -0 0 1
    outer loop
      vertex -31.0716 20.2019 38.4
      vertex -25.2 14.2 38.4
      vertex -30.7019 20.5716 38.4
    endloop
  endfacet
  facet normal -0 0 1
    outer loop
      vertex -31.5 15 38.4
      vertex -25.2 14.2 38.4
      vertex -31.0716 20.2019 38.4
    endloop
  endfacet
  facet normal 0 0 1
    outer loop
      vertex -25.2 14.2 38.4
      vertex -31.5 15 38.4
      vertex -31.2 14.2 38.4
    endloop
  endfacet
  facet normal 0 0 1
    outer loop
      vertex -31.5 15 38.4
      vertex -31.0716 20.2019 38.4
      vertex -31.5 19.9019 38.4
    endloop
  endfacet
  facet normal 0 0 1
    outer loop
      vertex -31.2 14.2 38.4
      vertex -31.5 15 38.4
      vertex -31.4605 14.2228 38.4
    endloop
  endfacet
  facet normal 0 0 1
    outer loop
      vertex -31.5 15 38.4
      vertex -31.713 14.2905 38.4
      vertex -31.4605 14.2228 38.4
    endloop
  endfacet
  facet normal 0 0 1
    outer loop
      vertex -31.5 15 38.4
      vertex -31.95 14.401 38.4
      vertex -31.713 14.2905 38.4
    endloop
  endfacet
  facet normal 0 0 1
    outer loop
      vertex -31.5 15 38.4
      vertex -32.1642 14.5509 38.4
      vertex -31.95 14.401 38.4
    endloop
  endfacet
  facet normal 0 0 1
    outer loop
      vertex -31.5 15 38.4
      vertex -32.3491 14.7358 38.4
      vertex -32.1642 14.5509 38.4
    endloop
  endfacet
  facet normal 0 0 1
    outer loop
      vertex -31.5 15 38.4
      vertex -32.499 14.95 38.4
      vertex -32.3491 14.7358 38.4
    endloop
  endfacet
  facet normal 0 -0 1
    outer loop
      vertex -32.499 14.95 38.4
      vertex -31.5 15 38.4
      vertex -32.5224 15 38.4
    endloop
  endfacet
  facet normal -0 0 1
    outer loop
      vertex -31.713 22.1095 38.4
      vertex -31.7079 22.0297 38.4
      vertex -31.6845 22.1172 38.4
    endloop
  endfacet
  facet normal 0 0 1
    outer loop
      vertex -31.95 21.999 38.4
      vertex -31.7079 22.0297 38.4
      vertex -31.713 22.1095 38.4
    endloop
  endfacet
  facet normal 0 0 1
    outer loop
      vertex -31.7079 22.0297 38.4
      vertex -31.95 21.999 38.4
      vertex -31.8092 21.8125 38.4
    endloop
  endfacet
  facet normal -0 0 1
    outer loop
      vertex -32.1642 21.8491 38.4
      vertex -31.8092 21.8125 38.4
      vertex -31.95 21.999 38.4
    endloop
  endfacet
  facet normal 0 0 1
    outer loop
      vertex -31.8092 21.8125 38.4
      vertex -32.1642 21.8491 38.4
      vertex -31.9467 21.6162 38.4
    endloop
  endfacet
  facet normal 0 0 1
    outer loop
      vertex -31.9467 21.6162 38.4
      vertex -32.1642 21.8491 38.4
      vertex -32.1162 21.4467 38.4
    endloop
  endfacet
  facet normal -0 0 1
    outer loop
      vertex -32.3491 21.6642 38.4
      vertex -32.1162 21.4467 38.4
      vertex -32.1642 21.8491 38.4
    endloop
  endfacet
  facet normal 0 0 1
    outer loop
      vertex -32.1162 21.4467 38.4
      vertex -32.3491 21.6642 38.4
      vertex -32.3125 21.3092 38.4
    endloop
  endfacet
  facet normal -0 0 1
    outer loop
      vertex -32.499 21.45 38.4
      vertex -32.3125 21.3092 38.4
      vertex -32.3491 21.6642 38.4
    endloop
  endfacet
  facet normal 0 0 1
    outer loop
      vertex -32.499 21.45 38.4
      vertex -32.5297 21.2079 38.4
      vertex -32.3125 21.3092 38.4
    endloop
  endfacet
  facet normal -0 0 1
    outer loop
      vertex -32.6095 21.213 38.4
      vertex -32.5297 21.2079 38.4
      vertex -32.499 21.45 38.4
    endloop
  endfacet
  facet normal 0 0 1
    outer loop
      vertex -32.5297 21.2079 38.4
      vertex -32.6095 21.213 38.4
      vertex -32.6172 21.1845 38.4
    endloop
  endfacet
  facet normal -0.965386 0.260824 -2.02543e-19
    outer loop
      vertex -32.6172 21.1845 37.3
      vertex -32.6095 21.213 38.4
      vertex -32.6095 21.213 37.3
    endloop
  endfacet
  facet normal -0.965386 0.260824 -2.02543e-19
    outer loop
      vertex -32.6095 21.213 38.4
      vertex -32.6172 21.1845 37.3
      vertex -32.6172 21.1845 38.4
    endloop
  endfacet
  facet normal 0 0 -1
    outer loop
      vertex -25.2 14.2 37.3
      vertex -23.7 15.7 37.3
      vertex -23.7228 15.4395 37.3
    endloop
  endfacet
  facet normal 0 0 -1
    outer loop
      vertex -23.7 15.7 37.3
      vertex -30.7019 20.5716 37.3
      vertex -23.7 20.7 37.3
    endloop
  endfacet
  facet normal 0 0 -1
    outer loop
      vertex -25.2 14.2 37.3
      vertex -23.7228 15.4395 37.3
      vertex -23.7905 15.187 37.3
    endloop
  endfacet
  facet normal -0 0 -1
    outer loop
      vertex -23.7 15.7 37.3
      vertex -25.2 14.2 37.3
      vertex -30.7019 20.5716 37.3
    endloop
  endfacet
  facet normal 0 0 -1
    outer loop
      vertex -25.2 14.2 37.3
      vertex -23.7905 15.187 37.3
      vertex -23.901 14.95 37.3
    endloop
  endfacet
  facet normal 0 -0 -1
    outer loop
      vertex -30.4019 21 37.3
      vertex -23.7 20.7 37.3
      vertex -30.7019 20.5716 37.3
    endloop
  endfacet
  facet normal 0 0 -1
    outer loop
      vertex -25.2 14.2 37.3
      vertex -23.901 14.95 37.3
      vertex -24.0509 14.7358 37.3
    endloop
  endfacet
  facet normal 0 0 -1
    outer loop
      vertex -23.7228 20.9605 37.3
      vertex -25.2 22.2 37.3
      vertex -23.7905 21.213 37.3
    endloop
  endfacet
  facet normal 0 0 -1
    outer loop
      vertex -25.2 14.2 37.3
      vertex -24.0509 14.7358 37.3
      vertex -24.2358 14.5509 37.3
    endloop
  endfacet
  facet normal 0 0 -1
    outer loop
      vertex -23.7905 21.213 37.3
      vertex -25.2 22.2 37.3
      vertex -23.901 21.45 37.3
    endloop
  endfacet
  facet normal 0 0 -1
    outer loop
      vertex -25.2 14.2 37.3
      vertex -24.2358 14.5509 37.3
      vertex -24.45 14.401 37.3
    endloop
  endfacet
  facet normal 0 0 -1
    outer loop
      vertex -23.901 21.45 37.3
      vertex -25.2 22.2 37.3
      vertex -24.0509 21.6642 37.3
    endloop
  endfacet
  facet normal 0 0 -1
    outer loop
      vertex -25.2 14.2 37.3
      vertex -24.45 14.401 37.3
      vertex -24.687 14.2905 37.3
    endloop
  endfacet
  facet normal 0 0 -1
    outer loop
      vertex -24.0509 21.6642 37.3
      vertex -25.2 22.2 37.3
      vertex -24.2358 21.8491 37.3
    endloop
  endfacet
  facet normal 0 0 -1
    outer loop
      vertex -25.2 14.2 37.3
      vertex -24.687 14.2905 37.3
      vertex -24.9395 14.2228 37.3
    endloop
  endfacet
  facet normal 0 0 -1
    outer loop
      vertex -24.2358 21.8491 37.3
      vertex -25.2 22.2 37.3
      vertex -24.45 21.999 37.3
    endloop
  endfacet
  facet normal 0 0 -1
    outer loop
      vertex -24.45 21.999 37.3
      vertex -25.2 22.2 37.3
      vertex -24.687 22.1095 37.3
    endloop
  endfacet
  facet normal 0 0 -1
    outer loop
      vertex -24.687 22.1095 37.3
      vertex -25.2 22.2 37.3
      vertex -24.9395 22.1772 37.3
    endloop
  endfacet
  facet normal 0 -0 -1
    outer loop
      vertex -25.2 22.2 37.3
      vertex -23.7 20.7 37.3
      vertex -30.4019 21 37.3
    endloop
  endfacet
  facet normal -0 0 -1
    outer loop
      vertex -25.2 22.2 37.3
      vertex -30.0456 21.9791 37.3
      vertex -30.0262 22.2 37.3
    endloop
  endfacet
  facet normal 0 0 -1
    outer loop
      vertex -25.2 22.2 37.3
      vertex -30.1809 21.4739 37.3
      vertex -30.0456 21.9791 37.3
    endloop
  endfacet
  facet normal 0 0 -1
    outer loop
      vertex -25.2 22.2 37.3
      vertex -30.4019 21 37.3
      vertex -30.1809 21.4739 37.3
    endloop
  endfacet
  facet normal 0 0 -1
    outer loop
      vertex -23.7 20.7 37.3
      vertex -25.2 22.2 37.3
      vertex -23.7228 20.9605 37.3
    endloop
  endfacet
  facet normal 0 0 -1
    outer loop
      vertex -25.2 14.2 37.3
      vertex -31.0716 20.2019 37.3
      vertex -30.7019 20.5716 37.3
    endloop
  endfacet
  facet normal 0 0 -1
    outer loop
      vertex -31.2 14.2 37.3
      vertex -31.0716 20.2019 37.3
      vertex -25.2 14.2 37.3
    endloop
  endfacet
  facet normal 0 0 -1
    outer loop
      vertex -32.7 15.7 37.3
      vertex -31.2 14.2 37.3
      vertex -31.4605 14.2228 37.3
    endloop
  endfacet
  facet normal 0 0 -1
    outer loop
      vertex -31.2 14.2 37.3
      vertex -31.5 19.9019 37.3
      vertex -31.0716 20.2019 37.3
    endloop
  endfacet
  facet normal 0 0 -1
    outer loop
      vertex -32.7 15.7 37.3
      vertex -31.4605 14.2228 37.3
      vertex -31.713 14.2905 37.3
    endloop
  endfacet
  facet normal 0 0 -1
    outer loop
      vertex -32.7 15.7 37.3
      vertex -31.713 14.2905 37.3
      vertex -31.95 14.401 37.3
    endloop
  endfacet
  facet normal 0 0 -1
    outer loop
      vertex -31.2 14.2 37.3
      vertex -32.7 15.7 37.3
      vertex -31.5 19.9019 37.3
    endloop
  endfacet
  facet normal 0 0 -1
    outer loop
      vertex -32.7 15.7 37.3
      vertex -31.95 14.401 37.3
      vertex -32.1642 14.5509 37.3
    endloop
  endfacet
  facet normal 0 0 -1
    outer loop
      vertex -32.7 15.7 37.3
      vertex -32.1642 14.5509 37.3
      vertex -32.3491 14.7358 37.3
    endloop
  endfacet
  facet normal 0 0 -1
    outer loop
      vertex -31.5 19.9019 37.3
      vertex -32.7 15.7 37.3
      vertex -31.9739 19.6809 37.3
    endloop
  endfacet
  facet normal 0 0 -1
    outer loop
      vertex -32.7 15.7 37.3
      vertex -32.3491 14.7358 37.3
      vertex -32.499 14.95 37.3
    endloop
  endfacet
  facet normal 0 0 -1
    outer loop
      vertex -32.7 15.7 37.3
      vertex -32.499 14.95 37.3
      vertex -32.6095 15.187 37.3
    endloop
  endfacet
  facet normal 0 0 -1
    outer loop
      vertex -32.7 15.7 37.3
      vertex -32.6095 15.187 37.3
      vertex -32.6772 15.4395 37.3
    endloop
  endfacet
  facet normal 0 0 -1
    outer loop
      vertex -31.9739 19.6809 37.3
      vertex -32.7 15.7 37.3
      vertex -32.4791 19.5456 37.3
    endloop
  endfacet
  facet normal 0 0 -1
    outer loop
      vertex -32.4791 19.5456 37.3
      vertex -32.7 15.7 37.3
      vertex -32.7 19.5262 37.3
    endloop
  endfacet
  facet normal 0 0 -1
    outer loop
      vertex -31.7079 22.0297 37.3
      vertex -31.713 22.1095 37.3
      vertex -31.6845 22.1172 37.3
    endloop
  endfacet
  facet normal 0 0 -1
    outer loop
      vertex -31.95 21.999 37.3
      vertex -31.7079 22.0297 37.3
      vertex -31.8092 21.8125 37.3
    endloop
  endfacet
  facet normal 0 0 -1
    outer loop
      vertex -32.1642 21.8491 37.3
      vertex -31.8092 21.8125 37.3
      vertex -31.9467 21.6162 37.3
    endloop
  endfacet
  facet normal -0 0 -1
    outer loop
      vertex -31.7079 22.0297 37.3
      vertex -31.95 21.999 37.3
      vertex -31.713 22.1095 37.3
    endloop
  endfacet
  facet normal 0 0 -1
    outer loop
      vertex -32.1642 21.8491 37.3
      vertex -31.9467 21.6162 37.3
      vertex -32.1162 21.4467 37.3
    endloop
  endfacet
  facet normal 0 0 -1
    outer loop
      vertex -31.8092 21.8125 37.3
      vertex -32.1642 21.8491 37.3
      vertex -31.95 21.999 37.3
    endloop
  endfacet
  facet normal 0 0 -1
    outer loop
      vertex -32.3491 21.6642 37.3
      vertex -32.1162 21.4467 37.3
      vertex -32.3125 21.3092 37.3
    endloop
  endfacet
  facet normal 0 0 -1
    outer loop
      vertex -32.1162 21.4467 37.3
      vertex -32.3491 21.6642 37.3
      vertex -32.1642 21.8491 37.3
    endloop
  endfacet
  facet normal 0 0 -1
    outer loop
      vertex -32.3125 21.3092 37.3
      vertex -32.499 21.45 37.3
      vertex -32.3491 21.6642 37.3
    endloop
  endfacet
  facet normal 0 0 -1
    outer loop
      vertex -32.5297 21.2079 37.3
      vertex -32.499 21.45 37.3
      vertex -32.3125 21.3092 37.3
    endloop
  endfacet
  facet normal 0 0 -1
    outer loop
      vertex -32.5297 21.2079 37.3
      vertex -32.6095 21.213 37.3
      vertex -32.499 21.45 37.3
    endloop
  endfacet
  facet normal 0 -0 -1
    outer loop
      vertex -32.6095 21.213 37.3
      vertex -32.5297 21.2079 37.3
      vertex -32.6172 21.1845 37.3
    endloop
  endfacet
  facet normal -0.707107 0.707107 0
    outer loop
      vertex -32.1642 21.8491 37.3
      vertex -32.3491 21.6642 38.4
      vertex -32.1642 21.8491 38.4
    endloop
  endfacet
  facet normal -0.707107 0.707107 0
    outer loop
      vertex -32.3491 21.6642 38.4
      vertex -32.1642 21.8491 37.3
      vertex -32.3491 21.6642 37.3
    endloop
  endfacet
  facet normal 1 -0 0
    outer loop
      vertex -31.5 15 40
      vertex -31.5 19.9019 38.4
      vertex -31.5 19.9019 40
    endloop
  endfacet
  facet normal 1 0 0
    outer loop
      vertex -31.5 19.9019 38.4
      vertex -31.5 15 40
      vertex -31.5 15 38.4
    endloop
  endfacet
  facet normal -0 0 1
    outer loop
      vertex -31.9739 19.6809 40
      vertex -31.5 15 40
      vertex -31.5 19.9019 40
    endloop
  endfacet
  facet normal -0 0 1
    outer loop
      vertex -32.4791 19.5456 40
      vertex -31.5 15 40
      vertex -31.9739 19.6809 40
    endloop
  endfacet
  facet normal 0 0 1
    outer loop
      vertex -32.7 15 40
      vertex -32.4791 19.5456 40
      vertex -32.7 19.5262 40
    endloop
  endfacet
  facet normal 0 0 1
    outer loop
      vertex -32.4791 19.5456 40
      vertex -32.7 15 40
      vertex -31.5 15 40
    endloop
  endfacet
  facet normal 0 0 -1
    outer loop
      vertex -32.7 15 38.16
      vertex -32.6095 15.187 38.16
      vertex -32.5224 15 38.16
    endloop
  endfacet
  facet normal 0 0 -1
    outer loop
      vertex -32.7 15 38.16
      vertex -32.6772 15.4395 38.16
      vertex -32.6095 15.187 38.16
    endloop
  endfacet
  facet normal -0 0 -1
    outer loop
      vertex -32.6772 15.4395 38.16
      vertex -32.7 15 38.16
      vertex -32.7 15.7 38.16
    endloop
  endfacet
  facet normal 0 -1 0
    outer loop
      vertex -32.7 15 40
      vertex -32.5224 15 38.4
      vertex -31.5 15 40
    endloop
  endfacet
  facet normal 0 -1 0
    outer loop
      vertex -32.7 15 38.16
      vertex -32.5224 15 38.4
      vertex -32.7 15 40
    endloop
  endfacet
  facet normal 0 -1 -0
    outer loop
      vertex -32.5224 15 38.4
      vertex -32.7 15 38.16
      vertex -32.5224 15 38.16
    endloop
  endfacet
  facet normal 0 -1 -0
    outer loop
      vertex -31.5 15 40
      vertex -32.5224 15 38.4
      vertex -31.5 15 38.4
    endloop
  endfacet
  facet normal 1 -0 0
    outer loop
      vertex -25.5 21 40
      vertex -25.5 22.2 38.4
      vertex -25.5 22.2 40
    endloop
  endfacet
  facet normal 1 0 0
    outer loop
      vertex -25.5 22.2 38.4
      vertex -25.5 21 40
      vertex -25.5 21 38.4
    endloop
  endfacet
  facet normal 0 0 1
    outer loop
      vertex -30.0456 21.9791 40
      vertex -25.5 22.2 40
      vertex -30.0262 22.2 40
    endloop
  endfacet
  facet normal 0 0 1
    outer loop
      vertex -25.5 22.2 40
      vertex -30.0456 21.9791 40
      vertex -25.5 21 40
    endloop
  endfacet
  facet normal -0 0 1
    outer loop
      vertex -30.1809 21.4739 40
      vertex -25.5 21 40
      vertex -30.0456 21.9791 40
    endloop
  endfacet
  facet normal 0 0 1
    outer loop
      vertex -25.5 21 40
      vertex -30.1809 21.4739 40
      vertex -30.4019 21 40
    endloop
  endfacet
  facet normal 0 -1 0
    outer loop
      vertex -30.4019 21 38.4
      vertex -25.5 21 40
      vertex -30.4019 21 40
    endloop
  endfacet
  facet normal 0 -1 -0
    outer loop
      vertex -25.5 21 40
      vertex -30.4019 21 38.4
      vertex -25.5 21 38.4
    endloop
  endfacet
  facet normal -0.258972 -0.965885 0
    outer loop
      vertex 18.687 -22.1095 37.3
      vertex 18.9395 -22.1772 38.4
      vertex 18.687 -22.1095 38.4
    endloop
  endfacet
  facet normal -0.258972 -0.965885 -0
    outer loop
      vertex 18.9395 -22.1772 38.4
      vertex 18.687 -22.1095 37.3
      vertex 18.9395 -22.1772 37.3
    endloop
  endfacet
  facet normal 0.819304 -0.57336 -3.16999e-18
    outer loop
      vertex 26.3491 -21.6642 38.4
      vertex 26.499 -21.45 37.3
      vertex 26.499 -21.45 38.4
    endloop
  endfacet
  facet normal 0.819304 -0.57336 -3.16999e-18
    outer loop
      vertex 26.499 -21.45 37.3
      vertex 26.3491 -21.6642 38.4
      vertex 26.3491 -21.6642 37.3
    endloop
  endfacet
  facet normal 0.422571 0.90633 -0
    outer loop
      vertex 25.95 -14.401 37.3
      vertex 25.713 -14.2905 38.4
      vertex 25.95 -14.401 38.4
    endloop
  endfacet
  facet normal 0.422571 0.90633 0
    outer loop
      vertex 25.713 -14.2905 38.4
      vertex 25.95 -14.401 37.3
      vertex 25.713 -14.2905 37.3
    endloop
  endfacet
  facet normal 1 0 0
    outer loop
      vertex 26.7 -15 40
      vertex 26.7 -15.7 38.16
      vertex 26.7 -15 38.16
    endloop
  endfacet
  facet normal 1 -0 0
    outer loop
      vertex 26.7 -19.5262 40
      vertex 26.7 -15.7 38.16
      vertex 26.7 -15 40
    endloop
  endfacet
  facet normal 1 0 0
    outer loop
      vertex 26.7 -19.5262 37.3
      vertex 26.7 -15.7 38.16
      vertex 26.7 -19.5262 40
    endloop
  endfacet
  facet normal 1 0 0
    outer loop
      vertex 26.7 -15.7 38.16
      vertex 26.7 -19.5262 37.3
      vertex 26.7 -15.7 37.3
    endloop
  endfacet
  facet normal -0.90633 -0.422571 -2.02944e-18
    outer loop
      vertex 17.901 -21.45 37.3
      vertex 17.7905 -21.213 38.4
      vertex 17.7905 -21.213 37.3
    endloop
  endfacet
  facet normal -0.90633 -0.422571 -2.02944e-18
    outer loop
      vertex 17.7905 -21.213 38.4
      vertex 17.901 -21.45 37.3
      vertex 17.901 -21.45 38.4
    endloop
  endfacet
  facet normal 0.707107 0.707107 1.03852e-17
    outer loop
      vertex 26.3491 -14.7358 38.4
      vertex 26.1642 -14.5509 37.3
      vertex 26.1642 -14.5509 38.4
    endloop
  endfacet
  facet normal 0.707107 0.707107 1.03852e-17
    outer loop
      vertex 26.1642 -14.5509 37.3
      vertex 26.3491 -14.7358 38.4
      vertex 26.3491 -14.7358 37.3
    endloop
  endfacet
  facet normal 0.260824 -0.965386 0
    outer loop
      vertex 25.6845 -22.1172 37.3
      vertex 25.713 -22.1095 38.4
      vertex 25.6845 -22.1172 38.4
    endloop
  endfacet
  facet normal 0.260824 -0.965386 0
    outer loop
      vertex 25.713 -22.1095 38.4
      vertex 25.6845 -22.1172 37.3
      vertex 25.713 -22.1095 37.3
    endloop
  endfacet
  facet normal -0.258972 0.965885 0
    outer loop
      vertex 18.9395 -14.2228 37.3
      vertex 18.687 -14.2905 38.4
      vertex 18.9395 -14.2228 38.4
    endloop
  endfacet
  facet normal -0.258972 0.965885 0
    outer loop
      vertex 18.687 -14.2905 38.4
      vertex 18.9395 -14.2228 37.3
      vertex 18.687 -14.2905 37.3
    endloop
  endfacet
  facet normal 0 1 -0
    outer loop
      vertex 25.2 -14.2 37.3
      vertex 19.2 -14.2 38.4
      vertex 25.2 -14.2 38.4
    endloop
  endfacet
  facet normal 0 1 0
    outer loop
      vertex 19.2 -14.2 38.4
      vertex 25.2 -14.2 37.3
      vertex 19.2 -14.2 37.3
    endloop
  endfacet
  facet normal 0.57336 -0.819304 0
    outer loop
      vertex 25.95 -21.999 37.3
      vertex 26.1642 -21.8491 38.4
      vertex 25.95 -21.999 38.4
    endloop
  endfacet
  facet normal 0.57336 -0.819304 0
    outer loop
      vertex 26.1642 -21.8491 38.4
      vertex 25.95 -21.999 37.3
      vertex 26.1642 -21.8491 37.3
    endloop
  endfacet
  facet normal 0.90572 0.423877 -0
    outer loop
      vertex 26.5224 -15 38.16
      vertex 26.499 -14.95 38.4
      vertex 26.5224 -15 38.4
    endloop
  endfacet
  facet normal 0.90572 0.423877 0
    outer loop
      vertex 26.499 -14.95 38.4
      vertex 26.5224 -15 38.16
      vertex 26.499 -14.95 37.3
    endloop
  endfacet
  facet normal 0.906493 0.422222 -0
    outer loop
      vertex 26.6095 -15.187 37.3
      vertex 26.5224 -15 38.16
      vertex 26.6095 -15.187 38.16
    endloop
  endfacet
  facet normal 0.90633 0.422571 -9.24917e-05
    outer loop
      vertex 26.5224 -15 38.16
      vertex 26.6095 -15.187 37.3
      vertex 26.499 -14.95 37.3
    endloop
  endfacet
  facet normal -0.819304 -0.57336 3.16999e-18
    outer loop
      vertex 18.0509 -21.6642 37.3
      vertex 17.901 -21.45 38.4
      vertex 17.901 -21.45 37.3
    endloop
  endfacet
  facet normal -0.819304 -0.57336 3.16999e-18
    outer loop
      vertex 17.901 -21.45 38.4
      vertex 18.0509 -21.6642 37.3
      vertex 18.0509 -21.6642 38.4
    endloop
  endfacet
  facet normal -0.996192 0.0871907 -6.35807e-19
    outer loop
      vertex 17.7 -15.7 37.3
      vertex 17.7228 -15.4395 38.4
      vertex 17.7228 -15.4395 37.3
    endloop
  endfacet
  facet normal -0.996192 0.0871907 -6.35807e-19
    outer loop
      vertex 17.7228 -15.4395 38.4
      vertex 17.7 -15.7 37.3
      vertex 17.7 -15.7 38.4
    endloop
  endfacet
  facet normal 0.0871907 0.996192 -0
    outer loop
      vertex 25.4605 -14.2228 37.3
      vertex 25.2 -14.2 38.4
      vertex 25.4605 -14.2228 38.4
    endloop
  endfacet
  facet normal 0.0871907 0.996192 0
    outer loop
      vertex 25.2 -14.2 38.4
      vertex 25.4605 -14.2228 37.3
      vertex 25.2 -14.2 37.3
    endloop
  endfacet
  facet normal 0.965885 0.258972 -1.80445e-18
    outer loop
      vertex 26.6772 -15.4395 38.16
      vertex 26.6095 -15.187 37.3
      vertex 26.6095 -15.187 38.16
    endloop
  endfacet
  facet normal 0.965885 0.258972 -1.80445e-18
    outer loop
      vertex 26.6095 -15.187 37.3
      vertex 26.6772 -15.4395 38.16
      vertex 26.6772 -15.4395 37.3
    endloop
  endfacet
  facet normal -0.0871907 -0.996192 0
    outer loop
      vertex 18.9395 -22.1772 37.3
      vertex 19.2 -22.2 38.4
      vertex 18.9395 -22.1772 38.4
    endloop
  endfacet
  facet normal -0.0871907 -0.996192 -0
    outer loop
      vertex 19.2 -22.2 38.4
      vertex 18.9395 -22.1772 37.3
      vertex 19.2 -22.2 37.3
    endloop
  endfacet
  facet normal -0.422571 0.90633 0
    outer loop
      vertex 18.687 -14.2905 37.3
      vertex 18.45 -14.401 38.4
      vertex 18.687 -14.2905 38.4
    endloop
  endfacet
  facet normal -0.422571 0.90633 0
    outer loop
      vertex 18.45 -14.401 38.4
      vertex 18.687 -14.2905 37.3
      vertex 18.45 -14.401 37.3
    endloop
  endfacet
  facet normal 0 -1 0
    outer loop
      vertex 19.2 -22.2 38.4
      vertex 19.2 -22.2 37.3
      vertex 19.5 -22.2 38.4
    endloop
  endfacet
  facet normal 0 -1 0
    outer loop
      vertex 19.5 -22.2 38.4
      vertex 24.0262 -22.2 40
      vertex 19.5 -22.2 40
    endloop
  endfacet
  facet normal 0 -1 0
    outer loop
      vertex 24.0262 -22.2 37.3
      vertex 19.5 -22.2 38.4
      vertex 19.2 -22.2 37.3
    endloop
  endfacet
  facet normal 0 -1 0
    outer loop
      vertex 19.5 -22.2 38.4
      vertex 24.0262 -22.2 37.3
      vertex 24.0262 -22.2 40
    endloop
  endfacet
  facet normal 0.819304 0.57336 -1.19245e-17
    outer loop
      vertex 26.499 -14.95 38.4
      vertex 26.3491 -14.7358 37.3
      vertex 26.3491 -14.7358 38.4
    endloop
  endfacet
  facet normal 0.819304 0.57336 -1.19245e-17
    outer loop
      vertex 26.3491 -14.7358 37.3
      vertex 26.499 -14.95 38.4
      vertex 26.499 -14.95 37.3
    endloop
  endfacet
  facet normal 0.965386 -0.260824 -2.02543e-19
    outer loop
      vertex 26.6095 -21.213 38.4
      vertex 26.6172 -21.1845 37.3
      vertex 26.6172 -21.1845 38.4
    endloop
  endfacet
  facet normal 0.965386 -0.260824 -2.02543e-19
    outer loop
      vertex 26.6172 -21.1845 37.3
      vertex 26.6095 -21.213 38.4
      vertex 26.6095 -21.213 37.3
    endloop
  endfacet
  facet normal 0.57336 0.819304 -0
    outer loop
      vertex 26.1642 -14.5509 37.3
      vertex 25.95 -14.401 38.4
      vertex 26.1642 -14.5509 38.4
    endloop
  endfacet
  facet normal 0.57336 0.819304 0
    outer loop
      vertex 25.95 -14.401 38.4
      vertex 26.1642 -14.5509 37.3
      vertex 25.95 -14.401 37.3
    endloop
  endfacet
  facet normal 0.258972 0.965885 -0
    outer loop
      vertex 25.713 -14.2905 37.3
      vertex 25.4605 -14.2228 38.4
      vertex 25.713 -14.2905 38.4
    endloop
  endfacet
  facet normal 0.258972 0.965885 0
    outer loop
      vertex 25.4605 -14.2228 38.4
      vertex 25.713 -14.2905 37.3
      vertex 25.4605 -14.2228 37.3
    endloop
  endfacet
  facet normal 0.90633 -0.422571 -1.73378e-18
    outer loop
      vertex 26.499 -21.45 38.4
      vertex 26.6095 -21.213 37.3
      vertex 26.6095 -21.213 38.4
    endloop
  endfacet
  facet normal 0.90633 -0.422571 -1.73378e-18
    outer loop
      vertex 26.6095 -21.213 37.3
      vertex 26.499 -21.45 38.4
      vertex 26.499 -21.45 37.3
    endloop
  endfacet
  facet normal 0.422571 -0.90633 0
    outer loop
      vertex 25.713 -22.1095 37.3
      vertex 25.95 -21.999 38.4
      vertex 25.713 -22.1095 38.4
    endloop
  endfacet
  facet normal 0.422571 -0.90633 0
    outer loop
      vertex 25.95 -21.999 38.4
      vertex 25.713 -22.1095 37.3
      vertex 25.95 -21.999 37.3
    endloop
  endfacet
  facet normal -0.57336 0.819304 0
    outer loop
      vertex 18.45 -14.401 37.3
      vertex 18.2358 -14.5509 38.4
      vertex 18.45 -14.401 38.4
    endloop
  endfacet
  facet normal -0.57336 0.819304 0
    outer loop
      vertex 18.2358 -14.5509 38.4
      vertex 18.45 -14.401 37.3
      vertex 18.2358 -14.5509 37.3
    endloop
  endfacet
  facet normal -0.819304 0.57336 1.19245e-17
    outer loop
      vertex 17.901 -14.95 37.3
      vertex 18.0509 -14.7358 38.4
      vertex 18.0509 -14.7358 37.3
    endloop
  endfacet
  facet normal -0.819304 0.57336 1.19245e-17
    outer loop
      vertex 18.0509 -14.7358 38.4
      vertex 17.901 -14.95 37.3
      vertex 17.901 -14.95 38.4
    endloop
  endfacet
  facet normal -0.0871907 0.996192 0
    outer loop
      vertex 19.2 -14.2 37.3
      vertex 18.9395 -14.2228 38.4
      vertex 19.2 -14.2 38.4
    endloop
  endfacet
  facet normal -0.0871907 0.996192 0
    outer loop
      vertex 18.9395 -14.2228 38.4
      vertex 19.2 -14.2 37.3
      vertex 18.9395 -14.2228 37.3
    endloop
  endfacet
  facet normal -0.996192 -0.0871907 -1.45808e-18
    outer loop
      vertex 17.7228 -20.9605 37.3
      vertex 17.7 -20.7 38.4
      vertex 17.7 -20.7 37.3
    endloop
  endfacet
  facet normal -0.996192 -0.0871907 -1.45808e-18
    outer loop
      vertex 17.7 -20.7 38.4
      vertex 17.7228 -20.9605 37.3
      vertex 17.7228 -20.9605 38.4
    endloop
  endfacet
  facet normal -0.422571 -0.90633 0
    outer loop
      vertex 18.45 -21.999 37.3
      vertex 18.687 -22.1095 38.4
      vertex 18.45 -21.999 38.4
    endloop
  endfacet
  facet normal -0.422571 -0.90633 -0
    outer loop
      vertex 18.687 -22.1095 38.4
      vertex 18.45 -21.999 37.3
      vertex 18.687 -22.1095 37.3
    endloop
  endfacet
  facet normal 0.996192 0.0871907 8.13242e-19
    outer loop
      vertex 26.7 -15.7 38.16
      vertex 26.6772 -15.4395 37.3
      vertex 26.6772 -15.4395 38.16
    endloop
  endfacet
  facet normal 0.996192 0.0871907 8.13242e-19
    outer loop
      vertex 26.6772 -15.4395 37.3
      vertex 26.7 -15.7 38.16
      vertex 26.7 -15.7 37.3
    endloop
  endfacet
  facet normal -0.57336 -0.819304 0
    outer loop
      vertex 18.2358 -21.8491 37.3
      vertex 18.45 -21.999 38.4
      vertex 18.2358 -21.8491 38.4
    endloop
  endfacet
  facet normal -0.57336 -0.819304 -0
    outer loop
      vertex 18.45 -21.999 38.4
      vertex 18.2358 -21.8491 37.3
      vertex 18.45 -21.999 37.3
    endloop
  endfacet
  facet normal -0.707107 -0.707107 -5.74883e-18
    outer loop
      vertex 18.2358 -21.8491 37.3
      vertex 18.0509 -21.6642 38.4
      vertex 18.0509 -21.6642 37.3
    endloop
  endfacet
  facet normal -0.707107 -0.707107 -5.74883e-18
    outer loop
      vertex 18.0509 -21.6642 38.4
      vertex 18.2358 -21.8491 37.3
      vertex 18.2358 -21.8491 38.4
    endloop
  endfacet
  facet normal -0.90633 0.422571 -3.08469e-18
    outer loop
      vertex 17.7905 -15.187 37.3
      vertex 17.901 -14.95 38.4
      vertex 17.901 -14.95 37.3
    endloop
  endfacet
  facet normal -0.90633 0.422571 -3.08469e-18
    outer loop
      vertex 17.901 -14.95 38.4
      vertex 17.7905 -15.187 37.3
      vertex 17.7905 -15.187 38.4
    endloop
  endfacet
  facet normal -1 0 0
    outer loop
      vertex 17.7 -20.7 37.3
      vertex 17.7 -15.7 38.4
      vertex 17.7 -15.7 37.3
    endloop
  endfacet
  facet normal -1 -0 0
    outer loop
      vertex 17.7 -15.7 38.4
      vertex 17.7 -20.7 37.3
      vertex 17.7 -20.7 38.4
    endloop
  endfacet
  facet normal -0.965885 -0.258972 3.8979e-18
    outer loop
      vertex 17.7905 -21.213 37.3
      vertex 17.7228 -20.9605 38.4
      vertex 17.7228 -20.9605 37.3
    endloop
  endfacet
  facet normal -0.965885 -0.258972 3.8979e-18
    outer loop
      vertex 17.7228 -20.9605 38.4
      vertex 17.7905 -21.213 37.3
      vertex 17.7905 -21.213 38.4
    endloop
  endfacet
  facet normal 0.707107 -0.707107 -1.03852e-17
    outer loop
      vertex 26.1642 -21.8491 38.4
      vertex 26.3491 -21.6642 37.3
      vertex 26.3491 -21.6642 38.4
    endloop
  endfacet
  facet normal 0.707107 -0.707107 -1.03852e-17
    outer loop
      vertex 26.3491 -21.6642 37.3
      vertex 26.1642 -21.8491 38.4
      vertex 26.1642 -21.8491 37.3
    endloop
  endfacet
  facet normal 0 0 1
    outer loop
      vertex 25.5 -15 38.4
      vertex 26.499 -14.95 38.4
      vertex 26.3491 -14.7358 38.4
    endloop
  endfacet
  facet normal 0 0 1
    outer loop
      vertex 25.5 -15 38.4
      vertex 26.3491 -14.7358 38.4
      vertex 26.1642 -14.5509 38.4
    endloop
  endfacet
  facet normal 0 0 1
    outer loop
      vertex 25.5 -15 38.4
      vertex 26.1642 -14.5509 38.4
      vertex 25.95 -14.401 38.4
    endloop
  endfacet
  facet normal 0 0 1
    outer loop
      vertex 25.5 -15 38.4
      vertex 25.95 -14.401 38.4
      vertex 25.713 -14.2905 38.4
    endloop
  endfacet
  facet normal 0 0 1
    outer loop
      vertex 26.499 -14.95 38.4
      vertex 25.5 -15 38.4
      vertex 26.5224 -15 38.4
    endloop
  endfacet
  facet normal 0 0 1
    outer loop
      vertex 25.4605 -14.2228 38.4
      vertex 25.5 -15 38.4
      vertex 25.713 -14.2905 38.4
    endloop
  endfacet
  facet normal 0 0 1
    outer loop
      vertex 25.2 -14.2 38.4
      vertex 25.5 -15 38.4
      vertex 25.4605 -14.2228 38.4
    endloop
  endfacet
  facet normal -0 0 1
    outer loop
      vertex 19.2 -14.2 38.4
      vertex 25.5 -15 38.4
      vertex 25.2 -14.2 38.4
    endloop
  endfacet
  facet normal 0 0 1
    outer loop
      vertex 25.5 -15 38.4
      vertex 25.0716 -20.2019 38.4
      vertex 25.5 -19.9019 38.4
    endloop
  endfacet
  facet normal 0 0 1
    outer loop
      vertex 25.5 -15 38.4
      vertex 19.2 -14.2 38.4
      vertex 25.0716 -20.2019 38.4
    endloop
  endfacet
  facet normal 0 0 1
    outer loop
      vertex 25.0716 -20.2019 38.4
      vertex 19.2 -14.2 38.4
      vertex 24.7019 -20.5716 38.4
    endloop
  endfacet
  facet normal 0 -0 1
    outer loop
      vertex 19.5 -21 38.4
      vertex 24.7019 -20.5716 38.4
      vertex 19.2 -14.2 38.4
    endloop
  endfacet
  facet normal 0 0 1
    outer loop
      vertex 24.7019 -20.5716 38.4
      vertex 19.5 -21 38.4
      vertex 24.4019 -21 38.4
    endloop
  endfacet
  facet normal -0 0 1
    outer loop
      vertex 17.7 -15.7 38.4
      vertex 19.5 -21 38.4
      vertex 19.2 -14.2 38.4
    endloop
  endfacet
  facet normal -0 0 1
    outer loop
      vertex 17.7 -20.7 38.4
      vertex 19.5 -21 38.4
      vertex 17.7 -15.7 38.4
    endloop
  endfacet
  facet normal 0 0 1
    outer loop
      vertex 17.7 -15.7 38.4
      vertex 19.2 -14.2 38.4
      vertex 18.9395 -14.2228 38.4
    endloop
  endfacet
  facet normal -0 -0 1
    outer loop
      vertex 17.7228 -20.9605 38.4
      vertex 19.5 -21 38.4
      vertex 17.7 -20.7 38.4
    endloop
  endfacet
  facet normal 0 0 1
    outer loop
      vertex 17.7 -15.7 38.4
      vertex 18.9395 -14.2228 38.4
      vertex 18.687 -14.2905 38.4
    endloop
  endfacet
  facet normal 0 0 1
    outer loop
      vertex 19.5 -21 38.4
      vertex 19.2 -22.2 38.4
      vertex 19.5 -22.2 38.4
    endloop
  endfacet
  facet normal 0 0 1
    outer loop
      vertex 17.7 -15.7 38.4
      vertex 18.687 -14.2905 38.4
      vertex 18.45 -14.401 38.4
    endloop
  endfacet
  facet normal 0 0 1
    outer loop
      vertex 19.5 -21 38.4
      vertex 18.9395 -22.1772 38.4
      vertex 19.2 -22.2 38.4
    endloop
  endfacet
  facet normal 0 0 1
    outer loop
      vertex 17.7 -15.7 38.4
      vertex 18.45 -14.401 38.4
      vertex 18.2358 -14.5509 38.4
    endloop
  endfacet
  facet normal 0 0 1
    outer loop
      vertex 19.5 -21 38.4
      vertex 18.687 -22.1095 38.4
      vertex 18.9395 -22.1772 38.4
    endloop
  endfacet
  facet normal 0 0 1
    outer loop
      vertex 17.7 -15.7 38.4
      vertex 18.2358 -14.5509 38.4
      vertex 18.0509 -14.7358 38.4
    endloop
  endfacet
  facet normal 0 0 1
    outer loop
      vertex 19.5 -21 38.4
      vertex 18.45 -21.999 38.4
      vertex 18.687 -22.1095 38.4
    endloop
  endfacet
  facet normal 0 0 1
    outer loop
      vertex 17.7 -15.7 38.4
      vertex 18.0509 -14.7358 38.4
      vertex 17.901 -14.95 38.4
    endloop
  endfacet
  facet normal 0 0 1
    outer loop
      vertex 19.5 -21 38.4
      vertex 18.2358 -21.8491 38.4
      vertex 18.45 -21.999 38.4
    endloop
  endfacet
  facet normal 0 0 1
    outer loop
      vertex 17.7 -15.7 38.4
      vertex 17.901 -14.95 38.4
      vertex 17.7905 -15.187 38.4
    endloop
  endfacet
  facet normal 0 0 1
    outer loop
      vertex 19.5 -21 38.4
      vertex 18.0509 -21.6642 38.4
      vertex 18.2358 -21.8491 38.4
    endloop
  endfacet
  facet normal 0 0 1
    outer loop
      vertex 17.7 -15.7 38.4
      vertex 17.7905 -15.187 38.4
      vertex 17.7228 -15.4395 38.4
    endloop
  endfacet
  facet normal 0 0 1
    outer loop
      vertex 19.5 -21 38.4
      vertex 17.901 -21.45 38.4
      vertex 18.0509 -21.6642 38.4
    endloop
  endfacet
  facet normal 0 0 1
    outer loop
      vertex 19.5 -21 38.4
      vertex 17.7905 -21.213 38.4
      vertex 17.901 -21.45 38.4
    endloop
  endfacet
  facet normal 0 0 1
    outer loop
      vertex 19.5 -21 38.4
      vertex 17.7228 -20.9605 38.4
      vertex 17.7905 -21.213 38.4
    endloop
  endfacet
  facet normal -0 0 1
    outer loop
      vertex 26.5297 -21.2079 38.4
      vertex 26.6095 -21.213 38.4
      vertex 26.6172 -21.1845 38.4
    endloop
  endfacet
  facet normal 0 0 1
    outer loop
      vertex 26.5297 -21.2079 38.4
      vertex 26.499 -21.45 38.4
      vertex 26.6095 -21.213 38.4
    endloop
  endfacet
  facet normal -0 0 1
    outer loop
      vertex 26.3125 -21.3092 38.4
      vertex 26.499 -21.45 38.4
      vertex 26.5297 -21.2079 38.4
    endloop
  endfacet
  facet normal 0 0 1
    outer loop
      vertex 26.499 -21.45 38.4
      vertex 26.3125 -21.3092 38.4
      vertex 26.3491 -21.6642 38.4
    endloop
  endfacet
  facet normal -0 0 1
    outer loop
      vertex 26.1162 -21.4467 38.4
      vertex 26.3491 -21.6642 38.4
      vertex 26.3125 -21.3092 38.4
    endloop
  endfacet
  facet normal 0 0 1
    outer loop
      vertex 26.3491 -21.6642 38.4
      vertex 26.1162 -21.4467 38.4
      vertex 26.1642 -21.8491 38.4
    endloop
  endfacet
  facet normal -0 0 1
    outer loop
      vertex 25.9467 -21.6162 38.4
      vertex 26.1642 -21.8491 38.4
      vertex 26.1162 -21.4467 38.4
    endloop
  endfacet
  facet normal -0 0 1
    outer loop
      vertex 25.8092 -21.8125 38.4
      vertex 26.1642 -21.8491 38.4
      vertex 25.9467 -21.6162 38.4
    endloop
  endfacet
  facet normal 0 0 1
    outer loop
      vertex 26.1642 -21.8491 38.4
      vertex 25.8092 -21.8125 38.4
      vertex 25.95 -21.999 38.4
    endloop
  endfacet
  facet normal 0 0 1
    outer loop
      vertex 25.7079 -22.0297 38.4
      vertex 25.95 -21.999 38.4
      vertex 25.8092 -21.8125 38.4
    endloop
  endfacet
  facet normal 0 0 1
    outer loop
      vertex 25.95 -21.999 38.4
      vertex 25.7079 -22.0297 38.4
      vertex 25.713 -22.1095 38.4
    endloop
  endfacet
  facet normal 0 0 1
    outer loop
      vertex 25.713 -22.1095 38.4
      vertex 25.7079 -22.0297 38.4
      vertex 25.6845 -22.1172 38.4
    endloop
  endfacet
  facet normal -0.965885 0.258972 -3.8979e-18
    outer loop
      vertex 17.7228 -15.4395 37.3
      vertex 17.7905 -15.187 38.4
      vertex 17.7905 -15.187 37.3
    endloop
  endfacet
  facet normal -0.965885 0.258972 -3.8979e-18
    outer loop
      vertex 17.7905 -15.187 38.4
      vertex 17.7228 -15.4395 37.3
      vertex 17.7228 -15.4395 38.4
    endloop
  endfacet
  facet normal 0 0 -1
    outer loop
      vertex 26.4791 -19.5456 37.3
      vertex 26.7 -15.7 37.3
      vertex 26.7 -19.5262 37.3
    endloop
  endfacet
  facet normal 0 0 -1
    outer loop
      vertex 25.9739 -19.6809 37.3
      vertex 26.7 -15.7 37.3
      vertex 26.4791 -19.5456 37.3
    endloop
  endfacet
  facet normal 0 0 -1
    outer loop
      vertex 25.5 -19.9019 37.3
      vertex 26.7 -15.7 37.3
      vertex 25.9739 -19.6809 37.3
    endloop
  endfacet
  facet normal 0 0 -1
    outer loop
      vertex 25.2 -14.2 37.3
      vertex 26.7 -15.7 37.3
      vertex 25.5 -19.9019 37.3
    endloop
  endfacet
  facet normal 0 0 -1
    outer loop
      vertex 26.7 -15.7 37.3
      vertex 25.2 -14.2 37.3
      vertex 26.6772 -15.4395 37.3
    endloop
  endfacet
  facet normal 0 0 -1
    outer loop
      vertex 26.6772 -15.4395 37.3
      vertex 25.2 -14.2 37.3
      vertex 26.6095 -15.187 37.3
    endloop
  endfacet
  facet normal 0 0 -1
    outer loop
      vertex 26.499 -14.95 37.3
      vertex 25.2 -14.2 37.3
      vertex 26.3491 -14.7358 37.3
    endloop
  endfacet
  facet normal 0 0 -1
    outer loop
      vertex 26.3491 -14.7358 37.3
      vertex 25.2 -14.2 37.3
      vertex 26.1642 -14.5509 37.3
    endloop
  endfacet
  facet normal 0 0 -1
    outer loop
      vertex 26.1642 -14.5509 37.3
      vertex 25.2 -14.2 37.3
      vertex 25.95 -14.401 37.3
    endloop
  endfacet
  facet normal 0 0 -1
    outer loop
      vertex 26.6095 -15.187 37.3
      vertex 25.2 -14.2 37.3
      vertex 26.499 -14.95 37.3
    endloop
  endfacet
  facet normal 0 0 -1
    outer loop
      vertex 25.95 -14.401 37.3
      vertex 25.2 -14.2 37.3
      vertex 25.713 -14.2905 37.3
    endloop
  endfacet
  facet normal 0 0 -1
    outer loop
      vertex 25.713 -14.2905 37.3
      vertex 25.2 -14.2 37.3
      vertex 25.4605 -14.2228 37.3
    endloop
  endfacet
  facet normal 0 0 -1
    outer loop
      vertex 25.0716 -20.2019 37.3
      vertex 25.2 -14.2 37.3
      vertex 25.5 -19.9019 37.3
    endloop
  endfacet
  facet normal 0 0 -1
    outer loop
      vertex 19.2 -14.2 37.3
      vertex 25.0716 -20.2019 37.3
      vertex 24.7019 -20.5716 37.3
    endloop
  endfacet
  facet normal 0 0 -1
    outer loop
      vertex 17.7 -20.7 37.3
      vertex 24.7019 -20.5716 37.3
      vertex 24.4019 -21 37.3
    endloop
  endfacet
  facet normal 0 0 -1
    outer loop
      vertex 19.2 -22.2 37.3
      vertex 24.4019 -21 37.3
      vertex 24.1809 -21.4739 37.3
    endloop
  endfacet
  facet normal 0 0 -1
    outer loop
      vertex 19.2 -22.2 37.3
      vertex 24.1809 -21.4739 37.3
      vertex 24.0456 -21.9791 37.3
    endloop
  endfacet
  facet normal 0 0 -1
    outer loop
      vertex 19.2 -22.2 37.3
      vertex 24.0456 -21.9791 37.3
      vertex 24.0262 -22.2 37.3
    endloop
  endfacet
  facet normal -0 0 -1
    outer loop
      vertex 24.4019 -21 37.3
      vertex 19.2 -22.2 37.3
      vertex 17.7 -20.7 37.3
    endloop
  endfacet
  facet normal 0 0 -1
    outer loop
      vertex 25.0716 -20.2019 37.3
      vertex 19.2 -14.2 37.3
      vertex 25.2 -14.2 37.3
    endloop
  endfacet
  facet normal 0 0 -1
    outer loop
      vertex 17.7 -20.7 37.3
      vertex 19.2 -22.2 37.3
      vertex 18.9395 -22.1772 37.3
    endloop
  endfacet
  facet normal -0 0 -1
    outer loop
      vertex 24.7019 -20.5716 37.3
      vertex 17.7 -20.7 37.3
      vertex 17.7 -15.7 37.3
    endloop
  endfacet
  facet normal 0 0 -1
    outer loop
      vertex 17.7 -20.7 37.3
      vertex 18.9395 -22.1772 37.3
      vertex 18.687 -22.1095 37.3
    endloop
  endfacet
  facet normal 0 0 -1
    outer loop
      vertex 24.7019 -20.5716 37.3
      vertex 17.7 -15.7 37.3
      vertex 19.2 -14.2 37.3
    endloop
  endfacet
  facet normal 0 0 -1
    outer loop
      vertex 17.7 -20.7 37.3
      vertex 18.687 -22.1095 37.3
      vertex 18.45 -21.999 37.3
    endloop
  endfacet
  facet normal 0 0 -1
    outer loop
      vertex 19.2 -14.2 37.3
      vertex 17.7 -15.7 37.3
      vertex 18.9395 -14.2228 37.3
    endloop
  endfacet
  facet normal 0 0 -1
    outer loop
      vertex 17.7 -20.7 37.3
      vertex 18.45 -21.999 37.3
      vertex 18.2358 -21.8491 37.3
    endloop
  endfacet
  facet normal 0 0 -1
    outer loop
      vertex 18.9395 -14.2228 37.3
      vertex 17.7 -15.7 37.3
      vertex 18.687 -14.2905 37.3
    endloop
  endfacet
  facet normal 0 0 -1
    outer loop
      vertex 17.7 -20.7 37.3
      vertex 18.2358 -21.8491 37.3
      vertex 18.0509 -21.6642 37.3
    endloop
  endfacet
  facet normal 0 0 -1
    outer loop
      vertex 18.687 -14.2905 37.3
      vertex 17.7 -15.7 37.3
      vertex 18.45 -14.401 37.3
    endloop
  endfacet
  facet normal 0 0 -1
    outer loop
      vertex 17.7 -20.7 37.3
      vertex 18.0509 -21.6642 37.3
      vertex 17.901 -21.45 37.3
    endloop
  endfacet
  facet normal 0 0 -1
    outer loop
      vertex 18.45 -14.401 37.3
      vertex 17.7 -15.7 37.3
      vertex 18.2358 -14.5509 37.3
    endloop
  endfacet
  facet normal 0 0 -1
    outer loop
      vertex 17.7 -20.7 37.3
      vertex 17.901 -21.45 37.3
      vertex 17.7905 -21.213 37.3
    endloop
  endfacet
  facet normal 0 0 -1
    outer loop
      vertex 18.2358 -14.5509 37.3
      vertex 17.7 -15.7 37.3
      vertex 18.0509 -14.7358 37.3
    endloop
  endfacet
  facet normal 0 0 -1
    outer loop
      vertex 17.7 -20.7 37.3
      vertex 17.7905 -21.213 37.3
      vertex 17.7228 -20.9605 37.3
    endloop
  endfacet
  facet normal 0 0 -1
    outer loop
      vertex 18.0509 -14.7358 37.3
      vertex 17.7 -15.7 37.3
      vertex 17.901 -14.95 37.3
    endloop
  endfacet
  facet normal 0 0 -1
    outer loop
      vertex 17.901 -14.95 37.3
      vertex 17.7 -15.7 37.3
      vertex 17.7905 -15.187 37.3
    endloop
  endfacet
  facet normal 0 0 -1
    outer loop
      vertex 17.7905 -15.187 37.3
      vertex 17.7 -15.7 37.3
      vertex 17.7228 -15.4395 37.3
    endloop
  endfacet
  facet normal 0 0 -1
    outer loop
      vertex 26.6095 -21.213 37.3
      vertex 26.5297 -21.2079 37.3
      vertex 26.6172 -21.1845 37.3
    endloop
  endfacet
  facet normal 0 0 -1
    outer loop
      vertex 26.499 -21.45 37.3
      vertex 26.5297 -21.2079 37.3
      vertex 26.6095 -21.213 37.3
    endloop
  endfacet
  facet normal 0 0 -1
    outer loop
      vertex 26.3125 -21.3092 37.3
      vertex 26.499 -21.45 37.3
      vertex 26.3491 -21.6642 37.3
    endloop
  endfacet
  facet normal 0 0 -1
    outer loop
      vertex 26.499 -21.45 37.3
      vertex 26.3125 -21.3092 37.3
      vertex 26.5297 -21.2079 37.3
    endloop
  endfacet
  facet normal 0 0 -1
    outer loop
      vertex 26.1162 -21.4467 37.3
      vertex 26.3491 -21.6642 37.3
      vertex 26.1642 -21.8491 37.3
    endloop
  endfacet
  facet normal 0 0 -1
    outer loop
      vertex 26.3491 -21.6642 37.3
      vertex 26.1162 -21.4467 37.3
      vertex 26.3125 -21.3092 37.3
    endloop
  endfacet
  facet normal 0 0 -1
    outer loop
      vertex 25.8092 -21.8125 37.3
      vertex 26.1642 -21.8491 37.3
      vertex 25.95 -21.999 37.3
    endloop
  endfacet
  facet normal 0 0 -1
    outer loop
      vertex 26.1642 -21.8491 37.3
      vertex 25.9467 -21.6162 37.3
      vertex 26.1162 -21.4467 37.3
    endloop
  endfacet
  facet normal 0 0 -1
    outer loop
      vertex 26.1642 -21.8491 37.3
      vertex 25.8092 -21.8125 37.3
      vertex 25.9467 -21.6162 37.3
    endloop
  endfacet
  facet normal 0 0 -1
    outer loop
      vertex 25.7079 -22.0297 37.3
      vertex 25.95 -21.999 37.3
      vertex 25.713 -22.1095 37.3
    endloop
  endfacet
  facet normal -0 0 -1
    outer loop
      vertex 25.95 -21.999 37.3
      vertex 25.7079 -22.0297 37.3
      vertex 25.8092 -21.8125 37.3
    endloop
  endfacet
  facet normal 0 -0 -1
    outer loop
      vertex 25.7079 -22.0297 37.3
      vertex 25.713 -22.1095 37.3
      vertex 25.6845 -22.1172 37.3
    endloop
  endfacet
  facet normal -0.707107 0.707107 5.74883e-18
    outer loop
      vertex 18.0509 -14.7358 37.3
      vertex 18.2358 -14.5509 38.4
      vertex 18.2358 -14.5509 37.3
    endloop
  endfacet
  facet normal -0.707107 0.707107 5.74883e-18
    outer loop
      vertex 18.2358 -14.5509 38.4
      vertex 18.0509 -14.7358 37.3
      vertex 18.0509 -14.7358 38.4
    endloop
  endfacet
  facet normal 0 0 1
    outer loop
      vertex 26.7 -15 40
      vertex 26.4791 -19.5456 40
      vertex 26.7 -19.5262 40
    endloop
  endfacet
  facet normal -0 0 1
    outer loop
      vertex 25.5 -15 40
      vertex 26.4791 -19.5456 40
      vertex 26.7 -15 40
    endloop
  endfacet
  facet normal 0 0 1
    outer loop
      vertex 26.4791 -19.5456 40
      vertex 25.5 -15 40
      vertex 25.9739 -19.6809 40
    endloop
  endfacet
  facet normal 0 0 1
    outer loop
      vertex 25.9739 -19.6809 40
      vertex 25.5 -15 40
      vertex 25.5 -19.9019 40
    endloop
  endfacet
  facet normal 0 0 -1
    outer loop
      vertex 26.6772 -15.4395 38.16
      vertex 26.7 -15 38.16
      vertex 26.7 -15.7 38.16
    endloop
  endfacet
  facet normal 0 0 -1
    outer loop
      vertex 26.6095 -15.187 38.16
      vertex 26.7 -15 38.16
      vertex 26.6772 -15.4395 38.16
    endloop
  endfacet
  facet normal -0 0 -1
    outer loop
      vertex 26.7 -15 38.16
      vertex 26.6095 -15.187 38.16
      vertex 26.5224 -15 38.16
    endloop
  endfacet
  facet normal -1 0 0
    outer loop
      vertex 25.5 -19.9019 38.4
      vertex 25.5 -15 40
      vertex 25.5 -15 38.4
    endloop
  endfacet
  facet normal -1 -0 0
    outer loop
      vertex 25.5 -15 40
      vertex 25.5 -19.9019 38.4
      vertex 25.5 -19.9019 40
    endloop
  endfacet
  facet normal 0 1 0
    outer loop
      vertex 26.7 -15 40
      vertex 26.5224 -15 38.4
      vertex 25.5 -15 40
    endloop
  endfacet
  facet normal 0 1 -0
    outer loop
      vertex 26.7 -15 38.16
      vertex 26.5224 -15 38.4
      vertex 26.7 -15 40
    endloop
  endfacet
  facet normal 0 1 0
    outer loop
      vertex 26.5224 -15 38.4
      vertex 26.7 -15 38.16
      vertex 26.5224 -15 38.16
    endloop
  endfacet
  facet normal 0 1 0
    outer loop
      vertex 25.5 -15 40
      vertex 26.5224 -15 38.4
      vertex 25.5 -15 38.4
    endloop
  endfacet
  facet normal -0 0 1
    outer loop
      vertex 19.5 -21 40
      vertex 24.1809 -21.4739 40
      vertex 24.4019 -21 40
    endloop
  endfacet
  facet normal 0 0 1
    outer loop
      vertex 19.5 -21 40
      vertex 24.0456 -21.9791 40
      vertex 24.1809 -21.4739 40
    endloop
  endfacet
  facet normal 0 0 1
    outer loop
      vertex 19.5 -22.2 40
      vertex 24.0456 -21.9791 40
      vertex 19.5 -21 40
    endloop
  endfacet
  facet normal 0 0 1
    outer loop
      vertex 24.0456 -21.9791 40
      vertex 19.5 -22.2 40
      vertex 24.0262 -22.2 40
    endloop
  endfacet
  facet normal -1 0 0
    outer loop
      vertex 19.5 -22.2 38.4
      vertex 19.5 -21 40
      vertex 19.5 -21 38.4
    endloop
  endfacet
  facet normal -1 -0 0
    outer loop
      vertex 19.5 -21 40
      vertex 19.5 -22.2 38.4
      vertex 19.5 -22.2 40
    endloop
  endfacet
  facet normal 0 1 -0
    outer loop
      vertex 24.4019 -21 38.4
      vertex 19.5 -21 40
      vertex 24.4019 -21 40
    endloop
  endfacet
  facet normal 0 1 0
    outer loop
      vertex 19.5 -21 40
      vertex 24.4019 -21 38.4
      vertex 19.5 -21 38.4
    endloop
  endfacet
  facet normal -0.258972 -0.965885 0
    outer loop
      vertex 18.687 14.2905 37.3
      vertex 18.9395 14.2228 38.4
      vertex 18.687 14.2905 38.4
    endloop
  endfacet
  facet normal -0.258972 -0.965885 -0
    outer loop
      vertex 18.9395 14.2228 38.4
      vertex 18.687 14.2905 37.3
      vertex 18.9395 14.2228 37.3
    endloop
  endfacet
  facet normal 0.819304 -0.57336 1.19245e-17
    outer loop
      vertex 26.3491 14.7358 38.4
      vertex 26.499 14.95 37.3
      vertex 26.499 14.95 38.4
    endloop
  endfacet
  facet normal 0.819304 -0.57336 1.19245e-17
    outer loop
      vertex 26.499 14.95 37.3
      vertex 26.3491 14.7358 38.4
      vertex 26.3491 14.7358 37.3
    endloop
  endfacet
  facet normal 0.422571 0.90633 -0
    outer loop
      vertex 25.95 21.999 37.3
      vertex 25.713 22.1095 38.4
      vertex 25.95 21.999 38.4
    endloop
  endfacet
  facet normal 0.422571 0.90633 0
    outer loop
      vertex 25.713 22.1095 38.4
      vertex 25.95 21.999 37.3
      vertex 25.713 22.1095 37.3
    endloop
  endfacet
  facet normal 1 0 0
    outer loop
      vertex 26.7 19.5262 40
      vertex 26.7 15.7 38.16
      vertex 26.7 19.5262 37.3
    endloop
  endfacet
  facet normal 1 -0 0
    outer loop
      vertex 26.7 15 40
      vertex 26.7 15.7 38.16
      vertex 26.7 19.5262 40
    endloop
  endfacet
  facet normal 1 0 0
    outer loop
      vertex 26.7 15.7 38.16
      vertex 26.7 15 40
      vertex 26.7 15 38.16
    endloop
  endfacet
  facet normal 1 0 0
    outer loop
      vertex 26.7 19.5262 37.3
      vertex 26.7 15.7 38.16
      vertex 26.7 15.7 37.3
    endloop
  endfacet
  facet normal -0.90633 -0.422571 3.08469e-18
    outer loop
      vertex 17.901 14.95 37.3
      vertex 17.7905 15.187 38.4
      vertex 17.7905 15.187 37.3
    endloop
  endfacet
  facet normal -0.90633 -0.422571 3.08469e-18
    outer loop
      vertex 17.7905 15.187 38.4
      vertex 17.901 14.95 37.3
      vertex 17.901 14.95 38.4
    endloop
  endfacet
  facet normal 0.0871907 -0.996192 0
    outer loop
      vertex 25.2 14.2 37.3
      vertex 25.4605 14.2228 38.4
      vertex 25.2 14.2 38.4
    endloop
  endfacet
  facet normal 0.0871907 -0.996192 0
    outer loop
      vertex 25.4605 14.2228 38.4
      vertex 25.2 14.2 37.3
      vertex 25.4605 14.2228 37.3
    endloop
  endfacet
  facet normal 0.707107 0.707107 1.03852e-17
    outer loop
      vertex 26.3491 21.6642 38.4
      vertex 26.1642 21.8491 37.3
      vertex 26.1642 21.8491 38.4
    endloop
  endfacet
  facet normal 0.707107 0.707107 1.03852e-17
    outer loop
      vertex 26.1642 21.8491 37.3
      vertex 26.3491 21.6642 38.4
      vertex 26.3491 21.6642 37.3
    endloop
  endfacet
  facet normal 0.258972 -0.965885 0
    outer loop
      vertex 25.4605 14.2228 37.3
      vertex 25.713 14.2905 38.4
      vertex 25.4605 14.2228 38.4
    endloop
  endfacet
  facet normal 0.258972 -0.965885 0
    outer loop
      vertex 25.713 14.2905 38.4
      vertex 25.4605 14.2228 37.3
      vertex 25.713 14.2905 37.3
    endloop
  endfacet
  facet normal -0.258972 0.965885 0
    outer loop
      vertex 18.9395 22.1772 37.3
      vertex 18.687 22.1095 38.4
      vertex 18.9395 22.1772 38.4
    endloop
  endfacet
  facet normal -0.258972 0.965885 0
    outer loop
      vertex 18.687 22.1095 38.4
      vertex 18.9395 22.1772 37.3
      vertex 18.687 22.1095 37.3
    endloop
  endfacet
  facet normal 0 1 0
    outer loop
      vertex 24.0262 22.2 40
      vertex 19.5 22.2 38.4
      vertex 19.5 22.2 40
    endloop
  endfacet
  facet normal 0 1 -0
    outer loop
      vertex 24.0262 22.2 37.3
      vertex 19.5 22.2 38.4
      vertex 24.0262 22.2 40
    endloop
  endfacet
  facet normal 0 1 0
    outer loop
      vertex 19.2 22.2 37.3
      vertex 19.5 22.2 38.4
      vertex 24.0262 22.2 37.3
    endloop
  endfacet
  facet normal 0 1 0
    outer loop
      vertex 19.5 22.2 38.4
      vertex 19.2 22.2 37.3
      vertex 19.2 22.2 38.4
    endloop
  endfacet
  facet normal 0.57336 -0.819304 0
    outer loop
      vertex 25.95 14.401 37.3
      vertex 26.1642 14.5509 38.4
      vertex 25.95 14.401 38.4
    endloop
  endfacet
  facet normal 0.57336 -0.819304 0
    outer loop
      vertex 26.1642 14.5509 38.4
      vertex 25.95 14.401 37.3
      vertex 26.1642 14.5509 37.3
    endloop
  endfacet
  facet normal 0.90633 0.422571 1.73378e-18
    outer loop
      vertex 26.6095 21.213 38.4
      vertex 26.499 21.45 37.3
      vertex 26.499 21.45 38.4
    endloop
  endfacet
  facet normal 0.90633 0.422571 1.73378e-18
    outer loop
      vertex 26.499 21.45 37.3
      vertex 26.6095 21.213 38.4
      vertex 26.6095 21.213 37.3
    endloop
  endfacet
  facet normal -0.819304 -0.57336 -1.19245e-17
    outer loop
      vertex 18.0509 14.7358 37.3
      vertex 17.901 14.95 38.4
      vertex 17.901 14.95 37.3
    endloop
  endfacet
  facet normal -0.819304 -0.57336 -1.19245e-17
    outer loop
      vertex 17.901 14.95 38.4
      vertex 18.0509 14.7358 37.3
      vertex 18.0509 14.7358 38.4
    endloop
  endfacet
  facet normal -0.996192 0.0871907 1.45808e-18
    outer loop
      vertex 17.7 20.7 37.3
      vertex 17.7228 20.9605 38.4
      vertex 17.7228 20.9605 37.3
    endloop
  endfacet
  facet normal -0.996192 0.0871907 1.45808e-18
    outer loop
      vertex 17.7228 20.9605 38.4
      vertex 17.7 20.7 37.3
      vertex 17.7 20.7 38.4
    endloop
  endfacet
  facet normal 0.965386 0.260824 2.02543e-19
    outer loop
      vertex 26.6172 21.1845 38.4
      vertex 26.6095 21.213 37.3
      vertex 26.6095 21.213 38.4
    endloop
  endfacet
  facet normal 0.965386 0.260824 2.02543e-19
    outer loop
      vertex 26.6095 21.213 37.3
      vertex 26.6172 21.1845 38.4
      vertex 26.6172 21.1845 37.3
    endloop
  endfacet
  facet normal 0.996192 -0.0871907 -8.13242e-19
    outer loop
      vertex 26.6772 15.4395 38.16
      vertex 26.7 15.7 37.3
      vertex 26.7 15.7 38.16
    endloop
  endfacet
  facet normal 0.996192 -0.0871907 -8.13242e-19
    outer loop
      vertex 26.7 15.7 37.3
      vertex 26.6772 15.4395 38.16
      vertex 26.6772 15.4395 37.3
    endloop
  endfacet
  facet normal -0.0871907 -0.996192 0
    outer loop
      vertex 18.9395 14.2228 37.3
      vertex 19.2 14.2 38.4
      vertex 18.9395 14.2228 38.4
    endloop
  endfacet
  facet normal -0.0871907 -0.996192 -0
    outer loop
      vertex 19.2 14.2 38.4
      vertex 18.9395 14.2228 37.3
      vertex 19.2 14.2 37.3
    endloop
  endfacet
  facet normal -0.422571 0.90633 0
    outer loop
      vertex 18.687 22.1095 37.3
      vertex 18.45 21.999 38.4
      vertex 18.687 22.1095 38.4
    endloop
  endfacet
  facet normal -0.422571 0.90633 0
    outer loop
      vertex 18.45 21.999 38.4
      vertex 18.687 22.1095 37.3
      vertex 18.45 21.999 37.3
    endloop
  endfacet
  facet normal 0 -1 0
    outer loop
      vertex 19.2 14.2 37.3
      vertex 25.2 14.2 38.4
      vertex 19.2 14.2 38.4
    endloop
  endfacet
  facet normal 0 -1 -0
    outer loop
      vertex 25.2 14.2 38.4
      vertex 19.2 14.2 37.3
      vertex 25.2 14.2 37.3
    endloop
  endfacet
  facet normal 0.819304 0.57336 3.16999e-18
    outer loop
      vertex 26.499 21.45 38.4
      vertex 26.3491 21.6642 37.3
      vertex 26.3491 21.6642 38.4
    endloop
  endfacet
  facet normal 0.819304 0.57336 3.16999e-18
    outer loop
      vertex 26.3491 21.6642 37.3
      vertex 26.499 21.45 38.4
      vertex 26.499 21.45 37.3
    endloop
  endfacet
  facet normal 0.965885 -0.258972 1.80445e-18
    outer loop
      vertex 26.6095 15.187 38.16
      vertex 26.6772 15.4395 37.3
      vertex 26.6772 15.4395 38.16
    endloop
  endfacet
  facet normal 0.965885 -0.258972 1.80445e-18
    outer loop
      vertex 26.6772 15.4395 37.3
      vertex 26.6095 15.187 38.16
      vertex 26.6095 15.187 37.3
    endloop
  endfacet
  facet normal 0.57336 0.819304 -0
    outer loop
      vertex 26.1642 21.8491 37.3
      vertex 25.95 21.999 38.4
      vertex 26.1642 21.8491 38.4
    endloop
  endfacet
  facet normal 0.57336 0.819304 0
    outer loop
      vertex 25.95 21.999 38.4
      vertex 26.1642 21.8491 37.3
      vertex 25.95 21.999 37.3
    endloop
  endfacet
  facet normal 0.260824 0.965386 -0
    outer loop
      vertex 25.713 22.1095 37.3
      vertex 25.6845 22.1172 38.4
      vertex 25.713 22.1095 38.4
    endloop
  endfacet
  facet normal 0.260824 0.965386 0
    outer loop
      vertex 25.6845 22.1172 38.4
      vertex 25.713 22.1095 37.3
      vertex 25.6845 22.1172 37.3
    endloop
  endfacet
  facet normal 0.90572 -0.423877 0
    outer loop
      vertex 26.5224 15 38.4
      vertex 26.499 14.95 38.4
      vertex 26.5224 15 38.16
    endloop
  endfacet
  facet normal 0.906493 -0.422222 -6.1944e-18
    outer loop
      vertex 26.5224 15 38.16
      vertex 26.6095 15.187 37.3
      vertex 26.6095 15.187 38.16
    endloop
  endfacet
  facet normal 0.90633 -0.422571 -9.24917e-05
    outer loop
      vertex 26.5224 15 38.16
      vertex 26.499 14.95 37.3
      vertex 26.6095 15.187 37.3
    endloop
  endfacet
  facet normal 0.90572 -0.423877 0
    outer loop
      vertex 26.499 14.95 37.3
      vertex 26.5224 15 38.16
      vertex 26.499 14.95 38.4
    endloop
  endfacet
  facet normal 0.422571 -0.90633 0
    outer loop
      vertex 25.713 14.2905 37.3
      vertex 25.95 14.401 38.4
      vertex 25.713 14.2905 38.4
    endloop
  endfacet
  facet normal 0.422571 -0.90633 0
    outer loop
      vertex 25.95 14.401 38.4
      vertex 25.713 14.2905 37.3
      vertex 25.95 14.401 37.3
    endloop
  endfacet
  facet normal -0.819304 0.57336 -3.16999e-18
    outer loop
      vertex 17.901 21.45 37.3
      vertex 18.0509 21.6642 38.4
      vertex 18.0509 21.6642 37.3
    endloop
  endfacet
  facet normal -0.819304 0.57336 -3.16999e-18
    outer loop
      vertex 18.0509 21.6642 38.4
      vertex 17.901 21.45 37.3
      vertex 17.901 21.45 38.4
    endloop
  endfacet
  facet normal -0.0871907 0.996192 0
    outer loop
      vertex 19.2 22.2 37.3
      vertex 18.9395 22.1772 38.4
      vertex 19.2 22.2 38.4
    endloop
  endfacet
  facet normal -0.0871907 0.996192 0
    outer loop
      vertex 18.9395 22.1772 38.4
      vertex 19.2 22.2 37.3
      vertex 18.9395 22.1772 37.3
    endloop
  endfacet
  facet normal -0.996192 -0.0871907 6.35807e-19
    outer loop
      vertex 17.7228 15.4395 37.3
      vertex 17.7 15.7 38.4
      vertex 17.7 15.7 37.3
    endloop
  endfacet
  facet normal -0.996192 -0.0871907 6.35807e-19
    outer loop
      vertex 17.7 15.7 38.4
      vertex 17.7228 15.4395 37.3
      vertex 17.7228 15.4395 38.4
    endloop
  endfacet
  facet normal -0.422571 -0.90633 0
    outer loop
      vertex 18.45 14.401 37.3
      vertex 18.687 14.2905 38.4
      vertex 18.45 14.401 38.4
    endloop
  endfacet
  facet normal -0.422571 -0.90633 -0
    outer loop
      vertex 18.687 14.2905 38.4
      vertex 18.45 14.401 37.3
      vertex 18.687 14.2905 37.3
    endloop
  endfacet
  facet normal -0.57336 0.819304 0
    outer loop
      vertex 18.45 21.999 37.3
      vertex 18.2358 21.8491 38.4
      vertex 18.45 21.999 38.4
    endloop
  endfacet
  facet normal -0.57336 0.819304 0
    outer loop
      vertex 18.2358 21.8491 38.4
      vertex 18.45 21.999 37.3
      vertex 18.2358 21.8491 37.3
    endloop
  endfacet
  facet normal -0.57336 -0.819304 0
    outer loop
      vertex 18.2358 14.5509 37.3
      vertex 18.45 14.401 38.4
      vertex 18.2358 14.5509 38.4
    endloop
  endfacet
  facet normal -0.57336 -0.819304 -0
    outer loop
      vertex 18.45 14.401 38.4
      vertex 18.2358 14.5509 37.3
      vertex 18.45 14.401 37.3
    endloop
  endfacet
  facet normal -0.707107 -0.707107 -5.74883e-18
    outer loop
      vertex 18.2358 14.5509 37.3
      vertex 18.0509 14.7358 38.4
      vertex 18.0509 14.7358 37.3
    endloop
  endfacet
  facet normal -0.707107 -0.707107 -5.74883e-18
    outer loop
      vertex 18.0509 14.7358 38.4
      vertex 18.2358 14.5509 37.3
      vertex 18.2358 14.5509 38.4
    endloop
  endfacet
  facet normal -0.90633 0.422571 2.02944e-18
    outer loop
      vertex 17.7905 21.213 37.3
      vertex 17.901 21.45 38.4
      vertex 17.901 21.45 37.3
    endloop
  endfacet
  facet normal -0.90633 0.422571 2.02944e-18
    outer loop
      vertex 17.901 21.45 38.4
      vertex 17.7905 21.213 37.3
      vertex 17.7905 21.213 38.4
    endloop
  endfacet
  facet normal -1 0 0
    outer loop
      vertex 17.7 15.7 37.3
      vertex 17.7 20.7 38.4
      vertex 17.7 20.7 37.3
    endloop
  endfacet
  facet normal -1 -0 0
    outer loop
      vertex 17.7 20.7 38.4
      vertex 17.7 15.7 37.3
      vertex 17.7 15.7 38.4
    endloop
  endfacet
  facet normal -0.965885 -0.258972 3.8979e-18
    outer loop
      vertex 17.7905 15.187 37.3
      vertex 17.7228 15.4395 38.4
      vertex 17.7228 15.4395 37.3
    endloop
  endfacet
  facet normal -0.965885 -0.258972 3.8979e-18
    outer loop
      vertex 17.7228 15.4395 38.4
      vertex 17.7905 15.187 37.3
      vertex 17.7905 15.187 38.4
    endloop
  endfacet
  facet normal 0.707107 -0.707107 -1.03852e-17
    outer loop
      vertex 26.1642 14.5509 38.4
      vertex 26.3491 14.7358 37.3
      vertex 26.3491 14.7358 38.4
    endloop
  endfacet
  facet normal 0.707107 -0.707107 -1.03852e-17
    outer loop
      vertex 26.3491 14.7358 37.3
      vertex 26.1642 14.5509 38.4
      vertex 26.1642 14.5509 37.3
    endloop
  endfacet
  facet normal 0 0 1
    outer loop
      vertex 26.6095 21.213 38.4
      vertex 26.5297 21.2079 38.4
      vertex 26.6172 21.1845 38.4
    endloop
  endfacet
  facet normal 0 0 1
    outer loop
      vertex 26.499 21.45 38.4
      vertex 26.5297 21.2079 38.4
      vertex 26.6095 21.213 38.4
    endloop
  endfacet
  facet normal 0 0 1
    outer loop
      vertex 26.3125 21.3092 38.4
      vertex 26.499 21.45 38.4
      vertex 26.3491 21.6642 38.4
    endloop
  endfacet
  facet normal 0 0 1
    outer loop
      vertex 26.499 21.45 38.4
      vertex 26.3125 21.3092 38.4
      vertex 26.5297 21.2079 38.4
    endloop
  endfacet
  facet normal 0 0 1
    outer loop
      vertex 26.1162 21.4467 38.4
      vertex 26.3491 21.6642 38.4
      vertex 26.1642 21.8491 38.4
    endloop
  endfacet
  facet normal 0 0 1
    outer loop
      vertex 26.3491 21.6642 38.4
      vertex 26.1162 21.4467 38.4
      vertex 26.3125 21.3092 38.4
    endloop
  endfacet
  facet normal 0 0 1
    outer loop
      vertex 25.8092 21.8125 38.4
      vertex 26.1642 21.8491 38.4
      vertex 25.95 21.999 38.4
    endloop
  endfacet
  facet normal 0 0 1
    outer loop
      vertex 26.1642 21.8491 38.4
      vertex 25.9467 21.6162 38.4
      vertex 26.1162 21.4467 38.4
    endloop
  endfacet
  facet normal 0 0 1
    outer loop
      vertex 26.1642 21.8491 38.4
      vertex 25.8092 21.8125 38.4
      vertex 25.9467 21.6162 38.4
    endloop
  endfacet
  facet normal -0 0 1
    outer loop
      vertex 25.7079 22.0297 38.4
      vertex 25.95 21.999 38.4
      vertex 25.713 22.1095 38.4
    endloop
  endfacet
  facet normal 0 0 1
    outer loop
      vertex 25.95 21.999 38.4
      vertex 25.7079 22.0297 38.4
      vertex 25.8092 21.8125 38.4
    endloop
  endfacet
  facet normal 0 -0 1
    outer loop
      vertex 25.7079 22.0297 38.4
      vertex 25.713 22.1095 38.4
      vertex 25.6845 22.1172 38.4
    endloop
  endfacet
  facet normal 0 0 1
    outer loop
      vertex 19.5 22.2 38.4
      vertex 19.2 22.2 38.4
      vertex 19.5 21 38.4
    endloop
  endfacet
  facet normal 0 0 1
    outer loop
      vertex 25.0716 20.2019 38.4
      vertex 25.5 15 38.4
      vertex 25.5 19.9019 38.4
    endloop
  endfacet
  facet normal 0 0 1
    outer loop
      vertex 25.5 15 38.4
      vertex 25.2 14.2 38.4
      vertex 25.4605 14.2228 38.4
    endloop
  endfacet
  facet normal 0 0 1
    outer loop
      vertex 19.2 14.2 38.4
      vertex 25.5 15 38.4
      vertex 25.0716 20.2019 38.4
    endloop
  endfacet
  facet normal 0 0 1
    outer loop
      vertex 19.2 14.2 38.4
      vertex 25.0716 20.2019 38.4
      vertex 24.7019 20.5716 38.4
    endloop
  endfacet
  facet normal -0 0 1
    outer loop
      vertex 19.5 21 38.4
      vertex 24.7019 20.5716 38.4
      vertex 24.4019 21 38.4
    endloop
  endfacet
  facet normal 0 0 1
    outer loop
      vertex 24.7019 20.5716 38.4
      vertex 19.5 21 38.4
      vertex 19.2 14.2 38.4
    endloop
  endfacet
  facet normal 0 0 1
    outer loop
      vertex 25.5 15 38.4
      vertex 19.2 14.2 38.4
      vertex 25.2 14.2 38.4
    endloop
  endfacet
  facet normal -0 0 1
    outer loop
      vertex 18.9395 22.1772 38.4
      vertex 19.5 21 38.4
      vertex 19.2 22.2 38.4
    endloop
  endfacet
  facet normal -0 0 1
    outer loop
      vertex 18.687 22.1095 38.4
      vertex 19.5 21 38.4
      vertex 18.9395 22.1772 38.4
    endloop
  endfacet
  facet normal 0 0 1
    outer loop
      vertex 17.7 15.7 38.4
      vertex 19.5 21 38.4
      vertex 17.7 20.7 38.4
    endloop
  endfacet
  facet normal -0 0 1
    outer loop
      vertex 18.45 21.999 38.4
      vertex 19.5 21 38.4
      vertex 18.687 22.1095 38.4
    endloop
  endfacet
  facet normal 0 0 1
    outer loop
      vertex 19.5 21 38.4
      vertex 17.7 15.7 38.4
      vertex 19.2 14.2 38.4
    endloop
  endfacet
  facet normal -0 0 1
    outer loop
      vertex 18.2358 21.8491 38.4
      vertex 19.5 21 38.4
      vertex 18.45 21.999 38.4
    endloop
  endfacet
  facet normal 0 0 1
    outer loop
      vertex 19.2 14.2 38.4
      vertex 17.7 15.7 38.4
      vertex 18.9395 14.2228 38.4
    endloop
  endfacet
  facet normal -0 0 1
    outer loop
      vertex 18.0509 21.6642 38.4
      vertex 19.5 21 38.4
      vertex 18.2358 21.8491 38.4
    endloop
  endfacet
  facet normal 0 0 1
    outer loop
      vertex 18.9395 14.2228 38.4
      vertex 17.7 15.7 38.4
      vertex 18.687 14.2905 38.4
    endloop
  endfacet
  facet normal -0 0 1
    outer loop
      vertex 17.901 21.45 38.4
      vertex 19.5 21 38.4
      vertex 18.0509 21.6642 38.4
    endloop
  endfacet
  facet normal 0 0 1
    outer loop
      vertex 18.687 14.2905 38.4
      vertex 17.7 15.7 38.4
      vertex 18.45 14.401 38.4
    endloop
  endfacet
  facet normal -0 0 1
    outer loop
      vertex 17.7905 21.213 38.4
      vertex 19.5 21 38.4
      vertex 17.901 21.45 38.4
    endloop
  endfacet
  facet normal 0 0 1
    outer loop
      vertex 18.45 14.401 38.4
      vertex 17.7 15.7 38.4
      vertex 18.2358 14.5509 38.4
    endloop
  endfacet
  facet normal 0 0 1
    outer loop
      vertex 17.7228 20.9605 38.4
      vertex 19.5 21 38.4
      vertex 17.7905 21.213 38.4
    endloop
  endfacet
  facet normal 0 0 1
    outer loop
      vertex 18.2358 14.5509 38.4
      vertex 17.7 15.7 38.4
      vertex 18.0509 14.7358 38.4
    endloop
  endfacet
  facet normal 0 0 1
    outer loop
      vertex 19.5 21 38.4
      vertex 17.7228 20.9605 38.4
      vertex 17.7 20.7 38.4
    endloop
  endfacet
  facet normal 0 0 1
    outer loop
      vertex 18.0509 14.7358 38.4
      vertex 17.7 15.7 38.4
      vertex 17.901 14.95 38.4
    endloop
  endfacet
  facet normal 0 0 1
    outer loop
      vertex 17.901 14.95 38.4
      vertex 17.7 15.7 38.4
      vertex 17.7905 15.187 38.4
    endloop
  endfacet
  facet normal 0 0 1
    outer loop
      vertex 17.7905 15.187 38.4
      vertex 17.7 15.7 38.4
      vertex 17.7228 15.4395 38.4
    endloop
  endfacet
  facet normal -0 0 1
    outer loop
      vertex 25.5 15 38.4
      vertex 26.499 14.95 38.4
      vertex 26.5224 15 38.4
    endloop
  endfacet
  facet normal 0 0 1
    outer loop
      vertex 26.499 14.95 38.4
      vertex 25.5 15 38.4
      vertex 26.3491 14.7358 38.4
    endloop
  endfacet
  facet normal 0 0 1
    outer loop
      vertex 26.3491 14.7358 38.4
      vertex 25.5 15 38.4
      vertex 26.1642 14.5509 38.4
    endloop
  endfacet
  facet normal 0 0 1
    outer loop
      vertex 26.1642 14.5509 38.4
      vertex 25.5 15 38.4
      vertex 25.95 14.401 38.4
    endloop
  endfacet
  facet normal 0 0 1
    outer loop
      vertex 25.95 14.401 38.4
      vertex 25.5 15 38.4
      vertex 25.713 14.2905 38.4
    endloop
  endfacet
  facet normal 0 0 1
    outer loop
      vertex 25.713 14.2905 38.4
      vertex 25.5 15 38.4
      vertex 25.4605 14.2228 38.4
    endloop
  endfacet
  facet normal -0.965885 0.258972 -3.8979e-18
    outer loop
      vertex 17.7228 20.9605 37.3
      vertex 17.7905 21.213 38.4
      vertex 17.7905 21.213 37.3
    endloop
  endfacet
  facet normal -0.965885 0.258972 -3.8979e-18
    outer loop
      vertex 17.7905 21.213 38.4
      vertex 17.7228 20.9605 37.3
      vertex 17.7228 20.9605 38.4
    endloop
  endfacet
  facet normal 0 0 -1
    outer loop
      vertex 25.2 14.2 37.3
      vertex 26.7 15.7 37.3
      vertex 26.6772 15.4395 37.3
    endloop
  endfacet
  facet normal 0 0 -1
    outer loop
      vertex 25.2 14.2 37.3
      vertex 26.6772 15.4395 37.3
      vertex 26.6095 15.187 37.3
    endloop
  endfacet
  facet normal 0 0 -1
    outer loop
      vertex 25.2 14.2 37.3
      vertex 26.6095 15.187 37.3
      vertex 26.499 14.95 37.3
    endloop
  endfacet
  facet normal 0 0 -1
    outer loop
      vertex 26.7 15.7 37.3
      vertex 26.4791 19.5456 37.3
      vertex 26.7 19.5262 37.3
    endloop
  endfacet
  facet normal 0 0 -1
    outer loop
      vertex 25.2 14.2 37.3
      vertex 26.499 14.95 37.3
      vertex 26.3491 14.7358 37.3
    endloop
  endfacet
  facet normal 0 0 -1
    outer loop
      vertex 25.2 14.2 37.3
      vertex 26.3491 14.7358 37.3
      vertex 26.1642 14.5509 37.3
    endloop
  endfacet
  facet normal 0 0 -1
    outer loop
      vertex 26.7 15.7 37.3
      vertex 25.9739 19.6809 37.3
      vertex 26.4791 19.5456 37.3
    endloop
  endfacet
  facet normal 0 0 -1
    outer loop
      vertex 25.2 14.2 37.3
      vertex 26.1642 14.5509 37.3
      vertex 25.95 14.401 37.3
    endloop
  endfacet
  facet normal 0 0 -1
    outer loop
      vertex 25.2 14.2 37.3
      vertex 25.95 14.401 37.3
      vertex 25.713 14.2905 37.3
    endloop
  endfacet
  facet normal -0 0 -1
    outer loop
      vertex 26.7 15.7 37.3
      vertex 25.2 14.2 37.3
      vertex 25.5 19.9019 37.3
    endloop
  endfacet
  facet normal 0 0 -1
    outer loop
      vertex 25.2 14.2 37.3
      vertex 25.713 14.2905 37.3
      vertex 25.4605 14.2228 37.3
    endloop
  endfacet
  facet normal 0 0 -1
    outer loop
      vertex 26.7 15.7 37.3
      vertex 25.5 19.9019 37.3
      vertex 25.9739 19.6809 37.3
    endloop
  endfacet
  facet normal 0 0 -1
    outer loop
      vertex 25.2 14.2 37.3
      vertex 25.0716 20.2019 37.3
      vertex 25.5 19.9019 37.3
    endloop
  endfacet
  facet normal 0 0 -1
    outer loop
      vertex 19.2 14.2 37.3
      vertex 25.0716 20.2019 37.3
      vertex 25.2 14.2 37.3
    endloop
  endfacet
  facet normal -0 0 -1
    outer loop
      vertex 25.0716 20.2019 37.3
      vertex 19.2 14.2 37.3
      vertex 24.7019 20.5716 37.3
    endloop
  endfacet
  facet normal 0 0 -1
    outer loop
      vertex 17.7 15.7 37.3
      vertex 24.7019 20.5716 37.3
      vertex 19.2 14.2 37.3
    endloop
  endfacet
  facet normal 0 0 -1
    outer loop
      vertex 17.7 20.7 37.3
      vertex 24.7019 20.5716 37.3
      vertex 17.7 15.7 37.3
    endloop
  endfacet
  facet normal 0 0 -1
    outer loop
      vertex 24.7019 20.5716 37.3
      vertex 17.7 20.7 37.3
      vertex 24.4019 21 37.3
    endloop
  endfacet
  facet normal 0 -0 -1
    outer loop
      vertex 19.2 22.2 37.3
      vertex 24.4019 21 37.3
      vertex 17.7 20.7 37.3
    endloop
  endfacet
  facet normal 0 0 -1
    outer loop
      vertex 24.4019 21 37.3
      vertex 19.2 22.2 37.3
      vertex 24.1809 21.4739 37.3
    endloop
  endfacet
  facet normal 0 0 -1
    outer loop
      vertex 17.7 15.7 37.3
      vertex 19.2 14.2 37.3
      vertex 18.9395 14.2228 37.3
    endloop
  endfacet
  facet normal 0 0 -1
    outer loop
      vertex 24.1809 21.4739 37.3
      vertex 19.2 22.2 37.3
      vertex 24.0456 21.9791 37.3
    endloop
  endfacet
  facet normal 0 0 -1
    outer loop
      vertex 17.7 15.7 37.3
      vertex 18.9395 14.2228 37.3
      vertex 18.687 14.2905 37.3
    endloop
  endfacet
  facet normal 0 0 -1
    outer loop
      vertex 24.0456 21.9791 37.3
      vertex 19.2 22.2 37.3
      vertex 24.0262 22.2 37.3
    endloop
  endfacet
  facet normal 0 0 -1
    outer loop
      vertex 17.7 15.7 37.3
      vertex 18.687 14.2905 37.3
      vertex 18.45 14.401 37.3
    endloop
  endfacet
  facet normal 0 0 -1
    outer loop
      vertex 19.2 22.2 37.3
      vertex 17.7 20.7 37.3
      vertex 18.9395 22.1772 37.3
    endloop
  endfacet
  facet normal 0 0 -1
    outer loop
      vertex 17.7 15.7 37.3
      vertex 18.45 14.401 37.3
      vertex 18.2358 14.5509 37.3
    endloop
  endfacet
  facet normal 0 0 -1
    outer loop
      vertex 18.9395 22.1772 37.3
      vertex 17.7 20.7 37.3
      vertex 18.687 22.1095 37.3
    endloop
  endfacet
  facet normal 0 0 -1
    outer loop
      vertex 17.7 15.7 37.3
      vertex 18.2358 14.5509 37.3
      vertex 18.0509 14.7358 37.3
    endloop
  endfacet
  facet normal 0 0 -1
    outer loop
      vertex 18.687 22.1095 37.3
      vertex 17.7 20.7 37.3
      vertex 18.45 21.999 37.3
    endloop
  endfacet
  facet normal 0 0 -1
    outer loop
      vertex 17.7 15.7 37.3
      vertex 18.0509 14.7358 37.3
      vertex 17.901 14.95 37.3
    endloop
  endfacet
  facet normal 0 0 -1
    outer loop
      vertex 18.45 21.999 37.3
      vertex 17.7 20.7 37.3
      vertex 18.2358 21.8491 37.3
    endloop
  endfacet
  facet normal 0 0 -1
    outer loop
      vertex 17.7 15.7 37.3
      vertex 17.901 14.95 37.3
      vertex 17.7905 15.187 37.3
    endloop
  endfacet
  facet normal 0 0 -1
    outer loop
      vertex 18.2358 21.8491 37.3
      vertex 17.7 20.7 37.3
      vertex 18.0509 21.6642 37.3
    endloop
  endfacet
  facet normal 0 0 -1
    outer loop
      vertex 17.7 15.7 37.3
      vertex 17.7905 15.187 37.3
      vertex 17.7228 15.4395 37.3
    endloop
  endfacet
  facet normal 0 0 -1
    outer loop
      vertex 18.0509 21.6642 37.3
      vertex 17.7 20.7 37.3
      vertex 17.901 21.45 37.3
    endloop
  endfacet
  facet normal 0 0 -1
    outer loop
      vertex 17.901 21.45 37.3
      vertex 17.7 20.7 37.3
      vertex 17.7905 21.213 37.3
    endloop
  endfacet
  facet normal 0 0 -1
    outer loop
      vertex 17.7905 21.213 37.3
      vertex 17.7 20.7 37.3
      vertex 17.7228 20.9605 37.3
    endloop
  endfacet
  facet normal 0 0 -1
    outer loop
      vertex 26.5297 21.2079 37.3
      vertex 26.6095 21.213 37.3
      vertex 26.6172 21.1845 37.3
    endloop
  endfacet
  facet normal 0 0 -1
    outer loop
      vertex 26.5297 21.2079 37.3
      vertex 26.499 21.45 37.3
      vertex 26.6095 21.213 37.3
    endloop
  endfacet
  facet normal 0 0 -1
    outer loop
      vertex 26.3125 21.3092 37.3
      vertex 26.499 21.45 37.3
      vertex 26.5297 21.2079 37.3
    endloop
  endfacet
  facet normal -0 0 -1
    outer loop
      vertex 26.499 21.45 37.3
      vertex 26.3125 21.3092 37.3
      vertex 26.3491 21.6642 37.3
    endloop
  endfacet
  facet normal 0 0 -1
    outer loop
      vertex 26.1162 21.4467 37.3
      vertex 26.3491 21.6642 37.3
      vertex 26.3125 21.3092 37.3
    endloop
  endfacet
  facet normal -0 0 -1
    outer loop
      vertex 26.3491 21.6642 37.3
      vertex 26.1162 21.4467 37.3
      vertex 26.1642 21.8491 37.3
    endloop
  endfacet
  facet normal 0 0 -1
    outer loop
      vertex 25.9467 21.6162 37.3
      vertex 26.1642 21.8491 37.3
      vertex 26.1162 21.4467 37.3
    endloop
  endfacet
  facet normal 0 0 -1
    outer loop
      vertex 25.8092 21.8125 37.3
      vertex 26.1642 21.8491 37.3
      vertex 25.9467 21.6162 37.3
    endloop
  endfacet
  facet normal -0 0 -1
    outer loop
      vertex 26.1642 21.8491 37.3
      vertex 25.8092 21.8125 37.3
      vertex 25.95 21.999 37.3
    endloop
  endfacet
  facet normal 0 0 -1
    outer loop
      vertex 25.7079 22.0297 37.3
      vertex 25.95 21.999 37.3
      vertex 25.8092 21.8125 37.3
    endloop
  endfacet
  facet normal 0 0 -1
    outer loop
      vertex 25.95 21.999 37.3
      vertex 25.7079 22.0297 37.3
      vertex 25.713 22.1095 37.3
    endloop
  endfacet
  facet normal -0 0 -1
    outer loop
      vertex 25.713 22.1095 37.3
      vertex 25.7079 22.0297 37.3
      vertex 25.6845 22.1172 37.3
    endloop
  endfacet
  facet normal -0.707107 0.707107 5.74883e-18
    outer loop
      vertex 18.0509 21.6642 37.3
      vertex 18.2358 21.8491 38.4
      vertex 18.2358 21.8491 37.3
    endloop
  endfacet
  facet normal -0.707107 0.707107 5.74883e-18
    outer loop
      vertex 18.2358 21.8491 38.4
      vertex 18.0509 21.6642 37.3
      vertex 18.0509 21.6642 38.4
    endloop
  endfacet
  facet normal 0 0 1
    outer loop
      vertex 26.4791 19.5456 40
      vertex 26.7 15 40
      vertex 26.7 19.5262 40
    endloop
  endfacet
  facet normal 0 0 1
    outer loop
      vertex 25.5 15 40
      vertex 26.4791 19.5456 40
      vertex 25.9739 19.6809 40
    endloop
  endfacet
  facet normal 0 0 1
    outer loop
      vertex 25.5 15 40
      vertex 25.9739 19.6809 40
      vertex 25.5 19.9019 40
    endloop
  endfacet
  facet normal 0 0 1
    outer loop
      vertex 26.4791 19.5456 40
      vertex 25.5 15 40
      vertex 26.7 15 40
    endloop
  endfacet
  facet normal 0 0 -1
    outer loop
      vertex 26.7 15 38.16
      vertex 26.6772 15.4395 38.16
      vertex 26.7 15.7 38.16
    endloop
  endfacet
  facet normal 0 0 -1
    outer loop
      vertex 26.7 15 38.16
      vertex 26.6095 15.187 38.16
      vertex 26.6772 15.4395 38.16
    endloop
  endfacet
  facet normal 0 -0 -1
    outer loop
      vertex 26.6095 15.187 38.16
      vertex 26.7 15 38.16
      vertex 26.5224 15 38.16
    endloop
  endfacet
  facet normal -1 0 0
    outer loop
      vertex 25.5 15 38.4
      vertex 25.5 19.9019 40
      vertex 25.5 19.9019 38.4
    endloop
  endfacet
  facet normal -1 -0 0
    outer loop
      vertex 25.5 19.9019 40
      vertex 25.5 15 38.4
      vertex 25.5 15 40
    endloop
  endfacet
  facet normal 0 -1 0
    outer loop
      vertex 26.5224 15 38.4
      vertex 25.5 15 40
      vertex 25.5 15 38.4
    endloop
  endfacet
  facet normal 0 -1 0
    outer loop
      vertex 25.5 15 40
      vertex 26.5224 15 38.4
      vertex 26.7 15 40
    endloop
  endfacet
  facet normal 0 -1 0
    outer loop
      vertex 26.7 15 38.16
      vertex 26.5224 15 38.4
      vertex 26.5224 15 38.16
    endloop
  endfacet
  facet normal 0 -1 0
    outer loop
      vertex 26.5224 15 38.4
      vertex 26.7 15 38.16
      vertex 26.7 15 40
    endloop
  endfacet
  facet normal -0 0 1
    outer loop
      vertex 19.5 22.2 40
      vertex 24.0456 21.9791 40
      vertex 24.0262 22.2 40
    endloop
  endfacet
  facet normal 0 0 1
    outer loop
      vertex 19.5 21 40
      vertex 24.0456 21.9791 40
      vertex 19.5 22.2 40
    endloop
  endfacet
  facet normal 0 0 1
    outer loop
      vertex 24.0456 21.9791 40
      vertex 19.5 21 40
      vertex 24.1809 21.4739 40
    endloop
  endfacet
  facet normal 0 0 1
    outer loop
      vertex 24.1809 21.4739 40
      vertex 19.5 21 40
      vertex 24.4019 21 40
    endloop
  endfacet
  facet normal -1 0 0
    outer loop
      vertex 19.5 21 38.4
      vertex 19.5 22.2 40
      vertex 19.5 22.2 38.4
    endloop
  endfacet
  facet normal -1 -0 0
    outer loop
      vertex 19.5 22.2 40
      vertex 19.5 21 38.4
      vertex 19.5 21 40
    endloop
  endfacet
  facet normal 0 -1 0
    outer loop
      vertex 19.5 21 38.4
      vertex 24.4019 21 40
      vertex 19.5 21 40
    endloop
  endfacet
  facet normal 0 -1 -0
    outer loop
      vertex 24.4019 21 40
      vertex 19.5 21 38.4
      vertex 24.4019 21 38.4
    endloop
  endfacet
  facet normal 0.207992 -4.45739e-19 0.978131
    outer loop
      vertex 45.6438 -10 27.9741
      vertex 46.4 -14 27.8133
      vertex 46.4 -10 27.8133
    endloop
  endfacet
  facet normal 0.207992 -4.45739e-19 0.978131
    outer loop
      vertex 46.4 -14 27.8133
      vertex 45.6438 -10 27.9741
      vertex 45.6438 -14 27.9741
    endloop
  endfacet
  facet normal 0 1 0
    outer loop
      vertex 46.4 -10 27.8133
      vertex 44.6043 -10 23.0833
      vertex 45.6438 -10 27.9741
    endloop
  endfacet
  facet normal -0 1 0
    outer loop
      vertex 44.6043 -10 23.0833
      vertex 46.4 -10 27.8133
      vertex 46.4 -10 22.7016
    endloop
  endfacet
  facet normal 0 -1 0
    outer loop
      vertex 44.6043 -14 23.0833
      vertex 46.4 -14 27.8133
      vertex 45.6438 -14 27.9741
    endloop
  endfacet
  facet normal 0 -1 -0
    outer loop
      vertex 46.4 -14 27.8133
      vertex 44.6043 -14 23.0833
      vertex 46.4 -14 22.7016
    endloop
  endfacet
  facet normal 0 -1 0
    outer loop
      vertex 46.4 -14 27.8133
      vertex 46.4 -14 22.7016
      vertex 49.6 -14 26.4599
    endloop
  endfacet
  facet normal 0 -1 0
    outer loop
      vertex 49.6 -14 1.4
      vertex 46.4 -14 22.7016
      vertex 46.4 -14 1.4
    endloop
  endfacet
  facet normal 0 -1 0
    outer loop
      vertex 46.4 -14 22.7016
      vertex 49.6 -14 1.4
      vertex 49.6 -14 26.4599
    endloop
  endfacet
  facet normal 0 -1 0
    outer loop
      vertex 46.4 -14 30.4
      vertex 46.4 -14 27.8133
      vertex 47.9984 -14 30.4
    endloop
  endfacet
  facet normal 0 -1 0
    outer loop
      vertex 47.9984 -14 30.4
      vertex 56.3035 -14 52.6382
      vertex 52.88 -14 53.3659
    endloop
  endfacet
  facet normal 0 -1 0
    outer loop
      vertex 49.6 -14 26.4599
      vertex 47.9984 -14 30.4
      vertex 46.4 -14 27.8133
    endloop
  endfacet
  facet normal 0 -1 0
    outer loop
      vertex 50.6899 -14 26.2282
      vertex 47.9984 -14 30.4
      vertex 49.6 -14 26.4599
    endloop
  endfacet
  facet normal 0 -1 0
    outer loop
      vertex 47.9984 -14 30.4
      vertex 50.6899 -14 26.2282
      vertex 56.3035 -14 52.6382
    endloop
  endfacet
  facet normal -0.978151 0 0.207898
    outer loop
      vertex 44.6043 -14 23.0833
      vertex 45.6438 -10 27.9741
      vertex 44.6043 -10 23.0833
    endloop
  endfacet
  facet normal -0.978151 0 0.207898
    outer loop
      vertex 45.6438 -10 27.9741
      vertex 44.6043 -14 23.0833
      vertex 45.6438 -14 27.9741
    endloop
  endfacet
  facet normal -0.207918 2.73865e-18 -0.978146
    outer loop
      vertex 44.6043 -14 23.0833
      vertex 46.4 -10 22.7016
      vertex 46.4 -14 22.7016
    endloop
  endfacet
  facet normal -0.207918 2.73865e-18 -0.978146
    outer loop
      vertex 46.4 -10 22.7016
      vertex 44.6043 -14 23.0833
      vertex 44.6043 -10 23.0833
    endloop
  endfacet
  facet normal 0.207992 -4.45739e-19 0.978131
    outer loop
      vertex 45.6438 14 27.9741
      vertex 46.4 10 27.8133
      vertex 46.4 14 27.8133
    endloop
  endfacet
  facet normal 0.207992 -4.45739e-19 0.978131
    outer loop
      vertex 46.4 10 27.8133
      vertex 45.6438 14 27.9741
      vertex 45.6438 10 27.9741
    endloop
  endfacet
  facet normal 0 -1 0
    outer loop
      vertex 44.6043 10 23.0833
      vertex 46.4 10 27.8133
      vertex 45.6438 10 27.9741
    endloop
  endfacet
  facet normal 0 -1 -0
    outer loop
      vertex 46.4 10 27.8133
      vertex 44.6043 10 23.0833
      vertex 46.4 10 22.7016
    endloop
  endfacet
  facet normal -0.978151 0 0.207898
    outer loop
      vertex 44.6043 10 23.0833
      vertex 45.6438 14 27.9741
      vertex 44.6043 14 23.0833
    endloop
  endfacet
  facet normal -0.978151 0 0.207898
    outer loop
      vertex 45.6438 14 27.9741
      vertex 44.6043 10 23.0833
      vertex 45.6438 10 27.9741
    endloop
  endfacet
  facet normal -0.207918 2.73865e-18 -0.978146
    outer loop
      vertex 44.6043 10 23.0833
      vertex 46.4 14 22.7016
      vertex 46.4 10 22.7016
    endloop
  endfacet
  facet normal -0.207918 2.73865e-18 -0.978146
    outer loop
      vertex 46.4 14 22.7016
      vertex 44.6043 10 23.0833
      vertex 44.6043 14 23.0833
    endloop
  endfacet
  facet normal 0 1 0
    outer loop
      vertex 56.3035 14 52.6382
      vertex 47.9984 14 30.4
      vertex 52.88 14 53.3659
    endloop
  endfacet
  facet normal 0 1 0
    outer loop
      vertex 47.9984 14 30.4
      vertex 46.4 14 27.8133
      vertex 46.4 14 30.4
    endloop
  endfacet
  facet normal 0 1 0
    outer loop
      vertex 47.9984 14 30.4
      vertex 49.6 14 26.4599
      vertex 46.4 14 27.8133
    endloop
  endfacet
  facet normal 0 1 -0
    outer loop
      vertex 50.6899 14 26.2282
      vertex 47.9984 14 30.4
      vertex 56.3035 14 52.6382
    endloop
  endfacet
  facet normal 0 1 0
    outer loop
      vertex 47.9984 14 30.4
      vertex 50.6899 14 26.2282
      vertex 49.6 14 26.4599
    endloop
  endfacet
  facet normal 0 1 0
    outer loop
      vertex 46.4 14 22.7016
      vertex 46.4 14 27.8133
      vertex 49.6 14 26.4599
    endloop
  endfacet
  facet normal -0 1 0
    outer loop
      vertex 44.6043 14 23.0833
      vertex 46.4 14 27.8133
      vertex 46.4 14 22.7016
    endloop
  endfacet
  facet normal 0 1 0
    outer loop
      vertex 46.4 14 27.8133
      vertex 44.6043 14 23.0833
      vertex 45.6438 14 27.9741
    endloop
  endfacet
  facet normal 0 1 -0
    outer loop
      vertex 49.6 14 1.4
      vertex 46.4 14 22.7016
      vertex 49.6 14 26.4599
    endloop
  endfacet
  facet normal 0 1 0
    outer loop
      vertex 46.4 14 22.7016
      vertex 49.6 14 1.4
      vertex 46.4 14 1.4
    endloop
  endfacet
  facet normal 0 1 -0
    outer loop
      vertex 51.0018 -12.5 27.6955
      vertex 49.6 -12.5 30.4
      vertex 56.3035 -12.5 52.6382
    endloop
  endfacet
  facet normal 0 1 0
    outer loop
      vertex 49.6 -12.5 30.4
      vertex 51.0018 -12.5 27.6955
      vertex 49.6 -12.5 27.9934
    endloop
  endfacet
  facet normal 0 1 0
    outer loop
      vertex 49.6 -12.5 30.4
      vertex 54.3472 -12.5 53.0541
      vertex 56.3035 -12.5 52.6382
    endloop
  endfacet
  facet normal 0 1 0
    outer loop
      vertex 54.3472 -12.5 53.0541
      vertex 49.6 -12.5 30.4
      vertex 49.532 -12.5 30.4
    endloop
  endfacet
  facet normal 0.207948 0 0.97814
    outer loop
      vertex 56.3035 14 52.6382
      vertex 54.3472 12.5 53.0541
      vertex 56.3035 12.5 52.6382
    endloop
  endfacet
  facet normal 0.207872 0 0.978156
    outer loop
      vertex 54.3472 12.5 53.0541
      vertex 52.88 14 53.3659
      vertex 54.3472 -12.5 53.0541
    endloop
  endfacet
  facet normal 0.207915 4.45983e-05 0.978147
    outer loop
      vertex 52.88 14 53.3659
      vertex 54.3472 12.5 53.0541
      vertex 56.3035 14 52.6382
    endloop
  endfacet
  facet normal 0.207948 -4.07194e-18 0.97814
    outer loop
      vertex 54.3472 -12.5 53.0541
      vertex 56.3035 -14 52.6382
      vertex 56.3035 -12.5 52.6382
    endloop
  endfacet
  facet normal 0.207915 -4.45983e-05 0.978147
    outer loop
      vertex 54.3472 -12.5 53.0541
      vertex 52.88 -14 53.3659
      vertex 56.3035 -14 52.6382
    endloop
  endfacet
  facet normal 0.207872 -0 0.978156
    outer loop
      vertex 52.88 -14 53.3659
      vertex 54.3472 -12.5 53.0541
      vertex 52.88 14 53.3659
    endloop
  endfacet
  facet normal -0.207941 8.50451e-19 -0.978141
    outer loop
      vertex 49.6 -14 26.4599
      vertex 50.6899 14 26.2282
      vertex 50.6899 -14 26.2282
    endloop
  endfacet
  facet normal -0.207941 8.50451e-19 -0.978141
    outer loop
      vertex 50.6899 14 26.2282
      vertex 49.6 -14 26.4599
      vertex 49.6 14 26.4599
    endloop
  endfacet
  facet normal -0.978151 -1.39874e-18 0.207894
    outer loop
      vertex 49.2416 8.5 36.2483
      vertex 49.8549 -5.27043 39.1339
      vertex 49.8549 5.27043 39.1339
    endloop
  endfacet
  facet normal -0.978149 -1.08271e-05 0.207906
    outer loop
      vertex 49.8549 -5.27043 39.1339
      vertex 49.2416 -8.5 36.2483
      vertex 50.2915 -5.27043 41.188
    endloop
  endfacet
  facet normal -0.978151 0 0.207894
    outer loop
      vertex 49.2416 -8.5 36.2483
      vertex 49.8549 -5.27043 39.1339
      vertex 49.2416 8.5 36.2483
    endloop
  endfacet
  facet normal -0.978158 0.000120292 0.207864
    outer loop
      vertex 48.852 -9.46634 34.4155
      vertex 49.2416 -8.5 36.2483
      vertex 48.8135 -9.41671 34.2343
    endloop
  endfacet
  facet normal -0.978151 -0.000112487 0.207893
    outer loop
      vertex 49.2416 -8.5 36.2483
      vertex 51.3329 -9.41671 46.0875
      vertex 51.3726 -9.4 46.2743
    endloop
  endfacet
  facet normal -0.978167 0.000212402 0.207818
    outer loop
      vertex 48.8881 -9.54737 34.5855
      vertex 49.2416 -8.5 36.2483
      vertex 48.852 -9.46634 34.4155
    endloop
  endfacet
  facet normal -0.978153 -0.000200824 0.207886
    outer loop
      vertex 49.2416 -8.5 36.2483
      vertex 51.2944 -9.46634 45.9063
      vertex 51.3329 -9.41671 46.0875
    endloop
  endfacet
  facet normal -0.978113 -0.000216137 0.208076
    outer loop
      vertex 48.9208 -9.65735 34.7391
      vertex 49.2416 -8.5 36.2483
      vertex 48.8881 -9.54737 34.5855
    endloop
  endfacet
  facet normal -0.978152 -0.000120796 0.207893
    outer loop
      vertex 49.2416 -8.5 36.2483
      vertex 51.2583 -9.54737 45.7364
      vertex 51.2944 -9.46634 45.9063
    endloop
  endfacet
  facet normal -0.978201 0.00035393 0.207658
    outer loop
      vertex 48.9489 -9.79293 34.8717
      vertex 49.2416 -8.5 36.2483
      vertex 48.9208 -9.65735 34.7391
    endloop
  endfacet
  facet normal -0.978143 0.000238818 0.207931
    outer loop
      vertex 49.2416 -8.5 36.2483
      vertex 51.2256 -9.65735 45.5827
      vertex 51.2583 -9.54737 45.7364
    endloop
  endfacet
  facet normal -0.978118 -8.15324e-05 0.208049
    outer loop
      vertex 48.9718 -9.95 34.9793
      vertex 49.2416 -8.5 36.2483
      vertex 48.9489 -9.79293 34.8717
    endloop
  endfacet
  facet normal -0.978147 0.000104555 0.207915
    outer loop
      vertex 49.2416 -8.5 36.2483
      vertex 51.1974 -9.79293 45.4501
      vertex 51.2256 -9.65735 45.5827
    endloop
  endfacet
  facet normal -0.978103 -0.00014855 0.208123
    outer loop
      vertex 48.9887 -10.1238 35.0586
      vertex 49.2416 -8.5 36.2483
      vertex 48.9718 -9.95 34.9793
    endloop
  endfacet
  facet normal -0.978161 -0.000396982 0.207848
    outer loop
      vertex 49.2416 -8.5 36.2483
      vertex 51.1746 -9.95 45.3425
      vertex 51.1974 -9.79293 45.4501
    endloop
  endfacet
  facet normal -0.978155 3.83953e-05 0.207878
    outer loop
      vertex 48.999 -10.309 35.1071
      vertex 49.2416 -8.5 36.2483
      vertex 48.9887 -10.1238 35.0586
    endloop
  endfacet
  facet normal -0.978137 0.000345224 0.207961
    outer loop
      vertex 49.2416 -8.5 36.2483
      vertex 51.1577 -10.1238 45.2633
      vertex 51.1746 -9.95 45.3425
    endloop
  endfacet
  facet normal -0.978122 -6.14593e-05 0.20803
    outer loop
      vertex 49.0025 -10.5 35.1235
      vertex 49.2416 -8.5 36.2483
      vertex 48.999 -10.309 35.1071
    endloop
  endfacet
  facet normal -0.978155 -0.000149904 0.207876
    outer loop
      vertex 49.2416 -8.5 36.2483
      vertex 51.1474 -10.309 45.2147
      vertex 51.1577 -10.1238 45.2633
    endloop
  endfacet
  facet normal -0.978175 8.36117e-05 0.207783
    outer loop
      vertex 48.999 -10.691 35.1071
      vertex 49.2416 -8.5 36.2483
      vertex 49.0025 -10.5 35.1235
    endloop
  endfacet
  facet normal -0.978142 0.000178473 0.207939
    outer loop
      vertex 49.2416 -8.5 36.2483
      vertex 51.1439 -10.5 45.1984
      vertex 51.1474 -10.309 45.2147
    endloop
  endfacet
  facet normal -0.978148 1.54449e-05 0.207908
    outer loop
      vertex 51.1474 -10.691 45.2147
      vertex 49.2416 -8.5 36.2483
      vertex 48.999 -10.691 35.1071
    endloop
  endfacet
  facet normal -0.978158 -0.000185415 0.207861
    outer loop
      vertex 49.2416 -8.5 36.2483
      vertex 51.1474 -10.691 45.2147
      vertex 51.1439 -10.5 45.1984
    endloop
  endfacet
  facet normal -0.978148 -4.65684e-05 0.207908
    outer loop
      vertex 48.9887 -10.8762 35.0586
      vertex 51.1474 -10.691 45.2147
      vertex 48.999 -10.691 35.1071
    endloop
  endfacet
  facet normal -0.978149 0.000157852 0.207905
    outer loop
      vertex 48.9887 -10.8762 35.0586
      vertex 51.1577 -10.8762 45.2633
      vertex 51.1474 -10.691 45.2147
    endloop
  endfacet
  facet normal -0.978149 0.000252444 0.207905
    outer loop
      vertex 48.9718 -11.05 34.9793
      vertex 51.1577 -10.8762 45.2633
      vertex 48.9887 -10.8762 35.0586
    endloop
  endfacet
  facet normal -0.978147 -0.000367293 0.207915
    outer loop
      vertex 48.9718 -11.05 34.9793
      vertex 51.1746 -11.05 45.3425
      vertex 51.1577 -10.8762 45.2633
    endloop
  endfacet
  facet normal -0.978147 0.000177838 0.207915
    outer loop
      vertex 48.9489 -11.2071 34.8717
      vertex 51.1746 -11.05 45.3425
      vertex 48.9718 -11.05 34.9793
    endloop
  endfacet
  facet normal -0.978148 0.000442073 0.207911
    outer loop
      vertex 48.9489 -11.2071 34.8717
      vertex 51.1974 -11.2071 45.4501
      vertex 51.1746 -11.05 45.3425
    endloop
  endfacet
  facet normal -0.978148 -0.000612845 0.207911
    outer loop
      vertex 48.9208 -11.3426 34.7391
      vertex 51.1974 -11.2071 45.4501
      vertex 48.9489 -11.2071 34.8717
    endloop
  endfacet
  facet normal -0.978149 -0.000115196 0.207905
    outer loop
      vertex 48.9208 -11.3426 34.7391
      vertex 51.2256 -11.3426 45.5827
      vertex 51.1974 -11.2071 45.4501
    endloop
  endfacet
  facet normal -0.978149 0.000466148 0.207905
    outer loop
      vertex 48.8881 -11.4526 34.5855
      vertex 51.2256 -11.3426 45.5827
      vertex 48.9208 -11.3426 34.7391
    endloop
  endfacet
  facet normal -0.978148 -0.000266897 0.207912
    outer loop
      vertex 48.8881 -11.4526 34.5855
      vertex 51.2583 -11.4526 45.7364
      vertex 51.2256 -11.3426 45.5827
    endloop
  endfacet
  facet normal -0.978147 -0.000418056 0.207912
    outer loop
      vertex 48.852 -11.5337 34.4155
      vertex 51.2583 -11.4526 45.7364
      vertex 48.8881 -11.4526 34.5855
    endloop
  endfacet
  facet normal -0.978148 0.000153119 0.207908
    outer loop
      vertex 48.852 -11.5337 34.4155
      vertex 51.2944 -11.5337 45.9063
      vertex 51.2583 -11.4526 45.7364
    endloop
  endfacet
  facet normal -0.978181 0.0002984 0.207755
    outer loop
      vertex 47.9984 -14 30.4
      vertex 48.852 -11.5337 34.4155
      vertex 48.8135 -11.5833 34.2343
    endloop
  endfacet
  facet normal -0.978148 3.76104e-05 0.207908
    outer loop
      vertex 48.852 -11.5337 34.4155
      vertex 47.9984 -14 30.4
      vertex 51.2944 -11.5337 45.9063
    endloop
  endfacet
  facet normal -0.978155 9.83945e-05 0.207875
    outer loop
      vertex 47.9984 -14 30.4
      vertex 48.8135 -11.5833 34.2343
      vertex 48.7738 -11.6 34.0475
    endloop
  endfacet
  facet normal -0.978153 0.000195187 0.207884
    outer loop
      vertex 51.2944 -11.5337 45.9063
      vertex 47.9984 -14 30.4
      vertex 51.3329 -11.5833 46.0875
    endloop
  endfacet
  facet normal -0.978144 6.07117e-05 0.207929
    outer loop
      vertex 48.734 -9.41671 33.8607
      vertex 49.2416 -8.5 36.2483
      vertex 47.9984 -8.5 30.4
    endloop
  endfacet
  facet normal -0.978018 -0.00153987 0.208516
    outer loop
      vertex 49.2416 -8.5 36.2483
      vertex 48.734 -9.41671 33.8607
      vertex 48.7738 -9.4 34.0475
    endloop
  endfacet
  facet normal -0.978156 -0.000155671 0.207874
    outer loop
      vertex 47.9984 -8.5 30.4
      vertex 48.6955 -9.46634 33.6795
      vertex 48.734 -9.41671 33.8607
    endloop
  endfacet
  facet normal -0.978162 -0.000266255 0.207843
    outer loop
      vertex 47.9984 -8.5 30.4
      vertex 48.6594 -9.54737 33.5095
      vertex 48.6955 -9.46634 33.6795
    endloop
  endfacet
  facet normal -0.978124 0.000293811 0.208023
    outer loop
      vertex 47.9984 -8.5 30.4
      vertex 48.6267 -9.65735 33.3559
      vertex 48.6594 -9.54737 33.5095
    endloop
  endfacet
  facet normal -0.978183 -0.000444398 0.207746
    outer loop
      vertex 47.9984 -8.5 30.4
      vertex 48.5986 -9.79293 33.2233
      vertex 48.6267 -9.65735 33.3559
    endloop
  endfacet
  facet normal -0.97813 0.00012097 0.207994
    outer loop
      vertex 47.9984 -8.5 30.4
      vertex 48.5757 -9.95 33.1157
      vertex 48.5986 -9.79293 33.2233
    endloop
  endfacet
  facet normal -0.978122 0.000192367 0.208031
    outer loop
      vertex 47.9984 -8.5 30.4
      vertex 48.5588 -10.1238 33.0364
      vertex 48.5757 -9.95 33.1157
    endloop
  endfacet
  facet normal -0.978152 -4.22302e-05 0.207892
    outer loop
      vertex 47.9984 -8.5 30.4
      vertex 48.5485 -10.309 32.9879
      vertex 48.5588 -10.1238 33.0364
    endloop
  endfacet
  facet normal -0.978136 6.72244e-05 0.207966
    outer loop
      vertex 47.9984 -8.5 30.4
      vertex 48.545 -10.5 32.9715
      vertex 48.5485 -10.309 32.9879
    endloop
  endfacet
  facet normal -0.978159 -7.68474e-05 0.207858
    outer loop
      vertex 47.9984 -8.5 30.4
      vertex 48.5485 -10.691 32.9879
      vertex 48.545 -10.5 32.9715
    endloop
  endfacet
  facet normal -0.978146 0 0.207921
    outer loop
      vertex 47.9984 -14 30.4
      vertex 48.5485 -10.691 32.9879
      vertex 47.9984 -8.5 30.4
    endloop
  endfacet
  facet normal -0.978155 3.74282e-05 0.207875
    outer loop
      vertex 48.5485 -10.691 32.9879
      vertex 47.9984 -14 30.4
      vertex 48.5588 -10.8762 33.0364
    endloop
  endfacet
  facet normal -0.978108 -0.00015995 0.208099
    outer loop
      vertex 48.5588 -10.8762 33.0364
      vertex 47.9984 -14 30.4
      vertex 48.5757 -11.05 33.1157
    endloop
  endfacet
  facet normal -0.978122 -9.47155e-05 0.208031
    outer loop
      vertex 48.5757 -11.05 33.1157
      vertex 47.9984 -14 30.4
      vertex 48.5986 -11.2071 33.2233
    endloop
  endfacet
  facet normal -0.978147 -5.40079e-06 0.207914
    outer loop
      vertex 52.88 -14 53.3659
      vertex 51.3329 -11.5833 46.0875
      vertex 47.9984 -14 30.4
    endloop
  endfacet
  facet normal -0.978058 -0.000625709 0.208331
    outer loop
      vertex 48.734 -11.5833 33.8607
      vertex 47.9984 -14 30.4
      vertex 48.7738 -11.6 34.0475
    endloop
  endfacet
  facet normal -0.97816 8.62851e-05 0.207856
    outer loop
      vertex 48.6955 -11.5337 33.6795
      vertex 47.9984 -14 30.4
      vertex 48.734 -11.5833 33.8607
    endloop
  endfacet
  facet normal -0.978172 0.000167088 0.207797
    outer loop
      vertex 48.6594 -11.4526 33.5095
      vertex 47.9984 -14 30.4
      vertex 48.6955 -11.5337 33.6795
    endloop
  endfacet
  facet normal -0.97811 -0.000201471 0.208086
    outer loop
      vertex 48.6267 -11.3426 33.3559
      vertex 47.9984 -14 30.4
      vertex 48.6594 -11.4526 33.5095
    endloop
  endfacet
  facet normal -0.978207 0.000327141 0.207632
    outer loop
      vertex 48.5986 -11.2071 33.2233
      vertex 47.9984 -14 30.4
      vertex 48.6267 -11.3426 33.3559
    endloop
  endfacet
  facet normal -0.978181 -0.0002984 0.207755
    outer loop
      vertex 48.852 11.5337 34.4155
      vertex 47.9984 14 30.4
      vertex 48.8135 11.5833 34.2343
    endloop
  endfacet
  facet normal -0.978151 -0.000124562 0.207894
    outer loop
      vertex 47.9984 14 30.4
      vertex 51.3329 11.5833 46.0875
      vertex 51.3726 11.6 46.2743
    endloop
  endfacet
  facet normal -0.978148 -3.76104e-05 0.207908
    outer loop
      vertex 51.2944 11.5337 45.9063
      vertex 47.9984 14 30.4
      vertex 48.852 11.5337 34.4155
    endloop
  endfacet
  facet normal -0.978153 -0.000195187 0.207884
    outer loop
      vertex 47.9984 14 30.4
      vertex 51.2944 11.5337 45.9063
      vertex 51.3329 11.5833 46.0875
    endloop
  endfacet
  facet normal -0.978148 0.000409479 0.207908
    outer loop
      vertex 48.8881 11.4526 34.5855
      vertex 51.2944 11.5337 45.9063
      vertex 48.852 11.5337 34.4155
    endloop
  endfacet
  facet normal -0.978148 -0.000161691 0.207912
    outer loop
      vertex 48.8881 11.4526 34.5855
      vertex 51.2583 11.4526 45.7364
      vertex 51.2944 11.5337 45.9063
    endloop
  endfacet
  facet normal -0.978147 -0.000455908 0.207912
    outer loop
      vertex 48.9208 11.3426 34.7391
      vertex 51.2583 11.4526 45.7364
      vertex 48.8881 11.4526 34.5855
    endloop
  endfacet
  facet normal -0.978149 0.000277143 0.207905
    outer loop
      vertex 48.9208 11.3426 34.7391
      vertex 51.2256 11.3426 45.5827
      vertex 51.2583 11.4526 45.7364
    endloop
  endfacet
  facet normal -0.978149 0.000606685 0.207905
    outer loop
      vertex 48.9489 11.2071 34.8717
      vertex 51.2256 11.3426 45.5827
      vertex 48.9208 11.3426 34.7391
    endloop
  endfacet
  facet normal -0.978148 0.000109035 0.207911
    outer loop
      vertex 48.9489 11.2071 34.8717
      vertex 51.1974 11.2071 45.4501
      vertex 51.2256 11.3426 45.5827
    endloop
  endfacet
  facet normal -0.978148 -0.000180554 0.207911
    outer loop
      vertex 48.9718 11.05 34.9793
      vertex 51.1974 11.2071 45.4501
      vertex 48.9489 11.2071 34.8717
    endloop
  endfacet
  facet normal -0.978147 -0.000444788 0.207915
    outer loop
      vertex 48.9718 11.05 34.9793
      vertex 51.1746 11.05 45.3425
      vertex 51.1974 11.2071 45.4501
    endloop
  endfacet
  facet normal -0.978147 -0.000247664 0.207915
    outer loop
      vertex 48.9887 10.8762 35.0586
      vertex 51.1746 11.05 45.3425
      vertex 48.9718 11.05 34.9793
    endloop
  endfacet
  facet normal -0.978149 0.000372067 0.207905
    outer loop
      vertex 48.9887 10.8762 35.0586
      vertex 51.1577 10.8762 45.2633
      vertex 51.1746 11.05 45.3425
    endloop
  endfacet
  facet normal -0.978149 4.55922e-05 0.207905
    outer loop
      vertex 48.999 10.691 35.1071
      vertex 51.1577 10.8762 45.2633
      vertex 48.9887 10.8762 35.0586
    endloop
  endfacet
  facet normal -0.978148 -0.00015883 0.207908
    outer loop
      vertex 48.999 10.691 35.1071
      vertex 51.1474 10.691 45.2147
      vertex 51.1577 10.8762 45.2633
    endloop
  endfacet
  facet normal -0.978175 -8.36117e-05 0.207783
    outer loop
      vertex 49.2416 8.5 36.2483
      vertex 48.999 10.691 35.1071
      vertex 49.0025 10.5 35.1235
    endloop
  endfacet
  facet normal -0.978148 -1.54449e-05 0.207908
    outer loop
      vertex 48.999 10.691 35.1071
      vertex 49.2416 8.5 36.2483
      vertex 51.1474 10.691 45.2147
    endloop
  endfacet
  facet normal -0.978122 6.14593e-05 0.20803
    outer loop
      vertex 49.2416 8.5 36.2483
      vertex 49.0025 10.5 35.1235
      vertex 48.999 10.309 35.1071
    endloop
  endfacet
  facet normal -0.978158 0.000185415 0.207861
    outer loop
      vertex 51.1474 10.691 45.2147
      vertex 49.2416 8.5 36.2483
      vertex 51.1439 10.5 45.1984
    endloop
  endfacet
  facet normal -0.978155 -3.83953e-05 0.207878
    outer loop
      vertex 49.2416 8.5 36.2483
      vertex 48.999 10.309 35.1071
      vertex 48.9887 10.1238 35.0586
    endloop
  endfacet
  facet normal -0.978142 -0.000178473 0.207939
    outer loop
      vertex 51.1439 10.5 45.1984
      vertex 49.2416 8.5 36.2483
      vertex 51.1474 10.309 45.2147
    endloop
  endfacet
  facet normal -0.978103 0.00014855 0.208123
    outer loop
      vertex 49.2416 8.5 36.2483
      vertex 48.9887 10.1238 35.0586
      vertex 48.9718 9.95 34.9793
    endloop
  endfacet
  facet normal -0.978149 6.63138e-06 0.207903
    outer loop
      vertex 50.2915 5.27043 41.188
      vertex 51.1474 10.309 45.2147
      vertex 49.2416 8.5 36.2483
    endloop
  endfacet
  facet normal -0.978118 8.15324e-05 0.208049
    outer loop
      vertex 49.2416 8.5 36.2483
      vertex 48.9718 9.95 34.9793
      vertex 48.9489 9.79293 34.8717
    endloop
  endfacet
  facet normal -0.978178 0.000120201 0.207767
    outer loop
      vertex 51.1474 10.309 45.2147
      vertex 50.2915 5.27043 41.188
      vertex 51.1577 10.1238 45.2633
    endloop
  endfacet
  facet normal -0.978201 -0.00035393 0.207658
    outer loop
      vertex 49.2416 8.5 36.2483
      vertex 48.9489 9.79293 34.8717
      vertex 48.9208 9.65735 34.7391
    endloop
  endfacet
  facet normal -0.978091 -0.000241266 0.208179
    outer loop
      vertex 51.1577 10.1238 45.2633
      vertex 50.2915 5.27043 41.188
      vertex 51.1746 9.95 45.3425
    endloop
  endfacet
  facet normal -0.978113 0.000216137 0.208076
    outer loop
      vertex 49.2416 8.5 36.2483
      vertex 48.9208 9.65735 34.7391
      vertex 48.8881 9.54737 34.5855
    endloop
  endfacet
  facet normal -0.978204 0.000252964 0.207647
    outer loop
      vertex 51.1746 9.95 45.3425
      vertex 50.2915 5.27043 41.188
      vertex 51.1974 9.79293 45.4501
    endloop
  endfacet
  facet normal -0.978167 -0.000212402 0.207818
    outer loop
      vertex 49.2416 8.5 36.2483
      vertex 48.8881 9.54737 34.5855
      vertex 48.852 9.46634 34.4155
    endloop
  endfacet
  facet normal -0.978137 -5.7216e-05 0.207962
    outer loop
      vertex 51.1974 9.79293 45.4501
      vertex 50.2915 5.27043 41.188
      vertex 51.2256 9.65735 45.5827
    endloop
  endfacet
  facet normal -0.978158 -0.000120292 0.207864
    outer loop
      vertex 49.2416 8.5 36.2483
      vertex 48.852 9.46634 34.4155
      vertex 48.8135 9.41671 34.2343
    endloop
  endfacet
  facet normal -0.978125 -0.000114509 0.208016
    outer loop
      vertex 51.2256 9.65735 45.5827
      vertex 50.2915 5.27043 41.188
      vertex 51.2583 9.54737 45.7364
    endloop
  endfacet
  facet normal -0.978152 -6.33975e-05 0.207889
    outer loop
      vertex 49.2416 8.5 36.2483
      vertex 48.8135 9.41671 34.2343
      vertex 48.7738 9.4 34.0475
    endloop
  endfacet
  facet normal -0.978158 5.54452e-05 0.207863
    outer loop
      vertex 51.2583 9.54737 45.7364
      vertex 50.2915 5.27043 41.188
      vertex 51.2944 9.46634 45.9063
    endloop
  endfacet
  facet normal -0.978155 -9.83945e-05 0.207875
    outer loop
      vertex 48.8135 11.5833 34.2343
      vertex 47.9984 14 30.4
      vertex 48.7738 11.6 34.0475
    endloop
  endfacet
  facet normal -0.978058 0.000625709 0.208331
    outer loop
      vertex 47.9984 14 30.4
      vertex 48.734 11.5833 33.8607
      vertex 48.7738 11.6 34.0475
    endloop
  endfacet
  facet normal -0.97816 -8.62851e-05 0.207856
    outer loop
      vertex 47.9984 14 30.4
      vertex 48.6955 11.5337 33.6795
      vertex 48.734 11.5833 33.8607
    endloop
  endfacet
  facet normal -0.978172 -0.000167088 0.207797
    outer loop
      vertex 47.9984 14 30.4
      vertex 48.6594 11.4526 33.5095
      vertex 48.6955 11.5337 33.6795
    endloop
  endfacet
  facet normal -0.97811 0.000201471 0.208086
    outer loop
      vertex 47.9984 14 30.4
      vertex 48.6267 11.3426 33.3559
      vertex 48.6594 11.4526 33.5095
    endloop
  endfacet
  facet normal -0.978207 -0.000327141 0.207632
    outer loop
      vertex 47.9984 14 30.4
      vertex 48.5986 11.2071 33.2233
      vertex 48.6267 11.3426 33.3559
    endloop
  endfacet
  facet normal -0.978122 9.47155e-05 0.208031
    outer loop
      vertex 47.9984 14 30.4
      vertex 48.5757 11.05 33.1157
      vertex 48.5986 11.2071 33.2233
    endloop
  endfacet
  facet normal -0.978108 0.00015995 0.208099
    outer loop
      vertex 47.9984 14 30.4
      vertex 48.5588 10.8762 33.0364
      vertex 48.5757 11.05 33.1157
    endloop
  endfacet
  facet normal -0.978155 -3.74282e-05 0.207875
    outer loop
      vertex 47.9984 14 30.4
      vertex 48.5485 10.691 32.9879
      vertex 48.5588 10.8762 33.0364
    endloop
  endfacet
  facet normal -0.978146 0 0.207921
    outer loop
      vertex 47.9984 8.5 30.4
      vertex 48.5485 10.691 32.9879
      vertex 47.9984 14 30.4
    endloop
  endfacet
  facet normal -0.978159 7.68474e-05 0.207858
    outer loop
      vertex 48.5485 10.691 32.9879
      vertex 47.9984 8.5 30.4
      vertex 48.545 10.5 32.9715
    endloop
  endfacet
  facet normal -0.978136 -6.72244e-05 0.207966
    outer loop
      vertex 48.545 10.5 32.9715
      vertex 47.9984 8.5 30.4
      vertex 48.5485 10.309 32.9879
    endloop
  endfacet
  facet normal -0.978152 4.22302e-05 0.207892
    outer loop
      vertex 48.5485 10.309 32.9879
      vertex 47.9984 8.5 30.4
      vertex 48.5588 10.1238 33.0364
    endloop
  endfacet
  facet normal -0.978018 0.00153987 0.208516
    outer loop
      vertex 48.734 9.41671 33.8607
      vertex 49.2416 8.5 36.2483
      vertex 48.7738 9.4 34.0475
    endloop
  endfacet
  facet normal -0.978144 -6.07117e-05 0.207929
    outer loop
      vertex 49.2416 8.5 36.2483
      vertex 48.734 9.41671 33.8607
      vertex 47.9984 8.5 30.4
    endloop
  endfacet
  facet normal -0.978156 0.000155671 0.207874
    outer loop
      vertex 48.6955 9.46634 33.6795
      vertex 47.9984 8.5 30.4
      vertex 48.734 9.41671 33.8607
    endloop
  endfacet
  facet normal -0.978162 0.000266255 0.207843
    outer loop
      vertex 48.6594 9.54737 33.5095
      vertex 47.9984 8.5 30.4
      vertex 48.6955 9.46634 33.6795
    endloop
  endfacet
  facet normal -0.978124 -0.000293811 0.208023
    outer loop
      vertex 48.6267 9.65735 33.3559
      vertex 47.9984 8.5 30.4
      vertex 48.6594 9.54737 33.5095
    endloop
  endfacet
  facet normal -0.978183 0.000444398 0.207746
    outer loop
      vertex 48.5986 9.79293 33.2233
      vertex 47.9984 8.5 30.4
      vertex 48.6267 9.65735 33.3559
    endloop
  endfacet
  facet normal -0.97813 -0.00012097 0.207994
    outer loop
      vertex 48.5757 9.95 33.1157
      vertex 47.9984 8.5 30.4
      vertex 48.5986 9.79293 33.2233
    endloop
  endfacet
  facet normal -0.978122 -0.000192367 0.208031
    outer loop
      vertex 48.5588 10.1238 33.0364
      vertex 47.9984 8.5 30.4
      vertex 48.5757 9.95 33.1157
    endloop
  endfacet
  facet normal -0.978147 7.86342e-06 0.207914
    outer loop
      vertex 47.9984 14 30.4
      vertex 51.3726 11.6 46.2743
      vertex 52.88 14 53.3659
    endloop
  endfacet
  facet normal -0.978085 -0.000884295 0.208202
    outer loop
      vertex 51.4124 11.5833 46.4612
      vertex 52.88 14 53.3659
      vertex 51.3726 11.6 46.2743
    endloop
  endfacet
  facet normal -0.978144 -6.09226e-05 0.207927
    outer loop
      vertex 51.4509 11.5337 46.6423
      vertex 52.88 14 53.3659
      vertex 51.4124 11.5833 46.4612
    endloop
  endfacet
  facet normal -0.978166 0.000228216 0.207825
    outer loop
      vertex 51.487 11.4526 46.8123
      vertex 52.88 14 53.3659
      vertex 51.4509 11.5337 46.6423
    endloop
  endfacet
  facet normal -0.978134 -0.000174642 0.207975
    outer loop
      vertex 51.5197 11.3426 46.966
      vertex 52.88 14 53.3659
      vertex 51.487 11.4526 46.8123
    endloop
  endfacet
  facet normal -0.978185 0.000431993 0.207734
    outer loop
      vertex 51.5478 11.2071 47.0986
      vertex 52.88 14 53.3659
      vertex 51.5197 11.3426 46.966
    endloop
  endfacet
  facet normal -0.978134 -0.000134301 0.207976
    outer loop
      vertex 51.5707 11.05 47.2062
      vertex 52.88 14 53.3659
      vertex 51.5478 11.2071 47.0986
    endloop
  endfacet
  facet normal -0.978118 -0.000301768 0.208052
    outer loop
      vertex 51.5876 10.8762 47.2854
      vertex 52.88 14 53.3659
      vertex 51.5707 11.05 47.2062
    endloop
  endfacet
  facet normal -0.978164 0.000138918 0.207836
    outer loop
      vertex 51.5979 10.691 47.334
      vertex 52.88 14 53.3659
      vertex 51.5876 10.8762 47.2854
    endloop
  endfacet
  facet normal -0.978183 0.000316134 0.207743
    outer loop
      vertex 51.6013 10.5 47.3503
      vertex 52.88 14 53.3659
      vertex 51.5979 10.691 47.334
    endloop
  endfacet
  facet normal -0.978105 -0.00034914 0.208113
    outer loop
      vertex 51.5979 10.309 47.334
      vertex 52.88 14 53.3659
      vertex 51.6013 10.5 47.3503
    endloop
  endfacet
  facet normal -0.978125 -0.000189309 0.208019
    outer loop
      vertex 51.5876 10.1238 47.2854
      vertex 52.88 14 53.3659
      vertex 51.5979 10.309 47.334
    endloop
  endfacet
  facet normal -0.978217 0.00052495 0.207584
    outer loop
      vertex 51.5707 9.95 47.2062
      vertex 52.88 14 53.3659
      vertex 51.5876 10.1238 47.2854
    endloop
  endfacet
  facet normal -0.97819 0.000324608 0.20771
    outer loop
      vertex 51.5478 9.79293 47.0986
      vertex 52.88 14 53.3659
      vertex 51.5707 9.95 47.2062
    endloop
  endfacet
  facet normal -0.978275 0 0.207312
    outer loop
      vertex 51.5478 -9.79293 47.0986
      vertex 51.5478 9.79293 47.0986
      vertex 51.5197 9.65735 46.966
    endloop
  endfacet
  facet normal -0.978109 0 0.208095
    outer loop
      vertex 51.5197 -9.65735 46.966
      vertex 51.5197 9.65735 46.966
      vertex 51.487 9.54737 46.8123
    endloop
  endfacet
  facet normal -0.97816 6.97669e-05 0.207851
    outer loop
      vertex 51.2944 9.46634 45.9063
      vertex 50.2915 5.27043 41.188
      vertex 51.3329 9.41671 46.0875
    endloop
  endfacet
  facet normal -0.978153 2.66926e-05 0.207886
    outer loop
      vertex 51.3329 9.41671 46.0875
      vertex 50.2915 5.27043 41.188
      vertex 51.3726 9.4 46.2743
    endloop
  endfacet
  facet normal -0.978149 1.08271e-05 0.207906
    outer loop
      vertex 50.2915 5.27043 41.188
      vertex 49.2416 8.5 36.2483
      vertex 49.8549 5.27043 39.1339
    endloop
  endfacet
  facet normal -0.97806 -0.000537073 0.208324
    outer loop
      vertex 51.3726 9.4 46.2743
      vertex 50.2915 5.27043 41.188
      vertex 51.4124 9.41671 46.4612
    endloop
  endfacet
  facet normal -0.978138 -4.64093e-05 0.207955
    outer loop
      vertex 51.4124 9.41671 46.4612
      vertex 50.2915 5.27043 41.188
      vertex 51.4509 9.46634 46.6423
    endloop
  endfacet
  facet normal -0.978146 0 0.207921
    outer loop
      vertex 51.4509 -9.46634 46.6423
      vertex 51.4509 9.46634 46.6423
      vertex 50.2915 5.27043 41.188
    endloop
  endfacet
  facet normal -0.978188 0 0.207721
    outer loop
      vertex 51.4509 9.46634 46.6423
      vertex 51.4509 -9.46634 46.6423
      vertex 51.487 9.54737 46.8123
    endloop
  endfacet
  facet normal -0.978146 -2.85991e-18 0.207921
    outer loop
      vertex 51.4509 -9.46634 46.6423
      vertex 50.2915 5.27043 41.188
      vertex 50.2915 -5.27043 41.188
    endloop
  endfacet
  facet normal -0.978152 6.33975e-05 0.207889
    outer loop
      vertex 48.8135 -9.41671 34.2343
      vertex 49.2416 -8.5 36.2483
      vertex 48.7738 -9.4 34.0475
    endloop
  endfacet
  facet normal -0.97815 -5.40002e-06 0.207903
    outer loop
      vertex 51.3726 -9.4 46.2743
      vertex 50.2915 -5.27043 41.188
      vertex 49.2416 -8.5 36.2483
    endloop
  endfacet
  facet normal -0.97806 0.000537073 0.208324
    outer loop
      vertex 51.4124 -9.41671 46.4612
      vertex 50.2915 -5.27043 41.188
      vertex 51.3726 -9.4 46.2743
    endloop
  endfacet
  facet normal -0.978138 4.64093e-05 0.207955
    outer loop
      vertex 51.4509 -9.46634 46.6423
      vertex 50.2915 -5.27043 41.188
      vertex 51.4124 -9.41671 46.4612
    endloop
  endfacet
  facet normal -0.978188 0 0.207721
    outer loop
      vertex 51.487 9.54737 46.8123
      vertex 51.4509 -9.46634 46.6423
      vertex 51.487 -9.54737 46.8123
    endloop
  endfacet
  facet normal -0.978109 -2.24624e-20 0.208095
    outer loop
      vertex 51.5197 -9.65735 46.966
      vertex 51.487 9.54737 46.8123
      vertex 51.487 -9.54737 46.8123
    endloop
  endfacet
  facet normal -0.978275 0 0.207312
    outer loop
      vertex 51.5197 9.65735 46.966
      vertex 51.5197 -9.65735 46.966
      vertex 51.5478 -9.79293 47.0986
    endloop
  endfacet
  facet normal -0.978146 0 0.207918
    outer loop
      vertex 51.5478 9.79293 47.0986
      vertex 51.5478 -9.79293 47.0986
      vertex 52.88 14 53.3659
    endloop
  endfacet
  facet normal -0.97819 -0.000324608 0.20771
    outer loop
      vertex 52.88 -14 53.3659
      vertex 51.5478 -9.79293 47.0986
      vertex 51.5707 -9.95 47.2062
    endloop
  endfacet
  facet normal -0.978217 -0.00052495 0.207584
    outer loop
      vertex 52.88 -14 53.3659
      vertex 51.5707 -9.95 47.2062
      vertex 51.5876 -10.1238 47.2854
    endloop
  endfacet
  facet normal -0.978125 0.000189309 0.208019
    outer loop
      vertex 52.88 -14 53.3659
      vertex 51.5876 -10.1238 47.2854
      vertex 51.5979 -10.309 47.334
    endloop
  endfacet
  facet normal -0.978105 0.00034914 0.208113
    outer loop
      vertex 52.88 -14 53.3659
      vertex 51.5979 -10.309 47.334
      vertex 51.6013 -10.5 47.3503
    endloop
  endfacet
  facet normal -0.978183 -0.000316134 0.207743
    outer loop
      vertex 52.88 -14 53.3659
      vertex 51.6013 -10.5 47.3503
      vertex 51.5979 -10.691 47.334
    endloop
  endfacet
  facet normal -0.978156 -0.000135801 0.207872
    outer loop
      vertex 51.3329 -11.5833 46.0875
      vertex 52.88 -14 53.3659
      vertex 51.3726 -11.6 46.2743
    endloop
  endfacet
  facet normal -0.978146 -4.1085e-18 0.207918
    outer loop
      vertex 51.5478 -9.79293 47.0986
      vertex 52.88 -14 53.3659
      vertex 52.88 14 53.3659
    endloop
  endfacet
  facet normal -0.978164 -0.000138918 0.207836
    outer loop
      vertex 51.5876 -10.8762 47.2854
      vertex 52.88 -14 53.3659
      vertex 51.5979 -10.691 47.334
    endloop
  endfacet
  facet normal -0.978118 0.000301768 0.208052
    outer loop
      vertex 51.5707 -11.05 47.2062
      vertex 52.88 -14 53.3659
      vertex 51.5876 -10.8762 47.2854
    endloop
  endfacet
  facet normal -0.978134 0.000134301 0.207976
    outer loop
      vertex 51.5478 -11.2071 47.0986
      vertex 52.88 -14 53.3659
      vertex 51.5707 -11.05 47.2062
    endloop
  endfacet
  facet normal -0.978185 -0.000431993 0.207734
    outer loop
      vertex 51.5197 -11.3426 46.966
      vertex 52.88 -14 53.3659
      vertex 51.5478 -11.2071 47.0986
    endloop
  endfacet
  facet normal -0.978134 0.000174642 0.207975
    outer loop
      vertex 51.487 -11.4526 46.8123
      vertex 52.88 -14 53.3659
      vertex 51.5197 -11.3426 46.966
    endloop
  endfacet
  facet normal -0.978166 -0.000228216 0.207825
    outer loop
      vertex 51.4509 -11.5337 46.6423
      vertex 52.88 -14 53.3659
      vertex 51.487 -11.4526 46.8123
    endloop
  endfacet
  facet normal -0.978144 6.09226e-05 0.207927
    outer loop
      vertex 51.4124 -11.5833 46.4612
      vertex 52.88 -14 53.3659
      vertex 51.4509 -11.5337 46.6423
    endloop
  endfacet
  facet normal -0.978085 0.000884295 0.208202
    outer loop
      vertex 51.3726 -11.6 46.2743
      vertex 52.88 -14 53.3659
      vertex 51.4124 -11.5833 46.4612
    endloop
  endfacet
  facet normal 0.978148 0 -0.20791
    outer loop
      vertex 56.3035 -12.5 52.6382
      vertex 56.3035 -14 52.6382
      vertex 51.0018 -12.5 27.6955
    endloop
  endfacet
  facet normal 0.978148 -2.44581e-16 -0.20791
    outer loop
      vertex 51.0018 12.5 27.6955
      vertex 56.3035 14 52.6382
      vertex 56.3035 12.5 52.6382
    endloop
  endfacet
  facet normal 0.978148 1.0956e-05 -0.207911
    outer loop
      vertex 56.3035 14 52.6382
      vertex 51.0018 12.5 27.6955
      vertex 50.6899 14 26.2282
    endloop
  endfacet
  facet normal 0.978145 0 -0.207922
    outer loop
      vertex 51.0018 8.5 27.6955
      vertex 50.6899 14 26.2282
      vertex 51.0018 12.5 27.6955
    endloop
  endfacet
  facet normal 0.978145 0 -0.207922
    outer loop
      vertex 51.0018 -8.5 27.6955
      vertex 50.6899 14 26.2282
      vertex 51.0018 8.5 27.6955
    endloop
  endfacet
  facet normal 0.978145 2.16365e-18 -0.207922
    outer loop
      vertex 50.6899 -14 26.2282
      vertex 51.0018 -8.5 27.6955
      vertex 51.0018 -12.5 27.6955
    endloop
  endfacet
  facet normal 0.978145 3.09093e-19 -0.207922
    outer loop
      vertex 51.0018 -8.5 27.6955
      vertex 50.6899 -14 26.2282
      vertex 50.6899 14 26.2282
    endloop
  endfacet
  facet normal 0.978148 -1.0956e-05 -0.207911
    outer loop
      vertex 50.6899 -14 26.2282
      vertex 51.0018 -12.5 27.6955
      vertex 56.3035 -14 52.6382
    endloop
  endfacet
  facet normal 0 -1 0
    outer loop
      vertex 49.6 12.5 30.4
      vertex 54.3472 12.5 53.0541
      vertex 49.532 12.5 30.4
    endloop
  endfacet
  facet normal 0 -1 -0
    outer loop
      vertex 54.3472 12.5 53.0541
      vertex 49.6 12.5 30.4
      vertex 56.3035 12.5 52.6382
    endloop
  endfacet
  facet normal 0 -1 0
    outer loop
      vertex 51.0018 12.5 27.6955
      vertex 49.6 12.5 30.4
      vertex 49.6 12.5 27.9934
    endloop
  endfacet
  facet normal 0 -1 0
    outer loop
      vertex 49.6 12.5 30.4
      vertex 51.0018 12.5 27.6955
      vertex 56.3035 12.5 52.6382
    endloop
  endfacet
  facet normal 0.978174 0.000146975 -0.207788
    outer loop
      vertex 52.7255 -9.54737 45.4245
      vertex 51.7587 -5.5 40.8761
      vertex 52.7616 -9.46634 45.5945
    endloop
  endfacet
  facet normal 0.978171 -0.000267654 -0.2078
    outer loop
      vertex 50.7088 -8.5 35.9365
      vertex 50.2807 -9.41671 33.9225
      vertex 50.241 -9.4 33.7356
    endloop
  endfacet
  facet normal 0.978182 0.000194118 -0.207748
    outer loop
      vertex 52.6929 -9.65735 45.2709
      vertex 51.7587 -5.5 40.8761
      vertex 52.7255 -9.54737 45.4245
    endloop
  endfacet
  facet normal 0.978143 3.71073e-05 -0.207933
    outer loop
      vertex 50.7088 -8.5 35.9365
      vertex 50.3192 -9.46634 34.1036
      vertex 50.2807 -9.41671 33.9225
    endloop
  endfacet
  facet normal 0.978151 2.98169e-05 -0.207897
    outer loop
      vertex 52.6647 -9.79293 45.1382
      vertex 51.7587 -5.5 40.8761
      vertex 52.6929 -9.65735 45.2709
    endloop
  endfacet
  facet normal 0.978169 -0.000201108 -0.207813
    outer loop
      vertex 50.7088 -8.5 35.9365
      vertex 50.3553 -9.54737 34.2736
      vertex 50.3192 -9.46634 34.1036
    endloop
  endfacet
  facet normal 0.978108 -0.000179105 -0.208098
    outer loop
      vertex 52.6418 -9.95 45.0307
      vertex 51.7587 -5.5 40.8761
      vertex 52.6647 -9.79293 45.1382
    endloop
  endfacet
  facet normal 0.978114 0.000225435 -0.20807
    outer loop
      vertex 50.7088 -8.5 35.9365
      vertex 50.388 -9.65735 34.4272
      vertex 50.3553 -9.54737 34.2736
    endloop
  endfacet
  facet normal 0.978193 0.000211617 -0.207698
    outer loop
      vertex 52.625 -10.1238 44.9514
      vertex 51.7587 -5.5 40.8761
      vertex 52.6418 -9.95 45.0307
    endloop
  endfacet
  facet normal 0.978152 -2.15722e-05 -0.207889
    outer loop
      vertex 50.7088 -8.5 35.9365
      vertex 50.4162 -9.79293 34.5599
      vertex 50.388 -9.65735 34.4272
    endloop
  endfacet
  facet normal 0.978059 -0.000367217 -0.208326
    outer loop
      vertex 52.6146 -10.309 44.9029
      vertex 51.7587 -5.5 40.8761
      vertex 52.625 -10.1238 44.9514
    endloop
  endfacet
  facet normal 0.978184 -0.000187313 -0.20774
    outer loop
      vertex 50.7088 -8.5 35.9365
      vertex 50.439 -9.95 34.6674
      vertex 50.4162 -9.79293 34.5599
    endloop
  endfacet
  facet normal 0.978245 0.000398734 -0.207451
    outer loop
      vertex 52.6112 -10.5 44.8865
      vertex 51.7587 -5.5 40.8761
      vertex 52.6146 -10.309 44.9029
    endloop
  endfacet
  facet normal 0.978105 0.000153469 -0.208112
    outer loop
      vertex 50.7088 -8.5 35.9365
      vertex 50.4559 -10.1238 34.7467
      vertex 50.439 -9.95 34.6674
    endloop
  endfacet
  facet normal 0.978148 1.30504e-05 -0.207911
    outer loop
      vertex 51.7587 -5.5 40.8761
      vertex 52.6112 -10.5 44.8865
      vertex 50.7088 -8.5 35.9365
    endloop
  endfacet
  facet normal 0.97818 -0.000117669 -0.207758
    outer loop
      vertex 50.7088 -8.5 35.9365
      vertex 50.4662 -10.309 34.7953
      vertex 50.4559 -10.1238 34.7467
    endloop
  endfacet
  facet normal 0.978127 -0.00044883 -0.20801
    outer loop
      vertex 52.6146 -10.691 44.9029
      vertex 50.7088 -8.5 35.9365
      vertex 52.6112 -10.5 44.8865
    endloop
  endfacet
  facet normal 0.978092 0.000157392 -0.208175
    outer loop
      vertex 50.7088 -8.5 35.9365
      vertex 50.4697 -10.5 34.8116
      vertex 50.4662 -10.309 34.7953
    endloop
  endfacet
  facet normal 0.978148 -1.54449e-05 -0.207908
    outer loop
      vertex 50.4662 -10.691 34.7953
      vertex 50.7088 -8.5 35.9365
      vertex 52.6146 -10.691 44.9029
    endloop
  endfacet
  facet normal 0.978226 -0.000213727 -0.207544
    outer loop
      vertex 50.7088 -8.5 35.9365
      vertex 50.4662 -10.691 34.7953
      vertex 50.4697 -10.5 34.8116
    endloop
  endfacet
  facet normal 0.978148 0.000481589 -0.207908
    outer loop
      vertex 52.625 -10.8762 44.9514
      vertex 50.4662 -10.691 34.7953
      vertex 52.6146 -10.691 44.9029
    endloop
  endfacet
  facet normal 0.978147 0.000160367 -0.207914
    outer loop
      vertex 52.625 -10.8762 44.9514
      vertex 50.4559 -10.8762 34.7467
      vertex 50.4662 -10.691 34.7953
    endloop
  endfacet
  facet normal 0.978147 -0.000314731 -0.207914
    outer loop
      vertex 52.6418 -11.05 45.0307
      vertex 50.4559 -10.8762 34.7467
      vertex 52.625 -10.8762 44.9514
    endloop
  endfacet
  facet normal 0.978147 -0.00024858 -0.207913
    outer loop
      vertex 52.6418 -11.05 45.0307
      vertex 50.439 -11.05 34.6674
      vertex 50.4559 -10.8762 34.7467
    endloop
  endfacet
  facet normal 0.978147 0.000311557 -0.207913
    outer loop
      vertex 52.6647 -11.2071 45.1382
      vertex 50.439 -11.05 34.6674
      vertex 52.6418 -11.05 45.0307
    endloop
  endfacet
  facet normal 0.978147 0.000311075 -0.207913
    outer loop
      vertex 52.6647 -11.2071 45.1382
      vertex 50.4162 -11.2071 34.5599
      vertex 50.439 -11.05 34.6674
    endloop
  endfacet
  facet normal 0.978147 -4.63292e-05 -0.207913
    outer loop
      vertex 52.6929 -11.3426 45.2709
      vertex 50.4162 -11.2071 34.5599
      vertex 52.6647 -11.2071 45.1382
    endloop
  endfacet
  facet normal 0.978148 4.51953e-05 -0.207912
    outer loop
      vertex 52.6929 -11.3426 45.2709
      vertex 50.388 -11.3426 34.4272
      vertex 50.4162 -11.2071 34.5599
    endloop
  endfacet
  facet normal 0.978148 -0.000432997 -0.207912
    outer loop
      vertex 52.7255 -11.4526 45.4245
      vertex 50.388 -11.3426 34.4272
      vertex 52.6929 -11.3426 45.2709
    endloop
  endfacet
  facet normal 0.978147 -0.000455908 -0.207912
    outer loop
      vertex 52.7255 -11.4526 45.4245
      vertex 50.3553 -11.4526 34.2736
      vertex 50.388 -11.3426 34.4272
    endloop
  endfacet
  facet normal 0.978147 -0.000418056 -0.207912
    outer loop
      vertex 52.7616 -11.5337 45.5945
      vertex 50.3553 -11.4526 34.2736
      vertex 52.7255 -11.4526 45.4245
    endloop
  endfacet
  facet normal 0.978149 0.000405687 -0.207906
    outer loop
      vertex 52.7616 -11.5337 45.5945
      vertex 50.3192 -11.5337 34.1036
      vertex 50.3553 -11.4526 34.2736
    endloop
  endfacet
  facet normal 0.978147 0.0021111 -0.207906
    outer loop
      vertex 52.8002 -11.5833 45.7756
      vertex 50.3192 -11.5337 34.1036
      vertex 52.7616 -11.5337 45.5945
    endloop
  endfacet
  facet normal 0.978147 -0.00010465 -0.207915
    outer loop
      vertex 52.8002 -11.5833 45.7756
      vertex 50.2807 -11.5833 33.9225
      vertex 50.3192 -11.5337 34.1036
    endloop
  endfacet
  facet normal 0.978158 -0.000948812 -0.207858
    outer loop
      vertex 49.532 -12.5 30.4
      vertex 52.8002 -11.5833 45.7756
      vertex 52.8399 -11.6 45.9625
    endloop
  endfacet
  facet normal 0.978147 4.70613e-05 -0.207915
    outer loop
      vertex 52.8002 -11.5833 45.7756
      vertex 49.532 -12.5 30.4
      vertex 50.2807 -11.5833 33.9225
    endloop
  endfacet
  facet normal 0.978147 -4.70613e-05 -0.207915
    outer loop
      vertex 50.2807 11.5833 33.9225
      vertex 49.532 12.5 30.4
      vertex 52.8002 11.5833 45.7756
    endloop
  endfacet
  facet normal 0.97819 0.000771906 -0.207711
    outer loop
      vertex 49.532 12.5 30.4
      vertex 50.2807 11.5833 33.9225
      vertex 50.241 11.6 33.7356
    endloop
  endfacet
  facet normal 0.978145 -0.00207672 -0.207915
    outer loop
      vertex 52.7616 11.5337 45.5945
      vertex 50.2807 11.5833 33.9225
      vertex 52.8002 11.5833 45.7756
    endloop
  endfacet
  facet normal 0.978149 0.00013903 -0.207906
    outer loop
      vertex 52.7616 11.5337 45.5945
      vertex 50.3192 11.5337 34.1036
      vertex 50.2807 11.5833 33.9225
    endloop
  endfacet
  facet normal 0.978149 0.000405687 -0.207906
    outer loop
      vertex 52.7255 11.4526 45.4245
      vertex 50.3192 11.5337 34.1036
      vertex 52.7616 11.5337 45.5945
    endloop
  endfacet
  facet normal 0.978147 -0.000418056 -0.207912
    outer loop
      vertex 52.7255 11.4526 45.4245
      vertex 50.3553 11.4526 34.2736
      vertex 50.3192 11.5337 34.1036
    endloop
  endfacet
  facet normal 0.978147 0.000433317 -0.207912
    outer loop
      vertex 52.6929 11.3426 45.2709
      vertex 50.3553 11.4526 34.2736
      vertex 52.7255 11.4526 45.4245
    endloop
  endfacet
  facet normal 0.978147 0.000456228 -0.207912
    outer loop
      vertex 52.6929 11.3426 45.2709
      vertex 50.388 11.3426 34.4272
      vertex 50.3553 11.4526 34.2736
    endloop
  endfacet
  facet normal 0.978148 4.51953e-05 -0.207912
    outer loop
      vertex 52.6647 11.2071 45.1382
      vertex 50.388 11.3426 34.4272
      vertex 52.6929 11.3426 45.2709
    endloop
  endfacet
  facet normal 0.978147 -4.63292e-05 -0.207913
    outer loop
      vertex 52.6647 11.2071 45.1382
      vertex 50.4162 11.2071 34.5599
      vertex 50.388 11.3426 34.4272
    endloop
  endfacet
  facet normal 0.978147 -0.000311552 -0.207913
    outer loop
      vertex 52.6418 11.05 45.0307
      vertex 50.4162 11.2071 34.5599
      vertex 52.6647 11.2071 45.1382
    endloop
  endfacet
  facet normal 0.978147 -0.00031107 -0.207913
    outer loop
      vertex 52.6418 11.05 45.0307
      vertex 50.439 11.05 34.6674
      vertex 50.4162 11.2071 34.5599
    endloop
  endfacet
  facet normal 0.978147 0.000314221 -0.207913
    outer loop
      vertex 52.625 10.8762 44.9514
      vertex 50.439 11.05 34.6674
      vertex 52.6418 11.05 45.0307
    endloop
  endfacet
  facet normal 0.978147 0.00024807 -0.207914
    outer loop
      vertex 52.625 10.8762 44.9514
      vertex 50.4559 10.8762 34.7467
      vertex 50.439 11.05 34.6674
    endloop
  endfacet
  facet normal 0.978147 -0.000480055 -0.207914
    outer loop
      vertex 52.6146 10.691 44.9029
      vertex 50.4559 10.8762 34.7467
      vertex 52.625 10.8762 44.9514
    endloop
  endfacet
  facet normal 0.978148 -0.00015883 -0.207908
    outer loop
      vertex 52.6146 10.691 44.9029
      vertex 50.4662 10.691 34.7953
      vertex 50.4559 10.8762 34.7467
    endloop
  endfacet
  facet normal 0.978127 0.00044883 -0.20801
    outer loop
      vertex 50.7088 8.5 35.9365
      vertex 52.6146 10.691 44.9029
      vertex 52.6112 10.5 44.8865
    endloop
  endfacet
  facet normal 0.978148 1.54449e-05 -0.207908
    outer loop
      vertex 52.6146 10.691 44.9029
      vertex 50.7088 8.5 35.9365
      vertex 50.4662 10.691 34.7953
    endloop
  endfacet
  facet normal 0.978245 -0.000398734 -0.207451
    outer loop
      vertex 51.7587 5.5 40.8761
      vertex 52.6112 10.5 44.8865
      vertex 52.6146 10.309 44.9029
    endloop
  endfacet
  facet normal 0.978226 0.000213727 -0.207544
    outer loop
      vertex 50.4662 10.691 34.7953
      vertex 50.7088 8.5 35.9365
      vertex 50.4697 10.5 34.8116
    endloop
  endfacet
  facet normal 0.978059 0.000367217 -0.208326
    outer loop
      vertex 51.7587 5.5 40.8761
      vertex 52.6146 10.309 44.9029
      vertex 52.625 10.1238 44.9514
    endloop
  endfacet
  facet normal 0.978092 -0.000157392 -0.208175
    outer loop
      vertex 50.4697 10.5 34.8116
      vertex 50.7088 8.5 35.9365
      vertex 50.4662 10.309 34.7953
    endloop
  endfacet
  facet normal 0.978193 -0.000211617 -0.207698
    outer loop
      vertex 51.7587 5.5 40.8761
      vertex 52.625 10.1238 44.9514
      vertex 52.6418 9.95 45.0307
    endloop
  endfacet
  facet normal 0.97818 0.000117669 -0.207758
    outer loop
      vertex 50.4662 10.309 34.7953
      vertex 50.7088 8.5 35.9365
      vertex 50.4559 10.1238 34.7467
    endloop
  endfacet
  facet normal 0.978108 0.000179105 -0.208098
    outer loop
      vertex 51.7587 5.5 40.8761
      vertex 52.6418 9.95 45.0307
      vertex 52.6647 9.79293 45.1382
    endloop
  endfacet
  facet normal 0.978105 -0.000153469 -0.208112
    outer loop
      vertex 50.4559 10.1238 34.7467
      vertex 50.7088 8.5 35.9365
      vertex 50.439 9.95 34.6674
    endloop
  endfacet
  facet normal 0.978151 -2.98169e-05 -0.207897
    outer loop
      vertex 51.7587 5.5 40.8761
      vertex 52.6647 9.79293 45.1382
      vertex 52.6929 9.65735 45.2709
    endloop
  endfacet
  facet normal 0.978184 0.000187313 -0.20774
    outer loop
      vertex 50.439 9.95 34.6674
      vertex 50.7088 8.5 35.9365
      vertex 50.4162 9.79293 34.5599
    endloop
  endfacet
  facet normal 0.978182 -0.000194118 -0.207748
    outer loop
      vertex 51.7587 5.5 40.8761
      vertex 52.6929 9.65735 45.2709
      vertex 52.7255 9.54737 45.4245
    endloop
  endfacet
  facet normal 0.978152 2.15722e-05 -0.207889
    outer loop
      vertex 50.4162 9.79293 34.5599
      vertex 50.7088 8.5 35.9365
      vertex 50.388 9.65735 34.4272
    endloop
  endfacet
  facet normal 0.978174 -0.000146975 -0.207788
    outer loop
      vertex 51.7587 5.5 40.8761
      vertex 52.7255 9.54737 45.4245
      vertex 52.7616 9.46634 45.5945
    endloop
  endfacet
  facet normal 0.978114 -0.000225435 -0.20807
    outer loop
      vertex 50.388 9.65735 34.4272
      vertex 50.7088 8.5 35.9365
      vertex 50.3553 9.54737 34.2736
    endloop
  endfacet
  facet normal 0.97806 0.000518615 -0.208323
    outer loop
      vertex 51.7587 5.5 40.8761
      vertex 52.7616 9.46634 45.5945
      vertex 52.8002 9.41671 45.7756
    endloop
  endfacet
  facet normal 0.978169 0.000201108 -0.207813
    outer loop
      vertex 50.3553 9.54737 34.2736
      vertex 50.7088 8.5 35.9365
      vertex 50.3192 9.46634 34.1036
    endloop
  endfacet
  facet normal 0.978173 -0.000175707 -0.207792
    outer loop
      vertex 51.7587 5.5 40.8761
      vertex 52.8002 9.41671 45.7756
      vertex 52.8399 9.4 45.9625
    endloop
  endfacet
  facet normal 0.978143 -3.71073e-05 -0.207933
    outer loop
      vertex 50.3192 9.46634 34.1036
      vertex 50.7088 8.5 35.9365
      vertex 50.2807 9.41671 33.9225
    endloop
  endfacet
  facet normal 0.978148 4.54511e-05 -0.207908
    outer loop
      vertex 54.3472 12.5 53.0541
      vertex 52.8399 11.6 45.9625
      vertex 49.532 12.5 30.4
    endloop
  endfacet
  facet normal 0.978152 -9.25755e-05 -0.207892
    outer loop
      vertex 54.3472 12.5 53.0541
      vertex 52.8796 11.5833 46.1493
      vertex 52.8399 11.6 45.9625
    endloop
  endfacet
  facet normal 0.978154 -0.000181405 -0.20788
    outer loop
      vertex 54.3472 12.5 53.0541
      vertex 52.9181 11.5337 46.3305
      vertex 52.8796 11.5833 46.1493
    endloop
  endfacet
  facet normal 0.978158 -0.000310229 -0.207863
    outer loop
      vertex 54.3472 12.5 53.0541
      vertex 52.9542 11.4526 46.5005
      vertex 52.9181 11.5337 46.3305
    endloop
  endfacet
  facet normal 0.978136 0.000374847 -0.207967
    outer loop
      vertex 54.3472 12.5 53.0541
      vertex 52.9869 11.3426 46.6541
      vertex 52.9542 11.4526 46.5005
    endloop
  endfacet
  facet normal 0.978146 9.98778e-05 -0.20792
    outer loop
      vertex 54.3472 12.5 53.0541
      vertex 53.0151 11.2071 46.7867
      vertex 52.9869 11.3426 46.6541
    endloop
  endfacet
  facet normal 0.978166 -0.000380603 -0.207825
    outer loop
      vertex 54.3472 12.5 53.0541
      vertex 53.0379 11.05 46.8943
      vertex 53.0151 11.2071 46.7867
    endloop
  endfacet
  facet normal 0.978137 0.000225344 -0.207962
    outer loop
      vertex 54.3472 12.5 53.0541
      vertex 53.0548 10.8762 46.9736
      vertex 53.0379 11.05 46.8943
    endloop
  endfacet
  facet normal 0.978152 -4.24185e-05 -0.207893
    outer loop
      vertex 54.3472 12.5 53.0541
      vertex 53.0651 10.691 47.0221
      vertex 53.0548 10.8762 46.9736
    endloop
  endfacet
  facet normal 0.978138 0.000176961 -0.207956
    outer loop
      vertex 54.3472 12.5 53.0541
      vertex 53.0686 10.5 47.0384
      vertex 53.0651 10.691 47.0221
    endloop
  endfacet
  facet normal 0.978163 -0.0001873 -0.20784
    outer loop
      vertex 54.3472 12.5 53.0541
      vertex 53.0651 10.309 47.0221
      vertex 53.0686 10.5 47.0384
    endloop
  endfacet
  facet normal 0.978145 5.05589e-05 -0.207923
    outer loop
      vertex 54.3472 12.5 53.0541
      vertex 53.0548 10.1238 46.9736
      vertex 53.0651 10.309 47.0221
    endloop
  endfacet
  facet normal 0.978174 -0.000307671 -0.207789
    outer loop
      vertex 54.3472 12.5 53.0541
      vertex 53.0379 9.95 46.8943
      vertex 53.0548 10.1238 46.9736
    endloop
  endfacet
  facet normal 0.978096 0.000616993 -0.208155
    outer loop
      vertex 54.3472 12.5 53.0541
      vertex 53.0151 9.79293 46.7867
      vertex 53.0379 9.95 46.8943
    endloop
  endfacet
  facet normal 0.978168 -0.000207721 -0.207814
    outer loop
      vertex 54.3472 12.5 53.0541
      vertex 52.9869 9.65735 46.6541
      vertex 53.0151 9.79293 46.7867
    endloop
  endfacet
  facet normal 0.97815 0 -0.207903
    outer loop
      vertex 52.9869 -9.65735 46.6541
      vertex 52.9869 9.65735 46.6541
      vertex 54.3472 12.5 53.0541
    endloop
  endfacet
  facet normal 0.978081 0 -0.208224
    outer loop
      vertex 52.9869 9.65735 46.6541
      vertex 52.9869 -9.65735 46.6541
      vertex 52.9542 9.54737 46.5005
    endloop
  endfacet
  facet normal 0.978171 0.000267654 -0.2078
    outer loop
      vertex 50.2807 9.41671 33.9225
      vertex 50.7088 8.5 35.9365
      vertex 50.241 9.4 33.7356
    endloop
  endfacet
  facet normal 0.978155 -5.78813e-05 -0.207879
    outer loop
      vertex 51.7587 5.5 40.8761
      vertex 52.8399 9.4 45.9625
      vertex 52.8796 9.41671 46.1493
    endloop
  endfacet
  facet normal 0.978148 -1.30504e-05 -0.207911
    outer loop
      vertex 52.6112 10.5 44.8865
      vertex 51.7587 5.5 40.8761
      vertex 50.7088 8.5 35.9365
    endloop
  endfacet
  facet normal 0.978175 -0.000194063 -0.207782
    outer loop
      vertex 52.9181 9.46634 46.3305
      vertex 51.7587 5.5 40.8761
      vertex 52.8796 9.41671 46.1493
    endloop
  endfacet
  facet normal 0.978081 0 -0.208224
    outer loop
      vertex 52.9542 -9.54737 46.5005
      vertex 52.9542 9.54737 46.5005
      vertex 52.9869 -9.65735 46.6541
    endloop
  endfacet
  facet normal 0.978188 0 -0.207721
    outer loop
      vertex 52.9181 -9.46634 46.3305
      vertex 52.9181 9.46634 46.3305
      vertex 52.9542 -9.54737 46.5005
    endloop
  endfacet
  facet normal 0.978149 4.72543e-06 -0.207906
    outer loop
      vertex 51.7587 -5.5 40.8761
      vertex 50.7088 -8.5 35.9365
      vertex 51.3221 -5.5 38.822
    endloop
  endfacet
  facet normal 0.97806 -0.000518615 -0.208323
    outer loop
      vertex 52.7616 -9.46634 45.5945
      vertex 51.7587 -5.5 40.8761
      vertex 52.8002 -9.41671 45.7756
    endloop
  endfacet
  facet normal 0.978173 0.000175707 -0.207792
    outer loop
      vertex 52.8002 -9.41671 45.7756
      vertex 51.7587 -5.5 40.8761
      vertex 52.8399 -9.4 45.9625
    endloop
  endfacet
  facet normal 0.978146 0 -0.207917
    outer loop
      vertex 51.7587 5.5 40.8761
      vertex 52.9181 -9.46634 46.3305
      vertex 51.7587 -5.5 40.8761
    endloop
  endfacet
  facet normal 0.978155 5.78813e-05 -0.207879
    outer loop
      vertex 51.7587 -5.5 40.8761
      vertex 52.8796 -9.41671 46.1493
      vertex 52.8399 -9.4 45.9625
    endloop
  endfacet
  facet normal 0.978175 0.000194063 -0.207782
    outer loop
      vertex 51.7587 -5.5 40.8761
      vertex 52.9181 -9.46634 46.3305
      vertex 52.8796 -9.41671 46.1493
    endloop
  endfacet
  facet normal 0.978146 0 -0.207917
    outer loop
      vertex 52.9181 9.46634 46.3305
      vertex 52.9181 -9.46634 46.3305
      vertex 51.7587 5.5 40.8761
    endloop
  endfacet
  facet normal 0.978188 0 -0.207721
    outer loop
      vertex 52.9542 9.54737 46.5005
      vertex 52.9542 -9.54737 46.5005
      vertex 52.9181 9.46634 46.3305
    endloop
  endfacet
  facet normal 0.97815 0 -0.207903
    outer loop
      vertex 54.3472 -12.5 53.0541
      vertex 52.9869 -9.65735 46.6541
      vertex 54.3472 12.5 53.0541
    endloop
  endfacet
  facet normal 0.978168 0.000207721 -0.207814
    outer loop
      vertex 52.9869 -9.65735 46.6541
      vertex 54.3472 -12.5 53.0541
      vertex 53.0151 -9.79293 46.7867
    endloop
  endfacet
  facet normal 0.978096 -0.000616993 -0.208155
    outer loop
      vertex 53.0151 -9.79293 46.7867
      vertex 54.3472 -12.5 53.0541
      vertex 53.0379 -9.95 46.8943
    endloop
  endfacet
  facet normal 0.978174 0.000307671 -0.207789
    outer loop
      vertex 53.0379 -9.95 46.8943
      vertex 54.3472 -12.5 53.0541
      vertex 53.0548 -10.1238 46.9736
    endloop
  endfacet
  facet normal 0.978145 -5.05589e-05 -0.207923
    outer loop
      vertex 53.0548 -10.1238 46.9736
      vertex 54.3472 -12.5 53.0541
      vertex 53.0651 -10.309 47.0221
    endloop
  endfacet
  facet normal 0.978163 0.0001873 -0.20784
    outer loop
      vertex 53.0651 -10.309 47.0221
      vertex 54.3472 -12.5 53.0541
      vertex 53.0686 -10.5 47.0384
    endloop
  endfacet
  facet normal 0.978148 -4.54511e-05 -0.207908
    outer loop
      vertex 49.532 -12.5 30.4
      vertex 52.8399 -11.6 45.9625
      vertex 54.3472 -12.5 53.0541
    endloop
  endfacet
  facet normal 0.978152 9.25755e-05 -0.207892
    outer loop
      vertex 52.8796 -11.5833 46.1493
      vertex 54.3472 -12.5 53.0541
      vertex 52.8399 -11.6 45.9625
    endloop
  endfacet
  facet normal 0.978154 0.000181405 -0.20788
    outer loop
      vertex 52.9181 -11.5337 46.3305
      vertex 54.3472 -12.5 53.0541
      vertex 52.8796 -11.5833 46.1493
    endloop
  endfacet
  facet normal 0.978158 0.000310229 -0.207863
    outer loop
      vertex 52.9542 -11.4526 46.5005
      vertex 54.3472 -12.5 53.0541
      vertex 52.9181 -11.5337 46.3305
    endloop
  endfacet
  facet normal 0.978136 -0.000374847 -0.207967
    outer loop
      vertex 52.9869 -11.3426 46.6541
      vertex 54.3472 -12.5 53.0541
      vertex 52.9542 -11.4526 46.5005
    endloop
  endfacet
  facet normal 0.978146 -9.98778e-05 -0.20792
    outer loop
      vertex 53.0151 -11.2071 46.7867
      vertex 54.3472 -12.5 53.0541
      vertex 52.9869 -11.3426 46.6541
    endloop
  endfacet
  facet normal 0.978166 0.000380603 -0.207825
    outer loop
      vertex 53.0379 -11.05 46.8943
      vertex 54.3472 -12.5 53.0541
      vertex 53.0151 -11.2071 46.7867
    endloop
  endfacet
  facet normal 0.978137 -0.000225344 -0.207962
    outer loop
      vertex 53.0548 -10.8762 46.9736
      vertex 54.3472 -12.5 53.0541
      vertex 53.0379 -11.05 46.8943
    endloop
  endfacet
  facet normal 0.978152 4.24185e-05 -0.207893
    outer loop
      vertex 53.0651 -10.691 47.0221
      vertex 54.3472 -12.5 53.0541
      vertex 53.0548 -10.8762 46.9736
    endloop
  endfacet
  facet normal 0.978138 -0.000176961 -0.207956
    outer loop
      vertex 53.0686 -10.5 47.0384
      vertex 54.3472 -12.5 53.0541
      vertex 53.0651 -10.691 47.0221
    endloop
  endfacet
  facet normal 0.978158 0.000948812 -0.207858
    outer loop
      vertex 52.8002 11.5833 45.7756
      vertex 49.532 12.5 30.4
      vertex 52.8399 11.6 45.9625
    endloop
  endfacet
  facet normal 0.978152 7.81387e-05 -0.20789
    outer loop
      vertex 50.2013 11.5833 33.5488
      vertex 49.532 12.5 30.4
      vertex 50.241 11.6 33.7356
    endloop
  endfacet
  facet normal 0.978156 0.000146775 -0.207871
    outer loop
      vertex 50.1628 11.5337 33.3676
      vertex 49.532 12.5 30.4
      vertex 50.2013 11.5833 33.5488
    endloop
  endfacet
  facet normal 0.978106 -0.000614145 -0.208108
    outer loop
      vertex 50.1266 11.4526 33.1977
      vertex 49.532 12.5 30.4
      vertex 50.1628 11.5337 33.3676
    endloop
  endfacet
  facet normal 0.978182 0.00038607 -0.20775
    outer loop
      vertex 50.094 11.3426 33.044
      vertex 49.532 12.5 30.4
      vertex 50.1266 11.4526 33.1977
    endloop
  endfacet
  facet normal 0.978141 -7.56925e-05 -0.207944
    outer loop
      vertex 50.0658 11.2071 32.9114
      vertex 49.532 12.5 30.4
      vertex 50.094 11.3426 33.044
    endloop
  endfacet
  facet normal 0.978135 -0.000135964 -0.207973
    outer loop
      vertex 50.0429 11.05 32.8038
      vertex 49.532 12.5 30.4
      vertex 50.0658 11.2071 32.9114
    endloop
  endfacet
  facet normal 0.978169 0.000145893 -0.207811
    outer loop
      vertex 50.0261 10.8762 32.7246
      vertex 49.532 12.5 30.4
      vertex 50.0429 11.05 32.8038
    endloop
  endfacet
  facet normal 0.978104 -0.000312151 -0.208117
    outer loop
      vertex 50.0157 10.691 32.676
      vertex 49.532 12.5 30.4
      vertex 50.0261 10.8762 32.7246
    endloop
  endfacet
  facet normal 0.978204 0.000307473 -0.207645
    outer loop
      vertex 50.0123 10.5 32.6597
      vertex 49.532 12.5 30.4
      vertex 50.0157 10.691 32.676
    endloop
  endfacet
  facet normal 0.978204 -0.000307473 -0.207645
    outer loop
      vertex 49.532 8.5 30.4
      vertex 50.0123 10.5 32.6597
      vertex 50.0157 10.309 32.676
    endloop
  endfacet
  facet normal 0.978104 0.000312151 -0.208117
    outer loop
      vertex 49.532 8.5 30.4
      vertex 50.0157 10.309 32.676
      vertex 50.0261 10.1238 32.7246
    endloop
  endfacet
  facet normal 0.978169 -0.000145893 -0.207811
    outer loop
      vertex 49.532 8.5 30.4
      vertex 50.0261 10.1238 32.7246
      vertex 50.0429 9.95 32.8038
    endloop
  endfacet
  facet normal 0.978135 0.000135982 -0.207973
    outer loop
      vertex 49.532 8.5 30.4
      vertex 50.0429 9.95 32.8038
      vertex 50.0658 9.79293 32.9114
    endloop
  endfacet
  facet normal 0.978155 6.93347e-05 -0.207878
    outer loop
      vertex 50.7088 8.5 35.9365
      vertex 50.2013 9.41671 33.5488
      vertex 50.241 9.4 33.7356
    endloop
  endfacet
  facet normal 0.978148 -1.3801e-05 -0.207908
    outer loop
      vertex 49.532 8.5 30.4
      vertex 50.2013 9.41671 33.5488
      vertex 50.7088 8.5 35.9365
    endloop
  endfacet
  facet normal 0.978149 -3.13143e-18 -0.207906
    outer loop
      vertex 50.0123 10.5 32.6597
      vertex 49.532 8.5 30.4
      vertex 49.532 12.5 30.4
    endloop
  endfacet
  facet normal 0.978141 7.56622e-05 -0.207944
    outer loop
      vertex 50.094 9.65735 33.044
      vertex 49.532 8.5 30.4
      vertex 50.0658 9.79293 32.9114
    endloop
  endfacet
  facet normal 0.978182 -0.00038612 -0.20775
    outer loop
      vertex 50.1266 9.54737 33.1977
      vertex 49.532 8.5 30.4
      vertex 50.094 9.65735 33.044
    endloop
  endfacet
  facet normal 0.978106 0.00061445 -0.208108
    outer loop
      vertex 50.1628 9.46634 33.3676
      vertex 49.532 8.5 30.4
      vertex 50.1266 9.54737 33.1977
    endloop
  endfacet
  facet normal 0.978156 -0.000146731 -0.207871
    outer loop
      vertex 50.2013 9.41671 33.5488
      vertex 49.532 8.5 30.4
      vertex 50.1628 9.46634 33.3676
    endloop
  endfacet
  facet normal 0.978149 -4.72543e-06 -0.207906
    outer loop
      vertex 51.3221 5.5 38.822
      vertex 50.7088 8.5 35.9365
      vertex 51.7587 5.5 40.8761
    endloop
  endfacet
  facet normal 0.97815 0 -0.207901
    outer loop
      vertex 51.3221 -5.5 38.822
      vertex 50.7088 8.5 35.9365
      vertex 51.3221 5.5 38.822
    endloop
  endfacet
  facet normal 0.97815 0 -0.207901
    outer loop
      vertex 50.7088 8.5 35.9365
      vertex 51.3221 -5.5 38.822
      vertex 50.7088 -8.5 35.9365
    endloop
  endfacet
  facet normal 0.978155 -6.93347e-05 -0.207878
    outer loop
      vertex 50.2013 -9.41671 33.5488
      vertex 50.7088 -8.5 35.9365
      vertex 50.241 -9.4 33.7356
    endloop
  endfacet
  facet normal 0.978148 1.3801e-05 -0.207908
    outer loop
      vertex 50.7088 -8.5 35.9365
      vertex 50.2013 -9.41671 33.5488
      vertex 49.532 -8.5 30.4
    endloop
  endfacet
  facet normal 0.978156 0.000146731 -0.207871
    outer loop
      vertex 50.1628 -9.46634 33.3676
      vertex 49.532 -8.5 30.4
      vertex 50.2013 -9.41671 33.5488
    endloop
  endfacet
  facet normal 0.978106 -0.00061445 -0.208108
    outer loop
      vertex 50.1266 -9.54737 33.1977
      vertex 49.532 -8.5 30.4
      vertex 50.1628 -9.46634 33.3676
    endloop
  endfacet
  facet normal 0.978182 0.00038612 -0.20775
    outer loop
      vertex 50.094 -9.65735 33.044
      vertex 49.532 -8.5 30.4
      vertex 50.1266 -9.54737 33.1977
    endloop
  endfacet
  facet normal 0.978141 -7.56622e-05 -0.207944
    outer loop
      vertex 50.0658 -9.79293 32.9114
      vertex 49.532 -8.5 30.4
      vertex 50.094 -9.65735 33.044
    endloop
  endfacet
  facet normal 0.978135 -0.000135982 -0.207973
    outer loop
      vertex 50.0429 -9.95 32.8038
      vertex 49.532 -8.5 30.4
      vertex 50.0658 -9.79293 32.9114
    endloop
  endfacet
  facet normal 0.978169 0.000145893 -0.207811
    outer loop
      vertex 50.0261 -10.1238 32.7246
      vertex 49.532 -8.5 30.4
      vertex 50.0429 -9.95 32.8038
    endloop
  endfacet
  facet normal 0.978104 -0.000312151 -0.208117
    outer loop
      vertex 50.0157 -10.309 32.676
      vertex 49.532 -8.5 30.4
      vertex 50.0261 -10.1238 32.7246
    endloop
  endfacet
  facet normal 0.978204 0.000307473 -0.207645
    outer loop
      vertex 50.0123 -10.5 32.6597
      vertex 49.532 -8.5 30.4
      vertex 50.0157 -10.309 32.676
    endloop
  endfacet
  facet normal 0.978204 -0.000307473 -0.207645
    outer loop
      vertex 49.532 -12.5 30.4
      vertex 50.0123 -10.5 32.6597
      vertex 50.0157 -10.691 32.676
    endloop
  endfacet
  facet normal 0.978104 0.000312151 -0.208117
    outer loop
      vertex 49.532 -12.5 30.4
      vertex 50.0157 -10.691 32.676
      vertex 50.0261 -10.8762 32.7246
    endloop
  endfacet
  facet normal 0.978169 -0.000145893 -0.207811
    outer loop
      vertex 49.532 -12.5 30.4
      vertex 50.0261 -10.8762 32.7246
      vertex 50.0429 -11.05 32.8038
    endloop
  endfacet
  facet normal 0.978135 0.000135964 -0.207973
    outer loop
      vertex 49.532 -12.5 30.4
      vertex 50.0429 -11.05 32.8038
      vertex 50.0658 -11.2071 32.9114
    endloop
  endfacet
  facet normal 0.978149 -3.13143e-18 -0.207906
    outer loop
      vertex 50.0123 -10.5 32.6597
      vertex 49.532 -12.5 30.4
      vertex 49.532 -8.5 30.4
    endloop
  endfacet
  facet normal 0.978141 7.56925e-05 -0.207944
    outer loop
      vertex 50.094 -11.3426 33.044
      vertex 49.532 -12.5 30.4
      vertex 50.0658 -11.2071 32.9114
    endloop
  endfacet
  facet normal 0.978182 -0.00038607 -0.20775
    outer loop
      vertex 50.1266 -11.4526 33.1977
      vertex 49.532 -12.5 30.4
      vertex 50.094 -11.3426 33.044
    endloop
  endfacet
  facet normal 0.978106 0.000614145 -0.208108
    outer loop
      vertex 50.1628 -11.5337 33.3676
      vertex 49.532 -12.5 30.4
      vertex 50.1266 -11.4526 33.1977
    endloop
  endfacet
  facet normal 0.978156 -0.000146775 -0.207871
    outer loop
      vertex 50.2013 -11.5833 33.5488
      vertex 49.532 -12.5 30.4
      vertex 50.1628 -11.5337 33.3676
    endloop
  endfacet
  facet normal 0.978152 -7.81387e-05 -0.20789
    outer loop
      vertex 50.241 -11.6 33.7356
      vertex 49.532 -12.5 30.4
      vertex 50.2013 -11.5833 33.5488
    endloop
  endfacet
  facet normal 0.97819 -0.000771906 -0.207711
    outer loop
      vertex 50.2807 -11.5833 33.9225
      vertex 49.532 -12.5 30.4
      vertex 50.241 -11.6 33.7356
    endloop
  endfacet
  facet normal 0.20787 -4.72856e-18 0.978156
    outer loop
      vertex 49.6 -8.5 27.9934
      vertex 51.0018 -12.5 27.6955
      vertex 51.0018 -8.5 27.6955
    endloop
  endfacet
  facet normal 0.20787 -4.72856e-18 0.978156
    outer loop
      vertex 51.0018 -12.5 27.6955
      vertex 49.6 -8.5 27.9934
      vertex 49.6 -12.5 27.9934
    endloop
  endfacet
  facet normal 0.20787 -4.72856e-18 0.978156
    outer loop
      vertex 49.6 12.5 27.9934
      vertex 51.0018 8.5 27.6955
      vertex 51.0018 12.5 27.6955
    endloop
  endfacet
  facet normal 0.20787 -4.72856e-18 0.978156
    outer loop
      vertex 51.0018 8.5 27.6955
      vertex 49.6 12.5 27.9934
      vertex 49.6 8.5 27.9934
    endloop
  endfacet
  facet normal 0.20787 -1.1126e-18 0.978156
    outer loop
      vertex 49.6 8.5 27.9934
      vertex 51.0018 -8.5 27.6955
      vertex 51.0018 8.5 27.6955
    endloop
  endfacet
  facet normal 0.20787 -1.1126e-18 0.978156
    outer loop
      vertex 51.0018 -8.5 27.6955
      vertex 49.6 8.5 27.9934
      vertex 49.6 -8.5 27.9934
    endloop
  endfacet
  facet normal -0.0538113 -0.965934 -0.253132
    outer loop
      vertex 48.8135 -9.41671 34.2343
      vertex 50.3192 -9.46634 34.1036
      vertex 48.852 -9.46634 34.4155
    endloop
  endfacet
  facet normal -0.0538213 -0.9659 -0.253261
    outer loop
      vertex 50.3192 -9.46634 34.1036
      vertex 48.8135 -9.41671 34.2343
      vertex 50.2807 -9.41671 33.9225
    endloop
  endfacet
  facet normal -0.0181195 -0.996194 -0.0852626
    outer loop
      vertex 48.7738 -9.4 34.0475
      vertex 50.2807 -9.41671 33.9225
      vertex 48.8135 -9.41671 34.2343
    endloop
  endfacet
  facet normal -0.0181158 -0.996198 -0.0852181
    outer loop
      vertex 50.2807 -9.41671 33.9225
      vertex 48.7738 -9.4 34.0475
      vertex 50.241 -9.4 33.7356
    endloop
  endfacet
  facet normal -0.200773 -0.259088 -0.944756
    outer loop
      vertex 48.999 -10.309 35.1071
      vertex 50.4559 -10.1238 34.7467
      vertex 50.4662 -10.309 34.7953
    endloop
  endfacet
  facet normal -0.200862 -0.258612 -0.944867
    outer loop
      vertex 50.4559 -10.1238 34.7467
      vertex 48.999 -10.309 35.1071
      vertex 48.9887 -10.1238 35.0586
    endloop
  endfacet
  facet normal 0.0181231 -0.996195 0.0852522
    outer loop
      vertex 48.734 -9.41671 33.8607
      vertex 50.241 -9.4 33.7356
      vertex 48.7738 -9.4 34.0475
    endloop
  endfacet
  facet normal 0.0181238 -0.996194 0.0852617
    outer loop
      vertex 50.241 -9.4 33.7356
      vertex 48.734 -9.41671 33.8607
      vertex 50.2013 -9.41671 33.5488
    endloop
  endfacet
  facet normal 0.0538078 -0.965934 0.253133
    outer loop
      vertex 48.6955 -9.46634 33.6795
      vertex 50.2013 -9.41671 33.5488
      vertex 48.734 -9.41671 33.8607
    endloop
  endfacet
  facet normal 0.0538078 -0.965934 0.253133
    outer loop
      vertex 50.2013 -9.41671 33.5488
      vertex 48.6955 -9.46634 33.6795
      vertex 50.1628 -9.46634 33.3676
    endloop
  endfacet
  facet normal -0.170377 -0.57326 -0.801464
    outer loop
      vertex 48.9718 -9.95 34.9793
      vertex 50.4162 -9.79293 34.5599
      vertex 50.439 -9.95 34.6674
    endloop
  endfacet
  facet normal -0.170253 -0.573675 -0.801193
    outer loop
      vertex 50.4162 -9.79293 34.5599
      vertex 48.9718 -9.95 34.9793
      vertex 48.9489 -9.79293 34.8717
    endloop
  endfacet
  facet normal -0.0879307 0.906188 -0.413633
    outer loop
      vertex 50.3553 -11.4526 34.2736
      vertex 48.852 -11.5337 34.4155
      vertex 48.8881 -11.4526 34.5855
    endloop
  endfacet
  facet normal -0.0879307 0.906188 -0.413633
    outer loop
      vertex 48.852 -11.5337 34.4155
      vertex 50.3553 -11.4526 34.2736
      vertex 50.3192 -11.5337 34.1036
    endloop
  endfacet
  facet normal -0.0878684 -0.906328 -0.413339
    outer loop
      vertex 48.852 -9.46634 34.4155
      vertex 50.3553 -9.54737 34.2736
      vertex 48.8881 -9.54737 34.5855
    endloop
  endfacet
  facet normal -0.0878684 -0.906328 -0.413339
    outer loop
      vertex 50.3553 -9.54737 34.2736
      vertex 48.852 -9.46634 34.4155
      vertex 50.3192 -9.46634 34.1036
    endloop
  endfacet
  facet normal -0.053781 0.965973 -0.252989
    outer loop
      vertex 50.3192 -11.5337 34.1036
      vertex 48.8135 -11.5833 34.2343
      vertex 48.852 -11.5337 34.4155
    endloop
  endfacet
  facet normal -0.053791 0.965939 -0.253118
    outer loop
      vertex 48.8135 -11.5833 34.2343
      vertex 50.3192 -11.5337 34.1036
      vertex 50.2807 -11.5833 33.9225
    endloop
  endfacet
  facet normal 0.119258 0.819059 0.561177
    outer loop
      vertex 50.1266 -11.4526 33.1977
      vertex 48.6267 -11.3426 33.3559
      vertex 48.6594 -11.4526 33.5095
    endloop
  endfacet
  facet normal 0.119247 0.819191 0.560986
    outer loop
      vertex 48.6267 -11.3426 33.3559
      vertex 50.1266 -11.4526 33.1977
      vertex 50.094 -11.3426 33.044
    endloop
  endfacet
  facet normal 0.119243 -0.819108 0.561109
    outer loop
      vertex 48.6267 -9.65735 33.3559
      vertex 50.1266 -9.54737 33.1977
      vertex 48.6594 -9.54737 33.5095
    endloop
  endfacet
  facet normal 0.119233 -0.81924 0.560918
    outer loop
      vertex 50.1266 -9.54737 33.1977
      vertex 48.6267 -9.65735 33.3559
      vertex 50.094 -9.65735 33.044
    endloop
  endfacet
  facet normal -0.200773 0.259088 -0.944756
    outer loop
      vertex 50.4559 -10.8762 34.7467
      vertex 48.999 -10.691 35.1071
      vertex 50.4662 -10.691 34.7953
    endloop
  endfacet
  facet normal -0.200862 0.258612 -0.944867
    outer loop
      vertex 48.999 -10.691 35.1071
      vertex 50.4559 -10.8762 34.7467
      vertex 48.9887 -10.8762 35.0586
    endloop
  endfacet
  facet normal 0.0181123 0.996199 0.0852016
    outer loop
      vertex 50.241 -11.6 33.7356
      vertex 48.734 -11.5833 33.8607
      vertex 48.7738 -11.6 34.0475
    endloop
  endfacet
  facet normal 0.0181131 0.996198 0.085211
    outer loop
      vertex 48.734 -11.5833 33.8607
      vertex 50.241 -11.6 33.7356
      vertex 50.2013 -11.5833 33.5488
    endloop
  endfacet
  facet normal 0.0537775 0.965973 0.25299
    outer loop
      vertex 50.2013 -11.5833 33.5488
      vertex 48.6955 -11.5337 33.6795
      vertex 48.734 -11.5833 33.8607
    endloop
  endfacet
  facet normal 0.0537775 0.965973 0.25299
    outer loop
      vertex 48.6955 -11.5337 33.6795
      vertex 50.2013 -11.5833 33.5488
      vertex 50.1628 -11.5337 33.3676
    endloop
  endfacet
  facet normal 0.170327 0.573602 0.80123
    outer loop
      vertex 50.0429 -11.05 32.8038
      vertex 48.5986 -11.2071 33.2233
      vertex 50.0658 -11.2071 32.9114
    endloop
  endfacet
  facet normal 0.170327 0.573602 0.80123
    outer loop
      vertex 48.5986 -11.2071 33.2233
      vertex 50.0429 -11.05 32.8038
      vertex 48.5757 -11.05 33.1157
    endloop
  endfacet
  facet normal 0.087925 0.906188 0.413634
    outer loop
      vertex 50.1628 -11.5337 33.3676
      vertex 48.6594 -11.4526 33.5095
      vertex 48.6955 -11.5337 33.6795
    endloop
  endfacet
  facet normal 0.0879358 0.906116 0.413789
    outer loop
      vertex 48.6594 -11.4526 33.5095
      vertex 50.1628 -11.5337 33.3676
      vertex 50.1266 -11.4526 33.1977
    endloop
  endfacet
  facet normal 0.188487 -0.422267 0.886659
    outer loop
      vertex 48.5757 -9.95 33.1157
      vertex 50.0261 -10.1238 32.7246
      vertex 50.0429 -9.95 32.8038
    endloop
  endfacet
  facet normal 0.188368 -0.422775 0.886442
    outer loop
      vertex 50.0261 -10.1238 32.7246
      vertex 48.5757 -9.95 33.1157
      vertex 48.5588 -10.1238 33.0364
    endloop
  endfacet
  facet normal -0.188438 -0.422775 -0.886427
    outer loop
      vertex 48.9887 -10.1238 35.0586
      vertex 50.439 -9.95 34.6674
      vertex 50.4559 -10.1238 34.7467
    endloop
  endfacet
  facet normal -0.188438 -0.422775 -0.886427
    outer loop
      vertex 50.439 -9.95 34.6674
      vertex 48.9887 -10.1238 35.0586
      vertex 48.9718 -9.95 34.9793
    endloop
  endfacet
  facet normal -0.11928 -0.819108 -0.561101
    outer loop
      vertex 48.8881 -9.54737 34.5855
      vertex 50.388 -9.65735 34.4272
      vertex 48.9208 -9.65735 34.7391
    endloop
  endfacet
  facet normal -0.11928 -0.819108 -0.561101
    outer loop
      vertex 50.388 -9.65735 34.4272
      vertex 48.8881 -9.54737 34.5855
      vertex 50.3553 -9.54737 34.2736
    endloop
  endfacet
  facet normal -0.146997 -0.707015 -0.691753
    outer loop
      vertex 48.9208 -9.65735 34.7391
      vertex 50.4162 -9.79293 34.5599
      vertex 48.9489 -9.79293 34.8717
    endloop
  endfacet
  facet normal -0.146987 -0.707324 -0.691439
    outer loop
      vertex 50.4162 -9.79293 34.5599
      vertex 48.9208 -9.65735 34.7391
      vertex 50.388 -9.65735 34.4272
    endloop
  endfacet
  facet normal -0.119294 0.819059 -0.561169
    outer loop
      vertex 50.388 -11.3426 34.4272
      vertex 48.8881 -11.4526 34.5855
      vertex 48.9208 -11.3426 34.7391
    endloop
  endfacet
  facet normal -0.119294 0.819059 -0.561169
    outer loop
      vertex 48.8881 -11.4526 34.5855
      vertex 50.388 -11.3426 34.4272
      vertex 50.3553 -11.4526 34.2736
    endloop
  endfacet
  facet normal 0.20715 0.0868471 0.974447
    outer loop
      vertex 50.0123 -10.5 32.6597
      vertex 48.5485 -10.691 32.9879
      vertex 50.0157 -10.691 32.676
    endloop
  endfacet
  facet normal 0.207061 0.087461 0.974411
    outer loop
      vertex 48.5485 -10.691 32.9879
      vertex 50.0123 -10.5 32.6597
      vertex 48.545 -10.5 32.9715
    endloop
  endfacet
  facet normal 0.200755 -0.259189 0.944732
    outer loop
      vertex 48.5588 -10.1238 33.0364
      vertex 50.0157 -10.309 32.676
      vertex 50.0261 -10.1238 32.7246
    endloop
  endfacet
  facet normal 0.200862 -0.258612 0.944867
    outer loop
      vertex 50.0157 -10.309 32.676
      vertex 48.5588 -10.1238 33.0364
      vertex 48.5485 -10.309 32.9879
    endloop
  endfacet
  facet normal -0.146954 0.707223 -0.691549
    outer loop
      vertex 50.4162 -11.2071 34.5599
      vertex 48.9208 -11.3426 34.7391
      vertex 48.9489 -11.2071 34.8717
    endloop
  endfacet
  facet normal -0.146944 0.707532 -0.691235
    outer loop
      vertex 48.9208 -11.3426 34.7391
      vertex 50.4162 -11.2071 34.5599
      vertex 50.388 -11.3426 34.4272
    endloop
  endfacet
  facet normal -0.170387 0.573187 -0.801514
    outer loop
      vertex 50.4162 -11.2071 34.5599
      vertex 48.9718 -11.05 34.9793
      vertex 50.439 -11.05 34.6674
    endloop
  endfacet
  facet normal -0.170264 0.573602 -0.801244
    outer loop
      vertex 48.9718 -11.05 34.9793
      vertex 50.4162 -11.2071 34.5599
      vertex 48.9489 -11.2071 34.8717
    endloop
  endfacet
  facet normal 0.0878627 -0.906328 0.413341
    outer loop
      vertex 48.6594 -9.54737 33.5095
      vertex 50.1628 -9.46634 33.3676
      vertex 48.6955 -9.46634 33.6795
    endloop
  endfacet
  facet normal 0.0878734 -0.906256 0.413496
    outer loop
      vertex 50.1628 -9.46634 33.3676
      vertex 48.6594 -9.54737 33.5095
      vertex 50.1266 -9.54737 33.1977
    endloop
  endfacet
  facet normal -0.188438 0.422775 -0.886427
    outer loop
      vertex 50.439 -11.05 34.6674
      vertex 48.9887 -10.8762 35.0586
      vertex 50.4559 -10.8762 34.7467
    endloop
  endfacet
  facet normal -0.188438 0.422775 -0.886427
    outer loop
      vertex 48.9887 -10.8762 35.0586
      vertex 50.439 -11.05 34.6674
      vertex 48.9718 -11.05 34.9793
    endloop
  endfacet
  facet normal -0.207148 -0.0869547 -0.974438
    outer loop
      vertex 49.0025 -10.5 35.1235
      vertex 50.4662 -10.309 34.7953
      vertex 50.4697 -10.5 34.8116
    endloop
  endfacet
  facet normal -0.207075 -0.087461 -0.974408
    outer loop
      vertex 50.4662 -10.309 34.7953
      vertex 49.0025 -10.5 35.1235
      vertex 48.999 -10.309 35.1071
    endloop
  endfacet
  facet normal 0.146999 0.707223 0.691539
    outer loop
      vertex 50.094 -11.3426 33.044
      vertex 48.5986 -11.2071 33.2233
      vertex 48.6267 -11.3426 33.3559
    endloop
  endfacet
  facet normal 0.146997 0.707278 0.691484
    outer loop
      vertex 48.5986 -11.2071 33.2233
      vertex 50.094 -11.3426 33.044
      vertex 50.0658 -11.2071 32.9114
    endloop
  endfacet
  facet normal -0.0181087 0.996198 -0.085212
    outer loop
      vertex 50.2807 -11.5833 33.9225
      vertex 48.7738 -11.6 34.0475
      vertex 48.8135 -11.5833 34.2343
    endloop
  endfacet
  facet normal -0.0181051 0.996202 -0.0851675
    outer loop
      vertex 48.7738 -11.6 34.0475
      vertex 50.2807 -11.5833 33.9225
      vertex 50.241 -11.6 33.7356
    endloop
  endfacet
  facet normal 0.147042 -0.707015 0.691743
    outer loop
      vertex 48.5986 -9.79293 33.2233
      vertex 50.094 -9.65735 33.044
      vertex 48.6267 -9.65735 33.3559
    endloop
  endfacet
  facet normal 0.14704 -0.707069 0.691688
    outer loop
      vertex 50.094 -9.65735 33.044
      vertex 48.5986 -9.79293 33.2233
      vertex 50.0658 -9.79293 32.9114
    endloop
  endfacet
  facet normal 0.170316 -0.573675 0.80118
    outer loop
      vertex 48.5986 -9.79293 33.2233
      vertex 50.0429 -9.95 32.8038
      vertex 50.0658 -9.79293 32.9114
    endloop
  endfacet
  facet normal 0.170316 -0.573675 0.80118
    outer loop
      vertex 50.0429 -9.95 32.8038
      vertex 48.5986 -9.79293 33.2233
      vertex 48.5757 -9.95 33.1157
    endloop
  endfacet
  facet normal 0.200755 0.259189 0.944732
    outer loop
      vertex 50.0157 -10.691 32.676
      vertex 48.5588 -10.8762 33.0364
      vertex 50.0261 -10.8762 32.7246
    endloop
  endfacet
  facet normal 0.200862 0.258612 0.944867
    outer loop
      vertex 48.5588 -10.8762 33.0364
      vertex 50.0157 -10.691 32.676
      vertex 48.5485 -10.691 32.9879
    endloop
  endfacet
  facet normal 0.188487 0.422267 0.886659
    outer loop
      vertex 50.0261 -10.8762 32.7246
      vertex 48.5757 -11.05 33.1157
      vertex 50.0429 -11.05 32.8038
    endloop
  endfacet
  facet normal 0.188368 0.422775 0.886442
    outer loop
      vertex 48.5757 -11.05 33.1157
      vertex 50.0261 -10.8762 32.7246
      vertex 48.5588 -10.8762 33.0364
    endloop
  endfacet
  facet normal -0.207148 0.0869547 -0.974438
    outer loop
      vertex 50.4662 -10.691 34.7953
      vertex 49.0025 -10.5 35.1235
      vertex 50.4697 -10.5 34.8116
    endloop
  endfacet
  facet normal -0.207075 0.087461 -0.974408
    outer loop
      vertex 49.0025 -10.5 35.1235
      vertex 50.4662 -10.691 34.7953
      vertex 48.999 -10.691 35.1071
    endloop
  endfacet
  facet normal 0.20715 -0.0868471 0.974447
    outer loop
      vertex 48.5485 -10.309 32.9879
      vertex 50.0123 -10.5 32.6597
      vertex 50.0157 -10.309 32.676
    endloop
  endfacet
  facet normal 0.207061 -0.087461 0.974411
    outer loop
      vertex 50.0123 -10.5 32.6597
      vertex 48.5485 -10.309 32.9879
      vertex 48.545 -10.5 32.9715
    endloop
  endfacet
  facet normal -0.0538213 -0.9659 -0.253261
    outer loop
      vertex 51.4124 -9.41671 46.4612
      vertex 52.9181 -9.46634 46.3305
      vertex 51.4509 -9.46634 46.6423
    endloop
  endfacet
  facet normal -0.0538113 -0.965934 -0.253132
    outer loop
      vertex 52.9181 -9.46634 46.3305
      vertex 51.4124 -9.41671 46.4612
      vertex 52.8796 -9.41671 46.1493
    endloop
  endfacet
  facet normal -0.0181139 -0.996198 -0.0852089
    outer loop
      vertex 51.3726 -9.4 46.2743
      vertex 52.8796 -9.41671 46.1493
      vertex 51.4124 -9.41671 46.4612
    endloop
  endfacet
  facet normal -0.0181183 -0.996194 -0.0852629
    outer loop
      vertex 52.8796 -9.41671 46.1493
      vertex 51.3726 -9.4 46.2743
      vertex 52.8399 -9.4 45.9625
    endloop
  endfacet
  facet normal -0.200862 -0.258612 -0.944867
    outer loop
      vertex 51.5979 -10.309 47.334
      vertex 53.0548 -10.1238 46.9736
      vertex 53.0651 -10.309 47.0221
    endloop
  endfacet
  facet normal -0.200773 -0.259088 -0.944756
    outer loop
      vertex 53.0548 -10.1238 46.9736
      vertex 51.5979 -10.309 47.334
      vertex 51.5876 -10.1238 47.2854
    endloop
  endfacet
  facet normal 0.0181183 -0.996194 0.0852629
    outer loop
      vertex 51.3329 -9.41671 46.0875
      vertex 52.8399 -9.4 45.9625
      vertex 51.3726 -9.4 46.2743
    endloop
  endfacet
  facet normal 0.0181146 -0.996198 0.0852184
    outer loop
      vertex 52.8399 -9.4 45.9625
      vertex 51.3329 -9.41671 46.0875
      vertex 52.8002 -9.41671 45.7756
    endloop
  endfacet
  facet normal 0.0538078 -0.965934 0.253133
    outer loop
      vertex 51.2944 -9.46634 45.9063
      vertex 52.8002 -9.41671 45.7756
      vertex 51.3329 -9.41671 46.0875
    endloop
  endfacet
  facet normal 0.0538157 -0.965907 0.253234
    outer loop
      vertex 52.8002 -9.41671 45.7756
      vertex 51.2944 -9.46634 45.9063
      vertex 52.7616 -9.46634 45.5945
    endloop
  endfacet
  facet normal -0.170327 -0.573603 -0.80123
    outer loop
      vertex 51.5707 -9.95 47.2062
      vertex 53.0151 -9.79293 46.7867
      vertex 53.0379 -9.95 46.8943
    endloop
  endfacet
  facet normal -0.170305 -0.573675 -0.801182
    outer loop
      vertex 53.0151 -9.79293 46.7867
      vertex 51.5707 -9.95 47.2062
      vertex 51.5478 -9.79293 47.0986
    endloop
  endfacet
  facet normal -0.0879038 0.906188 -0.413638
    outer loop
      vertex 52.9542 -11.4526 46.5005
      vertex 51.4509 -11.5337 46.6423
      vertex 51.487 -11.4526 46.8123
    endloop
  endfacet
  facet normal -0.0879038 0.906188 -0.413638
    outer loop
      vertex 51.4509 -11.5337 46.6423
      vertex 52.9542 -11.4526 46.5005
      vertex 52.9181 -11.5337 46.3305
    endloop
  endfacet
  facet normal -0.0878414 -0.906328 -0.413345
    outer loop
      vertex 51.4509 -9.46634 46.6423
      vertex 52.9542 -9.54737 46.5005
      vertex 51.487 -9.54737 46.8123
    endloop
  endfacet
  facet normal -0.0878414 -0.906328 -0.413345
    outer loop
      vertex 52.9542 -9.54737 46.5005
      vertex 51.4509 -9.46634 46.6423
      vertex 52.9181 -9.46634 46.3305
    endloop
  endfacet
  facet normal -0.053791 0.965939 -0.253118
    outer loop
      vertex 52.9181 -11.5337 46.3305
      vertex 51.4124 -11.5833 46.4612
      vertex 51.4509 -11.5337 46.6423
    endloop
  endfacet
  facet normal -0.053781 0.965973 -0.252989
    outer loop
      vertex 51.4124 -11.5833 46.4612
      vertex 52.9181 -11.5337 46.3305
      vertex 52.8796 -11.5833 46.1493
    endloop
  endfacet
  facet normal 0.170355 -0.573333 0.801417
    outer loop
      vertex 51.1974 -9.79293 45.4501
      vertex 52.6418 -9.95 45.0307
      vertex 52.6647 -9.79293 45.1382
    endloop
  endfacet
  facet normal 0.170275 -0.573603 0.801241
    outer loop
      vertex 52.6418 -9.95 45.0307
      vertex 51.1974 -9.79293 45.4501
      vertex 51.1746 -9.95 45.3425
    endloop
  endfacet
  facet normal 0.119245 0.819227 0.560935
    outer loop
      vertex 52.7255 -11.4526 45.4245
      vertex 51.2256 -11.3426 45.5827
      vertex 51.2583 -11.4526 45.7364
    endloop
  endfacet
  facet normal 0.119261 0.819024 0.561228
    outer loop
      vertex 51.2256 -11.3426 45.5827
      vertex 52.7255 -11.4526 45.4245
      vertex 52.6929 -11.3426 45.2709
    endloop
  endfacet
  facet normal 0.11923 -0.819276 0.560866
    outer loop
      vertex 51.2256 -9.65735 45.5827
      vertex 52.7255 -9.54737 45.4245
      vertex 51.2583 -9.54737 45.7364
    endloop
  endfacet
  facet normal 0.119246 -0.819073 0.56116
    outer loop
      vertex 52.7255 -9.54737 45.4245
      vertex 51.2256 -9.65735 45.5827
      vertex 52.6929 -9.65735 45.2709
    endloop
  endfacet
  facet normal -0.200862 0.258612 -0.944867
    outer loop
      vertex 53.0548 -10.8762 46.9736
      vertex 51.5979 -10.691 47.334
      vertex 53.0651 -10.691 47.0221
    endloop
  endfacet
  facet normal -0.200773 0.259088 -0.944756
    outer loop
      vertex 51.5979 -10.691 47.334
      vertex 53.0548 -10.8762 46.9736
      vertex 51.5876 -10.8762 47.2854
    endloop
  endfacet
  facet normal 0.0181075 0.996198 0.0852122
    outer loop
      vertex 52.8399 -11.6 45.9625
      vertex 51.3329 -11.5833 46.0875
      vertex 51.3726 -11.6 46.2743
    endloop
  endfacet
  facet normal 0.0181039 0.996202 0.0851677
    outer loop
      vertex 51.3329 -11.5833 46.0875
      vertex 52.8399 -11.6 45.9625
      vertex 52.8002 -11.5833 45.7756
    endloop
  endfacet
  facet normal 0.0537775 0.965973 0.25299
    outer loop
      vertex 52.8002 -11.5833 45.7756
      vertex 51.2944 -11.5337 45.9063
      vertex 51.3329 -11.5833 46.0875
    endloop
  endfacet
  facet normal 0.0537853 0.965946 0.253091
    outer loop
      vertex 51.2944 -11.5337 45.9063
      vertex 52.8002 -11.5833 45.7756
      vertex 52.7616 -11.5337 45.5945
    endloop
  endfacet
  facet normal 0.170366 0.573259 0.801467
    outer loop
      vertex 52.6418 -11.05 45.0307
      vertex 51.1974 -11.2071 45.4501
      vertex 52.6647 -11.2071 45.1382
    endloop
  endfacet
  facet normal 0.170285 0.573529 0.801291
    outer loop
      vertex 51.1974 -11.2071 45.4501
      vertex 52.6418 -11.05 45.0307
      vertex 51.1746 -11.05 45.3425
    endloop
  endfacet
  facet normal 0.0879444 0.906097 0.41383
    outer loop
      vertex 52.7616 -11.5337 45.5945
      vertex 51.2583 -11.4526 45.7364
      vertex 51.2944 -11.5337 45.9063
    endloop
  endfacet
  facet normal 0.0879307 0.906188 0.413633
    outer loop
      vertex 51.2583 -11.4526 45.7364
      vertex 52.7616 -11.5337 45.5945
      vertex 52.7255 -11.4526 45.4245
    endloop
  endfacet
  facet normal 0.188389 -0.422686 0.88648
    outer loop
      vertex 51.1746 -9.95 45.3425
      vertex 52.625 -10.1238 44.9514
      vertex 52.6418 -9.95 45.0307
    endloop
  endfacet
  facet normal 0.188467 -0.422356 0.886621
    outer loop
      vertex 52.625 -10.1238 44.9514
      vertex 51.1746 -9.95 45.3425
      vertex 51.1577 -10.1238 45.2633
    endloop
  endfacet
  facet normal -0.18838 -0.422775 -0.886439
    outer loop
      vertex 51.5876 -10.1238 47.2854
      vertex 53.0379 -9.95 46.8943
      vertex 53.0548 -10.1238 46.9736
    endloop
  endfacet
  facet normal -0.188479 -0.422356 -0.886618
    outer loop
      vertex 53.0379 -9.95 46.8943
      vertex 51.5876 -10.1238 47.2854
      vertex 51.5707 -9.95 47.2062
    endloop
  endfacet
  facet normal -0.0181031 0.996203 -0.0851583
    outer loop
      vertex 52.8796 -11.5833 46.1493
      vertex 51.3726 -11.6 46.2743
      vertex 51.4124 -11.5833 46.4612
    endloop
  endfacet
  facet normal -0.0181075 0.996198 -0.0852122
    outer loop
      vertex 51.3726 -11.6 46.2743
      vertex 52.8796 -11.5833 46.1493
      vertex 52.8399 -11.6 45.9625
    endloop
  endfacet
  facet normal -0.11923 -0.819276 -0.560866
    outer loop
      vertex 51.487 -9.54737 46.8123
      vertex 52.9869 -9.65735 46.6541
      vertex 51.5197 -9.65735 46.966
    endloop
  endfacet
  facet normal -0.119243 -0.819108 -0.561109
    outer loop
      vertex 52.9869 -9.65735 46.6541
      vertex 51.487 -9.54737 46.8123
      vertex 52.9542 -9.54737 46.5005
    endloop
  endfacet
  facet normal -0.147042 -0.707015 -0.691743
    outer loop
      vertex 51.5197 -9.65735 46.966
      vertex 53.0151 -9.79293 46.7867
      vertex 51.5478 -9.79293 47.0986
    endloop
  endfacet
  facet normal -0.14704 -0.707069 -0.691688
    outer loop
      vertex 53.0151 -9.79293 46.7867
      vertex 51.5197 -9.65735 46.966
      vertex 52.9869 -9.65735 46.6541
    endloop
  endfacet
  facet normal -0.119245 0.819227 -0.560935
    outer loop
      vertex 52.9869 -11.3426 46.6541
      vertex 51.487 -11.4526 46.8123
      vertex 51.5197 -11.3426 46.966
    endloop
  endfacet
  facet normal -0.119258 0.819059 -0.561177
    outer loop
      vertex 51.487 -11.4526 46.8123
      vertex 52.9869 -11.3426 46.6541
      vertex 52.9542 -11.4526 46.5005
    endloop
  endfacet
  facet normal 0.207077 0.0873534 0.974417
    outer loop
      vertex 52.6112 -10.5 44.8865
      vertex 51.1474 -10.691 45.2147
      vertex 52.6146 -10.691 44.9029
    endloop
  endfacet
  facet normal 0.207134 0.0869547 0.974441
    outer loop
      vertex 51.1474 -10.691 45.2147
      vertex 52.6112 -10.5 44.8865
      vertex 51.1439 -10.5 45.1984
    endloop
  endfacet
  facet normal 0.200843 -0.258713 0.944844
    outer loop
      vertex 51.1577 -10.1238 45.2633
      vertex 52.6146 -10.309 44.9029
      vertex 52.625 -10.1238 44.9514
    endloop
  endfacet
  facet normal 0.200773 -0.259088 0.944756
    outer loop
      vertex 52.6146 -10.309 44.9029
      vertex 51.1577 -10.1238 45.2633
      vertex 51.1474 -10.309 45.2147
    endloop
  endfacet
  facet normal -0.146999 0.707223 -0.691539
    outer loop
      vertex 53.0151 -11.2071 46.7867
      vertex 51.5197 -11.3426 46.966
      vertex 51.5478 -11.2071 47.0986
    endloop
  endfacet
  facet normal -0.146997 0.707278 -0.691484
    outer loop
      vertex 51.5197 -11.3426 46.966
      vertex 53.0151 -11.2071 46.7867
      vertex 52.9869 -11.3426 46.6541
    endloop
  endfacet
  facet normal -0.170338 0.573529 -0.80128
    outer loop
      vertex 53.0151 -11.2071 46.7867
      vertex 51.5707 -11.05 47.2062
      vertex 53.0379 -11.05 46.8943
    endloop
  endfacet
  facet normal -0.170316 0.573602 -0.801232
    outer loop
      vertex 51.5707 -11.05 47.2062
      vertex 53.0151 -11.2071 46.7867
      vertex 51.5478 -11.2071 47.0986
    endloop
  endfacet
  facet normal 0.0878821 -0.906236 0.413536
    outer loop
      vertex 51.2583 -9.54737 45.7364
      vertex 52.7616 -9.46634 45.5945
      vertex 51.2944 -9.46634 45.9063
    endloop
  endfacet
  facet normal 0.0878684 -0.906328 0.413339
    outer loop
      vertex 52.7616 -9.46634 45.5945
      vertex 51.2583 -9.54737 45.7364
      vertex 52.7255 -9.54737 45.4245
    endloop
  endfacet
  facet normal -0.18838 0.422775 -0.886439
    outer loop
      vertex 53.0379 -11.05 46.8943
      vertex 51.5876 -10.8762 47.2854
      vertex 53.0548 -10.8762 46.9736
    endloop
  endfacet
  facet normal -0.188479 0.422356 -0.886618
    outer loop
      vertex 51.5876 -10.8762 47.2854
      vertex 53.0379 -11.05 46.8943
      vertex 51.5707 -11.05 47.2062
    endloop
  endfacet
  facet normal -0.207134 -0.0869547 -0.974441
    outer loop
      vertex 51.6013 -10.5 47.3503
      vertex 53.0651 -10.309 47.0221
      vertex 53.0686 -10.5 47.0384
    endloop
  endfacet
  facet normal -0.20715 -0.0868471 -0.974447
    outer loop
      vertex 53.0651 -10.309 47.0221
      vertex 51.6013 -10.5 47.3503
      vertex 51.5979 -10.309 47.334
    endloop
  endfacet
  facet normal 0.146942 0.707278 0.691496
    outer loop
      vertex 52.6929 -11.3426 45.2709
      vertex 51.1974 -11.2071 45.4501
      vertex 51.2256 -11.3426 45.5827
    endloop
  endfacet
  facet normal 0.146934 0.707532 0.691237
    outer loop
      vertex 51.1974 -11.2071 45.4501
      vertex 52.6929 -11.3426 45.2709
      vertex 52.6647 -11.2071 45.1382
    endloop
  endfacet
  facet normal 0.146986 -0.707069 0.6917
    outer loop
      vertex 51.1974 -9.79293 45.4501
      vertex 52.6929 -9.65735 45.2709
      vertex 51.2256 -9.65735 45.5827
    endloop
  endfacet
  facet normal 0.146978 -0.707324 0.691441
    outer loop
      vertex 52.6929 -9.65735 45.2709
      vertex 51.1974 -9.79293 45.4501
      vertex 52.6647 -9.79293 45.1382
    endloop
  endfacet
  facet normal 0.200843 0.258713 0.944844
    outer loop
      vertex 52.6146 -10.691 44.9029
      vertex 51.1577 -10.8762 45.2633
      vertex 52.625 -10.8762 44.9514
    endloop
  endfacet
  facet normal 0.200773 0.259088 0.944756
    outer loop
      vertex 51.1577 -10.8762 45.2633
      vertex 52.6146 -10.691 44.9029
      vertex 51.1474 -10.691 45.2147
    endloop
  endfacet
  facet normal 0.188389 0.422686 0.88648
    outer loop
      vertex 52.625 -10.8762 44.9514
      vertex 51.1746 -11.05 45.3425
      vertex 52.6418 -11.05 45.0307
    endloop
  endfacet
  facet normal 0.188467 0.422356 0.886621
    outer loop
      vertex 51.1746 -11.05 45.3425
      vertex 52.625 -10.8762 44.9514
      vertex 51.1577 -10.8762 45.2633
    endloop
  endfacet
  facet normal -0.207134 0.0869547 -0.974441
    outer loop
      vertex 53.0651 -10.691 47.0221
      vertex 51.6013 -10.5 47.3503
      vertex 53.0686 -10.5 47.0384
    endloop
  endfacet
  facet normal -0.20715 0.0868471 -0.974447
    outer loop
      vertex 51.6013 -10.5 47.3503
      vertex 53.0651 -10.691 47.0221
      vertex 51.5979 -10.691 47.334
    endloop
  endfacet
  facet normal 0.207077 -0.0873534 0.974417
    outer loop
      vertex 51.1474 -10.309 45.2147
      vertex 52.6112 -10.5 44.8865
      vertex 52.6146 -10.309 44.9029
    endloop
  endfacet
  facet normal 0.207134 -0.0869547 0.974441
    outer loop
      vertex 52.6112 -10.5 44.8865
      vertex 51.1474 -10.309 45.2147
      vertex 51.1439 -10.5 45.1984
    endloop
  endfacet
  facet normal -0.053781 -0.965973 -0.252989
    outer loop
      vertex 48.8135 11.5833 34.2343
      vertex 50.3192 11.5337 34.1036
      vertex 48.852 11.5337 34.4155
    endloop
  endfacet
  facet normal -0.053791 -0.965939 -0.253118
    outer loop
      vertex 50.3192 11.5337 34.1036
      vertex 48.8135 11.5833 34.2343
      vertex 50.2807 11.5833 33.9225
    endloop
  endfacet
  facet normal -0.0181087 -0.996198 -0.085212
    outer loop
      vertex 48.7738 11.6 34.0475
      vertex 50.2807 11.5833 33.9225
      vertex 48.8135 11.5833 34.2343
    endloop
  endfacet
  facet normal -0.0181051 -0.996202 -0.0851675
    outer loop
      vertex 50.2807 11.5833 33.9225
      vertex 48.7738 11.6 34.0475
      vertex 50.241 11.6 33.7356
    endloop
  endfacet
  facet normal -0.200773 -0.259088 -0.944756
    outer loop
      vertex 48.999 10.691 35.1071
      vertex 50.4559 10.8762 34.7467
      vertex 50.4662 10.691 34.7953
    endloop
  endfacet
  facet normal -0.200862 -0.258612 -0.944867
    outer loop
      vertex 50.4559 10.8762 34.7467
      vertex 48.999 10.691 35.1071
      vertex 48.9887 10.8762 35.0586
    endloop
  endfacet
  facet normal 0.0181123 -0.996199 0.0852016
    outer loop
      vertex 48.734 11.5833 33.8607
      vertex 50.241 11.6 33.7356
      vertex 48.7738 11.6 34.0475
    endloop
  endfacet
  facet normal 0.0181131 -0.996198 0.085211
    outer loop
      vertex 50.241 11.6 33.7356
      vertex 48.734 11.5833 33.8607
      vertex 50.2013 11.5833 33.5488
    endloop
  endfacet
  facet normal 0.0537775 -0.965973 0.25299
    outer loop
      vertex 48.6955 11.5337 33.6795
      vertex 50.2013 11.5833 33.5488
      vertex 48.734 11.5833 33.8607
    endloop
  endfacet
  facet normal 0.0537775 -0.965973 0.25299
    outer loop
      vertex 50.2013 11.5833 33.5488
      vertex 48.6955 11.5337 33.6795
      vertex 50.1628 11.5337 33.3676
    endloop
  endfacet
  facet normal -0.170387 -0.573187 -0.801514
    outer loop
      vertex 48.9718 11.05 34.9793
      vertex 50.4162 11.2071 34.5599
      vertex 50.439 11.05 34.6674
    endloop
  endfacet
  facet normal -0.170264 -0.573602 -0.801244
    outer loop
      vertex 50.4162 11.2071 34.5599
      vertex 48.9718 11.05 34.9793
      vertex 48.9489 11.2071 34.8717
    endloop
  endfacet
  facet normal -0.0878684 0.906328 -0.413339
    outer loop
      vertex 50.3553 9.54737 34.2736
      vertex 48.852 9.46634 34.4155
      vertex 48.8881 9.54737 34.5855
    endloop
  endfacet
  facet normal -0.0878684 0.906328 -0.413339
    outer loop
      vertex 48.852 9.46634 34.4155
      vertex 50.3553 9.54737 34.2736
      vertex 50.3192 9.46634 34.1036
    endloop
  endfacet
  facet normal -0.0879307 -0.906188 -0.413633
    outer loop
      vertex 48.852 11.5337 34.4155
      vertex 50.3553 11.4526 34.2736
      vertex 48.8881 11.4526 34.5855
    endloop
  endfacet
  facet normal -0.0879307 -0.906188 -0.413633
    outer loop
      vertex 50.3553 11.4526 34.2736
      vertex 48.852 11.5337 34.4155
      vertex 50.3192 11.5337 34.1036
    endloop
  endfacet
  facet normal -0.0538113 0.965934 -0.253132
    outer loop
      vertex 50.3192 9.46634 34.1036
      vertex 48.8135 9.41671 34.2343
      vertex 48.852 9.46634 34.4155
    endloop
  endfacet
  facet normal -0.0538213 0.9659 -0.253261
    outer loop
      vertex 48.8135 9.41671 34.2343
      vertex 50.3192 9.46634 34.1036
      vertex 50.2807 9.41671 33.9225
    endloop
  endfacet
  facet normal 0.119243 0.819108 0.561109
    outer loop
      vertex 50.1266 9.54737 33.1977
      vertex 48.6267 9.65735 33.3559
      vertex 48.6594 9.54737 33.5095
    endloop
  endfacet
  facet normal 0.119233 0.81924 0.560918
    outer loop
      vertex 48.6267 9.65735 33.3559
      vertex 50.1266 9.54737 33.1977
      vertex 50.094 9.65735 33.044
    endloop
  endfacet
  facet normal 0.119258 -0.819059 0.561177
    outer loop
      vertex 48.6267 11.3426 33.3559
      vertex 50.1266 11.4526 33.1977
      vertex 48.6594 11.4526 33.5095
    endloop
  endfacet
  facet normal 0.119247 -0.819191 0.560986
    outer loop
      vertex 50.1266 11.4526 33.1977
      vertex 48.6267 11.3426 33.3559
      vertex 50.094 11.3426 33.044
    endloop
  endfacet
  facet normal -0.200773 0.259088 -0.944756
    outer loop
      vertex 50.4559 10.1238 34.7467
      vertex 48.999 10.309 35.1071
      vertex 50.4662 10.309 34.7953
    endloop
  endfacet
  facet normal -0.200862 0.258612 -0.944867
    outer loop
      vertex 48.999 10.309 35.1071
      vertex 50.4559 10.1238 34.7467
      vertex 48.9887 10.1238 35.0586
    endloop
  endfacet
  facet normal 0.0181231 0.996195 0.0852522
    outer loop
      vertex 50.241 9.4 33.7356
      vertex 48.734 9.41671 33.8607
      vertex 48.7738 9.4 34.0475
    endloop
  endfacet
  facet normal 0.0181238 0.996194 0.0852617
    outer loop
      vertex 48.734 9.41671 33.8607
      vertex 50.241 9.4 33.7356
      vertex 50.2013 9.41671 33.5488
    endloop
  endfacet
  facet normal 0.0538078 0.965934 0.253133
    outer loop
      vertex 50.2013 9.41671 33.5488
      vertex 48.6955 9.46634 33.6795
      vertex 48.734 9.41671 33.8607
    endloop
  endfacet
  facet normal 0.0538078 0.965934 0.253133
    outer loop
      vertex 48.6955 9.46634 33.6795
      vertex 50.2013 9.41671 33.5488
      vertex 50.1628 9.46634 33.3676
    endloop
  endfacet
  facet normal 0.170316 0.573675 0.80118
    outer loop
      vertex 50.0429 9.95 32.8038
      vertex 48.5986 9.79293 33.2233
      vertex 50.0658 9.79293 32.9114
    endloop
  endfacet
  facet normal 0.170316 0.573675 0.80118
    outer loop
      vertex 48.5986 9.79293 33.2233
      vertex 50.0429 9.95 32.8038
      vertex 48.5757 9.95 33.1157
    endloop
  endfacet
  facet normal 0.0878627 0.906328 0.413341
    outer loop
      vertex 50.1628 9.46634 33.3676
      vertex 48.6594 9.54737 33.5095
      vertex 48.6955 9.46634 33.6795
    endloop
  endfacet
  facet normal 0.0878734 0.906256 0.413496
    outer loop
      vertex 48.6594 9.54737 33.5095
      vertex 50.1628 9.46634 33.3676
      vertex 50.1266 9.54737 33.1977
    endloop
  endfacet
  facet normal 0.188487 -0.422267 0.886659
    outer loop
      vertex 48.5757 11.05 33.1157
      vertex 50.0261 10.8762 32.7246
      vertex 50.0429 11.05 32.8038
    endloop
  endfacet
  facet normal 0.188368 -0.422775 0.886442
    outer loop
      vertex 50.0261 10.8762 32.7246
      vertex 48.5757 11.05 33.1157
      vertex 48.5588 10.8762 33.0364
    endloop
  endfacet
  facet normal -0.188438 -0.422775 -0.886427
    outer loop
      vertex 48.9887 10.8762 35.0586
      vertex 50.439 11.05 34.6674
      vertex 50.4559 10.8762 34.7467
    endloop
  endfacet
  facet normal -0.188438 -0.422775 -0.886427
    outer loop
      vertex 50.439 11.05 34.6674
      vertex 48.9887 10.8762 35.0586
      vertex 48.9718 11.05 34.9793
    endloop
  endfacet
  facet normal -0.119294 -0.819059 -0.561169
    outer loop
      vertex 48.8881 11.4526 34.5855
      vertex 50.388 11.3426 34.4272
      vertex 48.9208 11.3426 34.7391
    endloop
  endfacet
  facet normal -0.119294 -0.819059 -0.561169
    outer loop
      vertex 50.388 11.3426 34.4272
      vertex 48.8881 11.4526 34.5855
      vertex 50.3553 11.4526 34.2736
    endloop
  endfacet
  facet normal -0.146954 -0.707223 -0.691549
    outer loop
      vertex 48.9208 11.3426 34.7391
      vertex 50.4162 11.2071 34.5599
      vertex 48.9489 11.2071 34.8717
    endloop
  endfacet
  facet normal -0.146944 -0.707532 -0.691235
    outer loop
      vertex 50.4162 11.2071 34.5599
      vertex 48.9208 11.3426 34.7391
      vertex 50.388 11.3426 34.4272
    endloop
  endfacet
  facet normal -0.11928 0.819108 -0.561101
    outer loop
      vertex 50.388 9.65735 34.4272
      vertex 48.8881 9.54737 34.5855
      vertex 48.9208 9.65735 34.7391
    endloop
  endfacet
  facet normal -0.11928 0.819108 -0.561101
    outer loop
      vertex 48.8881 9.54737 34.5855
      vertex 50.388 9.65735 34.4272
      vertex 50.3553 9.54737 34.2736
    endloop
  endfacet
  facet normal 0.20715 0.0868471 0.974447
    outer loop
      vertex 50.0123 10.5 32.6597
      vertex 48.5485 10.309 32.9879
      vertex 50.0157 10.309 32.676
    endloop
  endfacet
  facet normal 0.207061 0.087461 0.974411
    outer loop
      vertex 48.5485 10.309 32.9879
      vertex 50.0123 10.5 32.6597
      vertex 48.545 10.5 32.9715
    endloop
  endfacet
  facet normal 0.200755 -0.259189 0.944732
    outer loop
      vertex 48.5588 10.8762 33.0364
      vertex 50.0157 10.691 32.676
      vertex 50.0261 10.8762 32.7246
    endloop
  endfacet
  facet normal 0.200862 -0.258612 0.944867
    outer loop
      vertex 50.0157 10.691 32.676
      vertex 48.5588 10.8762 33.0364
      vertex 48.5485 10.691 32.9879
    endloop
  endfacet
  facet normal -0.146997 0.707015 -0.691753
    outer loop
      vertex 50.4162 9.79293 34.5599
      vertex 48.9208 9.65735 34.7391
      vertex 48.9489 9.79293 34.8717
    endloop
  endfacet
  facet normal -0.146987 0.707324 -0.691439
    outer loop
      vertex 48.9208 9.65735 34.7391
      vertex 50.4162 9.79293 34.5599
      vertex 50.388 9.65735 34.4272
    endloop
  endfacet
  facet normal -0.170377 0.57326 -0.801464
    outer loop
      vertex 50.4162 9.79293 34.5599
      vertex 48.9718 9.95 34.9793
      vertex 50.439 9.95 34.6674
    endloop
  endfacet
  facet normal -0.170253 0.573675 -0.801193
    outer loop
      vertex 48.9718 9.95 34.9793
      vertex 50.4162 9.79293 34.5599
      vertex 48.9489 9.79293 34.8717
    endloop
  endfacet
  facet normal 0.087925 -0.906188 0.413634
    outer loop
      vertex 48.6594 11.4526 33.5095
      vertex 50.1628 11.5337 33.3676
      vertex 48.6955 11.5337 33.6795
    endloop
  endfacet
  facet normal 0.0879358 -0.906116 0.413789
    outer loop
      vertex 50.1628 11.5337 33.3676
      vertex 48.6594 11.4526 33.5095
      vertex 50.1266 11.4526 33.1977
    endloop
  endfacet
  facet normal -0.188438 0.422775 -0.886427
    outer loop
      vertex 50.439 9.95 34.6674
      vertex 48.9887 10.1238 35.0586
      vertex 50.4559 10.1238 34.7467
    endloop
  endfacet
  facet normal -0.188438 0.422775 -0.886427
    outer loop
      vertex 48.9887 10.1238 35.0586
      vertex 50.439 9.95 34.6674
      vertex 48.9718 9.95 34.9793
    endloop
  endfacet
  facet normal -0.207148 -0.0869547 -0.974438
    outer loop
      vertex 49.0025 10.5 35.1235
      vertex 50.4662 10.691 34.7953
      vertex 50.4697 10.5 34.8116
    endloop
  endfacet
  facet normal -0.207075 -0.087461 -0.974408
    outer loop
      vertex 50.4662 10.691 34.7953
      vertex 49.0025 10.5 35.1235
      vertex 48.999 10.691 35.1071
    endloop
  endfacet
  facet normal 0.147042 0.707015 0.691743
    outer loop
      vertex 50.094 9.65735 33.044
      vertex 48.5986 9.79293 33.2233
      vertex 48.6267 9.65735 33.3559
    endloop
  endfacet
  facet normal 0.14704 0.707069 0.691688
    outer loop
      vertex 48.5986 9.79293 33.2233
      vertex 50.094 9.65735 33.044
      vertex 50.0658 9.79293 32.9114
    endloop
  endfacet
  facet normal -0.0181195 0.996194 -0.0852626
    outer loop
      vertex 50.2807 9.41671 33.9225
      vertex 48.7738 9.4 34.0475
      vertex 48.8135 9.41671 34.2343
    endloop
  endfacet
  facet normal -0.0181158 0.996198 -0.0852181
    outer loop
      vertex 48.7738 9.4 34.0475
      vertex 50.2807 9.41671 33.9225
      vertex 50.241 9.4 33.7356
    endloop
  endfacet
  facet normal 0.146999 -0.707223 0.691539
    outer loop
      vertex 48.5986 11.2071 33.2233
      vertex 50.094 11.3426 33.044
      vertex 48.6267 11.3426 33.3559
    endloop
  endfacet
  facet normal 0.146997 -0.707278 0.691484
    outer loop
      vertex 50.094 11.3426 33.044
      vertex 48.5986 11.2071 33.2233
      vertex 50.0658 11.2071 32.9114
    endloop
  endfacet
  facet normal 0.170327 -0.573602 0.80123
    outer loop
      vertex 48.5986 11.2071 33.2233
      vertex 50.0429 11.05 32.8038
      vertex 50.0658 11.2071 32.9114
    endloop
  endfacet
  facet normal 0.170327 -0.573602 0.80123
    outer loop
      vertex 50.0429 11.05 32.8038
      vertex 48.5986 11.2071 33.2233
      vertex 48.5757 11.05 33.1157
    endloop
  endfacet
  facet normal 0.200755 0.259189 0.944732
    outer loop
      vertex 50.0157 10.309 32.676
      vertex 48.5588 10.1238 33.0364
      vertex 50.0261 10.1238 32.7246
    endloop
  endfacet
  facet normal 0.200862 0.258612 0.944867
    outer loop
      vertex 48.5588 10.1238 33.0364
      vertex 50.0157 10.309 32.676
      vertex 48.5485 10.309 32.9879
    endloop
  endfacet
  facet normal 0.188487 0.422267 0.886659
    outer loop
      vertex 50.0261 10.1238 32.7246
      vertex 48.5757 9.95 33.1157
      vertex 50.0429 9.95 32.8038
    endloop
  endfacet
  facet normal 0.188368 0.422775 0.886442
    outer loop
      vertex 48.5757 9.95 33.1157
      vertex 50.0261 10.1238 32.7246
      vertex 48.5588 10.1238 33.0364
    endloop
  endfacet
  facet normal -0.207148 0.0869547 -0.974438
    outer loop
      vertex 50.4662 10.309 34.7953
      vertex 49.0025 10.5 35.1235
      vertex 50.4697 10.5 34.8116
    endloop
  endfacet
  facet normal -0.207075 0.087461 -0.974408
    outer loop
      vertex 49.0025 10.5 35.1235
      vertex 50.4662 10.309 34.7953
      vertex 48.999 10.309 35.1071
    endloop
  endfacet
  facet normal 0.20715 -0.0868471 0.974447
    outer loop
      vertex 48.5485 10.691 32.9879
      vertex 50.0123 10.5 32.6597
      vertex 50.0157 10.691 32.676
    endloop
  endfacet
  facet normal 0.207061 -0.087461 0.974411
    outer loop
      vertex 50.0123 10.5 32.6597
      vertex 48.5485 10.691 32.9879
      vertex 48.545 10.5 32.9715
    endloop
  endfacet
  facet normal -0.053791 -0.965939 -0.253118
    outer loop
      vertex 51.4124 11.5833 46.4612
      vertex 52.9181 11.5337 46.3305
      vertex 51.4509 11.5337 46.6423
    endloop
  endfacet
  facet normal -0.053781 -0.965973 -0.252989
    outer loop
      vertex 52.9181 11.5337 46.3305
      vertex 51.4124 11.5833 46.4612
      vertex 52.8796 11.5833 46.1493
    endloop
  endfacet
  facet normal -0.0181031 -0.996203 -0.0851583
    outer loop
      vertex 51.3726 11.6 46.2743
      vertex 52.8796 11.5833 46.1493
      vertex 51.4124 11.5833 46.4612
    endloop
  endfacet
  facet normal -0.0181075 -0.996198 -0.0852122
    outer loop
      vertex 52.8796 11.5833 46.1493
      vertex 51.3726 11.6 46.2743
      vertex 52.8399 11.6 45.9625
    endloop
  endfacet
  facet normal -0.200862 -0.258612 -0.944867
    outer loop
      vertex 51.5979 10.691 47.334
      vertex 53.0548 10.8762 46.9736
      vertex 53.0651 10.691 47.0221
    endloop
  endfacet
  facet normal -0.200773 -0.259088 -0.944756
    outer loop
      vertex 53.0548 10.8762 46.9736
      vertex 51.5979 10.691 47.334
      vertex 51.5876 10.8762 47.2854
    endloop
  endfacet
  facet normal 0.0181075 -0.996198 0.0852122
    outer loop
      vertex 51.3329 11.5833 46.0875
      vertex 52.8399 11.6 45.9625
      vertex 51.3726 11.6 46.2743
    endloop
  endfacet
  facet normal 0.0181039 -0.996202 0.0851677
    outer loop
      vertex 52.8399 11.6 45.9625
      vertex 51.3329 11.5833 46.0875
      vertex 52.8002 11.5833 45.7756
    endloop
  endfacet
  facet normal 0.0537775 -0.965973 0.25299
    outer loop
      vertex 51.2944 11.5337 45.9063
      vertex 52.8002 11.5833 45.7756
      vertex 51.3329 11.5833 46.0875
    endloop
  endfacet
  facet normal 0.0537853 -0.965946 0.253091
    outer loop
      vertex 52.8002 11.5833 45.7756
      vertex 51.2944 11.5337 45.9063
      vertex 52.7616 11.5337 45.5945
    endloop
  endfacet
  facet normal -0.170338 -0.573529 -0.80128
    outer loop
      vertex 51.5707 11.05 47.2062
      vertex 53.0151 11.2071 46.7867
      vertex 53.0379 11.05 46.8943
    endloop
  endfacet
  facet normal -0.170316 -0.573602 -0.801232
    outer loop
      vertex 53.0151 11.2071 46.7867
      vertex 51.5707 11.05 47.2062
      vertex 51.5478 11.2071 47.0986
    endloop
  endfacet
  facet normal -0.0878414 0.906328 -0.413345
    outer loop
      vertex 52.9542 9.54737 46.5005
      vertex 51.4509 9.46634 46.6423
      vertex 51.487 9.54737 46.8123
    endloop
  endfacet
  facet normal -0.0878414 0.906328 -0.413345
    outer loop
      vertex 51.4509 9.46634 46.6423
      vertex 52.9542 9.54737 46.5005
      vertex 52.9181 9.46634 46.3305
    endloop
  endfacet
  facet normal -0.0879038 -0.906188 -0.413638
    outer loop
      vertex 51.4509 11.5337 46.6423
      vertex 52.9542 11.4526 46.5005
      vertex 51.487 11.4526 46.8123
    endloop
  endfacet
  facet normal -0.0879038 -0.906188 -0.413638
    outer loop
      vertex 52.9542 11.4526 46.5005
      vertex 51.4509 11.5337 46.6423
      vertex 52.9181 11.5337 46.3305
    endloop
  endfacet
  facet normal -0.0538213 0.9659 -0.253261
    outer loop
      vertex 52.9181 9.46634 46.3305
      vertex 51.4124 9.41671 46.4612
      vertex 51.4509 9.46634 46.6423
    endloop
  endfacet
  facet normal -0.0538113 0.965934 -0.253132
    outer loop
      vertex 51.4124 9.41671 46.4612
      vertex 52.9181 9.46634 46.3305
      vertex 52.8796 9.41671 46.1493
    endloop
  endfacet
  facet normal 0.11923 0.819276 0.560866
    outer loop
      vertex 52.7255 9.54737 45.4245
      vertex 51.2256 9.65735 45.5827
      vertex 51.2583 9.54737 45.7364
    endloop
  endfacet
  facet normal 0.119246 0.819073 0.56116
    outer loop
      vertex 51.2256 9.65735 45.5827
      vertex 52.7255 9.54737 45.4245
      vertex 52.6929 9.65735 45.2709
    endloop
  endfacet
  facet normal 0.119245 -0.819227 0.560935
    outer loop
      vertex 51.2256 11.3426 45.5827
      vertex 52.7255 11.4526 45.4245
      vertex 51.2583 11.4526 45.7364
    endloop
  endfacet
  facet normal 0.119261 -0.819024 0.561228
    outer loop
      vertex 52.7255 11.4526 45.4245
      vertex 51.2256 11.3426 45.5827
      vertex 52.6929 11.3426 45.2709
    endloop
  endfacet
  facet normal -0.200862 0.258612 -0.944867
    outer loop
      vertex 53.0548 10.1238 46.9736
      vertex 51.5979 10.309 47.334
      vertex 53.0651 10.309 47.0221
    endloop
  endfacet
  facet normal -0.200773 0.259088 -0.944756
    outer loop
      vertex 51.5979 10.309 47.334
      vertex 53.0548 10.1238 46.9736
      vertex 51.5876 10.1238 47.2854
    endloop
  endfacet
  facet normal 0.0181183 0.996194 0.0852629
    outer loop
      vertex 52.8399 9.4 45.9625
      vertex 51.3329 9.41671 46.0875
      vertex 51.3726 9.4 46.2743
    endloop
  endfacet
  facet normal 0.0181146 0.996198 0.0852184
    outer loop
      vertex 51.3329 9.41671 46.0875
      vertex 52.8399 9.4 45.9625
      vertex 52.8002 9.41671 45.7756
    endloop
  endfacet
  facet normal 0.0538078 0.965934 0.253133
    outer loop
      vertex 52.8002 9.41671 45.7756
      vertex 51.2944 9.46634 45.9063
      vertex 51.3329 9.41671 46.0875
    endloop
  endfacet
  facet normal 0.0538157 0.965907 0.253234
    outer loop
      vertex 51.2944 9.46634 45.9063
      vertex 52.8002 9.41671 45.7756
      vertex 52.7616 9.46634 45.5945
    endloop
  endfacet
  facet normal 0.170355 0.573333 0.801417
    outer loop
      vertex 52.6418 9.95 45.0307
      vertex 51.1974 9.79293 45.4501
      vertex 52.6647 9.79293 45.1382
    endloop
  endfacet
  facet normal 0.170275 0.573603 0.801241
    outer loop
      vertex 51.1974 9.79293 45.4501
      vertex 52.6418 9.95 45.0307
      vertex 51.1746 9.95 45.3425
    endloop
  endfacet
  facet normal 0.0878821 0.906236 0.413536
    outer loop
      vertex 52.7616 9.46634 45.5945
      vertex 51.2583 9.54737 45.7364
      vertex 51.2944 9.46634 45.9063
    endloop
  endfacet
  facet normal 0.0878684 0.906328 0.413339
    outer loop
      vertex 51.2583 9.54737 45.7364
      vertex 52.7616 9.46634 45.5945
      vertex 52.7255 9.54737 45.4245
    endloop
  endfacet
  facet normal 0.188389 -0.422686 0.88648
    outer loop
      vertex 51.1746 11.05 45.3425
      vertex 52.625 10.8762 44.9514
      vertex 52.6418 11.05 45.0307
    endloop
  endfacet
  facet normal 0.188467 -0.422356 0.886621
    outer loop
      vertex 52.625 10.8762 44.9514
      vertex 51.1746 11.05 45.3425
      vertex 51.1577 10.8762 45.2633
    endloop
  endfacet
  facet normal -0.18838 -0.422775 -0.886439
    outer loop
      vertex 51.5876 10.8762 47.2854
      vertex 53.0379 11.05 46.8943
      vertex 53.0548 10.8762 46.9736
    endloop
  endfacet
  facet normal -0.188479 -0.422356 -0.886618
    outer loop
      vertex 53.0379 11.05 46.8943
      vertex 51.5876 10.8762 47.2854
      vertex 51.5707 11.05 47.2062
    endloop
  endfacet
  facet normal -0.119245 -0.819227 -0.560935
    outer loop
      vertex 51.487 11.4526 46.8123
      vertex 52.9869 11.3426 46.6541
      vertex 51.5197 11.3426 46.966
    endloop
  endfacet
  facet normal -0.119258 -0.819059 -0.561177
    outer loop
      vertex 52.9869 11.3426 46.6541
      vertex 51.487 11.4526 46.8123
      vertex 52.9542 11.4526 46.5005
    endloop
  endfacet
  facet normal -0.146999 -0.707223 -0.691539
    outer loop
      vertex 51.5197 11.3426 46.966
      vertex 53.0151 11.2071 46.7867
      vertex 51.5478 11.2071 47.0986
    endloop
  endfacet
  facet normal -0.146997 -0.707278 -0.691484
    outer loop
      vertex 53.0151 11.2071 46.7867
      vertex 51.5197 11.3426 46.966
      vertex 52.9869 11.3426 46.6541
    endloop
  endfacet
  facet normal -0.11923 0.819276 -0.560866
    outer loop
      vertex 52.9869 9.65735 46.6541
      vertex 51.487 9.54737 46.8123
      vertex 51.5197 9.65735 46.966
    endloop
  endfacet
  facet normal -0.119243 0.819108 -0.561109
    outer loop
      vertex 51.487 9.54737 46.8123
      vertex 52.9869 9.65735 46.6541
      vertex 52.9542 9.54737 46.5005
    endloop
  endfacet
  facet normal 0.207077 0.0873534 0.974417
    outer loop
      vertex 52.6112 10.5 44.8865
      vertex 51.1474 10.309 45.2147
      vertex 52.6146 10.309 44.9029
    endloop
  endfacet
  facet normal 0.207134 0.0869547 0.974441
    outer loop
      vertex 51.1474 10.309 45.2147
      vertex 52.6112 10.5 44.8865
      vertex 51.1439 10.5 45.1984
    endloop
  endfacet
  facet normal 0.200843 -0.258713 0.944844
    outer loop
      vertex 51.1577 10.8762 45.2633
      vertex 52.6146 10.691 44.9029
      vertex 52.625 10.8762 44.9514
    endloop
  endfacet
  facet normal 0.200773 -0.259088 0.944756
    outer loop
      vertex 52.6146 10.691 44.9029
      vertex 51.1577 10.8762 45.2633
      vertex 51.1474 10.691 45.2147
    endloop
  endfacet
  facet normal -0.147042 0.707015 -0.691743
    outer loop
      vertex 53.0151 9.79293 46.7867
      vertex 51.5197 9.65735 46.966
      vertex 51.5478 9.79293 47.0986
    endloop
  endfacet
  facet normal -0.14704 0.707069 -0.691688
    outer loop
      vertex 51.5197 9.65735 46.966
      vertex 53.0151 9.79293 46.7867
      vertex 52.9869 9.65735 46.6541
    endloop
  endfacet
  facet normal -0.170327 0.573603 -0.80123
    outer loop
      vertex 53.0151 9.79293 46.7867
      vertex 51.5707 9.95 47.2062
      vertex 53.0379 9.95 46.8943
    endloop
  endfacet
  facet normal -0.170305 0.573675 -0.801182
    outer loop
      vertex 51.5707 9.95 47.2062
      vertex 53.0151 9.79293 46.7867
      vertex 51.5478 9.79293 47.0986
    endloop
  endfacet
  facet normal 0.0879444 -0.906097 0.41383
    outer loop
      vertex 51.2583 11.4526 45.7364
      vertex 52.7616 11.5337 45.5945
      vertex 51.2944 11.5337 45.9063
    endloop
  endfacet
  facet normal 0.0879307 -0.906188 0.413633
    outer loop
      vertex 52.7616 11.5337 45.5945
      vertex 51.2583 11.4526 45.7364
      vertex 52.7255 11.4526 45.4245
    endloop
  endfacet
  facet normal 0.207077 -0.0873534 0.974417
    outer loop
      vertex 51.1474 10.691 45.2147
      vertex 52.6112 10.5 44.8865
      vertex 52.6146 10.691 44.9029
    endloop
  endfacet
  facet normal 0.207134 -0.0869547 0.974441
    outer loop
      vertex 52.6112 10.5 44.8865
      vertex 51.1474 10.691 45.2147
      vertex 51.1439 10.5 45.1984
    endloop
  endfacet
  facet normal -0.18838 0.422775 -0.886439
    outer loop
      vertex 53.0379 9.95 46.8943
      vertex 51.5876 10.1238 47.2854
      vertex 53.0548 10.1238 46.9736
    endloop
  endfacet
  facet normal -0.188479 0.422356 -0.886618
    outer loop
      vertex 51.5876 10.1238 47.2854
      vertex 53.0379 9.95 46.8943
      vertex 51.5707 9.95 47.2062
    endloop
  endfacet
  facet normal -0.207134 -0.0869547 -0.974441
    outer loop
      vertex 51.6013 10.5 47.3503
      vertex 53.0651 10.691 47.0221
      vertex 53.0686 10.5 47.0384
    endloop
  endfacet
  facet normal -0.20715 -0.0868471 -0.974447
    outer loop
      vertex 53.0651 10.691 47.0221
      vertex 51.6013 10.5 47.3503
      vertex 51.5979 10.691 47.334
    endloop
  endfacet
  facet normal 0.146986 0.707069 0.6917
    outer loop
      vertex 52.6929 9.65735 45.2709
      vertex 51.1974 9.79293 45.4501
      vertex 51.2256 9.65735 45.5827
    endloop
  endfacet
  facet normal 0.146978 0.707324 0.691441
    outer loop
      vertex 51.1974 9.79293 45.4501
      vertex 52.6929 9.65735 45.2709
      vertex 52.6647 9.79293 45.1382
    endloop
  endfacet
  facet normal -0.0181139 0.996198 -0.0852089
    outer loop
      vertex 52.8796 9.41671 46.1493
      vertex 51.3726 9.4 46.2743
      vertex 51.4124 9.41671 46.4612
    endloop
  endfacet
  facet normal -0.0181183 0.996194 -0.0852629
    outer loop
      vertex 51.3726 9.4 46.2743
      vertex 52.8796 9.41671 46.1493
      vertex 52.8399 9.4 45.9625
    endloop
  endfacet
  facet normal 0.146942 -0.707278 0.691496
    outer loop
      vertex 51.1974 11.2071 45.4501
      vertex 52.6929 11.3426 45.2709
      vertex 51.2256 11.3426 45.5827
    endloop
  endfacet
  facet normal 0.146934 -0.707532 0.691237
    outer loop
      vertex 52.6929 11.3426 45.2709
      vertex 51.1974 11.2071 45.4501
      vertex 52.6647 11.2071 45.1382
    endloop
  endfacet
  facet normal 0.170366 -0.573259 0.801467
    outer loop
      vertex 51.1974 11.2071 45.4501
      vertex 52.6418 11.05 45.0307
      vertex 52.6647 11.2071 45.1382
    endloop
  endfacet
  facet normal 0.170285 -0.573529 0.801291
    outer loop
      vertex 52.6418 11.05 45.0307
      vertex 51.1974 11.2071 45.4501
      vertex 51.1746 11.05 45.3425
    endloop
  endfacet
  facet normal 0.200843 0.258713 0.944844
    outer loop
      vertex 52.6146 10.309 44.9029
      vertex 51.1577 10.1238 45.2633
      vertex 52.625 10.1238 44.9514
    endloop
  endfacet
  facet normal 0.200773 0.259088 0.944756
    outer loop
      vertex 51.1577 10.1238 45.2633
      vertex 52.6146 10.309 44.9029
      vertex 51.1474 10.309 45.2147
    endloop
  endfacet
  facet normal 0.188389 0.422686 0.88648
    outer loop
      vertex 52.625 10.1238 44.9514
      vertex 51.1746 9.95 45.3425
      vertex 52.6418 9.95 45.0307
    endloop
  endfacet
  facet normal 0.188467 0.422356 0.886621
    outer loop
      vertex 51.1746 9.95 45.3425
      vertex 52.625 10.1238 44.9514
      vertex 51.1577 10.1238 45.2633
    endloop
  endfacet
  facet normal -0.207134 0.0869547 -0.974441
    outer loop
      vertex 53.0651 10.309 47.0221
      vertex 51.6013 10.5 47.3503
      vertex 53.0686 10.5 47.0384
    endloop
  endfacet
  facet normal -0.20715 0.0868471 -0.974447
    outer loop
      vertex 51.6013 10.5 47.3503
      vertex 53.0651 10.309 47.0221
      vertex 51.5979 10.309 47.334
    endloop
  endfacet
  facet normal 0.253167 -0.965925 -0.0538107
    outer loop
      vertex 49.8549 5.27043 39.1339
      vertex 50.8245 5.41644 41.0747
      vertex 50.2915 5.27043 41.188
    endloop
  endfacet
  facet normal 0.253167 -0.965925 -0.0538107
    outer loop
      vertex 50.8245 5.41644 41.0747
      vertex 49.8549 5.27043 39.1339
      vertex 50.3879 5.41644 39.0206
    endloop
  endfacet
  facet normal 0.0852529 -0.996195 -0.0181206
    outer loop
      vertex 50.3879 5.41644 39.0206
      vertex 51.7587 5.5 40.8761
      vertex 50.8245 5.41644 41.0747
    endloop
  endfacet
  facet normal 0.0852529 -0.996195 -0.0181206
    outer loop
      vertex 51.7587 5.5 40.8761
      vertex 50.3879 5.41644 39.0206
      vertex 51.3221 5.5 38.822
    endloop
  endfacet
  facet normal 0.253167 0.965925 -0.0538107
    outer loop
      vertex 50.8245 -5.41644 41.0747
      vertex 49.8549 -5.27043 39.1339
      vertex 50.2915 -5.27043 41.188
    endloop
  endfacet
  facet normal 0.253167 0.965925 -0.0538107
    outer loop
      vertex 49.8549 -5.27043 39.1339
      vertex 50.8245 -5.41644 41.0747
      vertex 50.3879 -5.41644 39.0206
    endloop
  endfacet
  facet normal 0.20795 -9.51893e-05 0.97814
    outer loop
      vertex 49.8549 5.27043 39.1339
      vertex 51.3221 5.5 38.822
      vertex 50.3879 5.41644 39.0206
    endloop
  endfacet
  facet normal 0.207935 0 0.978143
    outer loop
      vertex 51.3221 5.5 38.822
      vertex 49.8549 5.27043 39.1339
      vertex 51.3221 -5.5 38.822
    endloop
  endfacet
  facet normal 0.207935 -0 0.978143
    outer loop
      vertex 49.8549 -5.27043 39.1339
      vertex 51.3221 -5.5 38.822
      vertex 49.8549 5.27043 39.1339
    endloop
  endfacet
  facet normal 0.20795 9.51893e-05 0.97814
    outer loop
      vertex 51.3221 -5.5 38.822
      vertex 49.8549 -5.27043 39.1339
      vertex 50.3879 -5.41644 39.0206
    endloop
  endfacet
  facet normal -0.20795 -9.51893e-05 -0.97814
    outer loop
      vertex 50.2915 -5.27043 41.188
      vertex 51.7587 -5.5 40.8761
      vertex 50.8245 -5.41644 41.0747
    endloop
  endfacet
  facet normal -0.207935 0 -0.978143
    outer loop
      vertex 51.7587 -5.5 40.8761
      vertex 50.2915 -5.27043 41.188
      vertex 51.7587 5.5 40.8761
    endloop
  endfacet
  facet normal -0.207935 -0 -0.978143
    outer loop
      vertex 50.2915 5.27043 41.188
      vertex 51.7587 5.5 40.8761
      vertex 50.2915 -5.27043 41.188
    endloop
  endfacet
  facet normal -0.20795 9.51893e-05 -0.97814
    outer loop
      vertex 51.7587 5.5 40.8761
      vertex 50.2915 5.27043 41.188
      vertex 50.8245 5.41644 41.0747
    endloop
  endfacet
  facet normal 0.0852529 0.996195 -0.0181206
    outer loop
      vertex 51.7587 -5.5 40.8761
      vertex 50.3879 -5.41644 39.0206
      vertex 50.8245 -5.41644 41.0747
    endloop
  endfacet
  facet normal 0.0852529 0.996195 -0.0181206
    outer loop
      vertex 50.3879 -5.41644 39.0206
      vertex 51.7587 -5.5 40.8761
      vertex 51.3221 -5.5 38.822
    endloop
  endfacet
  facet normal 0 -1 0
    outer loop
      vertex 49.532 8.5 30.4
      vertex 49.2416 8.5 36.2483
      vertex 47.9984 8.5 30.4
    endloop
  endfacet
  facet normal 0 -1 0
    outer loop
      vertex 49.2416 8.5 36.2483
      vertex 49.532 8.5 30.4
      vertex 50.7088 8.5 35.9365
    endloop
  endfacet
  facet normal -0.207872 2.97705e-19 -0.978156
    outer loop
      vertex 49.2416 -8.5 36.2483
      vertex 50.7088 8.5 35.9365
      vertex 50.7088 -8.5 35.9365
    endloop
  endfacet
  facet normal -0.207872 2.97705e-19 -0.978156
    outer loop
      vertex 50.7088 8.5 35.9365
      vertex 49.2416 -8.5 36.2483
      vertex 49.2416 8.5 36.2483
    endloop
  endfacet
  facet normal 0 1 -0
    outer loop
      vertex 49.532 -8.5 30.4
      vertex 49.2416 -8.5 36.2483
      vertex 50.7088 -8.5 35.9365
    endloop
  endfacet
  facet normal 0 1 0
    outer loop
      vertex 49.2416 -8.5 36.2483
      vertex 49.532 -8.5 30.4
      vertex 47.9984 -8.5 30.4
    endloop
  endfacet
  facet normal 1 -0 0
    outer loop
      vertex 49.6 -14 26.4599
      vertex 49.6 14 1.4
      vertex 49.6 14 26.4599
    endloop
  endfacet
  facet normal 1 0 0
    outer loop
      vertex 49.6 14 1.4
      vertex 49.6 -14 26.4599
      vertex 49.6 -14 1.4
    endloop
  endfacet
  facet normal 1 0 0
    outer loop
      vertex 49.6 12.5 30.4
      vertex 49.6 8.5 27.9934
      vertex 49.6 12.5 27.9934
    endloop
  endfacet
  facet normal 1 0 0
    outer loop
      vertex 49.6 12.5 30.4
      vertex 49.6 -8.5 27.9934
      vertex 49.6 8.5 27.9934
    endloop
  endfacet
  facet normal 1 -0 0
    outer loop
      vertex 49.6 -12.5 30.4
      vertex 49.6 -8.5 27.9934
      vertex 49.6 12.5 30.4
    endloop
  endfacet
  facet normal 1 0 0
    outer loop
      vertex 49.6 -8.5 27.9934
      vertex 49.6 -12.5 30.4
      vertex 49.6 -12.5 27.9934
    endloop
  endfacet
  facet normal -0 0 1
    outer loop
      vertex 46.4 14 30.4
      vertex 47.9984 8.5 30.4
      vertex 47.9984 14 30.4
    endloop
  endfacet
  facet normal 0 0 1
    outer loop
      vertex 47.9984 8.5 30.4
      vertex 46.4 14 30.4
      vertex 47.9984 -8.5 30.4
    endloop
  endfacet
  facet normal 0 0 1
    outer loop
      vertex 46.4 -14 30.4
      vertex 47.9984 -8.5 30.4
      vertex 46.4 14 30.4
    endloop
  endfacet
  facet normal 0 0 1
    outer loop
      vertex 47.9984 -8.5 30.4
      vertex 46.4 -14 30.4
      vertex 47.9984 -14 30.4
    endloop
  endfacet
  facet normal -0 0 1
    outer loop
      vertex 47.9984 8.5 30.4
      vertex 49.532 -8.5 30.4
      vertex 49.532 8.5 30.4
    endloop
  endfacet
  facet normal 0 0 1
    outer loop
      vertex 49.532 -8.5 30.4
      vertex 47.9984 8.5 30.4
      vertex 47.9984 -8.5 30.4
    endloop
  endfacet
  facet normal 0 0 1
    outer loop
      vertex 49.532 8.5 30.4
      vertex 49.6 12.5 30.4
      vertex 49.532 12.5 30.4
    endloop
  endfacet
  facet normal 0 0 1
    outer loop
      vertex 49.6 12.5 30.4
      vertex 49.532 8.5 30.4
      vertex 49.6 -12.5 30.4
    endloop
  endfacet
  facet normal -0 0 1
    outer loop
      vertex 49.532 -8.5 30.4
      vertex 49.6 -12.5 30.4
      vertex 49.532 8.5 30.4
    endloop
  endfacet
  facet normal 0 0 1
    outer loop
      vertex 49.6 -12.5 30.4
      vertex 49.532 -8.5 30.4
      vertex 49.532 -12.5 30.4
    endloop
  endfacet
  facet normal -1 0 0
    outer loop
      vertex 46.4 14 1.4
      vertex 46.4 10 22.7016
      vertex 46.4 14 22.7016
    endloop
  endfacet
  facet normal -1 0 0
    outer loop
      vertex 46.4 10 22.7016
      vertex 46.4 -10 22.7016
      vertex 46.4 10 27.8133
    endloop
  endfacet
  facet normal -1 0 0
    outer loop
      vertex 46.4 14 1.4
      vertex 46.4 -10 22.7016
      vertex 46.4 10 22.7016
    endloop
  endfacet
  facet normal -1 0 0
    outer loop
      vertex 46.4 -14 1.4
      vertex 46.4 -10 22.7016
      vertex 46.4 14 1.4
    endloop
  endfacet
  facet normal -1 -0 0
    outer loop
      vertex 46.4 -10 22.7016
      vertex 46.4 -14 1.4
      vertex 46.4 -14 22.7016
    endloop
  endfacet
  facet normal -1 0 0
    outer loop
      vertex 46.4 10 27.8133
      vertex 46.4 14 30.4
      vertex 46.4 14 27.8133
    endloop
  endfacet
  facet normal -1 0 0
    outer loop
      vertex 46.4 -10 27.8133
      vertex 46.4 10 27.8133
      vertex 46.4 -10 22.7016
    endloop
  endfacet
  facet normal -1 0 0
    outer loop
      vertex 46.4 10 27.8133
      vertex 46.4 -10 27.8133
      vertex 46.4 14 30.4
    endloop
  endfacet
  facet normal -1 0 0
    outer loop
      vertex 46.4 -14 30.4
      vertex 46.4 -10 27.8133
      vertex 46.4 -14 27.8133
    endloop
  endfacet
  facet normal -1 0 0
    outer loop
      vertex 46.4 -10 27.8133
      vertex 46.4 -14 30.4
      vertex 46.4 14 30.4
    endloop
  endfacet
  facet normal -0.573539 -0.819178 0
    outer loop
      vertex 28 1.73205 -1.1
      vertex 28.2856 1.53209 1.4
      vertex 28 1.73205 1.4
    endloop
  endfacet
  facet normal -0.573539 -0.819178 -0
    outer loop
      vertex 28.2856 1.53209 1.4
      vertex 28 1.73205 -1.1
      vertex 28.2856 1.53209 -1.1
    endloop
  endfacet
  facet normal -0.819231 -0.573464 -2.63976e-18
    outer loop
      vertex 28.732 1 -1.1
      vertex 28.5321 1.28557 1.4
      vertex 28.5321 1.28557 -1.1
    endloop
  endfacet
  facet normal -0.819231 -0.573464 -2.63976e-18
    outer loop
      vertex 28.5321 1.28557 1.4
      vertex 28.732 1 -1.1
      vertex 28.732 1 1.4
    endloop
  endfacet
  facet normal -0.707135 0.707078 3.76265e-18
    outer loop
      vertex 28.2856 -1.53209 -1.1
      vertex 28.5321 -1.28557 1.4
      vertex 28.5321 -1.28557 -1.1
    endloop
  endfacet
  facet normal -0.707135 0.707078 3.76265e-18
    outer loop
      vertex 28.5321 -1.28557 1.4
      vertex 28.2856 -1.53209 -1.1
      vertex 28.2856 -1.53209 1.4
    endloop
  endfacet
  facet normal -0.906236 0.422772 -2.10981e-18
    outer loop
      vertex 28.732 -1 -1.1
      vertex 28.8794 -0.68404 1.4
      vertex 28.8794 -0.68404 -1.1
    endloop
  endfacet
  facet normal -0.906236 0.422772 -2.10981e-18
    outer loop
      vertex 28.8794 -0.68404 1.4
      vertex 28.732 -1 -1.1
      vertex 28.732 -1 1.4
    endloop
  endfacet
  facet normal -0.258968 -0.965886 0
    outer loop
      vertex 27.6103 1.89914 -1.1
      vertex 27.684 1.87938 1.4
      vertex 27.6103 1.89914 1.4
    endloop
  endfacet
  facet normal -0.258968 -0.965886 -0
    outer loop
      vertex 27.684 1.87938 1.4
      vertex 27.6103 1.89914 -1.1
      vertex 27.684 1.87938 -1.1
    endloop
  endfacet
  facet normal -0.422564 0.906333 0
    outer loop
      vertex 28 -1.73205 -1.1
      vertex 27.684 -1.87938 1.4
      vertex 28 -1.73205 1.4
    endloop
  endfacet
  facet normal -0.422564 0.906333 0
    outer loop
      vertex 27.684 -1.87938 1.4
      vertex 28 -1.73205 -1.1
      vertex 27.684 -1.87938 -1.1
    endloop
  endfacet
  facet normal -0.258968 0.965886 0
    outer loop
      vertex 27.684 -1.87938 -1.1
      vertex 27.6103 -1.89914 1.4
      vertex 27.684 -1.87938 1.4
    endloop
  endfacet
  facet normal -0.258968 0.965886 0
    outer loop
      vertex 27.6103 -1.89914 1.4
      vertex 27.684 -1.87938 -1.1
      vertex 27.6103 -1.89914 -1.1
    endloop
  endfacet
  facet normal -0.996191 -0.0872 6.51441e-19
    outer loop
      vertex 29 0 -1.1
      vertex 28.9696 0.347296 1.4
      vertex 28.9696 0.347296 -1.1
    endloop
  endfacet
  facet normal -0.996191 -0.0872 6.51441e-19
    outer loop
      vertex 28.9696 0.347296 1.4
      vertex 29 0 -1.1
      vertex 29 0 1.4
    endloop
  endfacet
  facet normal -0.996191 0.0872 -6.51441e-19
    outer loop
      vertex 28.9696 -0.347296 -1.1
      vertex 29 0 1.4
      vertex 29 0 -1.1
    endloop
  endfacet
  facet normal -0.996191 0.0872 -6.51441e-19
    outer loop
      vertex 29 0 1.4
      vertex 28.9696 -0.347296 -1.1
      vertex 28.9696 -0.347296 1.4
    endloop
  endfacet
  facet normal -0.819231 0.573464 2.63976e-18
    outer loop
      vertex 28.5321 -1.28557 -1.1
      vertex 28.732 -1 1.4
      vertex 28.732 -1 -1.1
    endloop
  endfacet
  facet normal -0.819231 0.573464 2.63976e-18
    outer loop
      vertex 28.732 -1 1.4
      vertex 28.5321 -1.28557 -1.1
      vertex 28.5321 -1.28557 1.4
    endloop
  endfacet
  facet normal 0 0 1
    outer loop
      vertex 28.8794 0.68404 -1.1
      vertex 27.924 0.86824 -1.1
      vertex 28 0 -1.1
    endloop
  endfacet
  facet normal 0 0 1
    outer loop
      vertex 28 1.73205 -1.1
      vertex 27.6985 1.7101 -1.1
      vertex 27.924 0.86824 -1.1
    endloop
  endfacet
  facet normal 0 0 1
    outer loop
      vertex 27.684 1.87938 -1.1
      vertex 27.6985 1.7101 -1.1
      vertex 28 1.73205 -1.1
    endloop
  endfacet
  facet normal 0 0 1
    outer loop
      vertex 27.6985 1.7101 -1.1
      vertex 27.684 1.87938 -1.1
      vertex 27.6103 1.89914 -1.1
    endloop
  endfacet
  facet normal 0 0 1
    outer loop
      vertex 28 0 -1.1
      vertex 29 0 -1.1
      vertex 28.9696 0.347296 -1.1
    endloop
  endfacet
  facet normal 0 0 1
    outer loop
      vertex 28 0 -1.1
      vertex 28.9696 0.347296 -1.1
      vertex 28.8794 0.68404 -1.1
    endloop
  endfacet
  facet normal 0 0 1
    outer loop
      vertex 29 0 -1.1
      vertex 28 0 -1.1
      vertex 28.9696 -0.347296 -1.1
    endloop
  endfacet
  facet normal -0 0 1
    outer loop
      vertex 27.924 0.86824 -1.1
      vertex 28.8794 0.68404 -1.1
      vertex 28.732 1 -1.1
    endloop
  endfacet
  facet normal 0 0 1
    outer loop
      vertex 28.9696 -0.347296 -1.1
      vertex 28 0 -1.1
      vertex 28.8794 -0.68404 -1.1
    endloop
  endfacet
  facet normal 0 0 1
    outer loop
      vertex 27.924 0.86824 -1.1
      vertex 28.732 1 -1.1
      vertex 28.5321 1.28557 -1.1
    endloop
  endfacet
  facet normal 0 0 1
    outer loop
      vertex 27.924 -0.86824 -1.1
      vertex 28.8794 -0.68404 -1.1
      vertex 28 0 -1.1
    endloop
  endfacet
  facet normal 0 0 1
    outer loop
      vertex 27.924 0.86824 -1.1
      vertex 28.5321 1.28557 -1.1
      vertex 28.2856 1.53209 -1.1
    endloop
  endfacet
  facet normal 0 0 1
    outer loop
      vertex 28.8794 -0.68404 -1.1
      vertex 27.924 -0.86824 -1.1
      vertex 28.732 -1 -1.1
    endloop
  endfacet
  facet normal 0 0 1
    outer loop
      vertex 27.924 0.86824 -1.1
      vertex 28.2856 1.53209 -1.1
      vertex 28 1.73205 -1.1
    endloop
  endfacet
  facet normal 0 0 1
    outer loop
      vertex 28.732 -1 -1.1
      vertex 27.924 -0.86824 -1.1
      vertex 28.5321 -1.28557 -1.1
    endloop
  endfacet
  facet normal 0 0 1
    outer loop
      vertex 28.5321 -1.28557 -1.1
      vertex 27.924 -0.86824 -1.1
      vertex 28.2856 -1.53209 -1.1
    endloop
  endfacet
  facet normal 0 0 1
    outer loop
      vertex 28.2856 -1.53209 -1.1
      vertex 27.924 -0.86824 -1.1
      vertex 28 -1.73205 -1.1
    endloop
  endfacet
  facet normal -0 0 1
    outer loop
      vertex 27.6985 -1.7101 -1.1
      vertex 28 -1.73205 -1.1
      vertex 27.924 -0.86824 -1.1
    endloop
  endfacet
  facet normal 0 0 1
    outer loop
      vertex 27.6985 -1.7101 -1.1
      vertex 27.684 -1.87938 -1.1
      vertex 28 -1.73205 -1.1
    endloop
  endfacet
  facet normal 0 -0 1
    outer loop
      vertex 27.684 -1.87938 -1.1
      vertex 27.6985 -1.7101 -1.1
      vertex 27.6103 -1.89914 -1.1
    endloop
  endfacet
  facet normal -0.707135 -0.707078 -3.76265e-18
    outer loop
      vertex 28.5321 1.28557 -1.1
      vertex 28.2856 1.53209 1.4
      vertex 28.2856 1.53209 -1.1
    endloop
  endfacet
  facet normal -0.707135 -0.707078 -3.76265e-18
    outer loop
      vertex 28.2856 1.53209 1.4
      vertex 28.5321 1.28557 -1.1
      vertex 28.5321 1.28557 1.4
    endloop
  endfacet
  facet normal -0.422564 -0.906333 0
    outer loop
      vertex 27.684 1.87938 -1.1
      vertex 28 1.73205 1.4
      vertex 27.684 1.87938 1.4
    endloop
  endfacet
  facet normal -0.422564 -0.906333 -0
    outer loop
      vertex 28 1.73205 1.4
      vertex 27.684 1.87938 -1.1
      vertex 28 1.73205 -1.1
    endloop
  endfacet
  facet normal -0.965948 -0.258738 7.60285e-19
    outer loop
      vertex 28.9696 0.347296 -1.1
      vertex 28.8794 0.68404 1.4
      vertex 28.8794 0.68404 -1.1
    endloop
  endfacet
  facet normal -0.965948 -0.258738 7.60285e-19
    outer loop
      vertex 28.8794 0.68404 1.4
      vertex 28.9696 0.347296 -1.1
      vertex 28.9696 0.347296 1.4
    endloop
  endfacet
  facet normal -0.573539 0.819178 0
    outer loop
      vertex 28.2856 -1.53209 -1.1
      vertex 28 -1.73205 1.4
      vertex 28.2856 -1.53209 1.4
    endloop
  endfacet
  facet normal -0.573539 0.819178 0
    outer loop
      vertex 28 -1.73205 1.4
      vertex 28.2856 -1.53209 -1.1
      vertex 28 -1.73205 -1.1
    endloop
  endfacet
  facet normal -0.906236 -0.422772 2.10981e-18
    outer loop
      vertex 28.8794 0.68404 -1.1
      vertex 28.732 1 1.4
      vertex 28.732 1 -1.1
    endloop
  endfacet
  facet normal -0.906236 -0.422772 2.10981e-18
    outer loop
      vertex 28.732 1 1.4
      vertex 28.8794 0.68404 -1.1
      vertex 28.8794 0.68404 1.4
    endloop
  endfacet
  facet normal -0.965948 0.258738 -7.60285e-19
    outer loop
      vertex 28.8794 -0.68404 -1.1
      vertex 28.9696 -0.347296 1.4
      vertex 28.9696 -0.347296 -1.1
    endloop
  endfacet
  facet normal -0.965948 0.258738 -7.60285e-19
    outer loop
      vertex 28.9696 -0.347296 1.4
      vertex 28.8794 -0.68404 -1.1
      vertex 28.8794 -0.68404 1.4
    endloop
  endfacet
endsolid OpenSCAD_Model
